agency_id,fiscal_year,category_published,amount,source
CA-01005,2021,Fire_Current Expenditures,35984199.00,ca_sco_cities
CA-01005,2022,Fire_Current Expenditures,38587605.00,ca_sco_cities
CA-01005,2023,Fire_Current Expenditures,42379555.00,ca_sco_cities
CA-01005,2024,Fire_Current Expenditures,46781825.00,ca_sco_cities
CA-01008,2021,Contributions to Outside Agencies_General,4000000.00,ca_sco_districts
CA-01008,2021,Employee Benefits_General,38943206.00,ca_sco_districts
CA-01008,2021,Other Expenditures_General,1384940.00,ca_sco_districts
CA-01008,2021,Salaries and Wages_General,83817965.00,ca_sco_districts
CA-01008,2021,Services and Supplies_General,17643194.00,ca_sco_districts
CA-01008,2022,Contributions to Outside Agencies_General,6000000.00,ca_sco_districts
CA-01008,2022,"Debt Service / Lease Financing, Principal Payments_General",724686.00,ca_sco_districts
CA-01008,2022,Employee Benefits_General,41390966.00,ca_sco_districts
CA-01008,2022,Other Expenditures_General,258188.00,ca_sco_districts
CA-01008,2022,Salaries and Wages_General,89446542.00,ca_sco_districts
CA-01008,2022,Services and Supplies_General,20004091.00,ca_sco_districts
CA-01008,2023,Contributions to Outside Agencies_General,7624702.00,ca_sco_districts
CA-01008,2023,"Debt Service / Lease Financing, Principal and Interest Payments_General",752805.00,ca_sco_districts
CA-01008,2023,Employee Benefits_General,41461873.00,ca_sco_districts
CA-01008,2023,Other Expenditures_General,516272.00,ca_sco_districts
CA-01008,2023,Salaries and Wages_General,92700970.00,ca_sco_districts
CA-01008,2023,Services and Supplies_General,21012294.00,ca_sco_districts
CA-01008,2024,Contributions to Outside Agencies_General,2458050.00,ca_sco_districts
CA-01008,2024,"Debt Service / Lease Financing, Principal and Interest Payments_General",770453.00,ca_sco_districts
CA-01008,2024,Employee Benefits_General,45317602.00,ca_sco_districts
CA-01008,2024,Other Expenditures_General,1020138.00,ca_sco_districts
CA-01008,2024,Salaries and Wages_General,98666907.00,ca_sco_districts
CA-01008,2024,Services and Supplies_General,23211858.00,ca_sco_districts
CA-01010,2021,Fire_Current Expenditures,3330732.00,ca_sco_cities
CA-01010,2022,Fire_Current Expenditures,3320547.00,ca_sco_cities
CA-01010,2023,Fire_Current Expenditures,3337266.00,ca_sco_cities
CA-01010,2024,Fire_Current Expenditures,3406648.00,ca_sco_cities
CA-01015,2021,Fire_Current Expenditures,31392972.00,ca_sco_cities
CA-01015,2022,Fire_Current Expenditures,33680733.00,ca_sco_cities
CA-01015,2023,Fire_Current Expenditures,40927632.00,ca_sco_cities
CA-01015,2024,Fire_Current Expenditures,47336613.00,ca_sco_cities
CA-01035,2021,Fire_Current Expenditures,9210493.00,ca_sco_cities
CA-01035,2022,Fire_Current Expenditures,9553333.00,ca_sco_cities
CA-01035,2023,Fire_Current Expenditures,10181121.00,ca_sco_cities
CA-01035,2024,Fire_Current Expenditures,11664810.00,ca_sco_cities
CA-01040,2021,Fire_Current Expenditures,55165446.00,ca_sco_cities
CA-01040,2022,Fire_Current Expenditures,60835708.00,ca_sco_cities
CA-01040,2023,Fire_Current Expenditures,66293988.00,ca_sco_cities
CA-01040,2024,Fire_Current Expenditures,72360529.00,ca_sco_cities
CA-01045,2021,Fire_Current Expenditures,49852645.00,ca_sco_cities
CA-01045,2022,Fire_Current Expenditures,53424616.00,ca_sco_cities
CA-01045,2023,Fire_Current Expenditures,58791933.00,ca_sco_cities
CA-01045,2024,Fire_Current Expenditures,67511275.00,ca_sco_cities
CA-01070,2021,Fire_Current Expenditures,11723596.00,ca_sco_cities
CA-01070,2022,Fire_Current Expenditures,12854334.00,ca_sco_cities
CA-01070,2023,Fire_Current Expenditures,11838325.00,ca_sco_cities
CA-01070,2024,Fire_Current Expenditures,13080183.00,ca_sco_cities
CA-01075,2021,Fire_Current Expenditures,176872578.00,ca_sco_cities
CA-01075,2022,Fire_Current Expenditures,181586625.00,ca_sco_cities
CA-01075,2023,Fire_Current Expenditures,189522651.00,ca_sco_cities
CA-01075,2024,Fire_Current Expenditures,197129131.00,ca_sco_cities
CA-01090,2021,Fire_Current Expenditures,6287448.00,ca_sco_cities
CA-01090,2022,Fire_Current Expenditures,6963777.00,ca_sco_cities
CA-01090,2023,Fire_Current Expenditures,7321556.00,ca_sco_cities
CA-01090,2024,Fire_Current Expenditures,7695151.00,ca_sco_cities
CA-01115,2021,Fire_Current Expenditures,10925412.00,ca_sco_cities
CA-01115,2022,Fire_Current Expenditures,11520997.00,ca_sco_cities
CA-01115,2023,Fire_Current Expenditures,11990507.00,ca_sco_cities
CA-01115,2024,Fire_Current Expenditures,13190707.00,ca_sco_cities
CA-03006,2021,Capital Outlay_General,25000.00,ca_sco_districts
CA-03006,2021,Debt Service / Interest Payments on Long-Term Debt_General,11468.00,ca_sco_districts
CA-03006,2021,Debt Service / Principal Payments on Long-Term Debt_General,105521.00,ca_sco_districts
CA-03006,2021,Employee Benefits_General,1003083.00,ca_sco_districts
CA-03006,2021,Other Expenditures_General,98698.00,ca_sco_districts
CA-03006,2021,Salaries and Wages_General,3121761.00,ca_sco_districts
CA-03006,2021,Services and Supplies_General,610884.00,ca_sco_districts
CA-03006,2022,Debt Service / Interest Payments on Long-Term Debt_General,8461.00,ca_sco_districts
CA-03006,2022,Debt Service / Principal Payments on Long-Term Debt_General,108528.00,ca_sco_districts
CA-03006,2022,Employee Benefits_General,1109349.00,ca_sco_districts
CA-03006,2022,Other Expenditures_General,1415.00,ca_sco_districts
CA-03006,2022,Salaries and Wages_General,3272808.00,ca_sco_districts
CA-03006,2022,Services and Supplies_General,731469.00,ca_sco_districts
CA-03006,2023,Debt Service / Interest Payments on Long-Term Debt_General,5368.00,ca_sco_districts
CA-03006,2023,Debt Service / Other Principal Payments on Long-Term Debt_General,46174.00,ca_sco_districts
CA-03006,2023,Employee Benefits_General,1175691.00,ca_sco_districts
CA-03006,2023,Salaries and Wages_General,3540184.00,ca_sco_districts
CA-03006,2023,Services and Supplies_General,1000170.00,ca_sco_districts
CA-03006,2024,Capital Outlay_General,921408.00,ca_sco_districts
CA-03006,2024,Debt Service / Interest Payments on Long-Term Debt_General,4081.00,ca_sco_districts
CA-03006,2024,Debt Service / Other Principal Payments on Long-Term Debt_General,47461.00,ca_sco_districts
CA-03006,2024,Employee Benefits_General,1281036.00,ca_sco_districts
CA-03006,2024,Salaries and Wages_General,3482055.00,ca_sco_districts
CA-03006,2024,Services and Supplies_General,1078312.00,ca_sco_districts
CA-03010,2021,Fire_Current Expenditures,794445.00,ca_sco_cities
CA-03010,2022,Fire_Current Expenditures,721446.00,ca_sco_cities
CA-03010,2023,Fire_Current Expenditures,730019.00,ca_sco_cities
CA-03010,2024,Fire_Current Expenditures,901427.00,ca_sco_cities
CA-03015,2021,Debt Service / Interest Payments on Long-Term Debt_General,289.00,ca_sco_districts
CA-03015,2021,Debt Service / Principal Payments on Long-Term Debt_General,10325.00,ca_sco_districts
CA-03015,2021,Employee Benefits_General,34641.00,ca_sco_districts
CA-03015,2021,Other Expenditures_General,7841.00,ca_sco_districts
CA-03015,2021,Salaries and Wages_General,279154.00,ca_sco_districts
CA-03015,2021,Services and Supplies_General,133864.00,ca_sco_districts
CA-03015,2022,Employee Benefits_General,45069.00,ca_sco_districts
CA-03015,2022,Salaries and Wages_General,309321.00,ca_sco_districts
CA-03015,2022,Services and Supplies_General,223381.00,ca_sco_districts
CA-03015,2023,Capital Outlay_General,100000.00,ca_sco_districts
CA-03015,2023,Employee Benefits_General,49709.00,ca_sco_districts
CA-03015,2023,Salaries and Wages_General,342885.00,ca_sco_districts
CA-03015,2023,Services and Supplies_General,206443.00,ca_sco_districts
CA-03015,2024,Capital Outlay_General,46422.00,ca_sco_districts
CA-03015,2024,Employee Benefits_General,67953.00,ca_sco_districts
CA-03015,2024,Salaries and Wages_General,399522.00,ca_sco_districts
CA-03015,2024,Services and Supplies_General,191757.00,ca_sco_districts
CA-03020,2021,Fire_Current Expenditures,387889.00,ca_sco_cities
CA-03020,2022,Fire_Current Expenditures,320802.00,ca_sco_cities
CA-03020,2023,Fire_Current Expenditures,306808.00,ca_sco_cities
CA-03020,2024,Fire_Current Expenditures,207890.00,ca_sco_cities
CA-03022,2021,Capital Outlay_General,134306.00,ca_sco_districts
CA-03022,2021,Debt Service / Interest Payments on Long-Term Debt_General,881.00,ca_sco_districts
CA-03022,2021,Debt Service / Principal Payments on Long-Term Debt_General,11396.00,ca_sco_districts
CA-03022,2021,Employee Benefits_General,17510.00,ca_sco_districts
CA-03022,2021,Other Expenditures_General,8225.00,ca_sco_districts
CA-03022,2021,Salaries and Wages_General,264520.00,ca_sco_districts
CA-03022,2021,Services and Supplies_General,125082.00,ca_sco_districts
CA-03022,2022,Capital Outlay_General,75572.00,ca_sco_districts
CA-03022,2022,Debt Service / Interest Payments on Long-Term Debt_General,450.00,ca_sco_districts
CA-03022,2022,Debt Service / Principal Payments on Long-Term Debt_General,11844.00,ca_sco_districts
CA-03022,2022,Employee Benefits_General,33772.00,ca_sco_districts
CA-03022,2022,Salaries and Wages_General,167271.00,ca_sco_districts
CA-03022,2022,Services and Supplies_General,293828.00,ca_sco_districts
CA-03022,2023,Employee Benefits_General,44664.00,ca_sco_districts
CA-03022,2023,Salaries and Wages_General,198370.00,ca_sco_districts
CA-03022,2023,Services and Supplies_General,287056.00,ca_sco_districts
CA-03022,2024,Capital Outlay_General,-178.00,ca_sco_districts
CA-03022,2024,Employee Benefits_General,23021.00,ca_sco_districts
CA-03022,2024,Salaries and Wages_General,141281.00,ca_sco_districts
CA-03022,2024,Services and Supplies_General,70819.00,ca_sco_districts
CA-03035,2021,Capital Outlay_General,21617.00,ca_sco_districts
CA-03035,2021,Employee Benefits_General,27990.00,ca_sco_districts
CA-03035,2021,Other Expenditures_General,10811.00,ca_sco_districts
CA-03035,2021,Salaries and Wages_General,365885.00,ca_sco_districts
CA-03035,2021,Services and Supplies_General,240221.00,ca_sco_districts
CA-03035,2022,Capital Outlay_General,23242.00,ca_sco_districts
CA-03035,2022,Employee Benefits_General,29374.00,ca_sco_districts
CA-03035,2022,Salaries and Wages_General,378860.00,ca_sco_districts
CA-03035,2022,Services and Supplies_General,366673.00,ca_sco_districts
CA-03035,2023,Employee Benefits_General,31947.00,ca_sco_districts
CA-03035,2023,Salaries and Wages_General,368768.00,ca_sco_districts
CA-03035,2023,Services and Supplies_General,326880.00,ca_sco_districts
CA-03035,2024,Employee Benefits_General,29636.00,ca_sco_districts
CA-03035,2024,Salaries and Wages_General,387400.00,ca_sco_districts
CA-03035,2024,Services and Supplies_General,253833.00,ca_sco_districts
CA-04010,2021,Fire_Current Expenditures,14826003.00,ca_sco_cities
CA-04010,2022,Fire_Current Expenditures,15549124.00,ca_sco_cities
CA-04010,2023,Fire_Current Expenditures,16623758.00,ca_sco_cities
CA-04010,2024,Fire_Current Expenditures,17589836.00,ca_sco_cities
CA-04015,2021,Fire_Current Expenditures,1150786.00,ca_sco_cities
CA-04015,2022,Fire_Current Expenditures,1217971.00,ca_sco_cities
CA-04015,2023,Fire_Current Expenditures,1179151.00,ca_sco_cities
CA-04015,2024,Fire_Current Expenditures,1084739.00,ca_sco_cities
CA-04020,2021,Fire_Current Expenditures,4183745.00,ca_sco_cities
CA-04020,2022,Fire_Current Expenditures,4903202.00,ca_sco_cities
CA-04020,2023,Fire_Current Expenditures,5128760.00,ca_sco_cities
CA-04020,2024,Fire_Current Expenditures,5509319.00,ca_sco_cities
CA-04025,2021,Debt Service / Interest Payments on Long-Term Debt_General,12108.00,ca_sco_districts
CA-04025,2021,Debt Service / Lease Principal_General,42705.00,ca_sco_districts
CA-04025,2021,Debt Service / Principal and Interest on Short-Term Notes and Warrants_General,693.00,ca_sco_districts
CA-04025,2021,Employee Benefits_General,7500.00,ca_sco_districts
CA-04025,2021,Salaries and Wages_General,233736.00,ca_sco_districts
CA-04025,2021,Services and Supplies_General,92722.00,ca_sco_districts
CA-04025,2022,Debt Service / Interest Payments on Long-Term Debt_General,13582.00,ca_sco_districts
CA-04025,2022,Debt Service / Principal Payments on Long-Term Debt_General,290830.00,ca_sco_districts
CA-04025,2022,Salaries and Wages_General,39831.00,ca_sco_districts
CA-04025,2022,Services and Supplies_General,127020.00,ca_sco_districts
CA-04030,2021,Fire_Current Expenditures,3937268.00,ca_sco_cities
CA-04030,2022,Fire_Current Expenditures,4413781.00,ca_sco_cities
CA-04030,2023,Fire_Current Expenditures,5212032.00,ca_sco_cities
CA-04030,2024,Fire_Current Expenditures,5264969.00,ca_sco_cities
CA-05005,2021,Debt Service / Principal Payments on Long-Term Debt_General,14896.00,ca_sco_districts
CA-05005,2021,Salaries and Wages_General,480140.00,ca_sco_districts
CA-05005,2021,Services and Supplies_General,125511.00,ca_sco_districts
CA-05005,2022,Debt Service / Principal Payments on Long-Term Debt_General,13750.00,ca_sco_districts
CA-05005,2022,Salaries and Wages_General,495865.00,ca_sco_districts
CA-05005,2022,Services and Supplies_General,115835.00,ca_sco_districts
CA-05005,2023,Capital Outlay_General,56001.00,ca_sco_districts
CA-05005,2023,Debt Service / Other Principal Payments on Long-Term Debt_General,13750.00,ca_sco_districts
CA-05005,2023,Salaries and Wages_General,469852.00,ca_sco_districts
CA-05005,2023,Services and Supplies_General,208599.00,ca_sco_districts
CA-05005,2024,Debt Service / Other Principal Payments on Long-Term Debt_General,14460.00,ca_sco_districts
CA-05005,2024,Salaries and Wages_General,217055.00,ca_sco_districts
CA-05005,2024,Services and Supplies_General,189542.00,ca_sco_districts
CA-05010,2021,Fire_Current Expenditures,1096203.00,ca_sco_cities
CA-05010,2022,Fire_Current Expenditures,1019200.00,ca_sco_cities
CA-05010,2023,Fire_Current Expenditures,1751288.00,ca_sco_cities
CA-05010,2024,Fire_Current Expenditures,988039.00,ca_sco_cities
CA-05015,2021,Debt Service / Interest Payments on Long-Term Debt_General,39783.00,ca_sco_districts
CA-05015,2021,Debt Service / Principal Payments on Long-Term Debt_General,211811.00,ca_sco_districts
CA-05015,2021,Employee Benefits_General,1288156.00,ca_sco_districts
CA-05015,2021,Salaries and Wages_General,2749267.00,ca_sco_districts
CA-05015,2021,Services and Supplies_General,1441727.00,ca_sco_districts
CA-05015,2022,Debt Service / Interest Payments on Long-Term Debt_General,55043.00,ca_sco_districts
CA-05015,2022,Debt Service / Principal Payments on Long-Term Debt_General,327925.00,ca_sco_districts
CA-05015,2022,Employee Benefits_General,1930478.00,ca_sco_districts
CA-05015,2022,Salaries and Wages_General,2897617.00,ca_sco_districts
CA-05015,2022,Services and Supplies_General,1264487.00,ca_sco_districts
CA-05015,2023,Debt Service / Interest Payments on Long-Term Debt_General,159591.00,ca_sco_districts
CA-05015,2023,Debt Service / Other Principal Payments on Long-Term Debt_General,385214.00,ca_sco_districts
CA-05015,2023,Employee Benefits_General,1427242.00,ca_sco_districts
CA-05015,2023,Salaries and Wages_General,3080372.00,ca_sco_districts
CA-05015,2023,Services and Supplies_General,1261103.00,ca_sco_districts
CA-05015,2024,Debt Service / Interest Payments on Long-Term Debt_General,147713.00,ca_sco_districts
CA-05015,2024,Debt Service / Other Principal Payments on Long-Term Debt_General,397094.00,ca_sco_districts
CA-05015,2024,Employee Benefits_General,2906815.00,ca_sco_districts
CA-05015,2024,Salaries and Wages_General,3100189.00,ca_sco_districts
CA-05015,2024,Services and Supplies_General,1643014.00,ca_sco_districts
CA-05020,2021,Capital Outlay_General,31955.00,ca_sco_districts
CA-05020,2021,Employee Benefits_General,368741.00,ca_sco_districts
CA-05020,2021,Salaries and Wages_General,933664.00,ca_sco_districts
CA-05020,2021,Services and Supplies_General,339901.00,ca_sco_districts
CA-05020,2022,Capital Outlay_General,504399.00,ca_sco_districts
CA-05020,2022,Employee Benefits_General,388758.00,ca_sco_districts
CA-05020,2022,Salaries and Wages_General,1002419.00,ca_sco_districts
CA-05020,2022,Services and Supplies_General,372129.00,ca_sco_districts
CA-05020,2023,Capital Outlay_General,180175.00,ca_sco_districts
CA-05020,2023,Employee Benefits_General,444627.00,ca_sco_districts
CA-05020,2023,Salaries and Wages_General,1026573.00,ca_sco_districts
CA-05020,2023,Services and Supplies_General,376515.00,ca_sco_districts
CA-05020,2024,Capital Outlay_General,169109.00,ca_sco_districts
CA-05020,2024,Employee Benefits_General,451829.00,ca_sco_districts
CA-05020,2024,Salaries and Wages_General,976810.00,ca_sco_districts
CA-05020,2024,Services and Supplies_General,337575.00,ca_sco_districts
CA-05025,2021,Capital Outlay_General,35800.00,ca_sco_districts
CA-05025,2021,Debt Service / Interest Payments on Long-Term Debt_General,3630.00,ca_sco_districts
CA-05025,2021,Debt Service / Principal Payments on Long-Term Debt_General,12130.00,ca_sco_districts
CA-05025,2021,Employee Benefits_General,14866.00,ca_sco_districts
CA-05025,2021,Salaries and Wages_General,126062.00,ca_sco_districts
CA-05025,2021,Services and Supplies_General,101650.00,ca_sco_districts
CA-05025,2022,Capital Outlay_General,465430.00,ca_sco_districts
CA-05025,2022,Debt Service / Principal Payments on Long-Term Debt_General,1450.00,ca_sco_districts
CA-05025,2022,Employee Benefits_General,13068.00,ca_sco_districts
CA-05025,2022,Salaries and Wages_General,107102.00,ca_sco_districts
CA-05025,2022,Services and Supplies_General,93217.00,ca_sco_districts
CA-05025,2024,Capital Outlay_General,229368.00,ca_sco_districts
CA-05025,2024,Employee Benefits_General,8049.00,ca_sco_districts
CA-05025,2024,Salaries and Wages_General,65190.00,ca_sco_districts
CA-05025,2024,Services and Supplies_General,129302.00,ca_sco_districts
CA-05030,2021,Capital Outlay_General,107237.00,ca_sco_districts
CA-05030,2021,Debt Service / Interest Payments on Long-Term Debt_General,26071.00,ca_sco_districts
CA-05030,2021,Debt Service / Principal Payments on Long-Term Debt_General,52618.00,ca_sco_districts
CA-05030,2021,Employee Benefits_General,91895.00,ca_sco_districts
CA-05030,2021,Salaries and Wages_General,1041078.00,ca_sco_districts
CA-05030,2021,Services and Supplies_General,588477.00,ca_sco_districts
CA-05030,2022,Debt Service / Interest Payments on Long-Term Debt_General,23306.00,ca_sco_districts
CA-05030,2022,Debt Service / Principal Payments on Long-Term Debt_General,54259.00,ca_sco_districts
CA-05030,2022,Employee Benefits_General,253805.00,ca_sco_districts
CA-05030,2022,Salaries and Wages_General,2723521.00,ca_sco_districts
CA-05030,2022,Services and Supplies_General,934014.00,ca_sco_districts
CA-05030,2023,Capital Outlay_General,209643.00,ca_sco_districts
CA-05030,2023,Debt Service / Interest Payments on Long-Term Debt_General,20620.00,ca_sco_districts
CA-05030,2023,Debt Service / Other Principal Payments on Long-Term Debt_General,55931.00,ca_sco_districts
CA-05030,2023,Employee Benefits_General,361735.00,ca_sco_districts
CA-05030,2023,Salaries and Wages_General,3307773.00,ca_sco_districts
CA-05030,2023,Services and Supplies_General,601549.00,ca_sco_districts
CA-05030,2024,Capital Outlay_General,642576.00,ca_sco_districts
CA-05030,2024,Debt Service / Interest Payments on Long-Term Debt_General,32369.00,ca_sco_districts
CA-05030,2024,Debt Service / Other Principal Payments on Long-Term Debt_General,75998.00,ca_sco_districts
CA-05030,2024,Employee Benefits_General,100969.00,ca_sco_districts
CA-05030,2024,Salaries and Wages_General,2304381.00,ca_sco_districts
CA-05030,2024,Services and Supplies_General,905155.00,ca_sco_districts
CA-05035,2021,Capital Outlay_General,32060.00,ca_sco_districts
CA-05035,2021,Salaries and Wages_General,352835.00,ca_sco_districts
CA-05035,2021,Services and Supplies_General,195189.00,ca_sco_districts
CA-05035,2022,Capital Outlay_General,156003.00,ca_sco_districts
CA-05035,2022,Salaries and Wages_General,431442.00,ca_sco_districts
CA-05035,2022,Services and Supplies_General,253870.00,ca_sco_districts
CA-05035,2023,Capital Outlay_General,64896.00,ca_sco_districts
CA-05035,2023,Salaries and Wages_General,455176.00,ca_sco_districts
CA-05035,2023,Salaries and Wages_Special Revenue,164829.00,ca_sco_districts
CA-05035,2023,Services and Supplies_General,394647.00,ca_sco_districts
CA-05035,2023,Services and Supplies_Special Revenue,3087.00,ca_sco_districts
CA-05035,2024,Capital Outlay_General,10763.00,ca_sco_districts
CA-05035,2024,Salaries and Wages_General,70476.00,ca_sco_districts
CA-05035,2024,Salaries and Wages_Special Revenue,554413.00,ca_sco_districts
CA-05035,2024,Services and Supplies_General,294766.00,ca_sco_districts
CA-05035,2024,Services and Supplies_Special Revenue,6071.00,ca_sco_districts
CA-05050,2021,Capital Outlay_General,17153.00,ca_sco_districts
CA-05050,2021,Debt Service / Interest Payments on Long-Term Debt_General,5604.00,ca_sco_districts
CA-05050,2021,Debt Service / Principal Payments on Long-Term Debt_General,24176.00,ca_sco_districts
CA-05050,2021,Employee Benefits_General,60079.00,ca_sco_districts
CA-05050,2021,Other Expenditures_General,68962.00,ca_sco_districts
CA-05050,2021,Salaries and Wages_General,487352.00,ca_sco_districts
CA-05050,2021,Services and Supplies_General,36890.00,ca_sco_districts
CA-05050,2022,Capital Outlay_General,102707.00,ca_sco_districts
CA-05050,2022,Debt Service / Interest Payments on Long-Term Debt_General,4757.00,ca_sco_districts
CA-05050,2022,Debt Service / Principal Payments on Long-Term Debt_General,25023.00,ca_sco_districts
CA-05050,2022,Employee Benefits_General,25735.00,ca_sco_districts
CA-05050,2022,Other Expenditures_General,33545.00,ca_sco_districts
CA-05050,2022,Salaries and Wages_General,575785.00,ca_sco_districts
CA-05050,2022,Services and Supplies_General,110060.00,ca_sco_districts
CA-05050,2023,Capital Outlay_General,23706.00,ca_sco_districts
CA-05050,2023,Debt Service / Interest Payments on Long-Term Debt_General,3873.00,ca_sco_districts
CA-05050,2023,Debt Service / Other Principal Payments on Long-Term Debt_General,25907.00,ca_sco_districts
CA-05050,2023,Employee Benefits_General,58480.00,ca_sco_districts
CA-05050,2023,Other Expenditures_General,31375.00,ca_sco_districts
CA-05050,2023,Salaries and Wages_General,692311.00,ca_sco_districts
CA-05050,2023,Services and Supplies_General,138857.00,ca_sco_districts
CA-05050,2024,Capital Outlay_General,97100.00,ca_sco_districts
CA-05050,2024,Debt Service / Interest Payments on Long-Term Debt_General,2983.00,ca_sco_districts
CA-05050,2024,Debt Service / Other Principal Payments on Long-Term Debt_General,26796.00,ca_sco_districts
CA-05050,2024,Employee Benefits_General,74405.00,ca_sco_districts
CA-05050,2024,Other Expenditures_General,28567.00,ca_sco_districts
CA-05050,2024,Salaries and Wages_General,752360.00,ca_sco_districts
CA-05050,2024,Services and Supplies_General,123449.00,ca_sco_districts
CA-05060,2021,Capital Outlay_General,180207.00,ca_sco_districts
CA-05060,2021,Employee Benefits_General,30519.00,ca_sco_districts
CA-05060,2021,Salaries and Wages_General,441626.00,ca_sco_districts
CA-05060,2021,Services and Supplies_General,333223.00,ca_sco_districts
CA-05060,2022,Capital Outlay_General,109206.00,ca_sco_districts
CA-05060,2022,Employee Benefits_General,47792.00,ca_sco_districts
CA-05060,2022,Other Expenditures_General,658.00,ca_sco_districts
CA-05060,2022,Salaries and Wages_General,619657.00,ca_sco_districts
CA-05060,2022,Services and Supplies_General,392269.00,ca_sco_districts
CA-05060,2023,Capital Outlay_General,150081.00,ca_sco_districts
CA-05060,2023,Employee Benefits_General,42435.00,ca_sco_districts
CA-05060,2023,Salaries and Wages_General,625777.00,ca_sco_districts
CA-05060,2023,Services and Supplies_General,359449.00,ca_sco_districts
CA-05060,2024,Capital Outlay_General,61794.00,ca_sco_districts
CA-05060,2024,Employee Benefits_General,54087.00,ca_sco_districts
CA-05060,2024,Salaries and Wages_General,555173.00,ca_sco_districts
CA-05060,2024,Services and Supplies_General,433812.00,ca_sco_districts
CA-05066,2021,Debt Service / Interest Payments on Long-Term Debt_General,7858.00,ca_sco_districts
CA-05066,2021,Debt Service / Principal Payments on Long-Term Debt_General,94505.00,ca_sco_districts
CA-05066,2021,Salaries and Wages_General,1287088.00,ca_sco_districts
CA-05066,2021,Services and Supplies_General,468548.00,ca_sco_districts
CA-05066,2022,Debt Service / Interest Payments on Long-Term Debt_General,6588.00,ca_sco_districts
CA-05066,2022,Debt Service / Principal Payments on Long-Term Debt_General,113360.00,ca_sco_districts
CA-05066,2022,Salaries and Wages_General,1540614.00,ca_sco_districts
CA-05066,2022,Services and Supplies_General,747168.00,ca_sco_districts
CA-05066,2023,Salaries and Wages_General,1450867.00,ca_sco_districts
CA-05066,2023,Services and Supplies_General,974156.00,ca_sco_districts
CA-05066,2024,Debt Service / Interest Payments on Long-Term Debt_General,11062.00,ca_sco_districts
CA-05066,2024,Debt Service / Other Principal Payments on Long-Term Debt_General,58938.00,ca_sco_districts
CA-05066,2024,Salaries and Wages_General,1386661.00,ca_sco_districts
CA-05066,2024,Services and Supplies_General,709328.00,ca_sco_districts
CA-06005,2021,Capital Outlay_General,273955.00,ca_sco_districts
CA-06005,2021,Employee Benefits_General,240458.00,ca_sco_districts
CA-06005,2021,Salaries and Wages_General,303447.00,ca_sco_districts
CA-06005,2021,Services and Supplies_General,184592.00,ca_sco_districts
CA-06005,2022,Capital Outlay_General,398936.00,ca_sco_districts
CA-06005,2022,Employee Benefits_General,256279.00,ca_sco_districts
CA-06005,2022,Salaries and Wages_General,340193.00,ca_sco_districts
CA-06005,2022,Services and Supplies_General,211536.00,ca_sco_districts
CA-06005,2023,Capital Outlay_General,16331.00,ca_sco_districts
CA-06005,2023,Capital Outlay_Special Revenue,28812.00,ca_sco_districts
CA-06005,2023,Employee Benefits_General,277241.00,ca_sco_districts
CA-06005,2023,Salaries and Wages_General,149103.00,ca_sco_districts
CA-06005,2023,Services and Supplies_General,211895.00,ca_sco_districts
CA-06005,2023,Services and Supplies_Special Revenue,8914.00,ca_sco_districts
CA-06005,2024,Employee Benefits_General,254726.00,ca_sco_districts
CA-06005,2024,Salaries and Wages_General,340466.00,ca_sco_districts
CA-06005,2024,Services and Supplies_General,309106.00,ca_sco_districts
CA-06005,2024,Services and Supplies_Special Revenue,10317.00,ca_sco_districts
CA-06015,2021,Fire_Current Expenditures,923474.00,ca_sco_cities
CA-06015,2022,Fire_Current Expenditures,868321.00,ca_sco_cities
CA-06015,2023,Fire_Current Expenditures,963607.00,ca_sco_cities
CA-06015,2024,Fire_Current Expenditures,976595.00,ca_sco_cities
CA-06020,2021,Capital Outlay_General,167768.00,ca_sco_districts
CA-06020,2021,Employee Benefits_General,61745.00,ca_sco_districts
CA-06020,2021,Salaries and Wages_General,225772.00,ca_sco_districts
CA-06020,2021,Services and Supplies_General,94340.00,ca_sco_districts
CA-06020,2022,Capital Outlay_General,35865.00,ca_sco_districts
CA-06020,2022,Employee Benefits_General,48974.00,ca_sco_districts
CA-06020,2022,Salaries and Wages_General,257197.00,ca_sco_districts
CA-06020,2022,Services and Supplies_General,243381.00,ca_sco_districts
CA-06020,2023,Employee Benefits_General,84856.00,ca_sco_districts
CA-06020,2023,Salaries and Wages_General,194537.00,ca_sco_districts
CA-06020,2023,Services and Supplies_General,201684.00,ca_sco_districts
CA-06020,2024,Capital Outlay_General,18262.00,ca_sco_districts
CA-06020,2024,Debt Service / Interest Payments on Long-Term Debt_General,6950.00,ca_sco_districts
CA-06020,2024,Debt Service / Other Principal Payments on Long-Term Debt_General,87929.00,ca_sco_districts
CA-06020,2024,Employee Benefits_General,95204.00,ca_sco_districts
CA-06020,2024,Salaries and Wages_General,166177.00,ca_sco_districts
CA-06020,2024,Services and Supplies_General,175118.00,ca_sco_districts
CA-06030,2021,Capital Outlay_General,4578.00,ca_sco_districts
CA-06030,2021,Employee Benefits_General,32122.00,ca_sco_districts
CA-06030,2021,Employee Benefits_Special Revenue,73214.00,ca_sco_districts
CA-06030,2021,Salaries and Wages_General,203662.00,ca_sco_districts
CA-06030,2021,Salaries and Wages_Special Revenue,217424.00,ca_sco_districts
CA-06030,2021,Services and Supplies_General,117210.00,ca_sco_districts
CA-06030,2021,Services and Supplies_Special Revenue,660.00,ca_sco_districts
CA-06030,2022,Capital Outlay_General,4246.00,ca_sco_districts
CA-06030,2022,Employee Benefits_General,27824.00,ca_sco_districts
CA-06030,2022,Employee Benefits_Special Revenue,68282.00,ca_sco_districts
CA-06030,2022,Salaries and Wages_General,171761.00,ca_sco_districts
CA-06030,2022,Salaries and Wages_Special Revenue,192917.00,ca_sco_districts
CA-06030,2022,Services and Supplies_General,121422.00,ca_sco_districts
CA-06030,2023,Employee Benefits_General,41144.00,ca_sco_districts
CA-06030,2023,Employee Benefits_Special Revenue,57603.00,ca_sco_districts
CA-06030,2023,Salaries and Wages_General,185120.00,ca_sco_districts
CA-06030,2023,Salaries and Wages_Special Revenue,143390.00,ca_sco_districts
CA-06030,2023,Services and Supplies_General,163475.00,ca_sco_districts
CA-06030,2024,Capital Outlay_General,105105.00,ca_sco_districts
CA-06030,2024,Employee Benefits_General,43893.00,ca_sco_districts
CA-06030,2024,Employee Benefits_Special Revenue,62591.00,ca_sco_districts
CA-06030,2024,Salaries and Wages_General,147698.00,ca_sco_districts
CA-06030,2024,Salaries and Wages_Special Revenue,165945.00,ca_sco_districts
CA-06030,2024,Services and Supplies_General,203984.00,ca_sco_districts
CA-06035,2021,Capital Outlay_General,3384.00,ca_sco_districts
CA-06035,2021,Employee Benefits_General,9529.00,ca_sco_districts
CA-06035,2021,Services and Supplies_General,34940.00,ca_sco_districts
CA-06035,2022,Employee Benefits_General,11151.00,ca_sco_districts
CA-06035,2022,Services and Supplies_General,33819.00,ca_sco_districts
CA-06035,2023,Capital Outlay_General,79884.00,ca_sco_districts
CA-06035,2023,Employee Benefits_General,10290.00,ca_sco_districts
CA-06035,2023,Services and Supplies_General,52794.00,ca_sco_districts
CA-06035,2024,Capital Outlay_General,66678.00,ca_sco_districts
CA-06035,2024,Services and Supplies_General,125368.00,ca_sco_districts
CA-06040,2021,Capital Outlay_General,23345.00,ca_sco_districts
CA-06040,2021,Employee Benefits_General,5053.00,ca_sco_districts
CA-06040,2021,Services and Supplies_General,81710.00,ca_sco_districts
CA-06040,2022,Capital Outlay_General,130139.00,ca_sco_districts
CA-06040,2022,Salaries and Wages_General,5873.00,ca_sco_districts
CA-06040,2022,Services and Supplies_General,72134.00,ca_sco_districts
CA-06040,2023,Capital Outlay_General,349305.00,ca_sco_districts
CA-06040,2023,Salaries and Wages_General,6248.00,ca_sco_districts
CA-06040,2023,Services and Supplies_General,68927.00,ca_sco_districts
CA-06040,2024,Services and Supplies_General,110728.00,ca_sco_districts
CA-06045,2021,Capital Outlay_General,16579.00,ca_sco_districts
CA-06045,2021,Employee Benefits_General,156586.00,ca_sco_districts
CA-06045,2021,Other Expenditures_General,1536.00,ca_sco_districts
CA-06045,2021,Salaries and Wages_General,739190.00,ca_sco_districts
CA-06045,2021,Services and Supplies_General,419172.00,ca_sco_districts
CA-06045,2022,Capital Outlay_General,471927.00,ca_sco_districts
CA-06045,2022,Employee Benefits_General,273483.00,ca_sco_districts
CA-06045,2022,Other Expenditures_General,11931.00,ca_sco_districts
CA-06045,2022,Salaries and Wages_General,913081.00,ca_sco_districts
CA-06045,2022,Services and Supplies_General,345278.00,ca_sco_districts
CA-06045,2023,Capital Outlay_General,712166.00,ca_sco_districts
CA-06045,2023,Employee Benefits_General,267314.00,ca_sco_districts
CA-06045,2023,Salaries and Wages_General,711771.00,ca_sco_districts
CA-06045,2023,Services and Supplies_General,390948.00,ca_sco_districts
CA-06045,2024,Employee Benefits_General,429311.00,ca_sco_districts
CA-06045,2024,Salaries and Wages_General,794892.00,ca_sco_districts
CA-06045,2024,Services and Supplies_General,456738.00,ca_sco_districts
CA-07015,2021,Capital Outlay_General,864810.00,ca_sco_districts
CA-07015,2021,Employee Benefits_General,6471544.00,ca_sco_districts
CA-07015,2021,Salaries and Wages_General,5530429.00,ca_sco_districts
CA-07015,2021,Services and Supplies_General,6258616.00,ca_sco_districts
CA-07015,2021,Services and Supplies_Special Revenue,785.00,ca_sco_districts
CA-07015,2022,Capital Outlay_General,864810.00,ca_sco_districts
CA-07015,2022,Employee Benefits_General,6594248.00,ca_sco_districts
CA-07015,2022,Salaries and Wages_General,5759298.00,ca_sco_districts
CA-07015,2022,Services and Supplies_General,6363365.00,ca_sco_districts
CA-07015,2022,Services and Supplies_Special Revenue,-398926.00,ca_sco_districts
CA-07030,2021,Capital Outlay_General,1088302.00,ca_sco_districts
CA-07030,2021,Debt Service / Interest Payments on Long-Term Debt_General,1859.00,ca_sco_districts
CA-07030,2021,Debt Service / Lease Principal_General,205795.00,ca_sco_districts
CA-07030,2021,Employee Benefits_General,48845.00,ca_sco_districts
CA-07030,2021,Other Expenditures_General,2502.00,ca_sco_districts
CA-07030,2021,Salaries and Wages_General,358182.00,ca_sco_districts
CA-07030,2021,Services and Supplies_General,298555.00,ca_sco_districts
CA-07030,2022,Debt Service / Interest Payments on Long-Term Debt_General,17683.00,ca_sco_districts
CA-07030,2022,Debt Service / Principal Payments on Long-Term Debt_General,189971.00,ca_sco_districts
CA-07030,2022,Employee Benefits_General,30965.00,ca_sco_districts
CA-07030,2022,Other Expenditures_General,2502.00,ca_sco_districts
CA-07030,2022,Salaries and Wages_General,300323.00,ca_sco_districts
CA-07030,2022,Services and Supplies_General,470671.00,ca_sco_districts
CA-07030,2023,Debt Service / Interest Payments on Long-Term Debt_General,13409.00,ca_sco_districts
CA-07030,2023,Debt Service / Other Principal Payments on Long-Term Debt_General,194246.00,ca_sco_districts
CA-07030,2023,Employee Benefits_General,31772.00,ca_sco_districts
CA-07030,2023,Other Expenditures_General,2820.00,ca_sco_districts
CA-07030,2023,Salaries and Wages_General,307904.00,ca_sco_districts
CA-07030,2023,Services and Supplies_General,456914.00,ca_sco_districts
CA-07030,2024,Capital Outlay_General,434310.00,ca_sco_districts
CA-07030,2024,Debt Service / Interest Payments on Long-Term Debt_General,9038.00,ca_sco_districts
CA-07030,2024,Debt Service / Other Principal Payments on Long-Term Debt_General,198616.00,ca_sco_districts
CA-07030,2024,Employee Benefits_General,47104.00,ca_sco_districts
CA-07030,2024,Other Expenditures_General,6172.00,ca_sco_districts
CA-07030,2024,Salaries and Wages_General,297142.00,ca_sco_districts
CA-07030,2024,Services and Supplies_General,511979.00,ca_sco_districts
CA-07035,2021,Capital Outlay_Capital Projects,2560504.00,ca_sco_districts
CA-07035,2021,Debt Service / Interest Payments on Long-Term Debt_Debt Service,915847.00,ca_sco_districts
CA-07035,2021,Debt Service / Other Debt Service_Capital Projects,203348.00,ca_sco_districts
CA-07035,2021,Debt Service / Principal Payments on Long-Term Debt_Debt Service,1027413.00,ca_sco_districts
CA-07035,2021,Employee Benefits_General,32385577.00,ca_sco_districts
CA-07035,2021,Salaries and Wages_General,40871329.00,ca_sco_districts
CA-07035,2021,Services and Supplies_Capital Projects,160922.00,ca_sco_districts
CA-07035,2021,Services and Supplies_General,7915102.00,ca_sco_districts
CA-07035,2022,Capital Outlay_Capital Projects,22144373.00,ca_sco_districts
CA-07035,2022,Debt Service / Interest Payments on Long-Term Debt_Debt Service,1835544.00,ca_sco_districts
CA-07035,2022,"Debt Service / Lease Financing, Principal Payments_General",102407.00,ca_sco_districts
CA-07035,2022,Debt Service / Principal Payments on Long-Term Debt_Debt Service,1699424.00,ca_sco_districts
CA-07035,2022,Employee Benefits_General,34004472.00,ca_sco_districts
CA-07035,2022,Salaries and Wages_General,42329915.00,ca_sco_districts
CA-07035,2022,Services and Supplies_Capital Projects,147946.00,ca_sco_districts
CA-07035,2022,Services and Supplies_General,8743388.00,ca_sco_districts
CA-07035,2023,Capital Outlay_Capital Projects,21534923.00,ca_sco_districts
CA-07035,2023,Debt Service / Interest Payments on Long-Term Debt_Debt Service,1859650.00,ca_sco_districts
CA-07035,2023,Debt Service / Other Principal Payments on Long-Term Debt_Debt Service,3721000.00,ca_sco_districts
CA-07035,2023,Employee Benefits_General,37231947.00,ca_sco_districts
CA-07035,2023,Salaries and Wages_General,43534920.00,ca_sco_districts
CA-07035,2023,Services and Supplies_Capital Projects,74219.00,ca_sco_districts
CA-07035,2023,Services and Supplies_General,9081132.00,ca_sco_districts
CA-07035,2024,Capital Outlay_Capital Projects,6816314.00,ca_sco_districts
CA-07035,2024,Debt Service / Interest Payments on Long-Term Debt_Debt Service,1780665.00,ca_sco_districts
CA-07035,2024,Debt Service / Other Principal Payments on Long-Term Debt_Debt Service,3806000.00,ca_sco_districts
CA-07035,2024,Employee Benefits_General,38200809.00,ca_sco_districts
CA-07035,2024,Salaries and Wages_General,43290097.00,ca_sco_districts
CA-07035,2024,Services and Supplies_Capital Projects,13440.00,ca_sco_districts
CA-07035,2024,Services and Supplies_General,9231090.00,ca_sco_districts
CA-07040,2021,Fire_Current Expenditures,12168376.00,ca_sco_cities
CA-07040,2022,Fire_Current Expenditures,12894477.00,ca_sco_cities
CA-07040,2023,Fire_Current Expenditures,13185033.00,ca_sco_cities
CA-07040,2024,Fire_Current Expenditures,14569385.00,ca_sco_cities
CA-07060,2021,Capital Outlay_Capital Projects,8095.00,ca_sco_districts
CA-07060,2021,Debt Service / Interest Payments on Long-Term Debt_Debt Service,444651.00,ca_sco_districts
CA-07060,2021,Debt Service / Principal Payments on Long-Term Debt_Debt Service,4102690.00,ca_sco_districts
CA-07060,2021,Employee Benefits_General,9069187.00,ca_sco_districts
CA-07060,2021,Employee Benefits_Special Revenue,175.00,ca_sco_districts
CA-07060,2021,Salaries and Wages_General,13417297.00,ca_sco_districts
CA-07060,2021,Salaries and Wages_Special Revenue,5003.00,ca_sco_districts
CA-07060,2021,Services and Supplies_Capital Projects,152714.00,ca_sco_districts
CA-07060,2021,Services and Supplies_General,2693328.00,ca_sco_districts
CA-07060,2021,Services and Supplies_Special Revenue,214436.00,ca_sco_districts
CA-07060,2022,Capital Outlay_Capital Projects,520394.00,ca_sco_districts
CA-07060,2022,Debt Service / Interest Payments on Long-Term Debt_Debt Service,248723.00,ca_sco_districts
CA-07060,2022,Debt Service / Principal Payments on Long-Term Debt_Debt Service,4463790.00,ca_sco_districts
CA-07060,2022,Employee Benefits_General,9277927.00,ca_sco_districts
CA-07060,2022,Salaries and Wages_General,14058121.00,ca_sco_districts
CA-07060,2022,Services and Supplies_Capital Projects,279214.00,ca_sco_districts
CA-07060,2022,Services and Supplies_General,2864457.00,ca_sco_districts
CA-07060,2022,Services and Supplies_Special Revenue,146430.00,ca_sco_districts
CA-07060,2023,Capital Outlay_Capital Projects,484956.00,ca_sco_districts
CA-07060,2023,Debt Service / Interest Payments on Long-Term Debt_Debt Service,97481.00,ca_sco_districts
CA-07060,2023,Debt Service / Other Principal Payments on Long-Term Debt_Debt Service,1912000.00,ca_sco_districts
CA-07060,2023,Employee Benefits_General,9231767.00,ca_sco_districts
CA-07060,2023,Employee Benefits_Special Revenue,1484.00,ca_sco_districts
CA-07060,2023,Salaries and Wages_General,14021205.00,ca_sco_districts
CA-07060,2023,Salaries and Wages_Special Revenue,21028.00,ca_sco_districts
CA-07060,2023,Services and Supplies_Capital Projects,11747.00,ca_sco_districts
CA-07060,2023,Services and Supplies_General,3035885.00,ca_sco_districts
CA-07060,2023,Services and Supplies_Special Revenue,287729.00,ca_sco_districts
CA-07060,2024,Capital Outlay_Capital Projects,1482589.00,ca_sco_districts
CA-07060,2024,Debt Service / Interest Payments on Long-Term Debt_Debt Service,48835.00,ca_sco_districts
CA-07060,2024,Debt Service / Other Principal Payments on Long-Term Debt_Debt Service,272000.00,ca_sco_districts
CA-07060,2024,Employee Benefits_General,10296839.00,ca_sco_districts
CA-07060,2024,Employee Benefits_Special Revenue,33212.00,ca_sco_districts
CA-07060,2024,Salaries and Wages_General,15234427.00,ca_sco_districts
CA-07060,2024,Salaries and Wages_Special Revenue,144618.00,ca_sco_districts
CA-07060,2024,Services and Supplies_Capital Projects,248008.00,ca_sco_districts
CA-07060,2024,Services and Supplies_General,3745682.00,ca_sco_districts
CA-07060,2024,Services and Supplies_Special Revenue,2101026.00,ca_sco_districts
CA-07075,2021,Fire_Current Expenditures,4475727.00,ca_sco_cities
CA-07075,2022,Fire_Current Expenditures,5094348.00,ca_sco_cities
CA-07075,2023,Fire_Current Expenditures,6676400.00,ca_sco_cities
CA-07075,2024,Fire_Current Expenditures,6063225.00,ca_sco_cities
CA-07090,2021,Capital Outlay_General,8916653.00,ca_sco_districts
CA-07090,2021,Debt Service / Interest Payments on Long-Term Debt_Debt Service,1703898.00,ca_sco_districts
CA-07090,2021,Debt Service / Interest Payments on Long-Term Debt_General,438683.00,ca_sco_districts
CA-07090,2021,Debt Service / Lease Principal_General,2723668.00,ca_sco_districts
CA-07090,2021,Debt Service / Principal Payments on Long-Term Debt_Debt Service,14245000.00,ca_sco_districts
CA-07090,2021,Employee Benefits_General,48169821.00,ca_sco_districts
CA-07090,2021,Other Expenditures_General,20581001.00,ca_sco_districts
CA-07090,2021,Salaries and Wages_General,68936148.00,ca_sco_districts
CA-07090,2021,Services and Supplies_General,57104761.00,ca_sco_districts
CA-07090,2022,Capital Outlay_General,14315619.00,ca_sco_districts
CA-07090,2022,Debt Service / Interest Payments on Long-Term Debt_Debt Service,948944.00,ca_sco_districts
CA-07090,2022,Debt Service / Interest Payments on Long-Term Debt_General,477902.00,ca_sco_districts
CA-07090,2022,Debt Service / Principal Payments on Long-Term Debt_Debt Service,15770000.00,ca_sco_districts
CA-07090,2022,Debt Service / Principal Payments on Long-Term Debt_General,3591543.00,ca_sco_districts
CA-07090,2022,Employee Benefits_General,52528776.00,ca_sco_districts
CA-07090,2022,Other Expenditures_General,14103305.00,ca_sco_districts
CA-07090,2022,Salaries and Wages_General,74309486.00,ca_sco_districts
CA-07090,2022,Services and Supplies_General,63672204.00,ca_sco_districts
CA-07090,2023,Capital Outlay_General,5166559.00,ca_sco_districts
CA-07090,2023,Debt Service / Interest Payments on Long-Term Debt_Debt Service,275770.00,ca_sco_districts
CA-07090,2023,Debt Service / Interest Payments on Long-Term Debt_General,669144.00,ca_sco_districts
CA-07090,2023,Debt Service / Other Principal Payments on Long-Term Debt_Debt Service,10900000.00,ca_sco_districts
CA-07090,2023,Debt Service / Other Principal Payments on Long-Term Debt_General,4687900.00,ca_sco_districts
CA-07090,2023,Employee Benefits_General,60387244.00,ca_sco_districts
CA-07090,2023,Other Expenditures_General,7785397.00,ca_sco_districts
CA-07090,2023,Salaries and Wages_General,91654500.00,ca_sco_districts
CA-07090,2023,Services and Supplies_General,66069914.00,ca_sco_districts
CA-07090,2024,Capital Outlay_General,12447868.00,ca_sco_districts
CA-07090,2024,Debt Service / Interest Payments on Long-Term Debt_General,624610.00,ca_sco_districts
CA-07090,2024,Debt Service / Other Principal Payments on Long-Term Debt_General,5621739.00,ca_sco_districts
CA-07090,2024,Employee Benefits_General,73685559.00,ca_sco_districts
CA-07090,2024,Other Expenditures_General,2571110.00,ca_sco_districts
CA-07090,2024,Salaries and Wages_General,105796461.00,ca_sco_districts
CA-07090,2024,Services and Supplies_General,109369655.00,ca_sco_districts
CA-07095,2021,Fire_Current Expenditures,32750761.00,ca_sco_cities
CA-07095,2022,Fire_Current Expenditures,33881362.00,ca_sco_cities
CA-07095,2023,Fire_Current Expenditures,33829199.00,ca_sco_cities
CA-07095,2024,Fire_Current Expenditures,37312434.00,ca_sco_cities
CA-07100,2021,Debt Service / Interest Payments on Long-Term Debt_Debt Service,4731.00,ca_sco_districts
CA-07100,2021,Debt Service / Principal Payments on Long-Term Debt_Debt Service,75669.00,ca_sco_districts
CA-07100,2021,Employee Benefits_General,914404.00,ca_sco_districts
CA-07100,2021,Employee Benefits_Special Revenue,2460461.00,ca_sco_districts
CA-07100,2021,Salaries and Wages_General,3244514.00,ca_sco_districts
CA-07100,2021,Services and Supplies_Capital Projects,4.00,ca_sco_districts
CA-07100,2021,Services and Supplies_General,973162.00,ca_sco_districts
CA-07100,2021,Services and Supplies_Special Revenue,204341.00,ca_sco_districts
CA-07100,2022,Debt Service / Interest Payments on Long-Term Debt_Debt Service,2386.00,ca_sco_districts
CA-07100,2022,Debt Service / Interest Payments on Long-Term Debt_General,71594.00,ca_sco_districts
CA-07100,2022,Debt Service / Principal Payments on Long-Term Debt_Debt Service,76954.00,ca_sco_districts
CA-07100,2022,Debt Service / Principal Payments on Long-Term Debt_General,127493.00,ca_sco_districts
CA-07100,2022,Employee Benefits_General,1189645.00,ca_sco_districts
CA-07100,2022,Employee Benefits_Special Revenue,2493828.00,ca_sco_districts
CA-07100,2022,Salaries and Wages_General,3563923.00,ca_sco_districts
CA-07100,2022,Services and Supplies_Capital Projects,3.00,ca_sco_districts
CA-07100,2022,Services and Supplies_General,1035773.00,ca_sco_districts
CA-07100,2022,Services and Supplies_Special Revenue,15457.00,ca_sco_districts
CA-07100,2023,Capital Outlay_Special Revenue,48092.00,ca_sco_districts
CA-07100,2023,Debt Service / Interest Payments on Long-Term Debt_General,128373.00,ca_sco_districts
CA-07100,2023,Debt Service / Other Principal Payments on Long-Term Debt_General,128094.00,ca_sco_districts
CA-07100,2023,Employee Benefits_General,1208678.00,ca_sco_districts
CA-07100,2023,Employee Benefits_Special Revenue,2450835.00,ca_sco_districts
CA-07100,2023,Salaries and Wages_General,3616560.00,ca_sco_districts
CA-07100,2023,Services and Supplies_Capital Projects,10.00,ca_sco_districts
CA-07100,2023,Services and Supplies_General,1050314.00,ca_sco_districts
CA-07100,2023,Services and Supplies_Special Revenue,9537.00,ca_sco_districts
CA-07100,2024,Debt Service / Interest Payments on Long-Term Debt_General,119115.00,ca_sco_districts
CA-07100,2024,Debt Service / Other Principal Payments on Long-Term Debt_General,132193.00,ca_sco_districts
CA-07100,2024,Employee Benefits_General,3966341.00,ca_sco_districts
CA-07100,2024,Employee Benefits_Special Revenue,198737.00,ca_sco_districts
CA-07100,2024,Salaries and Wages_General,2801486.00,ca_sco_districts
CA-07100,2024,Salaries and Wages_Special Revenue,1576876.00,ca_sco_districts
CA-07100,2024,Services and Supplies_Capital Projects,1146.00,ca_sco_districts
CA-07100,2024,Services and Supplies_General,829952.00,ca_sco_districts
CA-07100,2024,Services and Supplies_Special Revenue,762628.00,ca_sco_districts
CA-08010,2021,Services and Supplies_General,547816.00,ca_sco_districts
CA-08010,2022,Capital Outlay_General,87399.00,ca_sco_districts
CA-08010,2022,Services and Supplies_General,505542.00,ca_sco_districts
CA-08010,2023,Capital Outlay_General,5467.00,ca_sco_districts
CA-08010,2023,Services and Supplies_General,561830.00,ca_sco_districts
CA-08010,2024,Capital Outlay_General,21272.00,ca_sco_districts
CA-08010,2024,Services and Supplies_General,1141763.00,ca_sco_districts
CA-08015,2021,Employee Benefits_General,17280.00,ca_sco_districts
CA-08015,2021,Salaries and Wages_General,65624.00,ca_sco_districts
CA-08015,2021,Services and Supplies_General,85674.00,ca_sco_districts
CA-08015,2022,Employee Benefits_General,16624.00,ca_sco_districts
CA-08015,2022,Salaries and Wages_General,45703.00,ca_sco_districts
CA-08015,2022,Services and Supplies_General,99433.00,ca_sco_districts
CA-08015,2023,Employee Benefits_General,17570.00,ca_sco_districts
CA-08015,2023,Salaries and Wages_General,48776.00,ca_sco_districts
CA-08015,2023,Services and Supplies_General,131082.00,ca_sco_districts
CA-08015,2024,Employee Benefits_General,15567.00,ca_sco_districts
CA-08015,2024,Salaries and Wages_General,51650.00,ca_sco_districts
CA-08015,2024,Services and Supplies_General,94783.00,ca_sco_districts
CA-08020,2021,Employee Benefits_General,6206.00,ca_sco_districts
CA-08020,2021,Salaries and Wages_General,85006.00,ca_sco_districts
CA-08020,2021,Services and Supplies_General,50905.00,ca_sco_districts
CA-08020,2022,Capital Outlay_General,95334.00,ca_sco_districts
CA-08020,2022,Employee Benefits_General,5700.00,ca_sco_districts
CA-08020,2022,Salaries and Wages_General,74720.00,ca_sco_districts
CA-08020,2022,Services and Supplies_General,59762.00,ca_sco_districts
CA-08020,2023,Capital Outlay_General,105390.00,ca_sco_districts
CA-08020,2023,Employee Benefits_General,1599.00,ca_sco_districts
CA-08020,2023,Salaries and Wages_General,20900.00,ca_sco_districts
CA-08020,2023,Services and Supplies_General,109067.00,ca_sco_districts
CA-08020,2024,Capital Outlay_General,19693.00,ca_sco_districts
CA-08020,2024,Employee Benefits_General,20063.00,ca_sco_districts
CA-08020,2024,Salaries and Wages_General,121287.00,ca_sco_districts
CA-08020,2024,Services and Supplies_General,59346.00,ca_sco_districts
CA-08050,2021,Contributions to Outside Agencies_General,1004.00,ca_sco_districts
CA-08050,2021,Debt Service / Interest Payments on Long-Term Debt_General,14643.00,ca_sco_districts
CA-08050,2021,Debt Service / Principal Payments on Long-Term Debt_General,40242.00,ca_sco_districts
CA-08050,2021,Employee Benefits_General,10007.00,ca_sco_districts
CA-08050,2021,Salaries and Wages_General,130886.00,ca_sco_districts
CA-08050,2021,Services and Supplies_General,162300.00,ca_sco_districts
CA-08050,2022,Capital Outlay_General,16975.00,ca_sco_districts
CA-08050,2022,Debt Service / Interest Payments on Long-Term Debt_General,16166.00,ca_sco_districts
CA-08050,2022,Debt Service / Principal Payments on Long-Term Debt_General,57925.00,ca_sco_districts
CA-08050,2022,Employee Benefits_General,9351.00,ca_sco_districts
CA-08050,2022,Salaries and Wages_General,122231.00,ca_sco_districts
CA-08050,2022,Services and Supplies_General,171491.00,ca_sco_districts
CA-08050,2024,Capital Outlay_General,706663.00,ca_sco_districts
CA-08050,2024,Debt Service / Interest Payments on Long-Term Debt_General,18871.00,ca_sco_districts
CA-08050,2024,Debt Service / Other Principal Payments on Long-Term Debt_General,55049.00,ca_sco_districts
CA-08050,2024,Employee Benefits_General,10794.00,ca_sco_districts
CA-08050,2024,Salaries and Wages_General,141395.00,ca_sco_districts
CA-08050,2024,Services and Supplies_General,206482.00,ca_sco_districts
CA-09005,2021,Capital Outlay_General,38115.00,ca_sco_districts
CA-09005,2021,Employee Benefits_General,2416314.00,ca_sco_districts
CA-09005,2021,Salaries and Wages_General,3128404.00,ca_sco_districts
CA-09005,2021,Services and Supplies_General,498432.00,ca_sco_districts
CA-09005,2022,Capital Outlay_General,77330.00,ca_sco_districts
CA-09005,2022,Employee Benefits_General,2365486.00,ca_sco_districts
CA-09005,2022,Salaries and Wages_General,2574599.00,ca_sco_districts
CA-09005,2022,Services and Supplies_General,559366.00,ca_sco_districts
CA-09005,2023,Capital Outlay_General,10281.00,ca_sco_districts
CA-09005,2023,Employee Benefits_General,2202771.00,ca_sco_districts
CA-09005,2023,Salaries and Wages_General,1880672.00,ca_sco_districts
CA-09005,2023,Services and Supplies_General,703680.00,ca_sco_districts
CA-09005,2024,Capital Outlay_General,34962.00,ca_sco_districts
CA-09005,2024,Debt Service / Interest Payments on Long-Term Debt_General,442930.00,ca_sco_districts
CA-09005,2024,Debt Service / Other Principal Payments on Long-Term Debt_General,296362.00,ca_sco_districts
CA-09005,2024,Employee Benefits_General,1508119.00,ca_sco_districts
CA-09005,2024,Salaries and Wages_General,1631444.00,ca_sco_districts
CA-09005,2024,Services and Supplies_General,637757.00,ca_sco_districts
CA-09012,2021,Capital Outlay_General,861431.00,ca_sco_districts
CA-09012,2021,Debt Service / Interest Payments on Long-Term Debt_General,69056.00,ca_sco_districts
CA-09012,2021,Debt Service / Principal Payments on Long-Term Debt_General,67335.00,ca_sco_districts
CA-09012,2021,Employee Benefits_General,5336966.00,ca_sco_districts
CA-09012,2021,Salaries and Wages_General,8910132.00,ca_sco_districts
CA-09012,2021,Services and Supplies_General,1208064.00,ca_sco_districts
CA-09012,2022,Capital Outlay_General,1160996.00,ca_sco_districts
CA-09012,2022,Debt Service / Interest Payments on Long-Term Debt_General,66637.00,ca_sco_districts
CA-09012,2022,Debt Service / Principal Payments on Long-Term Debt_General,69516.00,ca_sco_districts
CA-09012,2022,Employee Benefits_General,5657914.00,ca_sco_districts
CA-09012,2022,Salaries and Wages_General,8970975.00,ca_sco_districts
CA-09012,2022,Services and Supplies_General,1652222.00,ca_sco_districts
CA-09012,2023,Capital Outlay_General,2735371.00,ca_sco_districts
CA-09012,2023,Debt Service / Interest Payments on Long-Term Debt_General,64139.00,ca_sco_districts
CA-09012,2023,Debt Service / Other Principal Payments on Long-Term Debt_General,71769.00,ca_sco_districts
CA-09012,2023,Employee Benefits_General,6397097.00,ca_sco_districts
CA-09012,2023,Salaries and Wages_General,10009823.00,ca_sco_districts
CA-09012,2023,Services and Supplies_General,1753903.00,ca_sco_districts
CA-09012,2024,Capital Outlay_General,1288783.00,ca_sco_districts
CA-09012,2024,Debt Service / Interest Payments on Long-Term Debt_General,61561.00,ca_sco_districts
CA-09012,2024,Debt Service / Other Principal Payments on Long-Term Debt_General,74094.00,ca_sco_districts
CA-09012,2024,Employee Benefits_General,5264536.00,ca_sco_districts
CA-09012,2024,Salaries and Wages_General,9657729.00,ca_sco_districts
CA-09012,2024,Services and Supplies_General,1809649.00,ca_sco_districts
CA-09020,2021,Debt Service / Interest Payments on Long-Term Debt_General,4464.00,ca_sco_districts
CA-09020,2021,Debt Service / Principal Payments on Long-Term Debt_General,37164.00,ca_sco_districts
CA-09020,2021,Employee Benefits_General,638971.00,ca_sco_districts
CA-09020,2021,Other Expenditures_General,650.00,ca_sco_districts
CA-09020,2021,Salaries and Wages_General,1428204.00,ca_sco_districts
CA-09020,2021,Services and Supplies_General,533266.00,ca_sco_districts
CA-09020,2022,Capital Outlay_General,49677.00,ca_sco_districts
CA-09020,2022,Debt Service / Interest Payments on Long-Term Debt_General,3032.00,ca_sco_districts
CA-09020,2022,Debt Service / Principal Payments on Long-Term Debt_General,38596.00,ca_sco_districts
CA-09020,2022,Employee Benefits_General,602083.00,ca_sco_districts
CA-09020,2022,Salaries and Wages_General,1451535.00,ca_sco_districts
CA-09020,2022,Services and Supplies_General,405555.00,ca_sco_districts
CA-09020,2023,Capital Outlay_General,173834.00,ca_sco_districts
CA-09020,2023,Debt Service / Interest Payments on Long-Term Debt_General,1545.00,ca_sco_districts
CA-09020,2023,Debt Service / Other Principal Payments on Long-Term Debt_General,40083.00,ca_sco_districts
CA-09020,2023,Employee Benefits_General,819365.00,ca_sco_districts
CA-09020,2023,Salaries and Wages_General,1601110.00,ca_sco_districts
CA-09020,2023,Services and Supplies_General,577695.00,ca_sco_districts
CA-09020,2024,Capital Outlay_General,42374.00,ca_sco_districts
CA-09020,2024,Employee Benefits_General,881982.00,ca_sco_districts
CA-09020,2024,Salaries and Wages_General,1530573.00,ca_sco_districts
CA-09020,2024,Services and Supplies_General,401493.00,ca_sco_districts
CA-09026,2021,Capital Outlay_General,23903.00,ca_sco_districts
CA-09026,2021,Employee Benefits_General,116789.00,ca_sco_districts
CA-09026,2021,Salaries and Wages_General,933819.00,ca_sco_districts
CA-09026,2021,Services and Supplies_General,291858.00,ca_sco_districts
CA-09026,2022,Capital Outlay_General,49892.00,ca_sco_districts
CA-09026,2022,Employee Benefits_General,130751.00,ca_sco_districts
CA-09026,2022,Salaries and Wages_General,464091.00,ca_sco_districts
CA-09026,2022,Services and Supplies_General,270852.00,ca_sco_districts
CA-09026,2023,Capital Outlay_General,120758.00,ca_sco_districts
CA-09026,2023,Employee Benefits_General,89825.00,ca_sco_districts
CA-09026,2023,Salaries and Wages_General,410753.00,ca_sco_districts
CA-09026,2023,Services and Supplies_General,227896.00,ca_sco_districts
CA-09026,2024,Capital Outlay_General,26783.00,ca_sco_districts
CA-09026,2024,Employee Benefits_General,106392.00,ca_sco_districts
CA-09026,2024,Salaries and Wages_General,364125.00,ca_sco_districts
CA-09026,2024,Services and Supplies_General,239746.00,ca_sco_districts
CA-09060,2021,Fire_Current Expenditures,9169675.00,ca_sco_cities
CA-09060,2022,Fire_Current Expenditures,9310456.00,ca_sco_cities
CA-09060,2023,Fire_Current Expenditures,9618526.00,ca_sco_cities
CA-09060,2024,Fire_Current Expenditures,11177396.00,ca_sco_cities
CA-09065,2021,Capital Outlay_General,20094.00,ca_sco_districts
CA-09065,2021,Debt Service / Interest Payments on Long-Term Debt_General,11298.00,ca_sco_districts
CA-09065,2021,Debt Service / Principal Payments on Long-Term Debt_General,58006.00,ca_sco_districts
CA-09065,2021,Employee Benefits_General,1833315.00,ca_sco_districts
CA-09065,2021,Salaries and Wages_General,3890372.00,ca_sco_districts
CA-09065,2021,Services and Supplies_General,1033730.00,ca_sco_districts
CA-09065,2022,Capital Outlay_General,865150.00,ca_sco_districts
CA-09065,2022,Debt Service / Interest Payments on Long-Term Debt_General,418433.00,ca_sco_districts
CA-09065,2022,Debt Service / Principal Payments on Long-Term Debt_General,449881.00,ca_sco_districts
CA-09065,2022,Employee Benefits_General,1395030.00,ca_sco_districts
CA-09065,2022,Salaries and Wages_General,4440943.00,ca_sco_districts
CA-09065,2022,Services and Supplies_General,870707.00,ca_sco_districts
CA-09065,2023,Capital Outlay_General,2436686.00,ca_sco_districts
CA-09065,2023,Debt Service / Interest Payments on Long-Term Debt_General,424877.00,ca_sco_districts
CA-09065,2023,Debt Service / Other Principal Payments on Long-Term Debt_General,443437.00,ca_sco_districts
CA-09065,2023,Employee Benefits_General,1183730.00,ca_sco_districts
CA-09065,2023,Salaries and Wages_General,4419740.00,ca_sco_districts
CA-09065,2023,Services and Supplies_General,1078698.00,ca_sco_districts
CA-09065,2024,Capital Outlay_General,339762.00,ca_sco_districts
CA-09065,2024,Debt Service / Interest Payments on Long-Term Debt_General,402036.00,ca_sco_districts
CA-09065,2024,Debt Service / Other Principal Payments on Long-Term Debt_General,447706.00,ca_sco_districts
CA-09065,2024,Employee Benefits_General,1384939.00,ca_sco_districts
CA-09065,2024,Salaries and Wages_General,4287057.00,ca_sco_districts
CA-09065,2024,Services and Supplies_General,1170496.00,ca_sco_districts
CA-09090,2021,Capital Outlay_General,375418.00,ca_sco_districts
CA-09090,2021,Employee Benefits_General,219026.00,ca_sco_districts
CA-09090,2021,Salaries and Wages_General,803512.00,ca_sco_districts
CA-09090,2021,Services and Supplies_General,252359.00,ca_sco_districts
CA-09090,2022,Capital Outlay_General,734571.00,ca_sco_districts
CA-09090,2022,Employee Benefits_General,219657.00,ca_sco_districts
CA-09090,2022,Salaries and Wages_General,881480.00,ca_sco_districts
CA-09090,2022,Services and Supplies_General,465576.00,ca_sco_districts
CA-09090,2023,Capital Outlay_General,43061.00,ca_sco_districts
CA-09090,2023,Employee Benefits_General,209584.00,ca_sco_districts
CA-09090,2023,Salaries and Wages_General,640087.00,ca_sco_districts
CA-09090,2023,Services and Supplies_General,444572.00,ca_sco_districts
CA-09090,2024,Capital Outlay_General,28942.00,ca_sco_districts
CA-09090,2024,Employee Benefits_General,203923.00,ca_sco_districts
CA-09090,2024,Salaries and Wages_General,687000.00,ca_sco_districts
CA-09090,2024,Services and Supplies_General,465610.00,ca_sco_districts
CA-09100,2022,Capital Outlay_General,4990.00,ca_sco_districts
CA-09100,2022,Debt Service / Interest Payments on Long-Term Debt_General,6367.00,ca_sco_districts
CA-09100,2022,Debt Service / Principal Payments on Long-Term Debt_General,40461.00,ca_sco_districts
CA-09100,2022,Employee Benefits_General,489006.00,ca_sco_districts
CA-09100,2022,Salaries and Wages_General,1545817.00,ca_sco_districts
CA-09100,2022,Services and Supplies_General,206259.00,ca_sco_districts
CA-09100,2023,Capital Outlay_General,35380.00,ca_sco_districts
CA-09100,2023,Debt Service / Interest Payments on Long-Term Debt_General,4776.00,ca_sco_districts
CA-09100,2023,Debt Service / Other Principal Payments on Long-Term Debt_General,42052.00,ca_sco_districts
CA-09100,2023,Employee Benefits_General,533858.00,ca_sco_districts
CA-09100,2023,Salaries and Wages_General,1169658.00,ca_sco_districts
CA-09100,2023,Services and Supplies_General,243572.00,ca_sco_districts
CA-09100,2024,Debt Service / Interest Payments on Long-Term Debt_General,3120.00,ca_sco_districts
CA-09100,2024,Debt Service / Other Principal Payments on Long-Term Debt_General,43708.00,ca_sco_districts
CA-09100,2024,Employee Benefits_General,506443.00,ca_sco_districts
CA-09100,2024,Salaries and Wages_General,1304246.00,ca_sco_districts
CA-09100,2024,Services and Supplies_General,344675.00,ca_sco_districts
CA-09110,2021,Capital Outlay_General,106947.00,ca_sco_districts
CA-09110,2021,Employee Benefits_General,506976.00,ca_sco_districts
CA-09110,2021,Salaries and Wages_General,663553.00,ca_sco_districts
CA-09110,2021,Services and Supplies_General,309076.00,ca_sco_districts
CA-09110,2022,Capital Outlay_General,926234.00,ca_sco_districts
CA-09110,2022,Employee Benefits_General,510772.00,ca_sco_districts
CA-09110,2022,Salaries and Wages_General,737681.00,ca_sco_districts
CA-09110,2022,Services and Supplies_General,293145.00,ca_sco_districts
CA-09110,2023,Capital Outlay_General,484406.00,ca_sco_districts
CA-09110,2023,Employee Benefits_General,598637.00,ca_sco_districts
CA-09110,2023,Salaries and Wages_General,860718.00,ca_sco_districts
CA-09110,2023,Services and Supplies_General,392646.00,ca_sco_districts
CA-09110,2024,Capital Outlay_General,52915.00,ca_sco_districts
CA-09110,2024,Debt Service / Interest Payments on Long-Term Debt_General,19742.00,ca_sco_districts
CA-09110,2024,Debt Service / Other Principal Payments on Long-Term Debt_General,94851.00,ca_sco_districts
CA-09110,2024,Employee Benefits_General,697772.00,ca_sco_districts
CA-09110,2024,Salaries and Wages_General,906572.00,ca_sco_districts
CA-09110,2024,Services and Supplies_General,361677.00,ca_sco_districts
CA-10005,2021,Fire_Current Expenditures,18497767.00,ca_sco_cities
CA-10005,2022,Fire_Current Expenditures,20498310.00,ca_sco_cities
CA-10005,2023,Fire_Current Expenditures,22756313.00,ca_sco_cities
CA-10005,2024,Fire_Current Expenditures,23525606.00,ca_sco_cities
CA-10010,2021,Fire_Current Expenditures,3224089.00,ca_sco_cities
CA-10010,2022,Fire_Current Expenditures,2897425.00,ca_sco_cities
CA-10010,2023,Fire_Current Expenditures,2993901.00,ca_sco_cities
CA-10010,2024,Fire_Current Expenditures,3417146.00,ca_sco_cities
CA-10020,2021,Fire_Current Expenditures,134979.00,ca_sco_cities
CA-10020,2022,Fire_Current Expenditures,92579.00,ca_sco_cities
CA-10020,2023,Fire_Current Expenditures,140853.00,ca_sco_cities
CA-10020,2024,Fire_Current Expenditures,245264.00,ca_sco_cities
CA-10025,2021,Fire_Current Expenditures,133983.00,ca_sco_cities
CA-10025,2022,Fire_Current Expenditures,153439.00,ca_sco_cities
CA-10030,2021,Fire_Current Expenditures,68367515.00,ca_sco_cities
CA-10030,2022,Fire_Current Expenditures,80500405.00,ca_sco_cities
CA-10030,2023,Fire_Current Expenditures,79375467.00,ca_sco_cities
CA-10030,2024,Fire_Current Expenditures,91159478.00,ca_sco_cities
CA-10032,2021,Capital Outlay_General,3508810.00,ca_sco_districts
CA-10032,2021,Debt Service / Interest Payments on Long-Term Debt_General,48177.00,ca_sco_districts
CA-10032,2021,Debt Service / Principal Payments on Long-Term Debt_General,310298.00,ca_sco_districts
CA-10032,2021,Employee Benefits_General,69103.00,ca_sco_districts
CA-10032,2021,Salaries and Wages_General,947822.00,ca_sco_districts
CA-10032,2021,Services and Supplies_General,15008973.00,ca_sco_districts
CA-10032,2021,Services and Supplies_Special Revenue,5376458.00,ca_sco_districts
CA-10032,2022,Capital Outlay_General,4752461.00,ca_sco_districts
CA-10032,2022,Debt Service / Interest Payments on Long-Term Debt_General,36776.00,ca_sco_districts
CA-10032,2022,"Debt Service / Lease Financing, Principal Payments_General",15600.00,ca_sco_districts
CA-10032,2022,Debt Service / Other Debt Service_General,59800.00,ca_sco_districts
CA-10032,2022,Debt Service / Principal Payments on Long-Term Debt_General,321699.00,ca_sco_districts
CA-10032,2022,Employee Benefits_General,118292.00,ca_sco_districts
CA-10032,2022,Salaries and Wages_General,934100.00,ca_sco_districts
CA-10032,2022,Services and Supplies_General,19124119.00,ca_sco_districts
CA-10032,2022,Services and Supplies_Special Revenue,5560846.00,ca_sco_districts
CA-10032,2023,Capital Outlay_General,3021987.00,ca_sco_districts
CA-10032,2023,Debt Service / Interest Payments on Long-Term Debt_General,24957.00,ca_sco_districts
CA-10032,2023,Debt Service / Other Principal Payments on Long-Term Debt_General,333518.00,ca_sco_districts
CA-10032,2023,Employee Benefits_General,145099.00,ca_sco_districts
CA-10032,2023,Salaries and Wages_General,964183.00,ca_sco_districts
CA-10032,2023,Services and Supplies_General,22081365.00,ca_sco_districts
CA-10032,2023,Services and Supplies_Special Revenue,5925355.00,ca_sco_districts
CA-10032,2024,Capital Outlay_General,2974608.00,ca_sco_districts
CA-10032,2024,Debt Service / Interest Payments on Long-Term Debt_General,12704.00,ca_sco_districts
CA-10032,2024,Debt Service / Other Principal Payments on Long-Term Debt_General,345771.00,ca_sco_districts
CA-10032,2024,Employee Benefits_General,179525.00,ca_sco_districts
CA-10032,2024,Salaries and Wages_General,1251376.00,ca_sco_districts
CA-10032,2024,Services and Supplies_General,22535419.00,ca_sco_districts
CA-10032,2024,Services and Supplies_Special Revenue,6382797.00,ca_sco_districts
CA-10035,2021,Services and Supplies_General,1390483.00,ca_sco_districts
CA-10035,2022,Services and Supplies_General,1371874.00,ca_sco_districts
CA-10035,2023,Services and Supplies_General,1346575.00,ca_sco_districts
CA-10035,2024,Services and Supplies_General,1338148.00,ca_sco_districts
CA-10040,2021,Capital Outlay_General,969650.00,ca_sco_districts
CA-10040,2021,Debt Service / Interest Payments on Long-Term Debt_General,63192.00,ca_sco_districts
CA-10040,2021,Debt Service / Principal Payments on Long-Term Debt_General,403483.00,ca_sco_districts
CA-10040,2021,Employee Benefits_General,1599911.00,ca_sco_districts
CA-10040,2021,Other Expenditures_Capital Projects,39.00,ca_sco_districts
CA-10040,2021,Salaries and Wages_General,4375708.00,ca_sco_districts
CA-10040,2021,Services and Supplies_General,2586869.00,ca_sco_districts
CA-10040,2022,Capital Outlay_General,1765037.00,ca_sco_districts
CA-10040,2022,Debt Service / Interest Payments on Long-Term Debt_General,52053.00,ca_sco_districts
CA-10040,2022,Debt Service / Principal Payments on Long-Term Debt_General,413814.00,ca_sco_districts
CA-10040,2022,Employee Benefits_General,1689206.00,ca_sco_districts
CA-10040,2022,Salaries and Wages_General,4971501.00,ca_sco_districts
CA-10040,2022,Services and Supplies_Capital Projects,46.00,ca_sco_districts
CA-10040,2022,Services and Supplies_General,2962337.00,ca_sco_districts
CA-10040,2023,Capital Outlay_General,1109877.00,ca_sco_districts
CA-10040,2023,Debt Service / Interest Payments on Long-Term Debt_General,34548.00,ca_sco_districts
CA-10040,2023,Debt Service / Other Principal Payments on Long-Term Debt_General,432443.00,ca_sco_districts
CA-10040,2023,Employee Benefits_General,1471578.00,ca_sco_districts
CA-10040,2023,Salaries and Wages_General,6918446.00,ca_sco_districts
CA-10040,2023,Services and Supplies_Capital Projects,6352.00,ca_sco_districts
CA-10040,2023,Services and Supplies_General,2952680.00,ca_sco_districts
CA-10040,2024,Debt Service / Interest Payments on Long-Term Debt_General,23928.00,ca_sco_districts
CA-10040,2024,Debt Service / Other Principal Payments on Long-Term Debt_General,433800.00,ca_sco_districts
CA-10040,2024,Employee Benefits_General,2161270.00,ca_sco_districts
CA-10040,2024,Salaries and Wages_General,7295074.00,ca_sco_districts
CA-10040,2024,Services and Supplies_General,3042429.00,ca_sco_districts
CA-10045,2021,Fire_Current Expenditures,746590.00,ca_sco_cities
CA-10045,2022,Fire_Current Expenditures,744863.00,ca_sco_cities
CA-10045,2023,Fire_Current Expenditures,919454.00,ca_sco_cities
CA-10045,2024,Fire_Current Expenditures,1008279.00,ca_sco_cities
CA-10055,2021,Services and Supplies_General,60929.00,ca_sco_districts
CA-10055,2022,Services and Supplies_General,99585.00,ca_sco_districts
CA-10055,2023,Services and Supplies_General,67003.00,ca_sco_districts
CA-10055,2024,Services and Supplies_General,59946.00,ca_sco_districts
CA-10065,2021,Capital Outlay_General,483334.00,ca_sco_districts
CA-10065,2021,Employee Benefits_General,102115.00,ca_sco_districts
CA-10065,2021,Other Expenditures_General,18405.00,ca_sco_districts
CA-10065,2021,Salaries and Wages_General,539612.00,ca_sco_districts
CA-10065,2021,Services and Supplies_General,181058.00,ca_sco_districts
CA-10065,2022,Capital Outlay_General,338926.00,ca_sco_districts
CA-10065,2022,Employee Benefits_General,770805.00,ca_sco_districts
CA-10065,2022,Other Expenditures_General,10053.00,ca_sco_districts
CA-10065,2022,Services and Supplies_General,227633.00,ca_sco_districts
CA-10065,2023,Capital Outlay_General,26694.00,ca_sco_districts
CA-10065,2023,Employee Benefits_General,184824.00,ca_sco_districts
CA-10065,2023,Other Expenditures_General,4516.00,ca_sco_districts
CA-10065,2023,Salaries and Wages_General,617989.00,ca_sco_districts
CA-10065,2023,Services and Supplies_General,239695.00,ca_sco_districts
CA-10065,2024,Debt Service / Interest Payments on Long-Term Debt_General,3209.00,ca_sco_districts
CA-10065,2024,Debt Service / Other Principal Payments on Long-Term Debt_General,36232.00,ca_sco_districts
CA-10065,2024,Employee Benefits_General,221071.00,ca_sco_districts
CA-10065,2024,Salaries and Wages_General,601774.00,ca_sco_districts
CA-10065,2024,Services and Supplies_General,298526.00,ca_sco_districts
CA-10080,2021,Fire_Current Expenditures,855833.00,ca_sco_cities
CA-10080,2022,Fire_Current Expenditures,834747.00,ca_sco_cities
CA-10080,2023,Fire_Current Expenditures,757882.00,ca_sco_cities
CA-10080,2024,Fire_Current Expenditures,701693.00,ca_sco_cities
CA-10090,2021,Fire_Current Expenditures,4077463.00,ca_sco_cities
CA-10090,2022,Fire_Current Expenditures,4287292.00,ca_sco_cities
CA-10090,2023,Fire_Current Expenditures,3626513.00,ca_sco_cities
CA-10090,2024,Fire_Current Expenditures,3684361.00,ca_sco_cities
CA-10095,2021,Fire_Current Expenditures,3419492.00,ca_sco_cities
CA-10095,2022,Fire_Current Expenditures,3519065.00,ca_sco_cities
CA-10095,2023,Fire_Current Expenditures,4076857.00,ca_sco_cities
CA-10095,2024,Fire_Current Expenditures,6536624.00,ca_sco_cities
CA-11005,2021,Employee Benefits_Special Revenue,6941.00,ca_sco_districts
CA-11005,2021,Services and Supplies_Special Revenue,67646.00,ca_sco_districts
CA-11005,2022,Employee Benefits_Special Revenue,5902.00,ca_sco_districts
CA-11005,2022,Services and Supplies_Special Revenue,57827.00,ca_sco_districts
CA-11005,2023,Capital Outlay_Special Revenue,28657.00,ca_sco_districts
CA-11005,2023,Employee Benefits_Special Revenue,6271.00,ca_sco_districts
CA-11005,2023,Services and Supplies_Special Revenue,65113.00,ca_sco_districts
CA-11005,2024,Employee Benefits_Special Revenue,11232.00,ca_sco_districts
CA-11005,2024,Salaries and Wages_Special Revenue,46243.00,ca_sco_districts
CA-11005,2024,Services and Supplies_Special Revenue,87820.00,ca_sco_districts
CA-11020,2021,Employee Benefits_General,2806.00,ca_sco_districts
CA-11020,2021,Salaries and Wages_General,8933.00,ca_sco_districts
CA-11020,2021,Services and Supplies_General,35684.00,ca_sco_districts
CA-11020,2022,Capital Outlay_General,49419.00,ca_sco_districts
CA-11020,2022,Employee Benefits_General,2822.00,ca_sco_districts
CA-11020,2022,Salaries and Wages_General,66881.00,ca_sco_districts
CA-11020,2022,Services and Supplies_General,39440.00,ca_sco_districts
CA-11020,2023,Employee Benefits_General,3625.00,ca_sco_districts
CA-11020,2023,Salaries and Wages_General,27684.00,ca_sco_districts
CA-11020,2023,Services and Supplies_General,104658.00,ca_sco_districts
CA-11020,2024,Capital Outlay_General,361201.00,ca_sco_districts
CA-11020,2024,Employee Benefits_General,14856.00,ca_sco_districts
CA-11020,2024,Salaries and Wages_General,146263.00,ca_sco_districts
CA-11020,2024,Services and Supplies_General,106475.00,ca_sco_districts
CA-11025,2021,Employee Benefits_General,4685.00,ca_sco_districts
CA-11025,2021,Salaries and Wages_General,193798.00,ca_sco_districts
CA-11025,2021,Services and Supplies_General,40397.00,ca_sco_districts
CA-11025,2022,Employee Benefits_General,5113.00,ca_sco_districts
CA-11025,2022,Salaries and Wages_General,91526.00,ca_sco_districts
CA-11025,2022,Services and Supplies_General,80523.00,ca_sco_districts
CA-11025,2023,Capital Outlay_General,10000.00,ca_sco_districts
CA-11025,2023,Employee Benefits_General,7506.00,ca_sco_districts
CA-11025,2023,Salaries and Wages_General,43511.00,ca_sco_districts
CA-11025,2023,Services and Supplies_General,111571.00,ca_sco_districts
CA-11025,2024,Capital Outlay_General,481519.00,ca_sco_districts
CA-11025,2024,Employee Benefits_General,13590.00,ca_sco_districts
CA-11025,2024,Salaries and Wages_General,77609.00,ca_sco_districts
CA-11025,2024,Services and Supplies_General,51774.00,ca_sco_districts
CA-11035,2021,Employee Benefits_General,1657.00,ca_sco_districts
CA-11035,2021,Services and Supplies_General,11680.00,ca_sco_districts
CA-11035,2022,Employee Benefits_General,1657.00,ca_sco_districts
CA-11035,2022,Services and Supplies_General,3509.00,ca_sco_districts
CA-11035,2023,Employee Benefits_General,1765.00,ca_sco_districts
CA-11035,2023,Services and Supplies_General,3191.00,ca_sco_districts
CA-11035,2024,Employee Benefits_General,1775.00,ca_sco_districts
CA-11035,2024,Services and Supplies_General,17073.00,ca_sco_districts
CA-11055,2021,Employee Benefits_General,3841.00,ca_sco_districts
CA-11055,2021,Salaries and Wages_General,17836.00,ca_sco_districts
CA-11055,2021,Services and Supplies_General,43390.00,ca_sco_districts
CA-11055,2022,Employee Benefits_General,4321.00,ca_sco_districts
CA-11055,2022,Services and Supplies_General,26538.00,ca_sco_districts
CA-11055,2023,Employee Benefits_General,6210.00,ca_sco_districts
CA-11055,2023,Services and Supplies_General,37035.00,ca_sco_districts
CA-11055,2024,Employee Benefits_General,6255.00,ca_sco_districts
CA-11055,2024,Services and Supplies_General,42717.00,ca_sco_districts
CA-11060,2021,Capital Outlay_Special Revenue,364127.00,ca_sco_districts
CA-11060,2021,Employee Benefits_Special Revenue,44398.00,ca_sco_districts
CA-11060,2021,Salaries and Wages_Special Revenue,219670.00,ca_sco_districts
CA-11060,2021,Services and Supplies_Special Revenue,85324.00,ca_sco_districts
CA-11060,2022,Capital Outlay_Special Revenue,337123.00,ca_sco_districts
CA-11060,2022,Employee Benefits_Special Revenue,41687.00,ca_sco_districts
CA-11060,2022,Salaries and Wages_Special Revenue,171338.00,ca_sco_districts
CA-11060,2022,Services and Supplies_Special Revenue,128360.00,ca_sco_districts
CA-11060,2023,Capital Outlay_Special Revenue,37500.00,ca_sco_districts
CA-11060,2023,Employee Benefits_Special Revenue,31999.00,ca_sco_districts
CA-11060,2023,Salaries and Wages_Special Revenue,220192.00,ca_sco_districts
CA-11060,2023,Services and Supplies_Special Revenue,156639.00,ca_sco_districts
CA-11060,2024,Capital Outlay_Special Revenue,96508.00,ca_sco_districts
CA-11060,2024,Employee Benefits_Special Revenue,60366.00,ca_sco_districts
CA-11060,2024,Salaries and Wages_Special Revenue,158695.00,ca_sco_districts
CA-11060,2024,Services and Supplies_Special Revenue,227274.00,ca_sco_districts
CA-11065,2021,Employee Benefits_Special Revenue,1473.00,ca_sco_districts
CA-11065,2021,Salaries and Wages_Special Revenue,152345.00,ca_sco_districts
CA-11065,2021,Services and Supplies_Special Revenue,96512.00,ca_sco_districts
CA-11065,2022,Employee Benefits_Special Revenue,1229.00,ca_sco_districts
CA-11065,2022,Salaries and Wages_Special Revenue,95026.00,ca_sco_districts
CA-11065,2022,Services and Supplies_Special Revenue,95984.00,ca_sco_districts
CA-11065,2023,Employee Benefits_Special Revenue,4215.00,ca_sco_districts
CA-11065,2023,Salaries and Wages_Special Revenue,217450.00,ca_sco_districts
CA-11065,2023,Services and Supplies_Special Revenue,248449.00,ca_sco_districts
CA-11065,2024,Capital Outlay_Special Revenue,159841.00,ca_sco_districts
CA-11065,2024,Contributions to Outside Agencies_Special Revenue,45858.00,ca_sco_districts
CA-11065,2024,Employee Benefits_Special Revenue,12317.00,ca_sco_districts
CA-11065,2024,Salaries and Wages_Special Revenue,120335.00,ca_sco_districts
CA-11065,2024,Services and Supplies_Special Revenue,118541.00,ca_sco_districts
CA-12025,2021,Capital Outlay_General,303458.00,ca_sco_districts
CA-12025,2021,Employee Benefits_General,40988.00,ca_sco_districts
CA-12025,2021,Salaries and Wages_General,150159.00,ca_sco_districts
CA-12025,2021,Services and Supplies_General,87466.00,ca_sco_districts
CA-12025,2022,Employee Benefits_General,25867.00,ca_sco_districts
CA-12025,2022,Salaries and Wages_General,137782.00,ca_sco_districts
CA-12025,2022,Services and Supplies_General,119066.00,ca_sco_districts
CA-12025,2023,Capital Outlay_General,10188.00,ca_sco_districts
CA-12025,2023,Employee Benefits_General,27027.00,ca_sco_districts
CA-12025,2023,Salaries and Wages_General,86550.00,ca_sco_districts
CA-12025,2023,Services and Supplies_General,104447.00,ca_sco_districts
CA-12025,2024,Employee Benefits_General,29324.00,ca_sco_districts
CA-12025,2024,Salaries and Wages_General,80003.00,ca_sco_districts
CA-12025,2024,Services and Supplies_General,162889.00,ca_sco_districts
CA-12045,2021,Capital Outlay_General,35894.00,ca_sco_districts
CA-12045,2021,Employee Benefits_General,3821858.00,ca_sco_districts
CA-12045,2021,Salaries and Wages_General,5202866.00,ca_sco_districts
CA-12045,2021,Services and Supplies_General,826813.00,ca_sco_districts
CA-12045,2022,Employee Benefits_General,4191913.00,ca_sco_districts
CA-12045,2022,Salaries and Wages_General,5653061.00,ca_sco_districts
CA-12045,2022,Services and Supplies_General,808140.00,ca_sco_districts
CA-12045,2023,Capital Outlay_General,33479.00,ca_sco_districts
CA-12045,2023,Employee Benefits_General,4301149.00,ca_sco_districts
CA-12045,2023,Salaries and Wages_General,5395318.00,ca_sco_districts
CA-12045,2023,Services and Supplies_General,925568.00,ca_sco_districts
CA-12045,2024,Employee Benefits_General,4371748.00,ca_sco_districts
CA-12045,2024,Salaries and Wages_General,5792807.00,ca_sco_districts
CA-12045,2024,Services and Supplies_General,1226716.00,ca_sco_districts
CA-12055,2021,Contributions to Outside Agencies_General,4000.00,ca_sco_districts
CA-12055,2021,Debt Service / Interest Payments on Long-Term Debt_General,274.00,ca_sco_districts
CA-12055,2021,Debt Service / Principal Payments on Long-Term Debt_General,7768.00,ca_sco_districts
CA-12055,2021,Employee Benefits_General,15455.00,ca_sco_districts
CA-12055,2021,Salaries and Wages_General,43097.00,ca_sco_districts
CA-12055,2021,Services and Supplies_General,78585.00,ca_sco_districts
CA-12055,2022,Capital Outlay_General,6686.00,ca_sco_districts
CA-12055,2022,Contributions to Outside Agencies_General,4000.00,ca_sco_districts
CA-12055,2022,Debt Service / Interest Payments on Long-Term Debt_General,6.00,ca_sco_districts
CA-12055,2022,Debt Service / Principal Payments on Long-Term Debt_General,987.00,ca_sco_districts
CA-12055,2022,Employee Benefits_General,11114.00,ca_sco_districts
CA-12055,2022,Salaries and Wages_General,24445.00,ca_sco_districts
CA-12055,2022,Services and Supplies_General,96952.00,ca_sco_districts
CA-12055,2023,Capital Outlay_General,12701.00,ca_sco_districts
CA-12055,2023,Contributions to Outside Agencies_General,4000.00,ca_sco_districts
CA-12055,2023,Employee Benefits_General,17676.00,ca_sco_districts
CA-12055,2023,Salaries and Wages_General,22215.00,ca_sco_districts
CA-12055,2023,Services and Supplies_General,125790.00,ca_sco_districts
CA-12055,2024,Capital Outlay_General,20639.00,ca_sco_districts
CA-12055,2024,Contributions to Outside Agencies_General,4000.00,ca_sco_districts
CA-12055,2024,Employee Benefits_General,21824.00,ca_sco_districts
CA-12055,2024,Salaries and Wages_General,25032.00,ca_sco_districts
CA-12055,2024,Services and Supplies_General,156311.00,ca_sco_districts
CA-12060,2021,Capital Outlay_General,658731.00,ca_sco_districts
CA-12060,2021,Employee Benefits_General,104805.00,ca_sco_districts
CA-12060,2021,Salaries and Wages_General,351418.00,ca_sco_districts
CA-12060,2021,Services and Supplies_General,293194.00,ca_sco_districts
CA-12060,2022,Capital Outlay_General,874120.00,ca_sco_districts
CA-12060,2022,Employee Benefits_General,111892.00,ca_sco_districts
CA-12060,2022,Salaries and Wages_General,371102.00,ca_sco_districts
CA-12060,2022,Services and Supplies_General,279234.00,ca_sco_districts
CA-12060,2023,Capital Outlay_General,1516723.00,ca_sco_districts
CA-12060,2023,Employee Benefits_General,102416.00,ca_sco_districts
CA-12060,2023,Salaries and Wages_General,327827.00,ca_sco_districts
CA-12060,2023,Services and Supplies_General,326605.00,ca_sco_districts
CA-12060,2024,Capital Outlay_General,1401824.00,ca_sco_districts
CA-12060,2024,Employee Benefits_General,111947.00,ca_sco_districts
CA-12060,2024,Salaries and Wages_General,388682.00,ca_sco_districts
CA-12060,2024,Services and Supplies_General,304362.00,ca_sco_districts
CA-12065,2022,Services and Supplies_General,89345.00,ca_sco_districts
CA-12065,2023,Services and Supplies_General,96889.00,ca_sco_districts
CA-12065,2024,Employee Benefits_General,12646.00,ca_sco_districts
CA-12065,2024,Other Expenditures_General,12890.00,ca_sco_districts
CA-12065,2024,Services and Supplies_General,161879.00,ca_sco_districts
CA-12067,2021,Depreciation and Amortization Expenses_Other Enterprise Fund,63132.00,ca_sco_districts
CA-12067,2021,General and Administrative Expenses_Other Enterprise Fund,16237.00,ca_sco_districts
CA-12067,2021,Interest Expense_Other Enterprise Fund,11415.00,ca_sco_districts
CA-12067,2021,Materials and Supplies_Other Enterprise Fund,68776.00,ca_sco_districts
CA-12067,2021,Personnel Services_Other Enterprise Fund,1800.00,ca_sco_districts
CA-12067,2022,Depreciation and Amortization Expenses_Other Enterprise Fund,58439.00,ca_sco_districts
CA-12067,2022,General and Administrative Expenses_Other Enterprise Fund,18900.00,ca_sco_districts
CA-12067,2022,Interest Expense_Other Enterprise Fund,10355.00,ca_sco_districts
CA-12067,2022,Materials and Supplies_Other Enterprise Fund,54633.00,ca_sco_districts
CA-12067,2022,Personnel Services_Other Enterprise Fund,1800.00,ca_sco_districts
CA-12067,2023,Depreciation and Amortization Expenses_Other Enterprise Fund,60943.00,ca_sco_districts
CA-12067,2023,General and Administrative Expenses_Other Enterprise Fund,21619.00,ca_sco_districts
CA-12067,2023,Interest Expense_Other Enterprise Fund,10284.00,ca_sco_districts
CA-12067,2023,Materials and Supplies_Other Enterprise Fund,38614.00,ca_sco_districts
CA-12067,2023,Personnel Services_Other Enterprise Fund,1800.00,ca_sco_districts
CA-12067,2024,Contractual Services_Other Enterprise Fund,50344.00,ca_sco_districts
CA-12067,2024,Depreciation and Amortization Expenses_Other Enterprise Fund,59010.00,ca_sco_districts
CA-12067,2024,General and Administrative Expenses_Other Enterprise Fund,21001.00,ca_sco_districts
CA-12067,2024,Interest Expense_Other Enterprise Fund,10112.00,ca_sco_districts
CA-12067,2024,Materials and Supplies_Other Enterprise Fund,50744.00,ca_sco_districts
CA-12067,2024,Personnel Services_Other Enterprise Fund,2400.00,ca_sco_districts
CA-12090,2021,Employee Benefits_General,8936.00,ca_sco_districts
CA-12090,2021,Salaries and Wages_General,6750.00,ca_sco_districts
CA-12090,2021,Services and Supplies_General,5848.00,ca_sco_districts
CA-12090,2022,Employee Benefits_General,15672.00,ca_sco_districts
CA-12090,2022,Salaries and Wages_General,11450.00,ca_sco_districts
CA-12090,2022,Services and Supplies_General,23250.00,ca_sco_districts
CA-12090,2023,Employee Benefits_General,1936.00,ca_sco_districts
CA-12090,2023,Salaries and Wages_General,10740.00,ca_sco_districts
CA-12090,2023,Services and Supplies_General,64489.00,ca_sco_districts
CA-12090,2024,Capital Outlay_General,80000.00,ca_sco_districts
CA-12090,2024,Employee Benefits_General,4232.00,ca_sco_districts
CA-12090,2024,Salaries and Wages_General,18175.00,ca_sco_districts
CA-12090,2024,Services and Supplies_General,35045.00,ca_sco_districts
CA-12095,2021,Capital Outlay_General,29788.00,ca_sco_districts
CA-12095,2021,Salaries and Wages_General,4800.00,ca_sco_districts
CA-12095,2021,Services and Supplies_General,3125.00,ca_sco_districts
CA-12095,2022,Other Expenditures_General,1669.00,ca_sco_districts
CA-12095,2022,Salaries and Wages_General,4800.00,ca_sco_districts
CA-12095,2022,Services and Supplies_General,4388.00,ca_sco_districts
CA-12095,2023,Capital Outlay_General,23265.00,ca_sco_districts
CA-12095,2023,Other Expenditures_General,9262.00,ca_sco_districts
CA-12095,2023,Salaries and Wages_General,6100.00,ca_sco_districts
CA-12095,2023,Services and Supplies_General,14524.00,ca_sco_districts
CA-12095,2024,Salaries and Wages_General,6000.00,ca_sco_districts
CA-12095,2024,Services and Supplies_General,30525.00,ca_sco_districts
CA-12100,2021,Capital Outlay_Special Revenue,118819.00,ca_sco_districts
CA-12100,2021,Debt Service / Interest Payments on Long-Term Debt_Special Revenue,5992.00,ca_sco_districts
CA-12100,2021,Debt Service / Principal Payments on Long-Term Debt_Special Revenue,45238.00,ca_sco_districts
CA-12100,2021,Employee Benefits_Special Revenue,41249.00,ca_sco_districts
CA-12100,2021,Salaries and Wages_Special Revenue,221726.00,ca_sco_districts
CA-12100,2021,Services and Supplies_Special Revenue,179465.00,ca_sco_districts
CA-12100,2022,Capital Outlay_Special Revenue,666827.00,ca_sco_districts
CA-12100,2022,Debt Service / Interest Payments on Long-Term Debt_Special Revenue,4852.00,ca_sco_districts
CA-12100,2022,Debt Service / Principal Payments on Long-Term Debt_Special Revenue,90778.00,ca_sco_districts
CA-12100,2022,Employee Benefits_Special Revenue,40920.00,ca_sco_districts
CA-12100,2022,Salaries and Wages_Special Revenue,136252.00,ca_sco_districts
CA-12100,2022,Services and Supplies_Special Revenue,195693.00,ca_sco_districts
CA-12100,2023,Capital Outlay_Special Revenue,156957.00,ca_sco_districts
CA-12100,2023,Debt Service / Interest Payments on Long-Term Debt_Special Revenue,12060.00,ca_sco_districts
CA-12100,2023,Debt Service / Other Principal Payments on Long-Term Debt_Special Revenue,83570.00,ca_sco_districts
CA-12100,2023,Employee Benefits_Special Revenue,44890.00,ca_sco_districts
CA-12100,2023,Salaries and Wages_Special Revenue,42513.00,ca_sco_districts
CA-12100,2023,Services and Supplies_Special Revenue,300980.00,ca_sco_districts
CA-12100,2024,Capital Outlay_Special Revenue,157432.00,ca_sco_districts
CA-12100,2024,Debt Service / Interest Payments on Long-Term Debt_Special Revenue,10016.00,ca_sco_districts
CA-12100,2024,Debt Service / Other Principal Payments on Long-Term Debt_Special Revenue,85614.00,ca_sco_districts
CA-12100,2024,Employee Benefits_Special Revenue,43883.00,ca_sco_districts
CA-12100,2024,Salaries and Wages_Special Revenue,119320.00,ca_sco_districts
CA-12100,2024,Services and Supplies_Special Revenue,274906.00,ca_sco_districts
CA-12110,2021,Employee Benefits_General,16741.00,ca_sco_districts
CA-12110,2021,Services and Supplies_General,45364.00,ca_sco_districts
CA-12110,2022,Employee Benefits_General,21112.00,ca_sco_districts
CA-12110,2022,General and Administrative Expenses_Sewer Enterprise Fund,74250.00,ca_sco_districts
CA-12110,2022,General and Administrative Expenses_Water Enterprise Fund,35230.00,ca_sco_districts
CA-12110,2022,Services and Supplies_General,78066.00,ca_sco_districts
CA-12130,2021,Services and Supplies_General,45815.00,ca_sco_districts
CA-12130,2022,Services and Supplies_General,70794.00,ca_sco_districts
CA-12130,2023,Services and Supplies_General,82900.00,ca_sco_districts
CA-12130,2024,Contributions to Outside Agencies_General,34.00,ca_sco_districts
CA-12130,2024,Services and Supplies_General,74832.00,ca_sco_districts
CA-12135,2021,Capital Outlay_General,36310.00,ca_sco_districts
CA-12135,2021,Debt Service / Interest Payments on Long-Term Debt_General,7577.00,ca_sco_districts
CA-12135,2021,Debt Service / Principal Payments on Long-Term Debt_General,93074.00,ca_sco_districts
CA-12135,2021,Services and Supplies_General,88191.00,ca_sco_districts
CA-12135,2022,Capital Outlay_General,14600.00,ca_sco_districts
CA-12135,2022,Debt Service / Interest Payments on Long-Term Debt_General,2569.00,ca_sco_districts
CA-12135,2022,Debt Service / Principal Payments on Long-Term Debt_General,22383.00,ca_sco_districts
CA-12135,2022,Services and Supplies_General,157982.00,ca_sco_districts
CA-12135,2023,Capital Outlay_General,20797.00,ca_sco_districts
CA-12135,2023,Debt Service / Interest Payments on Long-Term Debt_General,1490.00,ca_sco_districts
CA-12135,2023,Debt Service / Other Principal Payments on Long-Term Debt_General,23547.00,ca_sco_districts
CA-12135,2023,Services and Supplies_General,253513.00,ca_sco_districts
CA-12135,2024,Capital Outlay_General,10171.00,ca_sco_districts
CA-12135,2024,Contributions to Outside Agencies_General,17736.00,ca_sco_districts
CA-12135,2024,Employee Benefits_General,24027.00,ca_sco_districts
CA-12135,2024,Salaries and Wages_General,72265.00,ca_sco_districts
CA-12135,2024,Services and Supplies_General,143982.00,ca_sco_districts
CA-12140,2021,Capital Outlay_General,18876.00,ca_sco_districts
CA-12140,2021,Debt Service / Interest Payments on Long-Term Debt_General,3795.00,ca_sco_districts
CA-12140,2021,Debt Service / Principal Payments on Long-Term Debt_General,152095.00,ca_sco_districts
CA-12140,2021,Employee Benefits_General,1423275.00,ca_sco_districts
CA-12140,2021,Salaries and Wages_General,1516571.00,ca_sco_districts
CA-12140,2021,Services and Supplies_General,730936.00,ca_sco_districts
CA-12140,2022,Capital Outlay_General,70278.00,ca_sco_districts
CA-12140,2022,Debt Service / Interest Payments on Long-Term Debt_General,93353.00,ca_sco_districts
CA-12140,2022,Employee Benefits_General,6433222.00,ca_sco_districts
CA-12140,2022,Salaries and Wages_General,1705276.00,ca_sco_districts
CA-12140,2022,Services and Supplies_General,799793.00,ca_sco_districts
CA-12140,2023,Capital Outlay_General,1058567.00,ca_sco_districts
CA-12140,2023,Debt Service / Interest Payments on Long-Term Debt_General,146134.00,ca_sco_districts
CA-12140,2023,Debt Service / Other Principal Payments on Long-Term Debt_General,361000.00,ca_sco_districts
CA-12140,2023,Employee Benefits_General,1861714.00,ca_sco_districts
CA-12140,2023,Salaries and Wages_General,2284515.00,ca_sco_districts
CA-12140,2023,Services and Supplies_General,870610.00,ca_sco_districts
CA-12140,2024,Capital Outlay_General,937282.00,ca_sco_districts
CA-12140,2024,Debt Service / Interest Payments on Long-Term Debt_General,132276.00,ca_sco_districts
CA-12140,2024,Debt Service / Other Principal Payments on Long-Term Debt_General,366798.00,ca_sco_districts
CA-12140,2024,Employee Benefits_General,1856117.00,ca_sco_districts
CA-12140,2024,Other Expenditures_General,20362.00,ca_sco_districts
CA-12140,2024,Salaries and Wages_General,2714726.00,ca_sco_districts
CA-12140,2024,Services and Supplies_General,808146.00,ca_sco_districts
CA-12195,2021,Employee Benefits_General,3800.00,ca_sco_districts
CA-12195,2021,Services and Supplies_General,44911.00,ca_sco_districts
CA-12195,2022,Employee Benefits_General,5400.00,ca_sco_districts
CA-12195,2022,Services and Supplies_General,30197.00,ca_sco_districts
CA-12195,2023,Employee Benefits_General,4400.00,ca_sco_districts
CA-12195,2023,Services and Supplies_General,20441.00,ca_sco_districts
CA-12195,2024,Salaries and Wages_General,4200.00,ca_sco_districts
CA-12195,2024,Services and Supplies_General,16672.00,ca_sco_districts
CA-13005,2021,Fire_Current Expenditures,2987840.00,ca_sco_cities
CA-13005,2022,Fire_Current Expenditures,3306038.00,ca_sco_cities
CA-13005,2023,Fire_Current Expenditures,3615418.00,ca_sco_cities
CA-13005,2024,Fire_Current Expenditures,3936005.00,ca_sco_cities
CA-13010,2021,Fire_Current Expenditures,4873628.00,ca_sco_cities
CA-13010,2022,Fire_Current Expenditures,5697209.00,ca_sco_cities
CA-13010,2023,Fire_Current Expenditures,6314116.00,ca_sco_cities
CA-13010,2024,Fire_Current Expenditures,6377007.00,ca_sco_cities
CA-13015,2021,Fire_Current Expenditures,369222.00,ca_sco_cities
CA-13015,2022,Fire_Current Expenditures,461923.00,ca_sco_cities
CA-13015,2023,Fire_Current Expenditures,554632.00,ca_sco_cities
CA-13015,2024,Fire_Current Expenditures,483372.00,ca_sco_cities
CA-13020,2021,Fire_Current Expenditures,6690608.00,ca_sco_cities
CA-13020,2022,Fire_Current Expenditures,5631519.00,ca_sco_cities
CA-13020,2023,Fire_Current Expenditures,7943542.00,ca_sco_cities
CA-13020,2024,Fire_Current Expenditures,4394168.00,ca_sco_cities
CA-13030,2021,Fire_Current Expenditures,630520.00,ca_sco_cities
CA-13030,2022,Fire_Current Expenditures,838285.00,ca_sco_cities
CA-13030,2023,Fire_Current Expenditures,754231.00,ca_sco_cities
CA-13030,2024,Fire_Current Expenditures,986406.00,ca_sco_cities
CA-13060,2021,Fire_Current Expenditures,89324.00,ca_sco_cities
CA-13060,2022,Fire_Current Expenditures,100753.00,ca_sco_cities
CA-13060,2023,Fire_Current Expenditures,154948.00,ca_sco_cities
CA-13060,2024,Fire_Current Expenditures,178773.00,ca_sco_cities
CA-14005,2021,Capital Outlay_General,284080.00,ca_sco_districts
CA-14005,2021,Debt Service / Principal and Interest on Short-Term Notes and Warrants_General,37626.00,ca_sco_districts
CA-14005,2021,Employee Benefits_General,27549.00,ca_sco_districts
CA-14005,2021,Salaries and Wages_General,380177.00,ca_sco_districts
CA-14005,2021,Services and Supplies_General,300264.00,ca_sco_districts
CA-14005,2022,Capital Outlay_General,304595.00,ca_sco_districts
CA-14005,2022,Debt Service / Principal and Interest on Short-Term Notes and Warrants_General,44550.00,ca_sco_districts
CA-14005,2022,Employee Benefits_General,14989.00,ca_sco_districts
CA-14005,2022,Salaries and Wages_General,217206.00,ca_sco_districts
CA-14005,2022,Services and Supplies_General,276052.00,ca_sco_districts
CA-14005,2023,Capital Outlay_General,260088.00,ca_sco_districts
CA-14005,2023,Debt Service / Interest Payments on Long-Term Debt_General,4544.00,ca_sco_districts
CA-14005,2023,Debt Service / Other Principal Payments on Long-Term Debt_General,54858.00,ca_sco_districts
CA-14005,2023,Employee Benefits_General,26232.00,ca_sco_districts
CA-14005,2023,Salaries and Wages_General,342906.00,ca_sco_districts
CA-14005,2023,Services and Supplies_General,275698.00,ca_sco_districts
CA-14005,2024,Capital Outlay_General,17024.00,ca_sco_districts
CA-14005,2024,Debt Service / Interest Payments on Long-Term Debt_General,2568.00,ca_sco_districts
CA-14005,2024,Debt Service / Other Principal Payments on Long-Term Debt_General,56834.00,ca_sco_districts
CA-14005,2024,Employee Benefits_General,14477.00,ca_sco_districts
CA-14005,2024,Salaries and Wages_General,204016.00,ca_sco_districts
CA-14005,2024,Services and Supplies_General,273981.00,ca_sco_districts
CA-14015,2021,Fire_Current Expenditures,437623.00,ca_sco_cities
CA-14015,2022,Fire_Current Expenditures,532750.00,ca_sco_cities
CA-14015,2023,Fire_Current Expenditures,606779.00,ca_sco_cities
CA-14015,2024,Fire_Current Expenditures,386512.00,ca_sco_cities
CA-14025,2021,Capital Outlay_General,10000.00,ca_sco_districts
CA-14025,2021,Debt Service / Interest Payments on Long-Term Debt_General,308.00,ca_sco_districts
CA-14025,2021,Debt Service / Principal Payments on Long-Term Debt_General,12425.00,ca_sco_districts
CA-14025,2021,Employee Benefits_General,8626.00,ca_sco_districts
CA-14025,2021,Salaries and Wages_General,74600.00,ca_sco_districts
CA-14025,2021,Services and Supplies_General,134719.00,ca_sco_districts
CA-14025,2022,Capital Outlay_General,213246.00,ca_sco_districts
CA-14025,2022,Debt Service / Interest Payments on Long-Term Debt_General,4763.00,ca_sco_districts
CA-14025,2022,Debt Service / Principal Payments on Long-Term Debt_General,23282.00,ca_sco_districts
CA-14025,2022,Employee Benefits_General,14421.00,ca_sco_districts
CA-14025,2022,Salaries and Wages_General,130565.00,ca_sco_districts
CA-14025,2022,Services and Supplies_General,219709.00,ca_sco_districts
CA-14025,2023,Capital Outlay_General,17508.00,ca_sco_districts
CA-14025,2023,Debt Service / Interest Payments on Long-Term Debt_General,6912.00,ca_sco_districts
CA-14025,2023,Debt Service / Other Principal Payments on Long-Term Debt_General,21133.00,ca_sco_districts
CA-14025,2023,Employee Benefits_General,6901.00,ca_sco_districts
CA-14025,2023,Salaries and Wages_General,84179.00,ca_sco_districts
CA-14025,2023,Services and Supplies_General,185978.00,ca_sco_districts
CA-14025,2024,Capital Outlay_General,26109.00,ca_sco_districts
CA-14025,2024,Debt Service / Interest Payments on Long-Term Debt_General,6237.00,ca_sco_districts
CA-14025,2024,Debt Service / Other Principal Payments on Long-Term Debt_General,21808.00,ca_sco_districts
CA-14025,2024,Employee Benefits_General,8454.00,ca_sco_districts
CA-14025,2024,Salaries and Wages_General,110507.00,ca_sco_districts
CA-14025,2024,Services and Supplies_General,236031.00,ca_sco_districts
CA-14035,2021,Capital Outlay_General,251218.00,ca_sco_districts
CA-14035,2021,Debt Service / Interest Payments on Long-Term Debt_General,16003.00,ca_sco_districts
CA-14035,2021,Debt Service / Principal Payments on Long-Term Debt_General,76613.00,ca_sco_districts
CA-14035,2021,Employee Benefits_General,10859.00,ca_sco_districts
CA-14035,2021,Salaries and Wages_General,124742.00,ca_sco_districts
CA-14035,2021,Services and Supplies_General,306923.00,ca_sco_districts
CA-14035,2022,Capital Outlay_General,212981.00,ca_sco_districts
CA-14035,2022,Debt Service / Interest Payments on Long-Term Debt_General,15107.00,ca_sco_districts
CA-14035,2022,Debt Service / Principal Payments on Long-Term Debt_General,77510.00,ca_sco_districts
CA-14035,2022,Employee Benefits_General,13499.00,ca_sco_districts
CA-14035,2022,Salaries and Wages_General,159202.00,ca_sco_districts
CA-14035,2022,Services and Supplies_General,274654.00,ca_sco_districts
CA-14035,2023,Debt Service / Interest Payments on Long-Term Debt_General,15397.00,ca_sco_districts
CA-14035,2023,Debt Service / Other Principal Payments on Long-Term Debt_General,103916.00,ca_sco_districts
CA-14035,2023,Employee Benefits_General,20953.00,ca_sco_districts
CA-14035,2023,Salaries and Wages_General,185798.00,ca_sco_districts
CA-14035,2023,Services and Supplies_General,217989.00,ca_sco_districts
CA-14035,2024,Capital Outlay_General,200000.00,ca_sco_districts
CA-14035,2024,Debt Service / Interest Payments on Long-Term Debt_General,7745.00,ca_sco_districts
CA-14035,2024,Debt Service / Other Principal Payments on Long-Term Debt_General,58175.00,ca_sco_districts
CA-14035,2024,Employee Benefits_General,14384.00,ca_sco_districts
CA-14035,2024,Salaries and Wages_General,165735.00,ca_sco_districts
CA-14035,2024,Services and Supplies_General,407391.00,ca_sco_districts
CA-14042,2021,Debt Service / Interest Payments on Long-Term Debt_General,355.00,ca_sco_districts
CA-14042,2021,Debt Service / Principal Payments on Long-Term Debt_General,4997.00,ca_sco_districts
CA-14042,2021,Employee Benefits_General,2549.00,ca_sco_districts
CA-14042,2021,Salaries and Wages_General,33318.00,ca_sco_districts
CA-14042,2021,Services and Supplies_General,45712.00,ca_sco_districts
CA-14042,2022,Debt Service / Interest Payments on Long-Term Debt_General,228.00,ca_sco_districts
CA-14042,2022,Debt Service / Principal Payments on Long-Term Debt_General,5123.00,ca_sco_districts
CA-14042,2022,Employee Benefits_General,2295.00,ca_sco_districts
CA-14042,2022,Salaries and Wages_General,29999.00,ca_sco_districts
CA-14042,2022,Services and Supplies_General,43260.00,ca_sco_districts
CA-14042,2023,Debt Service / Other Principal Payments on Long-Term Debt_General,5252.00,ca_sco_districts
CA-14042,2023,Employee Benefits_General,3151.00,ca_sco_districts
CA-14042,2023,Salaries and Wages_General,41182.00,ca_sco_districts
CA-14042,2023,Services and Supplies_General,90428.00,ca_sco_districts
CA-14042,2024,Employee Benefits_General,2314.00,ca_sco_districts
CA-14042,2024,Salaries and Wages_General,30245.00,ca_sco_districts
CA-14042,2024,Services and Supplies_General,56091.00,ca_sco_districts
CA-15005,2021,Fire_Current Expenditures,49371818.00,ca_sco_cities
CA-15005,2022,Fire_Current Expenditures,53004810.00,ca_sco_cities
CA-15005,2023,Fire_Current Expenditures,56753929.00,ca_sco_cities
CA-15005,2024,Fire_Current Expenditures,60751508.00,ca_sco_cities
CA-15040,2021,Fire_Current Expenditures,744970.00,ca_sco_cities
CA-15040,2022,Fire_Current Expenditures,723559.00,ca_sco_cities
CA-15040,2023,Fire_Current Expenditures,897883.00,ca_sco_cities
CA-15040,2024,Fire_Current Expenditures,1228286.00,ca_sco_cities
CA-15065,2021,Fire_Current Expenditures,3146092.00,ca_sco_cities
CA-15065,2022,Fire_Current Expenditures,3122973.00,ca_sco_cities
CA-15065,2023,Fire_Current Expenditures,3354433.00,ca_sco_cities
CA-15065,2024,Fire_Current Expenditures,3543365.00,ca_sco_cities
CA-16010,2021,Fire_Current Expenditures,6668428.00,ca_sco_cities
CA-16010,2022,Fire_Current Expenditures,14812973.00,ca_sco_cities
CA-16010,2023,Fire_Current Expenditures,7413375.00,ca_sco_cities
CA-16010,2024,Fire_Current Expenditures,7353805.00,ca_sco_cities
CA-16020,2021,Fire_Current Expenditures,623025.00,ca_sco_cities
CA-16020,2022,Fire_Current Expenditures,585856.00,ca_sco_cities
CA-16020,2023,Fire_Current Expenditures,2370276.00,ca_sco_cities
CA-16020,2024,Fire_Current Expenditures,823723.00,ca_sco_cities
CA-17005,2021,Capital Outlay_General,254175.00,ca_sco_districts
CA-17005,2021,Debt Service / Interest Payments on Long-Term Debt_General,3713.00,ca_sco_districts
CA-17005,2021,Debt Service / Principal Payments on Long-Term Debt_General,182546.00,ca_sco_districts
CA-17005,2021,Employee Benefits_General,1383430.00,ca_sco_districts
CA-17005,2021,Salaries and Wages_General,1859557.00,ca_sco_districts
CA-17005,2021,Services and Supplies_General,1527937.00,ca_sco_districts
CA-17005,2022,Capital Outlay_General,1113248.00,ca_sco_districts
CA-17005,2022,Debt Service / Interest Payments on Long-Term Debt_General,10627.00,ca_sco_districts
CA-17005,2022,Debt Service / Principal Payments on Long-Term Debt_General,32702.00,ca_sco_districts
CA-17005,2022,Employee Benefits_General,1501556.00,ca_sco_districts
CA-17005,2022,Salaries and Wages_General,1958748.00,ca_sco_districts
CA-17005,2022,Services and Supplies_General,1280764.00,ca_sco_districts
CA-17005,2023,Capital Outlay_General,582222.00,ca_sco_districts
CA-17005,2023,Debt Service / Interest Payments on Long-Term Debt_General,160630.00,ca_sco_districts
CA-17005,2023,Debt Service / Other Principal Payments on Long-Term Debt_General,298741.00,ca_sco_districts
CA-17005,2023,Employee Benefits_General,1169700.00,ca_sco_districts
CA-17005,2023,Salaries and Wages_General,2023888.00,ca_sco_districts
CA-17005,2023,Services and Supplies_General,1641534.00,ca_sco_districts
CA-17005,2024,Capital Outlay_General,844671.00,ca_sco_districts
CA-17005,2024,Debt Service / Interest Payments on Long-Term Debt_General,144192.00,ca_sco_districts
CA-17005,2024,Debt Service / Other Principal Payments on Long-Term Debt_General,236329.00,ca_sco_districts
CA-17005,2024,Employee Benefits_General,1324890.00,ca_sco_districts
CA-17005,2024,Other Expenditures_Special Revenue,41281.00,ca_sco_districts
CA-17005,2024,Salaries and Wages_General,2091980.00,ca_sco_districts
CA-17005,2024,Services and Supplies_General,1859096.00,ca_sco_districts
CA-17020,2021,Capital Outlay_General,348123.00,ca_sco_districts
CA-17020,2021,Debt Service / Interest Payments on Long-Term Debt_General,38950.00,ca_sco_districts
CA-17020,2021,Debt Service / Principal Payments on Long-Term Debt_General,329836.00,ca_sco_districts
CA-17020,2021,Employee Benefits_General,1245764.00,ca_sco_districts
CA-17020,2021,Salaries and Wages_General,1364440.00,ca_sco_districts
CA-17020,2021,Services and Supplies_General,845288.00,ca_sco_districts
CA-17020,2022,Capital Outlay_General,360410.00,ca_sco_districts
CA-17020,2022,Debt Service / Interest Payments on Long-Term Debt_General,40754.00,ca_sco_districts
CA-17020,2022,Debt Service / Principal Payments on Long-Term Debt_General,250996.00,ca_sco_districts
CA-17020,2022,Employee Benefits_General,1087862.00,ca_sco_districts
CA-17020,2022,Salaries and Wages_General,1302294.00,ca_sco_districts
CA-17020,2022,Services and Supplies_General,920578.00,ca_sco_districts
CA-17020,2023,Capital Outlay_General,282127.00,ca_sco_districts
CA-17020,2023,Debt Service / Interest Payments on Long-Term Debt_General,41278.00,ca_sco_districts
CA-17020,2023,Debt Service / Other Principal Payments on Long-Term Debt_General,474735.00,ca_sco_districts
CA-17020,2023,Employee Benefits_General,1032121.00,ca_sco_districts
CA-17020,2023,Salaries and Wages_General,1575516.00,ca_sco_districts
CA-17020,2023,Services and Supplies_General,1046787.00,ca_sco_districts
CA-17020,2024,Capital Outlay_General,785052.00,ca_sco_districts
CA-17020,2024,Debt Service / Interest Payments on Long-Term Debt_General,40112.00,ca_sco_districts
CA-17020,2024,Debt Service / Other Principal Payments on Long-Term Debt_General,175568.00,ca_sco_districts
CA-17020,2024,Employee Benefits_General,1079267.00,ca_sco_districts
CA-17020,2024,Salaries and Wages_General,1549887.00,ca_sco_districts
CA-17020,2024,Services and Supplies_General,1088744.00,ca_sco_districts
CA-17025,2021,Capital Outlay_General,412609.00,ca_sco_districts
CA-17025,2021,Debt Service / Interest Payments on Long-Term Debt_General,4040.00,ca_sco_districts
CA-17025,2021,Debt Service / Principal Payments on Long-Term Debt_General,42443.00,ca_sco_districts
CA-17025,2021,Employee Benefits_General,980284.00,ca_sco_districts
CA-17025,2021,Salaries and Wages_General,942588.00,ca_sco_districts
CA-17025,2021,Services and Supplies_General,708871.00,ca_sco_districts
CA-17025,2022,Capital Outlay_General,556495.00,ca_sco_districts
CA-17025,2022,Debt Service / Interest Payments on Long-Term Debt_General,16709.00,ca_sco_districts
CA-17025,2022,Debt Service / Principal Payments on Long-Term Debt_General,88803.00,ca_sco_districts
CA-17025,2022,Employee Benefits_General,929024.00,ca_sco_districts
CA-17025,2022,Salaries and Wages_General,1117029.00,ca_sco_districts
CA-17025,2022,Services and Supplies_General,739957.00,ca_sco_districts
CA-17025,2023,Capital Outlay_General,151298.00,ca_sco_districts
CA-17025,2023,Debt Service / Interest Payments on Long-Term Debt_General,13684.00,ca_sco_districts
CA-17025,2023,Debt Service / Other Principal Payments on Long-Term Debt_General,77867.00,ca_sco_districts
CA-17025,2023,Employee Benefits_General,928352.00,ca_sco_districts
CA-17025,2023,Salaries and Wages_General,1253182.00,ca_sco_districts
CA-17025,2023,Services and Supplies_General,870420.00,ca_sco_districts
CA-17025,2024,Capital Outlay_General,509608.00,ca_sco_districts
CA-17025,2024,Debt Service / Interest Payments on Long-Term Debt_General,11784.00,ca_sco_districts
CA-17025,2024,Debt Service / Other Principal Payments on Long-Term Debt_General,48929.00,ca_sco_districts
CA-17025,2024,Employee Benefits_General,985867.00,ca_sco_districts
CA-17025,2024,Salaries and Wages_General,1431173.00,ca_sco_districts
CA-17025,2024,Services and Supplies_General,1090408.00,ca_sco_districts
CA-17055,2021,Capital Outlay_General,741368.00,ca_sco_districts
CA-17055,2021,Employee Benefits_General,923103.00,ca_sco_districts
CA-17055,2021,Salaries and Wages_General,1531677.00,ca_sco_districts
CA-17055,2021,Services and Supplies_General,1433786.00,ca_sco_districts
CA-17055,2022,Capital Outlay_General,518113.00,ca_sco_districts
CA-17055,2022,Debt Service / Interest Payments on Long-Term Debt_General,9121.00,ca_sco_districts
CA-17055,2022,Debt Service / Principal Payments on Long-Term Debt_General,12332.00,ca_sco_districts
CA-17055,2022,Employee Benefits_General,812169.00,ca_sco_districts
CA-17055,2022,Salaries and Wages_General,1462625.00,ca_sco_districts
CA-17055,2022,Services and Supplies_General,1559905.00,ca_sco_districts
CA-17055,2023,Capital Outlay_General,409214.00,ca_sco_districts
CA-17055,2023,Debt Service / Interest Payments on Long-Term Debt_General,5216.00,ca_sco_districts
CA-17055,2023,Debt Service / Other Principal Payments on Long-Term Debt_General,22245.00,ca_sco_districts
CA-17055,2023,Employee Benefits_General,1128746.00,ca_sco_districts
CA-17055,2023,Salaries and Wages_General,1876685.00,ca_sco_districts
CA-17055,2023,Services and Supplies_General,2139033.00,ca_sco_districts
CA-17055,2024,Capital Outlay_General,810900.00,ca_sco_districts
CA-17055,2024,Debt Service / Interest Payments on Long-Term Debt_General,4706.00,ca_sco_districts
CA-17055,2024,Debt Service / Other Principal Payments on Long-Term Debt_General,16747.00,ca_sco_districts
CA-17055,2024,Employee Benefits_General,1019744.00,ca_sco_districts
CA-17055,2024,Salaries and Wages_General,2191607.00,ca_sco_districts
CA-17055,2024,Services and Supplies_General,2033244.00,ca_sco_districts
CA-17060,2021,Services and Supplies_General,29849.00,ca_sco_districts
CA-17060,2022,Services and Supplies_General,18451.00,ca_sco_districts
CA-17060,2023,Services and Supplies_General,18451.00,ca_sco_districts
CA-17060,2024,Services and Supplies_General,25592.00,ca_sco_districts
CA-18010,2021,Capital Outlay_General,3250.00,ca_sco_districts
CA-18010,2021,Salaries and Wages_General,3230.00,ca_sco_districts
CA-18010,2021,Services and Supplies_General,29892.00,ca_sco_districts
CA-18010,2022,Capital Outlay_General,29563.00,ca_sco_districts
CA-18010,2022,Salaries and Wages_General,3230.00,ca_sco_districts
CA-18010,2022,Services and Supplies_General,53646.00,ca_sco_districts
CA-18010,2023,Salaries and Wages_General,3229.00,ca_sco_districts
CA-18010,2023,Services and Supplies_General,38309.00,ca_sco_districts
CA-18010,2024,Other Expenditures_General,5754.00,ca_sco_districts
CA-18010,2024,Salaries and Wages_General,3229.00,ca_sco_districts
CA-18010,2024,Services and Supplies_General,51289.00,ca_sco_districts
CA-18015,2021,Services and Supplies_General,35551.00,ca_sco_districts
CA-18015,2022,Services and Supplies_General,24716.00,ca_sco_districts
CA-18015,2023,Services and Supplies_General,55212.00,ca_sco_districts
CA-18015,2024,Services and Supplies_General,111280.00,ca_sco_districts
CA-18025,2021,Services and Supplies_General,11101.00,ca_sco_districts
CA-18025,2022,Services and Supplies_General,6172.00,ca_sco_districts
CA-18025,2023,Services and Supplies_General,11575.00,ca_sco_districts
CA-18025,2024,Services and Supplies_General,8644.00,ca_sco_districts
CA-18030,2021,Debt Service / Interest Payments on Long-Term Debt_General,2532.00,ca_sco_districts
CA-18030,2021,Debt Service / Principal Payments on Long-Term Debt_General,36614.00,ca_sco_districts
CA-18030,2021,Salaries and Wages_General,834.00,ca_sco_districts
CA-18030,2021,Services and Supplies_General,130277.00,ca_sco_districts
CA-18030,2022,Capital Outlay_General,872.00,ca_sco_districts
CA-18030,2022,Debt Service / Interest Payments on Long-Term Debt_General,1288.00,ca_sco_districts
CA-18030,2022,Debt Service / Principal Payments on Long-Term Debt_General,37895.00,ca_sco_districts
CA-18030,2022,Salaries and Wages_General,234.00,ca_sco_districts
CA-18030,2022,Services and Supplies_General,102914.00,ca_sco_districts
CA-18030,2023,Capital Outlay_General,32553.00,ca_sco_districts
CA-18030,2023,Salaries and Wages_General,790.00,ca_sco_districts
CA-18030,2023,Services and Supplies_General,73882.00,ca_sco_districts
CA-18030,2024,Services and Supplies_General,65624.00,ca_sco_districts
CA-18035,2021,Fire_Current Expenditures,1691723.00,ca_sco_cities
CA-18035,2022,Fire_Current Expenditures,1808513.00,ca_sco_cities
CA-18035,2023,Fire_Current Expenditures,1420557.00,ca_sco_cities
CA-18035,2024,Fire_Current Expenditures,1467114.00,ca_sco_cities
CA-18040,2021,Capital Outlay_General,324920.00,ca_sco_districts
CA-18040,2021,Salaries and Wages_General,69654.00,ca_sco_districts
CA-18040,2021,Services and Supplies_General,76013.00,ca_sco_districts
CA-18040,2022,Capital Outlay_General,65215.00,ca_sco_districts
CA-18040,2022,Salaries and Wages_General,60801.00,ca_sco_districts
CA-18040,2022,Services and Supplies_General,101689.00,ca_sco_districts
CA-18040,2023,Capital Outlay_General,21001.00,ca_sco_districts
CA-18040,2023,Employee Benefits_General,37628.00,ca_sco_districts
CA-18040,2023,Other Expenditures_General,18121.00,ca_sco_districts
CA-18040,2023,Salaries and Wages_General,39955.00,ca_sco_districts
CA-18040,2023,Services and Supplies_General,104003.00,ca_sco_districts
CA-18040,2024,Employee Benefits_General,14964.00,ca_sco_districts
CA-18040,2024,Other Expenditures_General,779.00,ca_sco_districts
CA-18040,2024,Salaries and Wages_General,35012.00,ca_sco_districts
CA-18040,2024,Services and Supplies_General,116230.00,ca_sco_districts
CA-18070,2021,Services and Supplies_General,193715.00,ca_sco_districts
CA-18070,2022,Other Expenditures_General,81087.00,ca_sco_districts
CA-18070,2022,Services and Supplies_General,148335.00,ca_sco_districts
CA-18070,2023,Services and Supplies_General,99267.00,ca_sco_districts
CA-18070,2024,Services and Supplies_General,56939.00,ca_sco_districts
CA-18075,2021,Other Expenditures_General,3000.00,ca_sco_districts
CA-18075,2021,Services and Supplies_General,99409.00,ca_sco_districts
CA-18075,2022,Services and Supplies_General,177805.00,ca_sco_districts
CA-18075,2023,Services and Supplies_General,83825.00,ca_sco_districts
CA-18075,2024,Services and Supplies_General,78337.00,ca_sco_districts
CA-19005,2021,Fire_Current Expenditures,19468952.00,ca_sco_cities
CA-19005,2022,Fire_Current Expenditures,19682772.00,ca_sco_cities
CA-19005,2023,Fire_Current Expenditures,21268856.00,ca_sco_cities
CA-19005,2024,Fire_Current Expenditures,22477332.00,ca_sco_cities
CA-19010,2021,Fire_Current Expenditures,13861955.00,ca_sco_cities
CA-19010,2022,Fire_Current Expenditures,13266935.00,ca_sco_cities
CA-19010,2023,Fire_Current Expenditures,16545323.00,ca_sco_cities
CA-19010,2024,Fire_Current Expenditures,15439629.00,ca_sco_cities
CA-19015,2021,Fire_Current Expenditures,2381947.00,ca_sco_cities
CA-19015,2022,Fire_Current Expenditures,2424079.00,ca_sco_cities
CA-19015,2023,Fire_Current Expenditures,2579866.00,ca_sco_cities
CA-19015,2024,Fire_Current Expenditures,2878682.00,ca_sco_cities
CA-19025,2021,Fire_Current Expenditures,22386288.00,ca_sco_cities
CA-19025,2022,Fire_Current Expenditures,24155360.00,ca_sco_cities
CA-19025,2023,Fire_Current Expenditures,26917615.00,ca_sco_cities
CA-19025,2024,Fire_Current Expenditures,26798190.00,ca_sco_cities
CA-19030,2021,Fire_Current Expenditures,27006930.00,ca_sco_cities
CA-19030,2022,Fire_Current Expenditures,26199116.00,ca_sco_cities
CA-19030,2023,Fire_Current Expenditures,29965251.00,ca_sco_cities
CA-19030,2024,Fire_Current Expenditures,36626922.00,ca_sco_cities
CA-19040,2021,Fire_Current Expenditures,14680951.00,ca_sco_cities
CA-19040,2022,Fire_Current Expenditures,17787500.00,ca_sco_cities
CA-19040,2023,Fire_Current Expenditures,19182218.00,ca_sco_cities
CA-19040,2024,Fire_Current Expenditures,20217563.00,ca_sco_cities
CA-19050,2021,Fire_Current Expenditures,18340125.00,ca_sco_cities
CA-19050,2022,Fire_Current Expenditures,20777374.00,ca_sco_cities
CA-19050,2023,Fire_Current Expenditures,23356062.00,ca_sco_cities
CA-19050,2024,Fire_Current Expenditures,23185883.00,ca_sco_cities
CA-19055,2021,Fire_Current Expenditures,22228784.00,ca_sco_cities
CA-19055,2022,Fire_Current Expenditures,20472502.00,ca_sco_cities
CA-19055,2023,Fire_Current Expenditures,24374699.00,ca_sco_cities
CA-19055,2024,Fire_Current Expenditures,27028724.00,ca_sco_cities
CA-19065,2021,Fire_Current Expenditures,63789801.00,ca_sco_cities
CA-19065,2022,Fire_Current Expenditures,12495044.00,ca_sco_cities
CA-19065,2023,Fire_Current Expenditures,11309331.00,ca_sco_cities
CA-19065,2024,Fire_Current Expenditures,11794040.00,ca_sco_cities
CA-19075,2021,Fire_Current Expenditures,58385192.00,ca_sco_cities
CA-19075,2022,Fire_Current Expenditures,62555150.00,ca_sco_cities
CA-19075,2023,Fire_Current Expenditures,68738175.00,ca_sco_cities
CA-19075,2024,Fire_Current Expenditures,73210415.00,ca_sco_cities
CA-19085,2021,Fire_Current Expenditures,6380649.00,ca_sco_cities
CA-19085,2022,Fire_Current Expenditures,6933882.00,ca_sco_cities
CA-19085,2023,Fire_Current Expenditures,7240286.00,ca_sco_cities
CA-19085,2024,Fire_Current Expenditures,7696665.00,ca_sco_cities
CA-19095,2021,Fire_Current Expenditures,3556056.00,ca_sco_cities
CA-19095,2022,Fire_Current Expenditures,4949122.00,ca_sco_cities
CA-19095,2023,Fire_Current Expenditures,2756128.00,ca_sco_cities
CA-19095,2024,Fire_Current Expenditures,3297628.00,ca_sco_cities
CA-19100,2021,Fire_Current Expenditures,99047000.00,ca_sco_cities
CA-19100,2022,Fire_Current Expenditures,94940000.00,ca_sco_cities
CA-19100,2023,Fire_Current Expenditures,93885000.00,ca_sco_cities
CA-19100,2024,Fire_Current Expenditures,113527000.00,ca_sco_cities
CA-19105,2021,Fire_Current Expenditures,783418452.00,ca_sco_cities
CA-19105,2022,Fire_Current Expenditures,788225282.00,ca_sco_cities
CA-19105,2023,Fire_Current Expenditures,785291185.00,ca_sco_cities
CA-19105,2024,Fire_Current Expenditures,846784379.00,ca_sco_cities
CA-19110,2021,Capital Outlay_Special Revenue,3683982.00,ca_sco_districts
CA-19110,2021,Debt Service / Other Debt Service_Special Revenue,4289397.00,ca_sco_districts
CA-19110,2021,Debt Service / Principal and Interest on Short-Term Notes and Warrants_Special Revenue,600440.00,ca_sco_districts
CA-19110,2021,Employee Benefits_Special Revenue,406297135.00,ca_sco_districts
CA-19110,2021,Other Expenditures_Special Revenue,14645783.00,ca_sco_districts
CA-19110,2021,Salaries and Wages_Special Revenue,778371077.00,ca_sco_districts
CA-19110,2021,Services and Supplies_Special Revenue,126824114.00,ca_sco_districts
CA-19110,2022,Capital Outlay_Special Revenue,15962752.00,ca_sco_districts
CA-19110,2022,Debt Service / Other Debt Service_Special Revenue,1052737.00,ca_sco_districts
CA-19110,2022,Debt Service / Principal and Interest on Short-Term Notes and Warrants_Special Revenue,8715050.00,ca_sco_districts
CA-19110,2022,Employee Benefits_Special Revenue,451600628.00,ca_sco_districts
CA-19110,2022,Other Expenditures_Special Revenue,8611122.00,ca_sco_districts
CA-19110,2022,Salaries and Wages_Special Revenue,792259569.00,ca_sco_districts
CA-19110,2022,Services and Supplies_Special Revenue,164609249.00,ca_sco_districts
CA-19110,2023,Capital Outlay_Special Revenue,29578432.00,ca_sco_districts
CA-19110,2023,Debt Service / Other Debt Service_Special Revenue,1077642.00,ca_sco_districts
CA-19110,2023,Debt Service / Principal and Interest on Short-Term Notes and Warrants_Special Revenue,7646600.00,ca_sco_districts
CA-19110,2023,Employee Benefits_Special Revenue,478074052.00,ca_sco_districts
CA-19110,2023,Other Expenditures_Special Revenue,15225440.00,ca_sco_districts
CA-19110,2023,Salaries and Wages_Special Revenue,808012582.00,ca_sco_districts
CA-19110,2023,Services and Supplies_Special Revenue,170168203.00,ca_sco_districts
CA-19110,2024,Capital Outlay_Special Revenue,9059692.00,ca_sco_districts
CA-19110,2024,Debt Service / Other Debt Service_Special Revenue,903225.00,ca_sco_districts
CA-19110,2024,Debt Service / Principal and Interest on Short-Term Notes and Warrants_Special Revenue,7548609.00,ca_sco_districts
CA-19110,2024,Employee Benefits_Special Revenue,514691246.00,ca_sco_districts
CA-19110,2024,Other Expenditures_Special Revenue,4215766.00,ca_sco_districts
CA-19110,2024,Salaries and Wages_Special Revenue,832813681.00,ca_sco_districts
CA-19110,2024,Services and Supplies_Special Revenue,171027796.00,ca_sco_districts
CA-19120,2021,Fire_Current Expenditures,31648840.00,ca_sco_cities
CA-19120,2022,Fire_Current Expenditures,11911237.00,ca_sco_cities
CA-19120,2023,Fire_Current Expenditures,11571841.00,ca_sco_cities
CA-19120,2024,Fire_Current Expenditures,13377086.00,ca_sco_cities
CA-19125,2021,Fire_Current Expenditures,12150925.00,ca_sco_cities
CA-19125,2022,Fire_Current Expenditures,13337791.00,ca_sco_cities
CA-19125,2023,Fire_Current Expenditures,11526665.00,ca_sco_cities
CA-19125,2024,Fire_Current Expenditures,14551865.00,ca_sco_cities
CA-19130,2021,Fire_Current Expenditures,14855561.00,ca_sco_cities
CA-19130,2022,Fire_Current Expenditures,15678409.00,ca_sco_cities
CA-19130,2023,Fire_Current Expenditures,17607262.00,ca_sco_cities
CA-19130,2024,Fire_Current Expenditures,20469991.00,ca_sco_cities
CA-19135,2021,Fire_Current Expenditures,1665639.00,ca_sco_cities
CA-19135,2022,Fire_Current Expenditures,1523382.00,ca_sco_cities
CA-19135,2023,Fire_Current Expenditures,1773783.00,ca_sco_cities
CA-19135,2024,Fire_Current Expenditures,2476964.00,ca_sco_cities
CA-19145,2021,Fire_Current Expenditures,51021479.00,ca_sco_cities
CA-19145,2022,Fire_Current Expenditures,54513014.00,ca_sco_cities
CA-19145,2023,Fire_Current Expenditures,60541626.00,ca_sco_cities
CA-19145,2024,Fire_Current Expenditures,64850233.00,ca_sco_cities
CA-19155,2021,Fire_Current Expenditures,12947190.00,ca_sco_cities
CA-19155,2022,Fire_Current Expenditures,11223459.00,ca_sco_cities
CA-19155,2023,Fire_Current Expenditures,11667451.00,ca_sco_cities
CA-19155,2024,Fire_Current Expenditures,13386241.00,ca_sco_cities
CA-19165,2021,Fire_Current Expenditures,9416805.00,ca_sco_cities
CA-19165,2022,Fire_Current Expenditures,12835757.00,ca_sco_cities
CA-19165,2023,Fire_Current Expenditures,12249408.00,ca_sco_cities
CA-19165,2024,Fire_Current Expenditures,13048050.00,ca_sco_cities
CA-19170,2021,Fire_Current Expenditures,6329329.00,ca_sco_cities
CA-19170,2022,Fire_Current Expenditures,6519937.00,ca_sco_cities
CA-19170,2023,Fire_Current Expenditures,7070849.00,ca_sco_cities
CA-19170,2024,Fire_Current Expenditures,7473181.00,ca_sco_cities
CA-19175,2021,Fire_Current Expenditures,15031453.00,ca_sco_cities
CA-19175,2022,Fire_Current Expenditures,16464090.00,ca_sco_cities
CA-19175,2023,Fire_Current Expenditures,16487405.00,ca_sco_cities
CA-19175,2024,Fire_Current Expenditures,18175313.00,ca_sco_cities
CA-19180,2021,Fire_Current Expenditures,45721787.00,ca_sco_cities
CA-19180,2022,Fire_Current Expenditures,50171401.00,ca_sco_cities
CA-19180,2023,Fire_Current Expenditures,62122299.00,ca_sco_cities
CA-19180,2024,Fire_Current Expenditures,58974354.00,ca_sco_cities
CA-19185,2021,Fire_Current Expenditures,3059592.00,ca_sco_cities
CA-19185,2022,Fire_Current Expenditures,6024577.00,ca_sco_cities
CA-19185,2023,Fire_Current Expenditures,2815652.00,ca_sco_cities
CA-19185,2024,Fire_Current Expenditures,3463148.00,ca_sco_cities
CA-19195,2021,Fire_Current Expenditures,6347683.00,ca_sco_cities
CA-19195,2022,Fire_Current Expenditures,7759636.00,ca_sco_cities
CA-19195,2023,Fire_Current Expenditures,7365872.00,ca_sco_cities
CA-19195,2024,Fire_Current Expenditures,6796915.00,ca_sco_cities
CA-19200,2021,Fire_Current Expenditures,98781726.00,ca_sco_cities
CA-19200,2022,Fire_Current Expenditures,32968192.00,ca_sco_cities
CA-19200,2023,Fire_Current Expenditures,38504439.00,ca_sco_cities
CA-19200,2024,Fire_Current Expenditures,43298551.00,ca_sco_cities
CA-19205,2021,Fire_Current Expenditures,20056394.00,ca_sco_cities
CA-19205,2022,Fire_Current Expenditures,21298518.00,ca_sco_cities
CA-19205,2023,Fire_Current Expenditures,19544436.00,ca_sco_cities
CA-19205,2024,Fire_Current Expenditures,21589490.00,ca_sco_cities
CA-19210,2021,Fire_Current Expenditures,22553435.00,ca_sco_cities
CA-19210,2022,Fire_Current Expenditures,20639192.00,ca_sco_cities
CA-19210,2023,Fire_Current Expenditures,21432873.00,ca_sco_cities
CA-19210,2024,Fire_Current Expenditures,22491855.00,ca_sco_cities
CA-19225,2021,Fire_Current Expenditures,1233161.00,ca_sco_cities
CA-19225,2022,Fire_Current Expenditures,1169795.00,ca_sco_cities
CA-19225,2023,Fire_Current Expenditures,1180783.00,ca_sco_cities
CA-19225,2024,Fire_Current Expenditures,1130593.00,ca_sco_cities
CA-20005,2021,Fire_Current Expenditures,477040.00,ca_sco_cities
CA-20005,2022,Fire_Current Expenditures,1182499.00,ca_sco_cities
CA-20005,2023,Fire_Current Expenditures,1661621.00,ca_sco_cities
CA-20005,2024,Fire_Current Expenditures,680952.00,ca_sco_cities
CA-20010,2021,Fire_Current Expenditures,5352109.00,ca_sco_cities
CA-20010,2022,Fire_Current Expenditures,5419440.00,ca_sco_cities
CA-20010,2023,Fire_Current Expenditures,4665729.00,ca_sco_cities
CA-20010,2024,Fire_Current Expenditures,8790790.00,ca_sco_cities
CA-21010,2021,Debt Service / Interest Payments on Long-Term Debt_Debt Service,59718.00,ca_sco_districts
CA-21010,2021,Debt Service / Principal Payments on Long-Term Debt_Debt Service,40000.00,ca_sco_districts
CA-21010,2021,Debt Service / Principal Payments on Long-Term Debt_General,11812.00,ca_sco_districts
CA-21010,2021,Employee Benefits_General,110861.00,ca_sco_districts
CA-21010,2021,Salaries and Wages_General,342632.00,ca_sco_districts
CA-21010,2021,Services and Supplies_Debt Service,3432.00,ca_sco_districts
CA-21010,2021,Services and Supplies_General,256894.00,ca_sco_districts
CA-21010,2022,Capital Outlay_General,131987.00,ca_sco_districts
CA-21010,2022,Debt Service / Interest Payments on Long-Term Debt_Debt Service,58519.00,ca_sco_districts
CA-21010,2022,Debt Service / Principal Payments on Long-Term Debt_Debt Service,35000.00,ca_sco_districts
CA-21010,2022,Debt Service / Principal Payments on Long-Term Debt_General,11812.00,ca_sco_districts
CA-21010,2022,Employee Benefits_General,110436.00,ca_sco_districts
CA-21010,2022,Salaries and Wages_General,361758.00,ca_sco_districts
CA-21010,2022,Services and Supplies_Debt Service,13414.00,ca_sco_districts
CA-21010,2022,Services and Supplies_General,250170.00,ca_sco_districts
CA-21010,2023,Capital Outlay_General,42452.00,ca_sco_districts
CA-21010,2023,Debt Service / Interest Payments on Long-Term Debt_Debt Service,57609.00,ca_sco_districts
CA-21010,2023,Debt Service / Other Principal Payments on Long-Term Debt_Debt Service,35000.00,ca_sco_districts
CA-21010,2023,Debt Service / Other Principal Payments on Long-Term Debt_General,19433.00,ca_sco_districts
CA-21010,2023,Employee Benefits_General,152414.00,ca_sco_districts
CA-21010,2023,Salaries and Wages_General,454336.00,ca_sco_districts
CA-21010,2023,Services and Supplies_Debt Service,13408.00,ca_sco_districts
CA-21010,2023,Services and Supplies_General,280320.00,ca_sco_districts
CA-21010,2024,Capital Outlay_General,83838.00,ca_sco_districts
CA-21010,2024,Debt Service / Interest Payments on Long-Term Debt_Debt Service,56611.00,ca_sco_districts
CA-21010,2024,Debt Service / Other Principal Payments on Long-Term Debt_Debt Service,35000.00,ca_sco_districts
CA-21010,2024,Employee Benefits_General,167945.00,ca_sco_districts
CA-21010,2024,Salaries and Wages_General,549744.00,ca_sco_districts
CA-21010,2024,Services and Supplies_Debt Service,13527.00,ca_sco_districts
CA-21010,2024,Services and Supplies_General,299694.00,ca_sco_districts
CA-21030,2021,Capital Outlay_General,48192.00,ca_sco_districts
CA-21030,2021,Debt Service / Interest Payments on Long-Term Debt_General,32107.00,ca_sco_districts
CA-21030,2021,Debt Service / Principal Payments on Long-Term Debt_General,283923.00,ca_sco_districts
CA-21030,2021,Employee Benefits_General,2317088.00,ca_sco_districts
CA-21030,2021,Salaries and Wages_General,2777691.00,ca_sco_districts
CA-21030,2021,Services and Supplies_General,526278.00,ca_sco_districts
CA-21030,2022,Capital Outlay_General,218018.00,ca_sco_districts
CA-21030,2022,Debt Service / Interest Payments on Long-Term Debt_General,22596.00,ca_sco_districts
CA-21030,2022,"Debt Service / Lease Financing, Principal Payments_General",286865.00,ca_sco_districts
CA-21030,2022,Employee Benefits_General,2274666.00,ca_sco_districts
CA-21030,2022,Salaries and Wages_General,2888122.00,ca_sco_districts
CA-21030,2022,Services and Supplies_General,644730.00,ca_sco_districts
CA-21030,2023,Capital Outlay_General,125403.00,ca_sco_districts
CA-21030,2023,Debt Service / Interest Payments on Long-Term Debt_General,12760.00,ca_sco_districts
CA-21030,2023,Debt Service / Other Principal Payments on Long-Term Debt_General,296702.00,ca_sco_districts
CA-21030,2023,Employee Benefits_General,2528625.00,ca_sco_districts
CA-21030,2023,Salaries and Wages_General,2848112.00,ca_sco_districts
CA-21030,2023,Services and Supplies_General,600273.00,ca_sco_districts
CA-21030,2024,Capital Outlay_General,274110.00,ca_sco_districts
CA-21030,2024,Debt Service / Interest Payments on Long-Term Debt_General,2587.00,ca_sco_districts
CA-21030,2024,Debt Service / Other Principal Payments on Long-Term Debt_General,152144.00,ca_sco_districts
CA-21030,2024,Employee Benefits_General,2610636.00,ca_sco_districts
CA-21030,2024,Salaries and Wages_General,2773611.00,ca_sco_districts
CA-21030,2024,Services and Supplies_General,717520.00,ca_sco_districts
CA-21040,2021,Fire_Current Expenditures,8342278.00,ca_sco_cities
CA-21040,2022,Fire_Current Expenditures,9578438.00,ca_sco_cities
CA-21040,2023,Fire_Current Expenditures,9117729.00,ca_sco_cities
CA-21040,2024,Fire_Current Expenditures,1582824.00,ca_sco_cities
CA-21045,2021,Employee Benefits_General,14584859.00,ca_sco_districts
CA-21045,2021,Salaries and Wages_General,2659672.00,ca_sco_districts
CA-21045,2021,Services and Supplies_General,4683845.00,ca_sco_districts
CA-21045,2022,Capital Outlay_General,428410.00,ca_sco_districts
CA-21045,2022,Employee Benefits_General,7447114.00,ca_sco_districts
CA-21045,2022,Salaries and Wages_General,11273176.00,ca_sco_districts
CA-21045,2022,Services and Supplies_General,3760170.00,ca_sco_districts
CA-21045,2023,Employee Benefits_General,7440021.00,ca_sco_districts
CA-21045,2023,Salaries and Wages_General,11159004.00,ca_sco_districts
CA-21045,2023,Services and Supplies_General,5898819.00,ca_sco_districts
CA-21045,2024,Employee Benefits_General,10679242.00,ca_sco_districts
CA-21045,2024,Salaries and Wages_General,14775113.00,ca_sco_districts
CA-21045,2024,Services and Supplies_General,8548799.00,ca_sco_districts
CA-21055,2021,Capital Outlay_General,2340662.00,ca_sco_districts
CA-21055,2021,Debt Service / Interest Payments on Long-Term Debt_General,41960.00,ca_sco_districts
CA-21055,2021,Debt Service / Principal Payments on Long-Term Debt_General,535889.00,ca_sco_districts
CA-21055,2021,Employee Benefits_General,9945004.00,ca_sco_districts
CA-21055,2021,Salaries and Wages_General,14140953.00,ca_sco_districts
CA-21055,2021,Services and Supplies_General,4110289.00,ca_sco_districts
CA-21055,2022,Capital Outlay_General,1681954.00,ca_sco_districts
CA-21055,2022,Debt Service / Interest Payments on Long-Term Debt_General,29572.00,ca_sco_districts
CA-21055,2022,Debt Service / Principal Payments on Long-Term Debt_General,548374.00,ca_sco_districts
CA-21055,2022,Employee Benefits_General,10856062.00,ca_sco_districts
CA-21055,2022,Salaries and Wages_General,15277519.00,ca_sco_districts
CA-21055,2022,Services and Supplies_General,7000471.00,ca_sco_districts
CA-21055,2023,Capital Outlay_General,740023.00,ca_sco_districts
CA-21055,2023,Debt Service / Interest Payments on Long-Term Debt_General,16972.00,ca_sco_districts
CA-21055,2023,Debt Service / Other Principal Payments on Long-Term Debt_General,540650.00,ca_sco_districts
CA-21055,2023,Employee Benefits_General,10228148.00,ca_sco_districts
CA-21055,2023,Salaries and Wages_General,15388511.00,ca_sco_districts
CA-21055,2023,Services and Supplies_General,7927575.00,ca_sco_districts
CA-21055,2024,Capital Outlay_General,1212008.00,ca_sco_districts
CA-21055,2024,Debt Service / Interest Payments on Long-Term Debt_General,7770.00,ca_sco_districts
CA-21055,2024,Debt Service / Other Principal Payments on Long-Term Debt_General,325000.00,ca_sco_districts
CA-21055,2024,Employee Benefits_General,11336145.00,ca_sco_districts
CA-21055,2024,Other Expenditures_General,3242920.00,ca_sco_districts
CA-21055,2024,Salaries and Wages_General,15181607.00,ca_sco_districts
CA-21055,2024,Services and Supplies_General,5002194.00,ca_sco_districts
CA-21065,2021,Capital Outlay_General,263712.00,ca_sco_districts
CA-21065,2021,Debt Service / Interest Payments on Long-Term Debt_General,17252.00,ca_sco_districts
CA-21065,2021,Debt Service / Principal Payments on Long-Term Debt_General,137459.00,ca_sco_districts
CA-21065,2021,Employee Benefits_General,3866252.00,ca_sco_districts
CA-21065,2021,Salaries and Wages_General,6172773.00,ca_sco_districts
CA-21065,2021,Services and Supplies_General,1387847.00,ca_sco_districts
CA-21065,2022,Capital Outlay_General,126963.00,ca_sco_districts
CA-21065,2022,Debt Service / Interest Payments on Long-Term Debt_General,13129.00,ca_sco_districts
CA-21065,2022,Debt Service / Principal Payments on Long-Term Debt_General,141583.00,ca_sco_districts
CA-21065,2022,Employee Benefits_General,4159700.00,ca_sco_districts
CA-21065,2022,Salaries and Wages_General,6466583.00,ca_sco_districts
CA-21065,2022,Services and Supplies_General,1551044.00,ca_sco_districts
CA-21065,2023,Capital Outlay_General,1131400.00,ca_sco_districts
CA-21065,2023,Debt Service / Interest Payments on Long-Term Debt_General,21785.00,ca_sco_districts
CA-21065,2023,Debt Service / Other Principal Payments on Long-Term Debt_General,352045.00,ca_sco_districts
CA-21065,2023,Employee Benefits_General,4285555.00,ca_sco_districts
CA-21065,2023,Salaries and Wages_General,6731974.00,ca_sco_districts
CA-21065,2023,Services and Supplies_General,1704984.00,ca_sco_districts
CA-21065,2024,Capital Outlay_General,151484.00,ca_sco_districts
CA-21065,2024,Debt Service / Interest Payments on Long-Term Debt_General,14910.00,ca_sco_districts
CA-21065,2024,Debt Service / Other Principal Payments on Long-Term Debt_General,308919.00,ca_sco_districts
CA-21065,2024,Employee Benefits_General,4571458.00,ca_sco_districts
CA-21065,2024,Salaries and Wages_General,7270313.00,ca_sco_districts
CA-21065,2024,Services and Supplies_General,1394046.00,ca_sco_districts
CA-21075,2021,Fire_Current Expenditures,21738234.00,ca_sco_cities
CA-21075,2022,Fire_Current Expenditures,22827208.00,ca_sco_cities
CA-21075,2023,Fire_Current Expenditures,22307555.00,ca_sco_cities
CA-21075,2024,Fire_Current Expenditures,23426065.00,ca_sco_cities
CA-21095,2021,Capital Outlay_General,47215.00,ca_sco_districts
CA-21095,2021,Employee Benefits_General,119871.00,ca_sco_districts
CA-21095,2021,Salaries and Wages_General,488170.00,ca_sco_districts
CA-21095,2021,Services and Supplies_General,305434.00,ca_sco_districts
CA-21095,2022,Capital Outlay_General,18467.00,ca_sco_districts
CA-21095,2022,Employee Benefits_General,125169.00,ca_sco_districts
CA-21095,2022,Salaries and Wages_General,496761.00,ca_sco_districts
CA-21095,2022,Services and Supplies_General,263311.00,ca_sco_districts
CA-21095,2023,"Debt Service / Lease Financing, Principal and Interest Payments_General",13200.00,ca_sco_districts
CA-21095,2023,Employee Benefits_General,151162.00,ca_sco_districts
CA-21095,2023,Salaries and Wages_General,662600.00,ca_sco_districts
CA-21095,2023,Services and Supplies_General,491855.00,ca_sco_districts
CA-21095,2024,Capital Outlay_General,157134.00,ca_sco_districts
CA-21095,2024,"Debt Service / Lease Financing, Principal and Interest Payments_General",13200.00,ca_sco_districts
CA-21095,2024,Employee Benefits_General,254350.00,ca_sco_districts
CA-21095,2024,Salaries and Wages_General,763788.00,ca_sco_districts
CA-21095,2024,Services and Supplies_General,779755.00,ca_sco_districts
CA-21100,2021,Capital Outlay_General,76507.00,ca_sco_districts
CA-21100,2021,Debt Service / Interest Payments on Long-Term Debt_General,3828.00,ca_sco_districts
CA-21100,2021,Debt Service / Principal Payments on Long-Term Debt_General,94751.00,ca_sco_districts
CA-21100,2021,Employee Benefits_General,4409349.00,ca_sco_districts
CA-21100,2021,Salaries and Wages_General,4288663.00,ca_sco_districts
CA-21100,2021,Services and Supplies_General,767814.00,ca_sco_districts
CA-21100,2022,Capital Outlay_General,113177.00,ca_sco_districts
CA-21100,2022,Employee Benefits_General,5015203.00,ca_sco_districts
CA-21100,2022,Salaries and Wages_General,4399302.00,ca_sco_districts
CA-21100,2022,Services and Supplies_General,822499.00,ca_sco_districts
CA-21100,2023,Capital Outlay_General,128810.00,ca_sco_districts
CA-21100,2023,Debt Service / Interest Payments on Long-Term Debt_General,49681.00,ca_sco_districts
CA-21100,2023,Debt Service / Other Debt Service_General,103000.00,ca_sco_districts
CA-21100,2023,Employee Benefits_General,3645172.00,ca_sco_districts
CA-21100,2023,Salaries and Wages_General,4545695.00,ca_sco_districts
CA-21100,2023,Services and Supplies_General,928024.00,ca_sco_districts
CA-21100,2024,Capital Outlay_General,595045.00,ca_sco_districts
CA-21100,2024,Debt Service / Interest Payments on Long-Term Debt_General,175121.00,ca_sco_districts
CA-21100,2024,Debt Service / Other Principal Payments on Long-Term Debt_General,74894.00,ca_sco_districts
CA-21100,2024,Employee Benefits_General,3562842.00,ca_sco_districts
CA-21100,2024,Salaries and Wages_General,4514432.00,ca_sco_districts
CA-21100,2024,Services and Supplies_General,926983.00,ca_sco_districts
CA-23020,2021,Employee Benefits_General,6815.00,ca_sco_districts
CA-23020,2021,Salaries and Wages_General,32602.00,ca_sco_districts
CA-23020,2021,Services and Supplies_General,154208.00,ca_sco_districts
CA-23020,2022,Capital Outlay_General,34929.00,ca_sco_districts
CA-23020,2022,Employee Benefits_General,6515.00,ca_sco_districts
CA-23020,2022,Salaries and Wages_General,32800.00,ca_sco_districts
CA-23020,2022,Services and Supplies_General,199398.00,ca_sco_districts
CA-23020,2023,Capital Outlay_General,189924.00,ca_sco_districts
CA-23020,2023,Employee Benefits_General,6670.00,ca_sco_districts
CA-23020,2023,Salaries and Wages_General,34150.00,ca_sco_districts
CA-23020,2023,Services and Supplies_General,291260.00,ca_sco_districts
CA-23020,2024,Capital Outlay_General,11577.00,ca_sco_districts
CA-23020,2024,Employee Benefits_General,8015.00,ca_sco_districts
CA-23020,2024,Salaries and Wages_General,43500.00,ca_sco_districts
CA-23020,2024,Services and Supplies_General,259781.00,ca_sco_districts
CA-23030,2021,Employee Benefits_General,236325.00,ca_sco_districts
CA-23030,2021,Salaries and Wages_General,501432.00,ca_sco_districts
CA-23030,2021,Services and Supplies_General,161797.00,ca_sco_districts
CA-23030,2022,Capital Outlay_General,31369.00,ca_sco_districts
CA-23030,2022,Employee Benefits_General,250556.00,ca_sco_districts
CA-23030,2022,Salaries and Wages_General,423784.00,ca_sco_districts
CA-23030,2022,Services and Supplies_General,189393.00,ca_sco_districts
CA-23030,2023,Capital Outlay_General,64180.00,ca_sco_districts
CA-23030,2023,Employee Benefits_General,255648.00,ca_sco_districts
CA-23030,2023,Salaries and Wages_General,486345.00,ca_sco_districts
CA-23030,2023,Services and Supplies_General,234919.00,ca_sco_districts
CA-23030,2024,Employee Benefits_General,266188.00,ca_sco_districts
CA-23030,2024,Salaries and Wages_General,719813.00,ca_sco_districts
CA-23030,2024,Services and Supplies_General,189247.00,ca_sco_districts
CA-23040,2021,Capital Outlay_General,223515.00,ca_sco_districts
CA-23040,2021,Debt Service / Interest Payments on Long-Term Debt_General,5862.00,ca_sco_districts
CA-23040,2021,Debt Service / Principal Payments on Long-Term Debt_General,46466.00,ca_sco_districts
CA-23040,2021,Employee Benefits_General,52922.00,ca_sco_districts
CA-23040,2021,Salaries and Wages_General,265157.00,ca_sco_districts
CA-23040,2021,Services and Supplies_General,130787.00,ca_sco_districts
CA-23040,2022,Capital Outlay_General,279534.00,ca_sco_districts
CA-23040,2022,Debt Service / Interest Payments on Long-Term Debt_General,8043.00,ca_sco_districts
CA-23040,2022,Debt Service / Principal Payments on Long-Term Debt_General,78041.00,ca_sco_districts
CA-23040,2022,Employee Benefits_General,44237.00,ca_sco_districts
CA-23040,2022,Salaries and Wages_General,344729.00,ca_sco_districts
CA-23040,2022,Services and Supplies_General,331623.00,ca_sco_districts
CA-23040,2023,Capital Outlay_General,100414.00,ca_sco_districts
CA-23040,2023,Debt Service / Interest Payments on Long-Term Debt_General,7511.00,ca_sco_districts
CA-23040,2023,"Debt Service / Lease Financing, Principal and Interest Payments_General",3240.00,ca_sco_districts
CA-23040,2023,Debt Service / Other Principal Payments on Long-Term Debt_General,78465.00,ca_sco_districts
CA-23040,2023,Employee Benefits_General,57271.00,ca_sco_districts
CA-23040,2023,Salaries and Wages_General,344216.00,ca_sco_districts
CA-23040,2023,Services and Supplies_General,344891.00,ca_sco_districts
CA-23040,2024,Capital Outlay_General,116743.00,ca_sco_districts
CA-23040,2024,Debt Service / Interest Payments on Long-Term Debt_General,4602.00,ca_sco_districts
CA-23040,2024,"Debt Service / Lease Financing, Principal and Interest Payments_General",3600.00,ca_sco_districts
CA-23040,2024,Debt Service / Other Principal Payments on Long-Term Debt_General,75580.00,ca_sco_districts
CA-23040,2024,Employee Benefits_General,49295.00,ca_sco_districts
CA-23040,2024,Salaries and Wages_General,342996.00,ca_sco_districts
CA-23040,2024,Services and Supplies_General,277241.00,ca_sco_districts
CA-23045,2021,Capital Outlay_General,1194.00,ca_sco_districts
CA-23045,2021,Debt Service / Interest Payments on Long-Term Debt_General,712.00,ca_sco_districts
CA-23045,2021,Debt Service / Principal Payments on Long-Term Debt_General,9408.00,ca_sco_districts
CA-23045,2021,Salaries and Wages_General,336940.00,ca_sco_districts
CA-23045,2021,Services and Supplies_General,196686.00,ca_sco_districts
CA-23045,2022,Capital Outlay_General,64699.00,ca_sco_districts
CA-23045,2022,Debt Service / Interest Payments on Long-Term Debt_General,83.00,ca_sco_districts
CA-23045,2022,Debt Service / Principal Payments on Long-Term Debt_General,8269.00,ca_sco_districts
CA-23045,2022,Salaries and Wages_General,379917.00,ca_sco_districts
CA-23045,2022,Services and Supplies_General,256585.00,ca_sco_districts
CA-23045,2023,Capital Outlay_General,273968.00,ca_sco_districts
CA-23045,2023,Salaries and Wages_General,401216.00,ca_sco_districts
CA-23045,2023,Services and Supplies_General,259722.00,ca_sco_districts
CA-23045,2024,Capital Outlay_General,9983.00,ca_sco_districts
CA-23045,2024,Salaries and Wages_General,371878.00,ca_sco_districts
CA-23045,2024,Services and Supplies_General,407872.00,ca_sco_districts
CA-23050,2021,Capital Outlay_General,4021.00,ca_sco_districts
CA-23050,2021,Salaries and Wages_General,251362.00,ca_sco_districts
CA-23050,2021,Services and Supplies_General,302961.00,ca_sco_districts
CA-23050,2022,Capital Outlay_General,426768.00,ca_sco_districts
CA-23050,2022,Salaries and Wages_General,238592.00,ca_sco_districts
CA-23050,2022,Services and Supplies_General,294958.00,ca_sco_districts
CA-23050,2023,Capital Outlay_General,257831.00,ca_sco_districts
CA-23050,2023,Salaries and Wages_General,314364.00,ca_sco_districts
CA-23050,2023,Services and Supplies_General,320847.00,ca_sco_districts
CA-23050,2024,Capital Outlay_General,330347.00,ca_sco_districts
CA-23050,2024,Salaries and Wages_General,187126.00,ca_sco_districts
CA-23050,2024,Services and Supplies_General,272803.00,ca_sco_districts
CA-23055,2021,Services and Supplies_General,18700.00,ca_sco_districts
CA-23055,2022,Services and Supplies_General,19400.00,ca_sco_districts
CA-23055,2023,Services and Supplies_General,39600.00,ca_sco_districts
CA-23055,2024,Services and Supplies_General,64960.00,ca_sco_districts
CA-23070,2021,Capital Outlay_General,170082.00,ca_sco_districts
CA-23070,2021,Capital Outlay_Special Revenue,75000.00,ca_sco_districts
CA-23070,2021,Employee Benefits_General,125491.00,ca_sco_districts
CA-23070,2021,Salaries and Wages_General,769341.00,ca_sco_districts
CA-23070,2021,Services and Supplies_General,203303.00,ca_sco_districts
CA-23070,2022,Capital Outlay_General,336863.00,ca_sco_districts
CA-23070,2022,Employee Benefits_General,55526.00,ca_sco_districts
CA-23070,2022,Salaries and Wages_General,717639.00,ca_sco_districts
CA-23070,2022,Services and Supplies_General,184653.00,ca_sco_districts
CA-23070,2023,Capital Outlay_General,928592.00,ca_sco_districts
CA-23070,2023,Employee Benefits_General,65342.00,ca_sco_districts
CA-23070,2023,Other Expenditures_General,58493.00,ca_sco_districts
CA-23070,2023,Salaries and Wages_General,534113.00,ca_sco_districts
CA-23070,2023,Services and Supplies_General,174183.00,ca_sco_districts
CA-23070,2024,Capital Outlay_General,300838.00,ca_sco_districts
CA-23070,2024,Employee Benefits_General,93808.00,ca_sco_districts
CA-23070,2024,Salaries and Wages_General,500505.00,ca_sco_districts
CA-23070,2024,Services and Supplies_General,208912.00,ca_sco_districts
CA-23075,2021,Fire_Current Expenditures,3772697.00,ca_sco_cities
CA-23075,2022,Fire_Current Expenditures,5626343.00,ca_sco_cities
CA-23075,2023,Fire_Current Expenditures,6783474.00,ca_sco_cities
CA-23075,2024,Fire_Current Expenditures,6659288.00,ca_sco_cities
CA-23090,2021,Capital Outlay_General,4583049.00,ca_sco_districts
CA-23090,2021,Debt Service / Interest Payments on Long-Term Debt_General,252838.00,ca_sco_districts
CA-23090,2021,Debt Service / Principal Payments on Long-Term Debt_General,180319.00,ca_sco_districts
CA-23090,2021,Salaries and Wages_General,925924.00,ca_sco_districts
CA-23090,2021,Services and Supplies_General,220590.00,ca_sco_districts
CA-23090,2022,Capital Outlay_General,1663460.00,ca_sco_districts
CA-23090,2022,Debt Service / Interest Payments on Long-Term Debt_General,249440.00,ca_sco_districts
CA-23090,2022,Debt Service / Principal Payments on Long-Term Debt_General,321028.00,ca_sco_districts
CA-23090,2022,Salaries and Wages_General,581632.00,ca_sco_districts
CA-23090,2022,Services and Supplies_General,249911.00,ca_sco_districts
CA-23090,2023,Capital Outlay_General,630721.00,ca_sco_districts
CA-23090,2023,Debt Service / Interest Payments on Long-Term Debt_General,237556.00,ca_sco_districts
CA-23090,2023,Debt Service / Other Principal Payments on Long-Term Debt_General,160000.00,ca_sco_districts
CA-23090,2023,Salaries and Wages_General,841312.00,ca_sco_districts
CA-23090,2023,Services and Supplies_General,318959.00,ca_sco_districts
CA-23090,2024,Capital Outlay_General,561074.00,ca_sco_districts
CA-23090,2024,Debt Service / Interest Payments on Long-Term Debt_General,234851.00,ca_sco_districts
CA-23090,2024,Debt Service / Other Principal Payments on Long-Term Debt_General,165000.00,ca_sco_districts
CA-23090,2024,Salaries and Wages_General,663006.00,ca_sco_districts
CA-23090,2024,Services and Supplies_General,305371.00,ca_sco_districts
CA-23100,2021,Capital Outlay_General,314298.00,ca_sco_districts
CA-23100,2021,Capital Outlay_Special Revenue,123059.00,ca_sco_districts
CA-23100,2021,Debt Service / Interest Payments on Long-Term Debt_General,9396.00,ca_sco_districts
CA-23100,2021,Debt Service / Principal Payments on Long-Term Debt_General,40248.00,ca_sco_districts
CA-23100,2021,Employee Benefits_General,115861.00,ca_sco_districts
CA-23100,2021,Salaries and Wages_General,575752.00,ca_sco_districts
CA-23100,2021,Services and Supplies_General,275487.00,ca_sco_districts
CA-23100,2022,Capital Outlay_General,213608.00,ca_sco_districts
CA-23100,2022,Debt Service / Interest Payments on Long-Term Debt_General,7302.00,ca_sco_districts
CA-23100,2022,Debt Service / Principal Payments on Long-Term Debt_General,42342.00,ca_sco_districts
CA-23100,2022,Employee Benefits_General,118160.00,ca_sco_districts
CA-23100,2022,Salaries and Wages_General,655812.00,ca_sco_districts
CA-23100,2022,Services and Supplies_General,289666.00,ca_sco_districts
CA-23100,2023,Capital Outlay_General,176919.00,ca_sco_districts
CA-23100,2023,Debt Service / Interest Payments on Long-Term Debt_General,9072.00,ca_sco_districts
CA-23100,2023,Debt Service / Other Principal Payments on Long-Term Debt_General,59463.00,ca_sco_districts
CA-23100,2023,Employee Benefits_General,147171.00,ca_sco_districts
CA-23100,2023,Other Expenditures_Special Revenue,99210.00,ca_sco_districts
CA-23100,2023,Salaries and Wages_General,516265.00,ca_sco_districts
CA-23100,2023,Services and Supplies_General,304479.00,ca_sco_districts
CA-23100,2024,Capital Outlay_General,47898.00,ca_sco_districts
CA-23100,2024,Capital Outlay_Special Revenue,26761.00,ca_sco_districts
CA-23100,2024,Debt Service / Interest Payments on Long-Term Debt_General,1538.00,ca_sco_districts
CA-23100,2024,Debt Service / Other Principal Payments on Long-Term Debt_General,77534.00,ca_sco_districts
CA-23100,2024,Employee Benefits_General,181201.00,ca_sco_districts
CA-23100,2024,Salaries and Wages_General,711025.00,ca_sco_districts
CA-23100,2024,Services and Supplies_General,267453.00,ca_sco_districts
CA-23115,2021,Capital Outlay_General,29780.00,ca_sco_districts
CA-23115,2021,Salaries and Wages_General,191470.00,ca_sco_districts
CA-23115,2021,Services and Supplies_General,54668.00,ca_sco_districts
CA-23115,2022,Capital Outlay_General,163181.00,ca_sco_districts
CA-23115,2022,Services and Supplies_General,45240.00,ca_sco_districts
CA-23115,2023,Services and Supplies_General,184579.00,ca_sco_districts
CA-23115,2024,Services and Supplies_General,109793.00,ca_sco_districts
CA-24005,2021,Services and Supplies_General,1960050.00,ca_sco_districts
CA-24005,2022,Services and Supplies_General,2929904.00,ca_sco_districts
CA-24005,2023,Services and Supplies_General,2826724.00,ca_sco_districts
CA-24005,2024,Services and Supplies_General,3255915.00,ca_sco_districts
CA-24010,2021,Fire_Current Expenditures,30599.00,ca_sco_cities
CA-24010,2022,Fire_Current Expenditures,47637.00,ca_sco_cities
CA-24010,2023,Fire_Current Expenditures,37351.00,ca_sco_cities
CA-24010,2024,Fire_Current Expenditures,35220.00,ca_sco_cities
CA-24015,2021,Fire_Current Expenditures,660166.00,ca_sco_cities
CA-24015,2022,Fire_Current Expenditures,58164.00,ca_sco_cities
CA-24015,2023,Fire_Current Expenditures,76270.00,ca_sco_cities
CA-24015,2024,Fire_Current Expenditures,31151.00,ca_sco_cities
CA-24025,2021,Fire_Current Expenditures,5313625.00,ca_sco_cities
CA-24025,2022,Fire_Current Expenditures,5104380.00,ca_sco_cities
CA-24025,2023,Fire_Current Expenditures,5523618.00,ca_sco_cities
CA-24025,2024,Fire_Current Expenditures,6806389.00,ca_sco_cities
CA-24030,2021,Fire_Current Expenditures,13791633.00,ca_sco_cities
CA-24030,2022,Fire_Current Expenditures,16080883.00,ca_sco_cities
CA-24030,2023,Fire_Current Expenditures,18047139.00,ca_sco_cities
CA-24030,2024,Fire_Current Expenditures,19830170.00,ca_sco_cities
CA-25005,2021,Employee Benefits_General,2496.00,ca_sco_districts
CA-25005,2021,Services and Supplies_General,39657.00,ca_sco_districts
CA-25005,2022,Services and Supplies_General,265401.00,ca_sco_districts
CA-25005,2023,Services and Supplies_General,95935.00,ca_sco_districts
CA-25005,2024,Services and Supplies_General,34175.00,ca_sco_districts
CA-25010,2021,Fire_Current Expenditures,259492.00,ca_sco_cities
CA-25010,2022,Fire_Current Expenditures,231738.00,ca_sco_cities
CA-25010,2023,Fire_Current Expenditures,213305.00,ca_sco_cities
CA-25010,2024,Fire_Current Expenditures,227281.00,ca_sco_cities
CA-25015,2021,Employee Benefits_General,14570.00,ca_sco_districts
CA-25015,2021,Services and Supplies_General,85915.00,ca_sco_districts
CA-25015,2022,Employee Benefits_General,22463.00,ca_sco_districts
CA-25015,2022,Services and Supplies_General,71160.00,ca_sco_districts
CA-25015,2023,Employee Benefits_General,18103.00,ca_sco_districts
CA-25015,2023,Services and Supplies_General,105283.00,ca_sco_districts
CA-25015,2024,Employee Benefits_General,11963.00,ca_sco_districts
CA-25015,2024,Services and Supplies_General,162033.00,ca_sco_districts
CA-25020,2021,Employee Benefits_General,7026.00,ca_sco_districts
CA-25020,2021,Services and Supplies_General,12718.00,ca_sco_districts
CA-25020,2022,Employee Benefits_General,2951.00,ca_sco_districts
CA-25020,2022,Services and Supplies_General,17130.00,ca_sco_districts
CA-25020,2023,Employee Benefits_General,7173.00,ca_sco_districts
CA-25020,2023,Services and Supplies_General,18635.00,ca_sco_districts
CA-25020,2024,Employee Benefits_General,6518.00,ca_sco_districts
CA-25020,2024,Services and Supplies_General,26378.00,ca_sco_districts
CA-25025,2021,Employee Benefits_General,8373.00,ca_sco_districts
CA-25025,2021,Services and Supplies_General,28527.00,ca_sco_districts
CA-25025,2022,Employee Benefits_General,9160.00,ca_sco_districts
CA-25025,2022,Services and Supplies_General,34667.00,ca_sco_districts
CA-25025,2023,Employee Benefits_General,9336.00,ca_sco_districts
CA-25025,2023,Services and Supplies_General,39447.00,ca_sco_districts
CA-25025,2024,Employee Benefits_General,9256.00,ca_sco_districts
CA-25025,2024,Services and Supplies_General,50307.00,ca_sco_districts
CA-25030,2021,Employee Benefits_General,2500.00,ca_sco_districts
CA-25030,2021,Services and Supplies_General,9030.00,ca_sco_districts
CA-25030,2022,Employee Benefits_General,7196.00,ca_sco_districts
CA-25030,2022,Services and Supplies_General,14405.00,ca_sco_districts
CA-25030,2023,Employee Benefits_General,2616.00,ca_sco_districts
CA-25030,2023,Services and Supplies_General,7582.00,ca_sco_districts
CA-25030,2024,Employee Benefits_General,2500.00,ca_sco_districts
CA-25030,2024,Services and Supplies_General,3730.00,ca_sco_districts
CA-25050,2021,Employee Benefits_General,3298.00,ca_sco_districts
CA-25050,2021,Services and Supplies_General,22055.00,ca_sco_districts
CA-25050,2022,Services and Supplies_General,29224.00,ca_sco_districts
CA-25050,2023,Employee Benefits_General,4275.00,ca_sco_districts
CA-25050,2023,Services and Supplies_General,35778.00,ca_sco_districts
CA-25050,2024,Employee Benefits_General,4518.00,ca_sco_districts
CA-25050,2024,Services and Supplies_General,80423.00,ca_sco_districts
CA-26010,2021,Salaries and Wages_General,26760.00,ca_sco_districts
CA-26010,2021,Services and Supplies_General,129747.00,ca_sco_districts
CA-26010,2022,Salaries and Wages_General,26700.00,ca_sco_districts
CA-26010,2022,Services and Supplies_General,79469.00,ca_sco_districts
CA-26010,2023,Salaries and Wages_General,30495.00,ca_sco_districts
CA-26010,2023,Services and Supplies_General,74777.00,ca_sco_districts
CA-26010,2024,Salaries and Wages_General,27197.00,ca_sco_districts
CA-26010,2024,Services and Supplies_General,638221.00,ca_sco_districts
CA-26012,2021,Salaries and Wages_General,53842.00,ca_sco_districts
CA-26012,2021,Services and Supplies_General,51201.00,ca_sco_districts
CA-26012,2022,Capital Outlay_General,14355.00,ca_sco_districts
CA-26012,2022,Salaries and Wages_General,38639.00,ca_sco_districts
CA-26012,2022,Services and Supplies_General,41124.00,ca_sco_districts
CA-26012,2023,Salaries and Wages_General,31670.00,ca_sco_districts
CA-26012,2023,Services and Supplies_General,64695.00,ca_sco_districts
CA-26012,2024,Capital Outlay_General,14572.00,ca_sco_districts
CA-26012,2024,Salaries and Wages_General,34542.00,ca_sco_districts
CA-26012,2024,Services and Supplies_General,59651.00,ca_sco_districts
CA-26015,2021,Capital Outlay_General,10477.00,ca_sco_districts
CA-26015,2021,Debt Service / Interest Payments on Long-Term Debt_General,14818.00,ca_sco_districts
CA-26015,2021,Debt Service / Principal Payments on Long-Term Debt_General,40457.00,ca_sco_districts
CA-26015,2021,Other Expenditures_General,382.00,ca_sco_districts
CA-26015,2021,Salaries and Wages_General,550950.00,ca_sco_districts
CA-26015,2021,Services and Supplies_General,261477.00,ca_sco_districts
CA-26015,2022,Capital Outlay_General,84861.00,ca_sco_districts
CA-26015,2022,Debt Service / Interest Payments on Long-Term Debt_General,13195.00,ca_sco_districts
CA-26015,2022,Debt Service / Principal Payments on Long-Term Debt_General,217905.00,ca_sco_districts
CA-26015,2022,Salaries and Wages_General,372473.00,ca_sco_districts
CA-26015,2022,Services and Supplies_General,209204.00,ca_sco_districts
CA-26015,2023,Debt Service / Interest Payments on Long-Term Debt_General,3850.00,ca_sco_districts
CA-26015,2023,Debt Service / Other Principal Payments on Long-Term Debt_General,21327.00,ca_sco_districts
CA-26015,2023,Salaries and Wages_General,273343.00,ca_sco_districts
CA-26015,2023,Services and Supplies_General,229581.00,ca_sco_districts
CA-26015,2024,Capital Outlay_General,8680.00,ca_sco_districts
CA-26015,2024,Debt Service / Interest Payments on Long-Term Debt_General,3136.00,ca_sco_districts
CA-26015,2024,Debt Service / Other Principal Payments on Long-Term Debt_General,92737.00,ca_sco_districts
CA-26015,2024,Salaries and Wages_General,320918.00,ca_sco_districts
CA-26015,2024,Services and Supplies_General,229562.00,ca_sco_districts
CA-26020,2021,Capital Outlay_General,10799.00,ca_sco_districts
CA-26020,2021,Debt Service / Interest Payments on Long-Term Debt_General,7395.00,ca_sco_districts
CA-26020,2021,Debt Service / Principal Payments on Long-Term Debt_General,130594.00,ca_sco_districts
CA-26020,2021,Employee Benefits_General,26850.00,ca_sco_districts
CA-26020,2021,Salaries and Wages_General,125813.00,ca_sco_districts
CA-26020,2021,Services and Supplies_General,130404.00,ca_sco_districts
CA-26020,2022,Employee Benefits_General,47975.00,ca_sco_districts
CA-26020,2022,Salaries and Wages_General,124718.00,ca_sco_districts
CA-26020,2022,Services and Supplies_General,127174.00,ca_sco_districts
CA-26020,2023,Employee Benefits_General,66421.00,ca_sco_districts
CA-26020,2023,Salaries and Wages_General,108477.00,ca_sco_districts
CA-26020,2023,Services and Supplies_General,180957.00,ca_sco_districts
CA-26020,2024,Capital Outlay_General,6045.00,ca_sco_districts
CA-26020,2024,Employee Benefits_General,49628.00,ca_sco_districts
CA-26020,2024,Salaries and Wages_General,124869.00,ca_sco_districts
CA-26020,2024,Services and Supplies_General,209619.00,ca_sco_districts
CA-26025,2021,Salaries and Wages_General,16800.00,ca_sco_districts
CA-26025,2021,Services and Supplies_General,47107.00,ca_sco_districts
CA-26025,2022,Salaries and Wages_General,15400.00,ca_sco_districts
CA-26025,2022,Services and Supplies_General,39410.00,ca_sco_districts
CA-26025,2023,Salaries and Wages_General,18200.00,ca_sco_districts
CA-26025,2023,Services and Supplies_General,47450.00,ca_sco_districts
CA-26025,2024,Salaries and Wages_General,9800.00,ca_sco_districts
CA-26025,2024,Services and Supplies_General,54573.00,ca_sco_districts
CA-26030,2021,Debt Service / Interest Payments on Long-Term Debt_General,100785.00,ca_sco_districts
CA-26030,2021,Debt Service / Principal Payments on Long-Term Debt_General,1911004.00,ca_sco_districts
CA-26030,2021,Employee Benefits_General,786671.00,ca_sco_districts
CA-26030,2021,Salaries and Wages_General,1513742.00,ca_sco_districts
CA-26030,2021,Services and Supplies_General,559031.00,ca_sco_districts
CA-26030,2022,Capital Outlay_General,353182.00,ca_sco_districts
CA-26030,2022,Employee Benefits_General,902783.00,ca_sco_districts
CA-26030,2022,Salaries and Wages_General,1549948.00,ca_sco_districts
CA-26030,2022,Services and Supplies_General,743350.00,ca_sco_districts
CA-26030,2023,Capital Outlay_General,31039.00,ca_sco_districts
CA-26030,2023,Employee Benefits_General,996733.00,ca_sco_districts
CA-26030,2023,Salaries and Wages_General,1854449.00,ca_sco_districts
CA-26030,2023,Services and Supplies_General,892589.00,ca_sco_districts
CA-26030,2024,Capital Outlay_General,885899.00,ca_sco_districts
CA-26030,2024,Employee Benefits_General,995764.00,ca_sco_districts
CA-26030,2024,Salaries and Wages_General,1946175.00,ca_sco_districts
CA-26030,2024,Services and Supplies_General,1088625.00,ca_sco_districts
CA-26035,2021,Salaries and Wages_General,110600.00,ca_sco_districts
CA-26035,2021,Services and Supplies_General,177551.00,ca_sco_districts
CA-26035,2022,Salaries and Wages_General,132166.00,ca_sco_districts
CA-26035,2022,Services and Supplies_General,220338.00,ca_sco_districts
CA-26035,2023,Capital Outlay_General,75195.00,ca_sco_districts
CA-26035,2023,Salaries and Wages_General,105895.00,ca_sco_districts
CA-26035,2023,Services and Supplies_General,194467.00,ca_sco_districts
CA-26035,2024,Capital Outlay_General,2157.00,ca_sco_districts
CA-26035,2024,Salaries and Wages_General,97802.00,ca_sco_districts
CA-26035,2024,Services and Supplies_General,204562.00,ca_sco_districts
CA-26042,2021,Other Expenditures_General,70192.00,ca_sco_districts
CA-26042,2021,Services and Supplies_General,4939.00,ca_sco_districts
CA-26042,2022,Other Expenditures_General,52475.00,ca_sco_districts
CA-26042,2022,Services and Supplies_General,358.00,ca_sco_districts
CA-26042,2023,Capital Outlay_General,72930.00,ca_sco_districts
CA-26042,2023,Other Expenditures_General,81625.00,ca_sco_districts
CA-26042,2023,Services and Supplies_General,3341.00,ca_sco_districts
CA-26042,2024,Services and Supplies_General,142175.00,ca_sco_districts
CA-26045,2021,Capital Outlay_General,45668.00,ca_sco_districts
CA-26045,2021,Salaries and Wages_General,185218.00,ca_sco_districts
CA-26045,2021,Services and Supplies_General,139064.00,ca_sco_districts
CA-26045,2022,Capital Outlay_General,280670.00,ca_sco_districts
CA-26045,2022,Debt Service / Interest Payments on Long-Term Debt_General,2780.00,ca_sco_districts
CA-26045,2022,Debt Service / Principal Payments on Long-Term Debt_General,12924.00,ca_sco_districts
CA-26045,2022,Salaries and Wages_General,186968.00,ca_sco_districts
CA-26045,2022,Services and Supplies_General,179131.00,ca_sco_districts
CA-26045,2023,Debt Service / Interest Payments on Long-Term Debt_General,3309.00,ca_sco_districts
CA-26045,2023,Debt Service / Other Principal Payments on Long-Term Debt_General,28613.00,ca_sco_districts
CA-26045,2023,Salaries and Wages_General,47490.00,ca_sco_districts
CA-26045,2023,Services and Supplies_General,170689.00,ca_sco_districts
CA-26045,2024,Capital Outlay_General,6977.00,ca_sco_districts
CA-26045,2024,Debt Service / Interest Payments on Long-Term Debt_General,3121.00,ca_sco_districts
CA-26045,2024,Debt Service / Other Principal Payments on Long-Term Debt_General,90689.00,ca_sco_districts
CA-26045,2024,Salaries and Wages_General,149972.00,ca_sco_districts
CA-26045,2024,Services and Supplies_General,187129.00,ca_sco_districts
CA-27005,2021,Capital Outlay_General,76639.00,ca_sco_districts
CA-27005,2021,Other Expenditures_General,83597.00,ca_sco_districts
CA-27005,2021,Services and Supplies_General,1136689.00,ca_sco_districts
CA-27005,2022,Capital Outlay_General,196906.00,ca_sco_districts
CA-27005,2022,Services and Supplies_General,1521898.00,ca_sco_districts
CA-27005,2023,Capital Outlay_General,116956.00,ca_sco_districts
CA-27005,2023,Services and Supplies_General,1976650.00,ca_sco_districts
CA-27005,2024,Capital Outlay_General,101594.00,ca_sco_districts
CA-27005,2024,Services and Supplies_General,1586492.00,ca_sco_districts
CA-27010,2021,Capital Outlay_General,768306.00,ca_sco_districts
CA-27010,2021,Services and Supplies_General,2501932.00,ca_sco_districts
CA-27010,2022,Capital Outlay_General,152286.00,ca_sco_districts
CA-27010,2022,Services and Supplies_General,2884219.00,ca_sco_districts
CA-27010,2023,Capital Outlay_General,118892.00,ca_sco_districts
CA-27010,2023,Services and Supplies_General,3334024.00,ca_sco_districts
CA-27010,2024,Capital Outlay_General,150005.00,ca_sco_districts
CA-27010,2024,Services and Supplies_General,4115784.00,ca_sco_districts
CA-27024,2021,Capital Outlay_General,839132.00,ca_sco_districts
CA-27024,2021,Services and Supplies_General,4976516.00,ca_sco_districts
CA-27024,2022,Capital Outlay_General,329553.00,ca_sco_districts
CA-27024,2022,Services and Supplies_General,5803539.00,ca_sco_districts
CA-27024,2023,Capital Outlay_General,174101.00,ca_sco_districts
CA-27024,2023,Services and Supplies_General,6713157.00,ca_sco_districts
CA-27024,2024,Capital Outlay_General,1216768.00,ca_sco_districts
CA-27024,2024,Services and Supplies_General,7128116.00,ca_sco_districts
CA-27025,2021,Capital Outlay_General,989964.00,ca_sco_districts
CA-27025,2021,Debt Service / Interest Payments on Long-Term Debt_General,96213.00,ca_sco_districts
CA-27025,2021,Debt Service / Principal Payments on Long-Term Debt_General,244935.00,ca_sco_districts
CA-27025,2021,Employee Benefits_General,2044513.00,ca_sco_districts
CA-27025,2021,Salaries and Wages_General,3179105.00,ca_sco_districts
CA-27025,2021,Services and Supplies_General,1123567.00,ca_sco_districts
CA-27025,2022,Capital Outlay_General,249128.00,ca_sco_districts
CA-27025,2022,Debt Service / Interest Payments on Long-Term Debt_General,84461.00,ca_sco_districts
CA-27025,2022,Debt Service / Principal Payments on Long-Term Debt_General,1212626.00,ca_sco_districts
CA-27025,2022,Debt Service / Principal and Interest on Short-Term Notes and Warrants_General,3500000.00,ca_sco_districts
CA-27025,2022,Employee Benefits_General,13033999.00,ca_sco_districts
CA-27025,2022,Salaries and Wages_General,3831844.00,ca_sco_districts
CA-27025,2022,Services and Supplies_General,1073288.00,ca_sco_districts
CA-27025,2023,Capital Outlay_General,1283194.00,ca_sco_districts
CA-27025,2023,Debt Service / Interest Payments on Long-Term Debt_General,302755.00,ca_sco_districts
CA-27025,2023,Debt Service / Other Principal Payments on Long-Term Debt_General,2856914.00,ca_sco_districts
CA-27025,2023,Employee Benefits_General,1557312.00,ca_sco_districts
CA-27025,2023,Salaries and Wages_General,4413543.00,ca_sco_districts
CA-27025,2023,Services and Supplies_General,1167574.00,ca_sco_districts
CA-27025,2024,Capital Outlay_General,88243.00,ca_sco_districts
CA-27025,2024,Debt Service / Interest Payments on Long-Term Debt_General,426511.00,ca_sco_districts
CA-27025,2024,Debt Service / Other Principal Payments on Long-Term Debt_General,3030855.00,ca_sco_districts
CA-27025,2024,Employee Benefits_General,3184629.00,ca_sco_districts
CA-27025,2024,Salaries and Wages_General,4711795.00,ca_sco_districts
CA-27025,2024,Services and Supplies_General,631552.00,ca_sco_districts
CA-27035,2021,Services and Supplies_General,238324.00,ca_sco_districts
CA-27035,2022,Services and Supplies_General,250172.00,ca_sco_districts
CA-27035,2023,Services and Supplies_General,263422.00,ca_sco_districts
CA-27035,2024,Services and Supplies_General,222692.00,ca_sco_districts
CA-27045,2021,Fire_Current Expenditures,2661392.00,ca_sco_cities
CA-27045,2022,Fire_Current Expenditures,2138673.00,ca_sco_cities
CA-27045,2023,Fire_Current Expenditures,2563318.00,ca_sco_cities
CA-27045,2024,Fire_Current Expenditures,2992146.00,ca_sco_cities
CA-27050,2021,Fire_Current Expenditures,323840.00,ca_sco_cities
CA-27050,2022,Fire_Current Expenditures,300329.00,ca_sco_cities
CA-27050,2023,Fire_Current Expenditures,331870.00,ca_sco_cities
CA-27050,2024,Fire_Current Expenditures,333839.00,ca_sco_cities
CA-27055,2021,Fire_Current Expenditures,4643949.00,ca_sco_cities
CA-27055,2022,Fire_Current Expenditures,4746457.00,ca_sco_cities
CA-27055,2023,Fire_Current Expenditures,4841605.00,ca_sco_cities
CA-27055,2024,Fire_Current Expenditures,5148723.00,ca_sco_cities
CA-27060,2021,Fire_Current Expenditures,23042746.00,ca_sco_cities
CA-27060,2022,Fire_Current Expenditures,24971833.00,ca_sco_cities
CA-27060,2023,Fire_Current Expenditures,26657146.00,ca_sco_cities
CA-27060,2024,Fire_Current Expenditures,28700389.00,ca_sco_cities
CA-27065,2021,Fire_Current Expenditures,3823118.00,ca_sco_cities
CA-27065,2022,Fire_Current Expenditures,3979967.00,ca_sco_cities
CA-27065,2023,Fire_Current Expenditures,4392833.00,ca_sco_cities
CA-27065,2024,Fire_Current Expenditures,4514064.00,ca_sco_cities
CA-27070,2021,Fire_Current Expenditures,25006588.00,ca_sco_cities
CA-27070,2022,Fire_Current Expenditures,26667422.00,ca_sco_cities
CA-27070,2023,Fire_Current Expenditures,29075342.00,ca_sco_cities
CA-27070,2024,Fire_Current Expenditures,29527746.00,ca_sco_cities
CA-27075,2021,Capital Outlay_General,2699132.00,ca_sco_districts
CA-27075,2021,Debt Service / Interest Payments on Long-Term Debt_General,1077963.00,ca_sco_districts
CA-27075,2021,Debt Service / Principal Payments on Long-Term Debt_General,1548362.00,ca_sco_districts
CA-27075,2021,Employee Benefits_General,4232442.00,ca_sco_districts
CA-27075,2021,Other Expenditures_General,42030.00,ca_sco_districts
CA-27075,2021,Salaries and Wages_General,10401549.00,ca_sco_districts
CA-27075,2021,Services and Supplies_General,2039015.00,ca_sco_districts
CA-27075,2022,Capital Outlay_General,682197.00,ca_sco_districts
CA-27075,2022,Debt Service / Interest Payments on Long-Term Debt_General,880241.00,ca_sco_districts
CA-27075,2022,Debt Service / Principal Payments on Long-Term Debt_General,1590365.00,ca_sco_districts
CA-27075,2022,Employee Benefits_General,4530677.00,ca_sco_districts
CA-27075,2022,Other Expenditures_General,29809.00,ca_sco_districts
CA-27075,2022,Salaries and Wages_General,10234228.00,ca_sco_districts
CA-27075,2022,Services and Supplies_General,2194108.00,ca_sco_districts
CA-27075,2023,Capital Outlay_General,309111.00,ca_sco_districts
CA-27075,2023,Debt Service / Interest Payments on Long-Term Debt_General,823864.00,ca_sco_districts
CA-27075,2023,Debt Service / Other Principal Payments on Long-Term Debt_General,1647615.00,ca_sco_districts
CA-27075,2023,Employee Benefits_General,4948064.00,ca_sco_districts
CA-27075,2023,Other Expenditures_General,18262.00,ca_sco_districts
CA-27075,2023,Salaries and Wages_General,10513182.00,ca_sco_districts
CA-27075,2023,Services and Supplies_General,2619290.00,ca_sco_districts
CA-27075,2024,Capital Outlay_General,1251463.00,ca_sco_districts
CA-27075,2024,Debt Service / Interest Payments on Long-Term Debt_General,761301.00,ca_sco_districts
CA-27075,2024,Debt Service / Other Principal Payments on Long-Term Debt_General,1705121.00,ca_sco_districts
CA-27075,2024,Employee Benefits_General,5619853.00,ca_sco_districts
CA-27075,2024,Salaries and Wages_General,10767177.00,ca_sco_districts
CA-27075,2024,Services and Supplies_General,2878568.00,ca_sco_districts
CA-27080,2021,Fire_Current Expenditures,9413239.00,ca_sco_cities
CA-27080,2022,Fire_Current Expenditures,10807515.00,ca_sco_cities
CA-27080,2023,Fire_Current Expenditures,11618838.00,ca_sco_cities
CA-27080,2024,Fire_Current Expenditures,11565815.00,ca_sco_cities
CA-27090,2021,Fire_Current Expenditures,763740.00,ca_sco_cities
CA-27090,2022,Fire_Current Expenditures,863550.00,ca_sco_cities
CA-27090,2023,Fire_Current Expenditures,2794945.00,ca_sco_cities
CA-27090,2024,Fire_Current Expenditures,1727816.00,ca_sco_cities
CA-27095,2021,Services and Supplies_General,260165.00,ca_sco_districts
CA-27095,2022,Services and Supplies_General,260402.00,ca_sco_districts
CA-27095,2023,Services and Supplies_General,274461.00,ca_sco_districts
CA-27095,2024,Services and Supplies_General,292943.00,ca_sco_districts
CA-27155,2021,Capital Outlay_General,159793.00,ca_sco_districts
CA-27155,2021,Services and Supplies_General,426502.00,ca_sco_districts
CA-27155,2022,Capital Outlay_General,219067.00,ca_sco_districts
CA-27155,2022,Services and Supplies_General,595268.00,ca_sco_districts
CA-27155,2023,Capital Outlay_General,3174845.00,ca_sco_districts
CA-27155,2023,Services and Supplies_General,677492.00,ca_sco_districts
CA-27155,2024,Capital Outlay_General,894068.00,ca_sco_districts
CA-27155,2024,Services and Supplies_General,770877.00,ca_sco_districts
CA-27905,2021,Other Expenditures_General,7838.00,ca_sco_districts
CA-27905,2021,Salaries and Wages_General,19926.00,ca_sco_districts
CA-27905,2021,Services and Supplies_General,179963.00,ca_sco_districts
CA-27905,2022,Other Expenditures_General,23635.00,ca_sco_districts
CA-27905,2022,Salaries and Wages_General,9370.00,ca_sco_districts
CA-27905,2022,Services and Supplies_General,116661.00,ca_sco_districts
CA-27905,2023,Salaries and Wages_General,5396.00,ca_sco_districts
CA-27905,2023,Services and Supplies_General,140834.00,ca_sco_districts
CA-27905,2024,Capital Outlay_General,151151.00,ca_sco_districts
CA-27905,2024,Salaries and Wages_General,13138.00,ca_sco_districts
CA-27905,2024,Services and Supplies_General,92081.00,ca_sco_districts
CA-28005,2021,Fire_Current Expenditures,2334526.00,ca_sco_cities
CA-28005,2022,Fire_Current Expenditures,2633445.00,ca_sco_cities
CA-28005,2023,Fire_Current Expenditures,2976554.00,ca_sco_cities
CA-28005,2024,Fire_Current Expenditures,3075399.00,ca_sco_cities
CA-28010,2021,Fire_Current Expenditures,13979059.00,ca_sco_cities
CA-28010,2022,Fire_Current Expenditures,15382731.00,ca_sco_cities
CA-28010,2023,Fire_Current Expenditures,15453258.00,ca_sco_cities
CA-28010,2024,Fire_Current Expenditures,16770190.00,ca_sco_cities
CA-28015,2021,Fire_Current Expenditures,2188031.00,ca_sco_cities
CA-28015,2022,Fire_Current Expenditures,2261687.00,ca_sco_cities
CA-28015,2023,Fire_Current Expenditures,2375286.00,ca_sco_cities
CA-28015,2024,Fire_Current Expenditures,2735295.00,ca_sco_cities
CA-28020,2021,Capital Outlay_Debt Service,259518.00,ca_sco_districts
CA-28020,2021,Capital Outlay_Special Revenue,810645.00,ca_sco_districts
CA-28020,2021,Employee Benefits_Special Revenue,2029509.00,ca_sco_districts
CA-28020,2021,Other Expenditures_Debt Service,2260.00,ca_sco_districts
CA-28020,2021,Salaries and Wages_Special Revenue,3752769.00,ca_sco_districts
CA-28020,2021,Services and Supplies_Special Revenue,671259.00,ca_sco_districts
CA-28020,2022,Capital Outlay_Special Revenue,13827.00,ca_sco_districts
CA-28020,2022,"Debt Service / Lease Financing, Principal Payments_Debt Service",15504.00,ca_sco_districts
CA-28020,2022,Debt Service / Other Debt Service_Debt Service,5306.00,ca_sco_districts
CA-28020,2022,Employee Benefits_Special Revenue,2451214.00,ca_sco_districts
CA-28020,2022,Salaries and Wages_Special Revenue,3682766.00,ca_sco_districts
CA-28020,2022,Services and Supplies_Debt Service,36189.00,ca_sco_districts
CA-28020,2022,Services and Supplies_Special Revenue,699318.00,ca_sco_districts
CA-28020,2023,Capital Outlay_Special Revenue,1565995.00,ca_sco_districts
CA-28020,2023,Debt Service / Interest Payments on Long-Term Debt_Debt Service,5034.00,ca_sco_districts
CA-28020,2023,Debt Service / Interest Payments on Long-Term Debt_Special Revenue,34490.00,ca_sco_districts
CA-28020,2023,Debt Service / Other Principal Payments on Long-Term Debt_Debt Service,14855.00,ca_sco_districts
CA-28020,2023,Debt Service / Other Principal Payments on Long-Term Debt_Special Revenue,102000.00,ca_sco_districts
CA-28020,2023,Employee Benefits_Special Revenue,2399224.00,ca_sco_districts
CA-28020,2023,Salaries and Wages_Special Revenue,3548124.00,ca_sco_districts
CA-28020,2023,Services and Supplies_Special Revenue,1117554.00,ca_sco_districts
CA-28020,2024,Capital Outlay_Special Revenue,266092.00,ca_sco_districts
CA-28020,2024,Debt Service / Interest Payments on Long-Term Debt_Debt Service,4757.00,ca_sco_districts
CA-28020,2024,Debt Service / Interest Payments on Long-Term Debt_Special Revenue,43084.00,ca_sco_districts
CA-28020,2024,Debt Service / Other Principal Payments on Long-Term Debt_Debt Service,15942.00,ca_sco_districts
CA-28020,2024,Debt Service / Other Principal Payments on Long-Term Debt_Special Revenue,238000.00,ca_sco_districts
CA-28020,2024,Employee Benefits_Special Revenue,2616188.00,ca_sco_districts
CA-28020,2024,Salaries and Wages_Special Revenue,3880169.00,ca_sco_districts
CA-28020,2024,Services and Supplies_Special Revenue,1274080.00,ca_sco_districts
CA-29005,2021,Fire_Current Expenditures,3755303.00,ca_sco_cities
CA-29005,2022,Fire_Current Expenditures,4913131.00,ca_sco_cities
CA-29005,2023,Fire_Current Expenditures,5413532.00,ca_sco_cities
CA-29005,2024,Fire_Current Expenditures,6050252.00,ca_sco_cities
CA-29015,2021,Capital Outlay_General,853888.00,ca_sco_districts
CA-29015,2021,Debt Service / Interest Payments on Long-Term Debt_General,6439.00,ca_sco_districts
CA-29015,2021,Debt Service / Interest Payments on Long-Term Debt_Special Revenue,5931.00,ca_sco_districts
CA-29015,2021,Debt Service / Principal Payments on Long-Term Debt_General,53411.00,ca_sco_districts
CA-29015,2021,Debt Service / Principal Payments on Long-Term Debt_Special Revenue,120151.00,ca_sco_districts
CA-29015,2021,Employee Benefits_General,1929303.00,ca_sco_districts
CA-29015,2021,Salaries and Wages_General,4488693.00,ca_sco_districts
CA-29015,2021,Services and Supplies_General,1021990.00,ca_sco_districts
CA-29015,2022,Capital Outlay_General,357919.00,ca_sco_districts
CA-29015,2022,Debt Service / Interest Payments on Long-Term Debt_General,16490.00,ca_sco_districts
CA-29015,2022,Debt Service / Interest Payments on Long-Term Debt_Special Revenue,3014.00,ca_sco_districts
CA-29015,2022,Debt Service / Principal Payments on Long-Term Debt_General,177058.00,ca_sco_districts
CA-29015,2022,Debt Service / Principal Payments on Long-Term Debt_Special Revenue,95982.00,ca_sco_districts
CA-29015,2022,Employee Benefits_General,1991817.00,ca_sco_districts
CA-29015,2022,Salaries and Wages_General,4821688.00,ca_sco_districts
CA-29015,2022,Services and Supplies_General,1125112.00,ca_sco_districts
CA-29015,2023,Capital Outlay_General,565820.00,ca_sco_districts
CA-29015,2023,Debt Service / Interest Payments on Long-Term Debt_General,12858.00,ca_sco_districts
CA-29015,2023,Debt Service / Interest Payments on Long-Term Debt_Special Revenue,612.00,ca_sco_districts
CA-29015,2023,Debt Service / Other Principal Payments on Long-Term Debt_General,180690.00,ca_sco_districts
CA-29015,2023,Debt Service / Other Principal Payments on Long-Term Debt_Special Revenue,48887.00,ca_sco_districts
CA-29015,2023,Employee Benefits_General,2044896.00,ca_sco_districts
CA-29015,2023,Salaries and Wages_General,4478523.00,ca_sco_districts
CA-29015,2023,Services and Supplies_General,1431173.00,ca_sco_districts
CA-29015,2023,Services and Supplies_Special Revenue,1615.00,ca_sco_districts
CA-29015,2024,Capital Outlay_General,1207766.00,ca_sco_districts
CA-29015,2024,Debt Service / Interest Payments on Long-Term Debt_General,17502.00,ca_sco_districts
CA-29015,2024,Debt Service / Other Principal Payments on Long-Term Debt_General,213888.00,ca_sco_districts
CA-29015,2024,Employee Benefits_General,2472735.00,ca_sco_districts
CA-29015,2024,Salaries and Wages_General,4967303.00,ca_sco_districts
CA-29015,2024,Services and Supplies_General,1468354.00,ca_sco_districts
CA-29015,2024,Services and Supplies_Special Revenue,19230.00,ca_sco_districts
CA-29025,2021,Capital Outlay_General,99473.00,ca_sco_districts
CA-29025,2021,Employee Benefits_General,279738.00,ca_sco_districts
CA-29025,2021,Salaries and Wages_General,777610.00,ca_sco_districts
CA-29025,2021,Services and Supplies_General,164403.00,ca_sco_districts
CA-29025,2022,Employee Benefits_General,254426.00,ca_sco_districts
CA-29025,2022,Salaries and Wages_General,734524.00,ca_sco_districts
CA-29025,2022,Services and Supplies_General,240288.00,ca_sco_districts
CA-29025,2023,Capital Outlay_Special Revenue,10490.00,ca_sco_districts
CA-29025,2023,Employee Benefits_General,297624.00,ca_sco_districts
CA-29025,2023,Salaries and Wages_General,627947.00,ca_sco_districts
CA-29025,2023,Services and Supplies_General,271705.00,ca_sco_districts
CA-29025,2024,Employee Benefits_General,280907.00,ca_sco_districts
CA-29025,2024,Salaries and Wages_General,613790.00,ca_sco_districts
CA-29025,2024,Services and Supplies_General,240803.00,ca_sco_districts
CA-29030,2021,Capital Outlay_Capital Projects,25061.00,ca_sco_districts
CA-29030,2021,Capital Outlay_General,33978.00,ca_sco_districts
CA-29030,2021,Employee Benefits_General,124137.00,ca_sco_districts
CA-29030,2021,Salaries and Wages_General,443101.00,ca_sco_districts
CA-29030,2021,Services and Supplies_General,91856.00,ca_sco_districts
CA-29030,2022,Capital Outlay_Capital Projects,75774.00,ca_sco_districts
CA-29030,2022,Capital Outlay_General,22801.00,ca_sco_districts
CA-29030,2022,Employee Benefits_General,207197.00,ca_sco_districts
CA-29030,2022,Salaries and Wages_General,388662.00,ca_sco_districts
CA-29030,2022,Services and Supplies_General,146718.00,ca_sco_districts
CA-29030,2023,Capital Outlay_Capital Projects,23818.00,ca_sco_districts
CA-29030,2023,Capital Outlay_General,4496.00,ca_sco_districts
CA-29030,2023,Employee Benefits_General,239886.00,ca_sco_districts
CA-29030,2023,Salaries and Wages_General,305879.00,ca_sco_districts
CA-29030,2023,Services and Supplies_General,220495.00,ca_sco_districts
CA-29030,2024,Capital Outlay_Capital Projects,76527.00,ca_sco_districts
CA-29030,2024,Capital Outlay_General,13171.00,ca_sco_districts
CA-29030,2024,Employee Benefits_General,269652.00,ca_sco_districts
CA-29030,2024,Salaries and Wages_General,457563.00,ca_sco_districts
CA-29030,2024,Services and Supplies_General,213499.00,ca_sco_districts
CA-29040,2021,Fire_Current Expenditures,1214080.00,ca_sco_cities
CA-29040,2022,Fire_Current Expenditures,1293629.00,ca_sco_cities
CA-29040,2023,Fire_Current Expenditures,1041821.00,ca_sco_cities
CA-29040,2024,Fire_Current Expenditures,1232274.00,ca_sco_cities
CA-29042,2021,Capital Outlay_Capital Projects,69645.00,ca_sco_districts
CA-29042,2021,Capital Outlay_General,42649.00,ca_sco_districts
CA-29042,2021,Capital Outlay_Special Revenue,20403.00,ca_sco_districts
CA-29042,2021,Employee Benefits_General,474965.00,ca_sco_districts
CA-29042,2021,Salaries and Wages_General,1021805.00,ca_sco_districts
CA-29042,2021,Services and Supplies_General,528306.00,ca_sco_districts
CA-29042,2022,Capital Outlay_Capital Projects,335303.00,ca_sco_districts
CA-29042,2022,Capital Outlay_General,19518.00,ca_sco_districts
CA-29042,2022,Employee Benefits_General,436558.00,ca_sco_districts
CA-29042,2022,Salaries and Wages_General,927242.00,ca_sco_districts
CA-29042,2022,Services and Supplies_General,488268.00,ca_sco_districts
CA-29042,2023,Capital Outlay_Capital Projects,186146.00,ca_sco_districts
CA-29042,2023,Capital Outlay_General,50435.00,ca_sco_districts
CA-29042,2023,Capital Outlay_Special Revenue,47598.00,ca_sco_districts
CA-29042,2023,Employee Benefits_General,490103.00,ca_sco_districts
CA-29042,2023,Salaries and Wages_General,889797.00,ca_sco_districts
CA-29042,2023,Services and Supplies_General,477399.00,ca_sco_districts
CA-29042,2024,Capital Outlay_Capital Projects,312645.00,ca_sco_districts
CA-29042,2024,Capital Outlay_Special Revenue,82826.00,ca_sco_districts
CA-29042,2024,Employee Benefits_General,497888.00,ca_sco_districts
CA-29042,2024,Salaries and Wages_General,991415.00,ca_sco_districts
CA-29042,2024,Services and Supplies_General,664482.00,ca_sco_districts
CA-29050,2021,Capital Outlay_General,2016.00,ca_sco_districts
CA-29050,2021,Debt Service / Interest Payments on Long-Term Debt_Special Revenue,10272.00,ca_sco_districts
CA-29050,2021,Debt Service / Principal Payments on Long-Term Debt_General,14000.00,ca_sco_districts
CA-29050,2021,Debt Service / Principal Payments on Long-Term Debt_Special Revenue,31785.00,ca_sco_districts
CA-29050,2021,Salaries and Wages_General,799206.00,ca_sco_districts
CA-29050,2021,Services and Supplies_General,172675.00,ca_sco_districts
CA-29050,2021,Services and Supplies_Special Revenue,3107.00,ca_sco_districts
CA-29050,2022,Capital Outlay_General,116999.00,ca_sco_districts
CA-29050,2022,Debt Service / Interest Payments on Long-Term Debt_Special Revenue,8953.00,ca_sco_districts
CA-29050,2022,Debt Service / Principal Payments on Long-Term Debt_Special Revenue,47104.00,ca_sco_districts
CA-29050,2022,Salaries and Wages_General,773978.00,ca_sco_districts
CA-29050,2022,Services and Supplies_General,221345.00,ca_sco_districts
CA-29050,2022,Services and Supplies_Special Revenue,1105.00,ca_sco_districts
CA-29050,2023,Capital Outlay_General,43831.00,ca_sco_districts
CA-29050,2023,Debt Service / Interest Payments on Long-Term Debt_Special Revenue,7568.00,ca_sco_districts
CA-29050,2023,Debt Service / Other Principal Payments on Long-Term Debt_Special Revenue,48489.00,ca_sco_districts
CA-29050,2023,Salaries and Wages_General,716738.00,ca_sco_districts
CA-29050,2023,Services and Supplies_General,190884.00,ca_sco_districts
CA-29050,2023,Services and Supplies_Special Revenue,1105.00,ca_sco_districts
CA-29050,2024,Capital Outlay_Special Revenue,17806.00,ca_sco_districts
CA-29050,2024,Debt Service / Interest Payments on Long-Term Debt_Special Revenue,6141.00,ca_sco_districts
CA-29050,2024,Debt Service / Other Principal Payments on Long-Term Debt_General,2300.00,ca_sco_districts
CA-29050,2024,Debt Service / Other Principal Payments on Long-Term Debt_Special Revenue,47616.00,ca_sco_districts
CA-29050,2024,Salaries and Wages_General,450291.00,ca_sco_districts
CA-29050,2024,Services and Supplies_General,167949.00,ca_sco_districts
CA-29050,2024,Services and Supplies_Special Revenue,28779.00,ca_sco_districts
CA-29055,2021,Debt Service / Interest Payments on Long-Term Debt_General,9090.00,ca_sco_districts
CA-29055,2021,Debt Service / Principal Payments on Long-Term Debt_General,74269.00,ca_sco_districts
CA-29055,2021,Employee Benefits_General,102861.00,ca_sco_districts
CA-29055,2021,Salaries and Wages_General,541016.00,ca_sco_districts
CA-29055,2021,Services and Supplies_General,196182.00,ca_sco_districts
CA-29055,2022,Capital Outlay_General,8000.00,ca_sco_districts
CA-29055,2022,Debt Service / Interest Payments on Long-Term Debt_General,31454.00,ca_sco_districts
CA-29055,2022,Debt Service / Principal Payments on Long-Term Debt_General,94659.00,ca_sco_districts
CA-29055,2022,Employee Benefits_General,65251.00,ca_sco_districts
CA-29055,2022,Salaries and Wages_General,500804.00,ca_sco_districts
CA-29055,2022,Services and Supplies_General,162748.00,ca_sco_districts
CA-29055,2023,Debt Service / Interest Payments on Long-Term Debt_General,14330.00,ca_sco_districts
CA-29055,2023,Debt Service / Other Principal Payments on Long-Term Debt_General,302684.00,ca_sco_districts
CA-29055,2023,Employee Benefits_General,63426.00,ca_sco_districts
CA-29055,2023,Salaries and Wages_General,230819.00,ca_sco_districts
CA-29055,2023,Services and Supplies_General,135525.00,ca_sco_districts
CA-29055,2024,Debt Service / Interest Payments on Long-Term Debt_General,11017.00,ca_sco_districts
CA-29055,2024,Debt Service / Other Principal Payments on Long-Term Debt_General,189036.00,ca_sco_districts
CA-29055,2024,Employee Benefits_General,64976.00,ca_sco_districts
CA-29055,2024,Salaries and Wages_General,593459.00,ca_sco_districts
CA-29055,2024,Services and Supplies_General,226838.00,ca_sco_districts
CA-29060,2021,Capital Outlay_General,498097.00,ca_sco_districts
CA-29060,2021,Capital Outlay_Special Revenue,461366.00,ca_sco_districts
CA-29060,2021,Employee Benefits_General,3619889.00,ca_sco_districts
CA-29060,2021,Salaries and Wages_General,6518993.00,ca_sco_districts
CA-29060,2021,Services and Supplies_General,2996191.00,ca_sco_districts
CA-29060,2021,Services and Supplies_Special Revenue,44125.00,ca_sco_districts
CA-29060,2022,Capital Outlay_General,355961.00,ca_sco_districts
CA-29060,2022,Capital Outlay_Special Revenue,201177.00,ca_sco_districts
CA-29060,2022,Employee Benefits_General,3796549.00,ca_sco_districts
CA-29060,2022,Salaries and Wages_General,7345791.00,ca_sco_districts
CA-29060,2022,Services and Supplies_General,3707394.00,ca_sco_districts
CA-29060,2022,Services and Supplies_Special Revenue,267081.00,ca_sco_districts
CA-29060,2023,Capital Outlay_General,326966.00,ca_sco_districts
CA-29060,2023,Capital Outlay_Special Revenue,632529.00,ca_sco_districts
CA-29060,2023,Employee Benefits_General,4057737.00,ca_sco_districts
CA-29060,2023,Salaries and Wages_General,7660431.00,ca_sco_districts
CA-29060,2023,Services and Supplies_General,4601099.00,ca_sco_districts
CA-29060,2023,Services and Supplies_Special Revenue,193791.00,ca_sco_districts
CA-29060,2024,Capital Outlay_General,434583.00,ca_sco_districts
CA-29060,2024,Capital Outlay_Special Revenue,1340782.00,ca_sco_districts
CA-29060,2024,Employee Benefits_General,4424676.00,ca_sco_districts
CA-29060,2024,Salaries and Wages_General,8141167.00,ca_sco_districts
CA-29060,2024,Services and Supplies_General,5277891.00,ca_sco_districts
CA-29060,2024,Services and Supplies_Special Revenue,202.00,ca_sco_districts
CA-29065,2021,Capital Outlay_Capital Projects,145399.00,ca_sco_districts
CA-29065,2021,Capital Outlay_General,8034.00,ca_sco_districts
CA-29065,2021,Capital Outlay_Special Revenue,59916.00,ca_sco_districts
CA-29065,2021,Debt Service / Interest Payments on Long-Term Debt_Capital Projects,4287.00,ca_sco_districts
CA-29065,2021,Debt Service / Interest Payments on Long-Term Debt_Special Revenue,1837.00,ca_sco_districts
CA-29065,2021,Debt Service / Lease Principal_Capital Projects,19659.00,ca_sco_districts
CA-29065,2021,Debt Service / Lease Principal_Special Revenue,8425.00,ca_sco_districts
CA-29065,2021,Employee Benefits_General,596909.00,ca_sco_districts
CA-29065,2021,Salaries and Wages_General,1570970.00,ca_sco_districts
CA-29065,2021,Services and Supplies_General,395328.00,ca_sco_districts
CA-29065,2022,Capital Outlay_Capital Projects,93427.00,ca_sco_districts
CA-29065,2022,Capital Outlay_General,8353.00,ca_sco_districts
CA-29065,2022,Capital Outlay_Special Revenue,3850.00,ca_sco_districts
CA-29065,2022,Debt Service / Interest Payments on Long-Term Debt_Capital Projects,16317.00,ca_sco_districts
CA-29065,2022,Debt Service / Interest Payments on Long-Term Debt_Special Revenue,6992.00,ca_sco_districts
CA-29065,2022,Debt Service / Principal Payments on Long-Term Debt_Capital Projects,36707.00,ca_sco_districts
CA-29065,2022,Debt Service / Principal Payments on Long-Term Debt_Special Revenue,20932.00,ca_sco_districts
CA-29065,2022,Employee Benefits_General,568290.00,ca_sco_districts
CA-29065,2022,Salaries and Wages_General,1600793.00,ca_sco_districts
CA-29065,2022,Services and Supplies_General,462776.00,ca_sco_districts
CA-29065,2023,Capital Outlay_Capital Projects,152049.00,ca_sco_districts
CA-29065,2023,Capital Outlay_General,58271.00,ca_sco_districts
CA-29065,2023,Capital Outlay_Special Revenue,16452.00,ca_sco_districts
CA-29065,2023,Debt Service / Interest Payments on Long-Term Debt_General,33817.00,ca_sco_districts
CA-29065,2023,"Debt Service / Lease Financing, Principal and Interest Payments_Capital Projects",26770.00,ca_sco_districts
CA-29065,2023,"Debt Service / Lease Financing, Principal and Interest Payments_Special Revenue",11473.00,ca_sco_districts
CA-29065,2023,Debt Service / Other Principal Payments on Long-Term Debt_General,56344.00,ca_sco_districts
CA-29065,2023,Employee Benefits_General,539349.00,ca_sco_districts
CA-29065,2023,Salaries and Wages_General,1694319.00,ca_sco_districts
CA-29065,2023,Services and Supplies_General,531238.00,ca_sco_districts
CA-29065,2024,Capital Outlay_Capital Projects,339756.00,ca_sco_districts
CA-29065,2024,Capital Outlay_General,29750.00,ca_sco_districts
CA-29065,2024,Capital Outlay_Special Revenue,28712.00,ca_sco_districts
CA-29065,2024,Debt Service / Interest Payments on Long-Term Debt_General,16149.00,ca_sco_districts
CA-29065,2024,Debt Service / Other Principal Payments on Long-Term Debt_Capital Projects,26770.00,ca_sco_districts
CA-29065,2024,Debt Service / Other Principal Payments on Long-Term Debt_General,28931.00,ca_sco_districts
CA-29065,2024,Debt Service / Other Principal Payments on Long-Term Debt_Special Revenue,11473.00,ca_sco_districts
CA-29065,2024,Employee Benefits_General,633595.00,ca_sco_districts
CA-29065,2024,Salaries and Wages_General,1562942.00,ca_sco_districts
CA-29065,2024,Services and Supplies_General,611061.00,ca_sco_districts
CA-30005,2021,Fire_Current Expenditures,91859365.00,ca_sco_cities
CA-30005,2022,Fire_Current Expenditures,82098957.00,ca_sco_cities
CA-30005,2023,Fire_Current Expenditures,95133960.00,ca_sco_cities
CA-30005,2024,Fire_Current Expenditures,98695252.00,ca_sco_cities
CA-30010,2021,Fire_Current Expenditures,9570216.00,ca_sco_cities
CA-30010,2022,Fire_Current Expenditures,9270993.00,ca_sco_cities
CA-30010,2023,Fire_Current Expenditures,9621704.00,ca_sco_cities
CA-30010,2024,Fire_Current Expenditures,9820663.00,ca_sco_cities
CA-30020,2021,Fire_Current Expenditures,26347840.00,ca_sco_cities
CA-30020,2022,Fire_Current Expenditures,30663285.00,ca_sco_cities
CA-30020,2023,Fire_Current Expenditures,30438289.00,ca_sco_cities
CA-30020,2024,Fire_Current Expenditures,32111092.00,ca_sco_cities
CA-30025,2021,Fire_Current Expenditures,8687126.00,ca_sco_cities
CA-30025,2022,Fire_Current Expenditures,9566317.00,ca_sco_cities
CA-30025,2023,Fire_Current Expenditures,9361339.00,ca_sco_cities
CA-30025,2024,Fire_Current Expenditures,10095777.00,ca_sco_cities
CA-30030,2021,Fire_Current Expenditures,24184827.00,ca_sco_cities
CA-30030,2022,Fire_Current Expenditures,25720136.00,ca_sco_cities
CA-30030,2023,Fire_Current Expenditures,28783077.00,ca_sco_cities
CA-30030,2024,Fire_Current Expenditures,33350591.00,ca_sco_cities
CA-30035,2021,Fire_Current Expenditures,28470166.00,ca_sco_cities
CA-30035,2022,Fire_Current Expenditures,26975339.00,ca_sco_cities
CA-30035,2023,Fire_Current Expenditures,30933358.00,ca_sco_cities
CA-30035,2024,Fire_Current Expenditures,31604001.00,ca_sco_cities
CA-30040,2021,Fire_Current Expenditures,46391685.00,ca_sco_cities
CA-30040,2022,Fire_Current Expenditures,48208865.00,ca_sco_cities
CA-30040,2023,Fire_Current Expenditures,52177428.00,ca_sco_cities
CA-30040,2024,Fire_Current Expenditures,53392822.00,ca_sco_cities
CA-30045,2021,Fire_Current Expenditures,15887303.00,ca_sco_cities
CA-30045,2022,Fire_Current Expenditures,15851509.00,ca_sco_cities
CA-30045,2023,Fire_Current Expenditures,17972761.00,ca_sco_cities
CA-30045,2024,Fire_Current Expenditures,19310940.00,ca_sco_cities
CA-30050,2021,Fire_Current Expenditures,11271879.00,ca_sco_cities
CA-30050,2022,Fire_Current Expenditures,12330126.00,ca_sco_cities
CA-30050,2023,Fire_Current Expenditures,12139460.00,ca_sco_cities
CA-30050,2024,Fire_Current Expenditures,11200349.00,ca_sco_cities
CA-30055,2021,Fire_Current Expenditures,37994505.00,ca_sco_cities
CA-30055,2022,Fire_Current Expenditures,39133029.00,ca_sco_cities
CA-30055,2023,Fire_Current Expenditures,49905849.00,ca_sco_cities
CA-30055,2024,Fire_Current Expenditures,52546287.00,ca_sco_cities
CA-30060,2021,Fire_Current Expenditures,25226490.00,ca_sco_cities
CA-30060,2022,Fire_Current Expenditures,25451332.00,ca_sco_cities
CA-30060,2023,Fire_Current Expenditures,25587932.00,ca_sco_cities
CA-30060,2024,Fire_Current Expenditures,25835811.00,ca_sco_cities
CA-30065,2021,Capital Outlay_Capital Projects,6729335.00,ca_sco_districts
CA-30065,2021,Capital Outlay_General,3023855.00,ca_sco_districts
CA-30065,2021,Debt Service / Other Debt Service_General,36246.00,ca_sco_districts
CA-30065,2021,Employee Benefits_General,146712054.00,ca_sco_districts
CA-30065,2021,Salaries and Wages_General,260223138.00,ca_sco_districts
CA-30065,2021,Services and Supplies_Capital Projects,473028.00,ca_sco_districts
CA-30065,2021,Services and Supplies_General,71094504.00,ca_sco_districts
CA-30065,2022,Capital Outlay_Capital Projects,11602351.00,ca_sco_districts
CA-30065,2022,Capital Outlay_General,1360821.00,ca_sco_districts
CA-30065,2022,Employee Benefits_General,151166618.00,ca_sco_districts
CA-30065,2022,Salaries and Wages_General,268219812.00,ca_sco_districts
CA-30065,2022,Services and Supplies_Capital Projects,1002630.00,ca_sco_districts
CA-30065,2022,Services and Supplies_General,79854490.00,ca_sco_districts
CA-30065,2023,Capital Outlay_Capital Projects,51924715.00,ca_sco_districts
CA-30065,2023,Capital Outlay_General,20406000.00,ca_sco_districts
CA-30065,2023,Employee Benefits_General,151209402.00,ca_sco_districts
CA-30065,2023,Salaries and Wages_General,268968841.00,ca_sco_districts
CA-30065,2023,Services and Supplies_Capital Projects,1168520.00,ca_sco_districts
CA-30065,2023,Services and Supplies_General,100601960.00,ca_sco_districts
CA-30065,2024,Capital Outlay_Capital Projects,28001125.00,ca_sco_districts
CA-30065,2024,Capital Outlay_General,4055703.00,ca_sco_districts
CA-30065,2024,Debt Service / Interest Payments on Long-Term Debt_Capital Projects,2154314.00,ca_sco_districts
CA-30065,2024,Debt Service / Other Principal Payments on Long-Term Debt_Capital Projects,2770492.00,ca_sco_districts
CA-30065,2024,Employee Benefits_General,156032381.00,ca_sco_districts
CA-30065,2024,Salaries and Wages_General,286454587.00,ca_sco_districts
CA-30065,2024,Services and Supplies_Capital Projects,1379971.00,ca_sco_districts
CA-30065,2024,Services and Supplies_General,97096031.00,ca_sco_districts
CA-30070,2021,Fire_Current Expenditures,3738991.00,ca_sco_cities
CA-30070,2022,Fire_Current Expenditures,3854342.00,ca_sco_cities
CA-30070,2023,Fire_Current Expenditures,4121409.00,ca_sco_cities
CA-30070,2024,Fire_Current Expenditures,4756794.00,ca_sco_cities
CA-30075,2021,Fire_Current Expenditures,44705399.00,ca_sco_cities
CA-30075,2022,Fire_Current Expenditures,127443114.00,ca_sco_cities
CA-30075,2023,Fire_Current Expenditures,49029675.00,ca_sco_cities
CA-30075,2024,Fire_Current Expenditures,39835219.00,ca_sco_cities
CA-31005,2021,Capital Outlay_General,14258.00,ca_sco_districts
CA-31005,2021,Salaries and Wages_General,20182.00,ca_sco_districts
CA-31005,2021,Services and Supplies_General,54334.00,ca_sco_districts
CA-31005,2022,Capital Outlay_General,4763.00,ca_sco_districts
CA-31005,2022,Salaries and Wages_General,14260.00,ca_sco_districts
CA-31005,2022,Services and Supplies_General,74490.00,ca_sco_districts
CA-31005,2023,Capital Outlay_General,3834.00,ca_sco_districts
CA-31005,2023,Salaries and Wages_General,19932.00,ca_sco_districts
CA-31005,2023,Services and Supplies_General,293910.00,ca_sco_districts
CA-31005,2024,Salaries and Wages_General,20000.00,ca_sco_districts
CA-31005,2024,Services and Supplies_General,81698.00,ca_sco_districts
CA-31010,2021,Fire_Current Expenditures,3424019.00,ca_sco_cities
CA-31010,2022,Fire_Current Expenditures,3314650.00,ca_sco_cities
CA-31010,2023,Fire_Current Expenditures,3526993.00,ca_sco_cities
CA-31010,2024,Fire_Current Expenditures,4088176.00,ca_sco_cities
CA-31030,2021,Fire_Current Expenditures,77846.00,ca_sco_cities
CA-31030,2022,Fire_Current Expenditures,85126.00,ca_sco_cities
CA-31030,2023,Fire_Current Expenditures,84773.00,ca_sco_cities
CA-31030,2024,Fire_Current Expenditures,84585.00,ca_sco_cities
CA-31040,2021,Debt Service / Interest Payments on Long-Term Debt_General,8253.00,ca_sco_districts
CA-31040,2021,Debt Service / Principal Payments on Long-Term Debt_General,74325.00,ca_sco_districts
CA-31040,2021,Employee Benefits_General,294361.00,ca_sco_districts
CA-31040,2021,Salaries and Wages_General,1233290.00,ca_sco_districts
CA-31040,2021,Services and Supplies_General,732019.00,ca_sco_districts
CA-31040,2022,Capital Outlay_General,9347.00,ca_sco_districts
CA-31040,2022,Debt Service / Interest Payments on Long-Term Debt_General,10249.00,ca_sco_districts
CA-31040,2022,Debt Service / Principal Payments on Long-Term Debt_General,126925.00,ca_sco_districts
CA-31040,2022,Employee Benefits_General,219837.00,ca_sco_districts
CA-31040,2022,Salaries and Wages_General,1194036.00,ca_sco_districts
CA-31040,2022,Services and Supplies_General,557785.00,ca_sco_districts
CA-31040,2023,Capital Outlay_General,162054.00,ca_sco_districts
CA-31040,2023,Debt Service / Interest Payments on Long-Term Debt_General,7079.00,ca_sco_districts
CA-31040,2023,Debt Service / Other Principal Payments on Long-Term Debt_General,151545.00,ca_sco_districts
CA-31040,2023,Employee Benefits_General,259289.00,ca_sco_districts
CA-31040,2023,Salaries and Wages_General,1392015.00,ca_sco_districts
CA-31040,2023,Services and Supplies_General,648367.00,ca_sco_districts
CA-31040,2024,Capital Outlay_General,26140.00,ca_sco_districts
CA-31040,2024,Debt Service / Interest Payments on Long-Term Debt_General,23446.00,ca_sco_districts
CA-31040,2024,Debt Service / Other Principal Payments on Long-Term Debt_General,139577.00,ca_sco_districts
CA-31040,2024,Employee Benefits_General,269524.00,ca_sco_districts
CA-31040,2024,Salaries and Wages_General,1298466.00,ca_sco_districts
CA-31040,2024,Services and Supplies_General,660642.00,ca_sco_districts
CA-31044,2021,Capital Outlay_General,66837.00,ca_sco_districts
CA-31044,2021,Debt Service / Interest Payments on Long-Term Debt_General,260672.00,ca_sco_districts
CA-31044,2021,Debt Service / Principal Payments on Long-Term Debt_General,585048.00,ca_sco_districts
CA-31044,2021,Employee Benefits_General,4868884.00,ca_sco_districts
CA-31044,2021,Salaries and Wages_General,7695810.00,ca_sco_districts
CA-31044,2021,Services and Supplies_General,3116512.00,ca_sco_districts
CA-31044,2022,Capital Outlay_General,131876.00,ca_sco_districts
CA-31044,2022,Debt Service / Interest Payments on Long-Term Debt_General,241855.00,ca_sco_districts
CA-31044,2022,Debt Service / Principal Payments on Long-Term Debt_General,564405.00,ca_sco_districts
CA-31044,2022,Employee Benefits_General,5050060.00,ca_sco_districts
CA-31044,2022,Salaries and Wages_General,8046092.00,ca_sco_districts
CA-31044,2022,Services and Supplies_General,3018770.00,ca_sco_districts
CA-31044,2023,Capital Outlay_General,175461.00,ca_sco_districts
CA-31044,2023,Debt Service / Interest Payments on Long-Term Debt_General,230028.00,ca_sco_districts
CA-31044,2023,Debt Service / Other Principal Payments on Long-Term Debt_General,587497.00,ca_sco_districts
CA-31044,2023,Employee Benefits_General,5519410.00,ca_sco_districts
CA-31044,2023,Salaries and Wages_General,8061753.00,ca_sco_districts
CA-31044,2023,Services and Supplies_General,3806702.00,ca_sco_districts
CA-31044,2024,Capital Outlay_General,175003.00,ca_sco_districts
CA-31044,2024,Debt Service / Interest Payments on Long-Term Debt_General,220287.00,ca_sco_districts
CA-31044,2024,Debt Service / Other Principal Payments on Long-Term Debt_General,498450.00,ca_sco_districts
CA-31044,2024,Employee Benefits_General,6001630.00,ca_sco_districts
CA-31044,2024,Salaries and Wages_General,8949822.00,ca_sco_districts
CA-31044,2024,Services and Supplies_General,3549541.00,ca_sco_districts
CA-31050,2021,Fire_Current Expenditures,5573311.00,ca_sco_cities
CA-31050,2022,Fire_Current Expenditures,5716191.00,ca_sco_cities
CA-31050,2023,Fire_Current Expenditures,7214711.00,ca_sco_cities
CA-31050,2024,Fire_Current Expenditures,7949540.00,ca_sco_cities
CA-31060,2021,Capital Outlay_General,123467.00,ca_sco_districts
CA-31060,2021,Debt Service / Interest Payments on Long-Term Debt_General,29286.00,ca_sco_districts
CA-31060,2021,Debt Service / Principal Payments on Long-Term Debt_General,277852.00,ca_sco_districts
CA-31060,2021,Employee Benefits_General,616529.00,ca_sco_districts
CA-31060,2021,Salaries and Wages_General,1803745.00,ca_sco_districts
CA-31060,2021,Services and Supplies_General,687440.00,ca_sco_districts
CA-31060,2022,Capital Outlay_General,234422.00,ca_sco_districts
CA-31060,2022,Capital Outlay_Special Revenue,37500.00,ca_sco_districts
CA-31060,2022,Debt Service / Interest Payments on Long-Term Debt_General,21832.00,ca_sco_districts
CA-31060,2022,Debt Service / Interest Payments on Long-Term Debt_Special Revenue,10537.00,ca_sco_districts
CA-31060,2022,Debt Service / Other Debt Service_General,60000.00,ca_sco_districts
CA-31060,2022,Debt Service / Principal Payments on Long-Term Debt_General,118324.00,ca_sco_districts
CA-31060,2022,Debt Service / Principal Payments on Long-Term Debt_Special Revenue,108717.00,ca_sco_districts
CA-31060,2022,Employee Benefits_General,1288983.00,ca_sco_districts
CA-31060,2022,Salaries and Wages_General,2126727.00,ca_sco_districts
CA-31060,2022,Services and Supplies_General,613690.00,ca_sco_districts
CA-31060,2023,Capital Outlay_General,108443.00,ca_sco_districts
CA-31060,2023,Debt Service / Interest Payments on Long-Term Debt_General,27419.00,ca_sco_districts
CA-31060,2023,Debt Service / Interest Payments on Long-Term Debt_Special Revenue,6647.00,ca_sco_districts
CA-31060,2023,"Debt Service / Lease Financing, Principal and Interest Payments_General",5000.00,ca_sco_districts
CA-31060,2023,Debt Service / Other Principal Payments on Long-Term Debt_General,163141.00,ca_sco_districts
CA-31060,2023,Debt Service / Other Principal Payments on Long-Term Debt_Special Revenue,112621.00,ca_sco_districts
CA-31060,2023,Employee Benefits_General,590135.00,ca_sco_districts
CA-31060,2023,Salaries and Wages_General,2381173.00,ca_sco_districts
CA-31060,2023,Services and Supplies_General,734021.00,ca_sco_districts
CA-31060,2024,Capital Outlay_General,901275.00,ca_sco_districts
CA-31060,2024,Debt Service / Interest Payments on Long-Term Debt_General,22140.00,ca_sco_districts
CA-31060,2024,Debt Service / Interest Payments on Long-Term Debt_Special Revenue,4264.00,ca_sco_districts
CA-31060,2024,"Debt Service / Lease Financing, Principal and Interest Payments_General",5150.00,ca_sco_districts
CA-31060,2024,Debt Service / Other Principal Payments on Long-Term Debt_General,169308.00,ca_sco_districts
CA-31060,2024,Debt Service / Other Principal Payments on Long-Term Debt_Special Revenue,114111.00,ca_sco_districts
CA-31060,2024,Employee Benefits_General,825438.00,ca_sco_districts
CA-31060,2024,Salaries and Wages_General,2219635.00,ca_sco_districts
CA-31060,2024,Services and Supplies_General,674783.00,ca_sco_districts
CA-31060,2024,Services and Supplies_Special Revenue,5001.00,ca_sco_districts
CA-31066,2021,Capital Outlay_General,16054.00,ca_sco_districts
CA-31066,2021,Debt Service / Interest Payments on Long-Term Debt_General,4131.00,ca_sco_districts
CA-31066,2021,Debt Service / Principal Payments on Long-Term Debt_General,25049.00,ca_sco_districts
CA-31066,2021,Employee Benefits_General,27955.00,ca_sco_districts
CA-31066,2021,Salaries and Wages_General,449584.00,ca_sco_districts
CA-31066,2021,Services and Supplies_General,345396.00,ca_sco_districts
CA-31066,2022,Capital Outlay_Capital Projects,1405934.00,ca_sco_districts
CA-31066,2022,Capital Outlay_General,111783.00,ca_sco_districts
CA-31066,2022,Capital Outlay_Special Revenue,176578.00,ca_sco_districts
CA-31066,2022,Debt Service / Interest Payments on Long-Term Debt_General,2554.00,ca_sco_districts
CA-31066,2022,Debt Service / Interest Payments on Long-Term Debt_Special Revenue,3863.00,ca_sco_districts
CA-31066,2022,Debt Service / Principal Payments on Long-Term Debt_Special Revenue,25317.00,ca_sco_districts
CA-31066,2022,Employee Benefits_General,121643.00,ca_sco_districts
CA-31066,2022,Salaries and Wages_General,447632.00,ca_sco_districts
CA-31066,2022,Services and Supplies_General,234005.00,ca_sco_districts
CA-31066,2023,Capital Outlay_Capital Projects,2238609.00,ca_sco_districts
CA-31066,2023,Capital Outlay_General,104284.00,ca_sco_districts
CA-31066,2023,Capital Outlay_Special Revenue,157564.00,ca_sco_districts
CA-31066,2023,Debt Service / Interest Payments on Long-Term Debt_Capital Projects,28566.00,ca_sco_districts
CA-31066,2023,Debt Service / Interest Payments on Long-Term Debt_Special Revenue,2144.00,ca_sco_districts
CA-31066,2023,Debt Service / Other Principal Payments on Long-Term Debt_Capital Projects,3587010.00,ca_sco_districts
CA-31066,2023,Debt Service / Other Principal Payments on Long-Term Debt_Special Revenue,27036.00,ca_sco_districts
CA-31066,2023,Employee Benefits_General,140526.00,ca_sco_districts
CA-31066,2023,Salaries and Wages_General,507235.00,ca_sco_districts
CA-31066,2023,Services and Supplies_General,332772.00,ca_sco_districts
CA-31066,2024,Capital Outlay_General,83125.00,ca_sco_districts
CA-31066,2024,Debt Service / Interest Payments on Long-Term Debt_Debt Service,84956.00,ca_sco_districts
CA-31066,2024,Debt Service / Interest Payments on Long-Term Debt_Special Revenue,388.00,ca_sco_districts
CA-31066,2024,Debt Service / Other Principal Payments on Long-Term Debt_Debt Service,60000.00,ca_sco_districts
CA-31066,2024,Debt Service / Other Principal Payments on Long-Term Debt_Special Revenue,28793.00,ca_sco_districts
CA-31066,2024,Employee Benefits_General,157213.00,ca_sco_districts
CA-31066,2024,Salaries and Wages_General,518592.00,ca_sco_districts
CA-31066,2024,Services and Supplies_General,338797.00,ca_sco_districts
CA-31075,2021,Capital Outlay_Special Revenue,12529.00,ca_sco_districts
CA-31075,2021,Debt Service / Interest Payments on Long-Term Debt_Special Revenue,22675.00,ca_sco_districts
CA-31075,2021,Debt Service / Principal Payments on Long-Term Debt_Special Revenue,28545.00,ca_sco_districts
CA-31075,2021,Employee Benefits_General,177890.00,ca_sco_districts
CA-31075,2021,Salaries and Wages_General,625192.00,ca_sco_districts
CA-31075,2021,Salaries and Wages_Special Revenue,2578.00,ca_sco_districts
CA-31075,2021,Services and Supplies_General,223392.00,ca_sco_districts
CA-31075,2022,Capital Outlay_General,25318.00,ca_sco_districts
CA-31075,2022,Capital Outlay_Special Revenue,22000.00,ca_sco_districts
CA-31075,2022,Debt Service / Interest Payments on Long-Term Debt_Special Revenue,21362.00,ca_sco_districts
CA-31075,2022,Debt Service / Principal Payments on Long-Term Debt_Special Revenue,29858.00,ca_sco_districts
CA-31075,2022,Employee Benefits_General,171997.00,ca_sco_districts
CA-31075,2022,Salaries and Wages_General,503789.00,ca_sco_districts
CA-31075,2022,Services and Supplies_General,298796.00,ca_sco_districts
CA-31075,2023,Capital Outlay_General,28316.00,ca_sco_districts
CA-31075,2023,Debt Service / Interest Payments on Long-Term Debt_Special Revenue,19989.00,ca_sco_districts
CA-31075,2023,Debt Service / Other Principal Payments on Long-Term Debt_Special Revenue,31231.00,ca_sco_districts
CA-31075,2023,Employee Benefits_General,168899.00,ca_sco_districts
CA-31075,2023,Salaries and Wages_General,616309.00,ca_sco_districts
CA-31075,2023,Services and Supplies_General,367812.00,ca_sco_districts
CA-31075,2024,Debt Service / Interest Payments on Long-Term Debt_Special Revenue,18552.00,ca_sco_districts
CA-31075,2024,Debt Service / Other Principal Payments on Long-Term Debt_Special Revenue,32668.00,ca_sco_districts
CA-31075,2024,Employee Benefits_General,202419.00,ca_sco_districts
CA-31075,2024,Salaries and Wages_General,626070.00,ca_sco_districts
CA-31075,2024,Services and Supplies_General,323623.00,ca_sco_districts
CA-31075,2024,Services and Supplies_Special Revenue,19111.00,ca_sco_districts
CA-31080,2021,Fire_Current Expenditures,11127554.00,ca_sco_cities
CA-31080,2022,Fire_Current Expenditures,11368813.00,ca_sco_cities
CA-31080,2023,Fire_Current Expenditures,11838283.00,ca_sco_cities
CA-31080,2024,Fire_Current Expenditures,12244246.00,ca_sco_cities
CA-31085,2021,Fire_Current Expenditures,35706906.00,ca_sco_cities
CA-31085,2022,Fire_Current Expenditures,43347880.00,ca_sco_cities
CA-31085,2023,Fire_Current Expenditures,42008834.00,ca_sco_cities
CA-31085,2024,Fire_Current Expenditures,43739411.00,ca_sco_cities
CA-31150,2021,Capital Outlay_General,1441281.00,ca_sco_districts
CA-31150,2021,Debt Service / Interest Payments on Long-Term Debt_General,240610.00,ca_sco_districts
CA-31150,2021,Debt Service / Principal Payments on Long-Term Debt_General,125000.00,ca_sco_districts
CA-31150,2021,Employee Benefits_General,3356326.00,ca_sco_districts
CA-31150,2021,Salaries and Wages_General,7525425.00,ca_sco_districts
CA-31150,2021,Services and Supplies_General,2387435.00,ca_sco_districts
CA-31150,2022,Capital Outlay_General,244779.00,ca_sco_districts
CA-31150,2022,Debt Service / Interest Payments on Long-Term Debt_General,248046.00,ca_sco_districts
CA-31150,2022,Debt Service / Principal Payments on Long-Term Debt_General,274410.00,ca_sco_districts
CA-31150,2022,Employee Benefits_General,3850013.00,ca_sco_districts
CA-31150,2022,Salaries and Wages_General,7880280.00,ca_sco_districts
CA-31150,2022,Services and Supplies_General,2283699.00,ca_sco_districts
CA-31150,2023,Capital Outlay_General,576463.00,ca_sco_districts
CA-31150,2023,Debt Service / Interest Payments on Long-Term Debt_General,240847.00,ca_sco_districts
CA-31150,2023,Debt Service / Other Principal Payments on Long-Term Debt_General,291682.00,ca_sco_districts
CA-31150,2023,Employee Benefits_General,4014760.00,ca_sco_districts
CA-31150,2023,Salaries and Wages_General,7477861.00,ca_sco_districts
CA-31150,2023,Services and Supplies_General,2410270.00,ca_sco_districts
CA-31150,2024,Capital Outlay_General,1031759.00,ca_sco_districts
CA-31150,2024,Debt Service / Interest Payments on Long-Term Debt_General,232570.00,ca_sco_districts
CA-31150,2024,Debt Service / Other Principal Payments on Long-Term Debt_General,313992.00,ca_sco_districts
CA-31150,2024,Employee Benefits_General,3933755.00,ca_sco_districts
CA-31150,2024,Salaries and Wages_General,8018121.00,ca_sco_districts
CA-31150,2024,Services and Supplies_General,2542467.00,ca_sco_districts
CA-32005,2021,Capital Outlay_General,25545.00,ca_sco_districts
CA-32005,2021,Employee Benefits_General,33120.00,ca_sco_districts
CA-32005,2021,Salaries and Wages_General,248782.00,ca_sco_districts
CA-32005,2021,Services and Supplies_General,160597.00,ca_sco_districts
CA-32005,2022,Employee Benefits_General,25586.00,ca_sco_districts
CA-32005,2022,Other Expenditures_General,66103.00,ca_sco_districts
CA-32005,2022,Salaries and Wages_General,445297.00,ca_sco_districts
CA-32005,2022,Services and Supplies_General,64224.00,ca_sco_districts
CA-32005,2023,Capital Outlay_General,13650.00,ca_sco_districts
CA-32005,2023,Salaries and Wages_General,223469.00,ca_sco_districts
CA-32005,2023,Services and Supplies_General,267416.00,ca_sco_districts
CA-32005,2024,Capital Outlay_General,44808.00,ca_sco_districts
CA-32005,2024,Contributions to Outside Agencies_General,595924.00,ca_sco_districts
CA-32005,2024,Salaries and Wages_General,309113.00,ca_sco_districts
CA-32005,2024,Services and Supplies_General,302941.00,ca_sco_districts
CA-32020,2021,Capital Outlay_General,328403.00,ca_sco_districts
CA-32020,2021,Debt Service / Interest Payments on Long-Term Debt_General,6451.00,ca_sco_districts
CA-32020,2021,Debt Service / Principal Payments on Long-Term Debt_General,35687.00,ca_sco_districts
CA-32020,2021,Employee Benefits_General,41706.00,ca_sco_districts
CA-32020,2021,Salaries and Wages_General,371678.00,ca_sco_districts
CA-32020,2021,Services and Supplies_General,161476.00,ca_sco_districts
CA-32020,2022,Debt Service / Interest Payments on Long-Term Debt_General,5383.00,ca_sco_districts
CA-32020,2022,Debt Service / Principal Payments on Long-Term Debt_General,30688.00,ca_sco_districts
CA-32020,2022,Employee Benefits_General,76541.00,ca_sco_districts
CA-32020,2022,Salaries and Wages_General,445247.00,ca_sco_districts
CA-32020,2022,Services and Supplies_General,198419.00,ca_sco_districts
CA-32020,2023,Capital Outlay_General,38475.00,ca_sco_districts
CA-32020,2023,Debt Service / Interest Payments on Long-Term Debt_General,4349.00,ca_sco_districts
CA-32020,2023,Debt Service / Other Principal Payments on Long-Term Debt_General,31722.00,ca_sco_districts
CA-32020,2023,Employee Benefits_General,88715.00,ca_sco_districts
CA-32020,2023,Salaries and Wages_General,213900.00,ca_sco_districts
CA-32020,2023,Services and Supplies_General,189496.00,ca_sco_districts
CA-32020,2024,"Debt Service / Lease Financing, Principal and Interest Payments_General",36071.00,ca_sco_districts
CA-32020,2024,Salaries and Wages_General,189919.00,ca_sco_districts
CA-32020,2024,Services and Supplies_General,225403.00,ca_sco_districts
CA-32030,2021,Debt Service / Interest Payments on Long-Term Debt_General,3604.00,ca_sco_districts
CA-32030,2021,Debt Service / Principal Payments on Long-Term Debt_General,7075.00,ca_sco_districts
CA-32030,2021,Salaries and Wages_General,1149.00,ca_sco_districts
CA-32030,2021,Services and Supplies_General,10360.00,ca_sco_districts
CA-32030,2022,Capital Outlay_General,2809.00,ca_sco_districts
CA-32030,2022,Debt Service / Interest Payments on Long-Term Debt_General,3357.00,ca_sco_districts
CA-32030,2022,Debt Service / Principal Payments on Long-Term Debt_General,7322.00,ca_sco_districts
CA-32030,2022,Employee Benefits_General,1220.00,ca_sco_districts
CA-32030,2022,Services and Supplies_General,11239.00,ca_sco_districts
CA-32030,2023,Capital Outlay_General,50298.00,ca_sco_districts
CA-32030,2023,Debt Service / Interest Payments on Long-Term Debt_General,3101.00,ca_sco_districts
CA-32030,2023,Debt Service / Other Principal Payments on Long-Term Debt_General,7578.00,ca_sco_districts
CA-32030,2023,Other Expenditures_General,2870.00,ca_sco_districts
CA-32030,2023,Services and Supplies_General,12301.00,ca_sco_districts
CA-32030,2024,Capital Outlay_General,23971.00,ca_sco_districts
CA-32030,2024,Debt Service / Interest Payments on Long-Term Debt_General,2837.00,ca_sco_districts
CA-32030,2024,Debt Service / Other Principal Payments on Long-Term Debt_General,7842.00,ca_sco_districts
CA-32030,2024,Employee Benefits_General,1230.00,ca_sco_districts
CA-32030,2024,Services and Supplies_General,13253.00,ca_sco_districts
CA-32035,2023,Employee Benefits_General,6639.00,ca_sco_districts
CA-32035,2023,Salaries and Wages_General,1861.00,ca_sco_districts
CA-32035,2023,Services and Supplies_General,58029.00,ca_sco_districts
CA-32035,2024,Employee Benefits_General,8709.00,ca_sco_districts
CA-32035,2024,Other Expenditures_General,13967.00,ca_sco_districts
CA-32035,2024,Salaries and Wages_General,1952.00,ca_sco_districts
CA-32035,2024,Services and Supplies_General,55899.00,ca_sco_districts
CA-32040,2021,Fire_Current Expenditures,131851.00,ca_sco_cities
CA-32040,2022,Fire_Current Expenditures,160982.00,ca_sco_cities
CA-32040,2023,Fire_Current Expenditures,186957.00,ca_sco_cities
CA-32040,2024,Fire_Current Expenditures,159457.00,ca_sco_cities
CA-32050,2021,Capital Outlay_General,52504.00,ca_sco_districts
CA-32050,2021,Employee Benefits_General,70671.00,ca_sco_districts
CA-32050,2021,Salaries and Wages_General,324641.00,ca_sco_districts
CA-32050,2021,Services and Supplies_General,163716.00,ca_sco_districts
CA-32050,2022,Capital Outlay_General,218332.00,ca_sco_districts
CA-32050,2022,Employee Benefits_General,112069.00,ca_sco_districts
CA-32050,2022,Salaries and Wages_General,436091.00,ca_sco_districts
CA-32050,2022,Services and Supplies_General,138215.00,ca_sco_districts
CA-32050,2023,Capital Outlay_General,22316.00,ca_sco_districts
CA-32050,2023,Employee Benefits_General,193578.00,ca_sco_districts
CA-32050,2023,Salaries and Wages_General,182148.00,ca_sco_districts
CA-32050,2023,Services and Supplies_General,199494.00,ca_sco_districts
CA-32050,2024,Capital Outlay_General,585272.00,ca_sco_districts
CA-32050,2024,Salaries and Wages_General,253797.00,ca_sco_districts
CA-32050,2024,Services and Supplies_General,189996.00,ca_sco_districts
CA-32060,2021,Services and Supplies_General,45228.00,ca_sco_districts
CA-32060,2024,Services and Supplies_General,60927.00,ca_sco_districts
CA-32065,2021,Debt Service / Interest Payments on Long-Term Debt_General,6204.00,ca_sco_districts
CA-32065,2021,Debt Service / Principal Payments on Long-Term Debt_General,37395.00,ca_sco_districts
CA-32065,2021,Employee Benefits_General,29129.00,ca_sco_districts
CA-32065,2021,Services and Supplies_General,327792.00,ca_sco_districts
CA-32065,2022,Debt Service / Interest Payments on Long-Term Debt_General,4241.00,ca_sco_districts
CA-32065,2022,Debt Service / Principal Payments on Long-Term Debt_General,39359.00,ca_sco_districts
CA-32065,2022,Employee Benefits_General,26058.00,ca_sco_districts
CA-32065,2022,Services and Supplies_General,396649.00,ca_sco_districts
CA-32065,2024,Capital Outlay_General,70971.00,ca_sco_districts
CA-32065,2024,Employee Benefits_General,20875.00,ca_sco_districts
CA-32065,2024,Services and Supplies_General,460149.00,ca_sco_districts
CA-32070,2021,Capital Outlay_General,96993.00,ca_sco_districts
CA-32070,2021,Debt Service / Interest Payments on Long-Term Debt_General,5377.00,ca_sco_districts
CA-32070,2021,Debt Service / Principal Payments on Long-Term Debt_General,40563.00,ca_sco_districts
CA-32070,2021,Employee Benefits_General,543745.00,ca_sco_districts
CA-32070,2021,Salaries and Wages_General,1246414.00,ca_sco_districts
CA-32070,2021,Services and Supplies_General,220045.00,ca_sco_districts
CA-32070,2022,Capital Outlay_General,62285.00,ca_sco_districts
CA-32070,2022,Debt Service / Interest Payments on Long-Term Debt_General,3658.00,ca_sco_districts
CA-32070,2022,Debt Service / Principal Payments on Long-Term Debt_General,42282.00,ca_sco_districts
CA-32070,2022,Employee Benefits_General,497828.00,ca_sco_districts
CA-32070,2022,Salaries and Wages_General,1138915.00,ca_sco_districts
CA-32070,2022,Services and Supplies_General,353071.00,ca_sco_districts
CA-32070,2023,Capital Outlay_General,155425.00,ca_sco_districts
CA-32070,2023,Debt Service / Interest Payments on Long-Term Debt_General,1867.00,ca_sco_districts
CA-32070,2023,Debt Service / Other Principal Payments on Long-Term Debt_General,44073.00,ca_sco_districts
CA-32070,2023,Employee Benefits_General,913593.00,ca_sco_districts
CA-32070,2023,Salaries and Wages_General,893851.00,ca_sco_districts
CA-32070,2023,Services and Supplies_General,299086.00,ca_sco_districts
CA-32070,2024,Capital Outlay_General,37605.00,ca_sco_districts
CA-32070,2024,Employee Benefits_General,1015726.00,ca_sco_districts
CA-32070,2024,Salaries and Wages_General,1146645.00,ca_sco_districts
CA-32070,2024,Services and Supplies_General,488735.00,ca_sco_districts
CA-32075,2021,Employee Benefits_General,45722.00,ca_sco_districts
CA-32075,2021,Salaries and Wages_General,178753.00,ca_sco_districts
CA-32075,2021,Services and Supplies_General,174550.00,ca_sco_districts
CA-32075,2022,Employee Benefits_General,28827.00,ca_sco_districts
CA-32075,2022,Salaries and Wages_General,178799.00,ca_sco_districts
CA-32075,2022,Services and Supplies_General,162911.00,ca_sco_districts
CA-32075,2023,Employee Benefits_General,35416.00,ca_sco_districts
CA-32075,2023,Salaries and Wages_General,47042.00,ca_sco_districts
CA-32075,2023,Services and Supplies_General,140134.00,ca_sco_districts
CA-32075,2024,Employee Benefits_General,40789.00,ca_sco_districts
CA-32075,2024,Salaries and Wages_General,19836.00,ca_sco_districts
CA-32075,2024,Services and Supplies_General,114269.00,ca_sco_districts
CA-33018,2021,Fire_Current Expenditures,9719129.00,ca_sco_cities
CA-33018,2022,Fire_Current Expenditures,16101809.00,ca_sco_cities
CA-33018,2023,Fire_Current Expenditures,10796096.00,ca_sco_cities
CA-33018,2024,Fire_Current Expenditures,9858203.00,ca_sco_cities
CA-33020,2021,Services and Supplies_General,2899025.00,ca_sco_districts
CA-33020,2022,Services and Supplies_General,3142549.00,ca_sco_districts
CA-33020,2023,Services and Supplies_General,3863796.00,ca_sco_districts
CA-33020,2024,Other Expenditures_General,8212.00,ca_sco_districts
CA-33020,2024,Services and Supplies_General,3735993.00,ca_sco_districts
CA-33025,2021,Fire_Current Expenditures,29464837.00,ca_sco_cities
CA-33025,2022,Fire_Current Expenditures,29148623.00,ca_sco_cities
CA-33025,2023,Fire_Current Expenditures,30329483.00,ca_sco_cities
CA-33025,2024,Fire_Current Expenditures,32825646.00,ca_sco_cities
CA-33040,2021,Fire_Current Expenditures,13747299.00,ca_sco_cities
CA-33040,2022,Fire_Current Expenditures,15714357.00,ca_sco_cities
CA-33040,2023,Fire_Current Expenditures,18137962.00,ca_sco_cities
CA-33040,2024,Fire_Current Expenditures,18816911.00,ca_sco_cities
CA-33045,2021,Capital Outlay_General,245740.00,ca_sco_districts
CA-33045,2021,Debt Service / Interest Payments on Long-Term Debt_General,6723.00,ca_sco_districts
CA-33045,2021,Debt Service / Principal Payments on Long-Term Debt_General,32357.00,ca_sco_districts
CA-33045,2021,Employee Benefits_General,661500.00,ca_sco_districts
CA-33045,2021,Salaries and Wages_General,1601235.00,ca_sco_districts
CA-33045,2021,Services and Supplies_General,540315.00,ca_sco_districts
CA-33045,2022,Capital Outlay_General,268085.00,ca_sco_districts
CA-33045,2022,Debt Service / Interest Payments on Long-Term Debt_General,5770.00,ca_sco_districts
CA-33045,2022,Debt Service / Principal Payments on Long-Term Debt_General,33446.00,ca_sco_districts
CA-33045,2022,Employee Benefits_General,722441.00,ca_sco_districts
CA-33045,2022,Salaries and Wages_General,2096958.00,ca_sco_districts
CA-33045,2022,Services and Supplies_General,685842.00,ca_sco_districts
CA-33045,2024,Capital Outlay_General,64950.00,ca_sco_districts
CA-33045,2024,Debt Service / Interest Payments on Long-Term Debt_General,12452.00,ca_sco_districts
CA-33045,2024,Debt Service / Other Principal Payments on Long-Term Debt_General,59586.00,ca_sco_districts
CA-33045,2024,Employee Benefits_General,754001.00,ca_sco_districts
CA-33045,2024,Salaries and Wages_General,2189753.00,ca_sco_districts
CA-33045,2024,Services and Supplies_General,614273.00,ca_sco_districts
CA-33055,2021,Capital Outlay_General,15100.00,ca_sco_districts
CA-33055,2021,Employee Benefits_General,6035425.00,ca_sco_districts
CA-33055,2021,Other Expenditures_General,300450.00,ca_sco_districts
CA-33055,2021,Salaries and Wages_General,10552171.00,ca_sco_districts
CA-33055,2021,Services and Supplies_General,2160546.00,ca_sco_districts
CA-33055,2022,Debt Service / Interest Payments on Long-Term Debt_General,1181.00,ca_sco_districts
CA-33055,2022,Debt Service / Principal Payments on Long-Term Debt_General,19659.00,ca_sco_districts
CA-33055,2022,Employee Benefits_General,5921476.00,ca_sco_districts
CA-33055,2022,Salaries and Wages_General,10932131.00,ca_sco_districts
CA-33055,2022,Services and Supplies_General,3626559.00,ca_sco_districts
CA-33055,2023,Employee Benefits_General,6678620.00,ca_sco_districts
CA-33055,2023,Salaries and Wages_General,11509585.00,ca_sco_districts
CA-33055,2023,Services and Supplies_General,3602717.00,ca_sco_districts
CA-33055,2024,Employee Benefits_General,6815089.00,ca_sco_districts
CA-33055,2024,Other Expenditures_General,73887.00,ca_sco_districts
CA-33055,2024,Salaries and Wages_General,12571729.00,ca_sco_districts
CA-33055,2024,Services and Supplies_General,3814919.00,ca_sco_districts
CA-33060,2021,Fire_Current Expenditures,4085735.00,ca_sco_cities
CA-33060,2022,Fire_Current Expenditures,3427294.00,ca_sco_cities
CA-33060,2023,Fire_Current Expenditures,4287311.00,ca_sco_cities
CA-33060,2024,Fire_Current Expenditures,5371043.00,ca_sco_cities
CA-33065,2021,Fire_Current Expenditures,19973131.00,ca_sco_cities
CA-33065,2022,Fire_Current Expenditures,22103544.00,ca_sco_cities
CA-33065,2023,Fire_Current Expenditures,25438904.00,ca_sco_cities
CA-33065,2024,Fire_Current Expenditures,27005213.00,ca_sco_cities
CA-33075,2021,Fire_Current Expenditures,68769299.00,ca_sco_cities
CA-33075,2022,Fire_Current Expenditures,68533588.00,ca_sco_cities
CA-33075,2023,Fire_Current Expenditures,72369385.00,ca_sco_cities
CA-33075,2024,Fire_Current Expenditures,75818499.00,ca_sco_cities
CA-34015,2021,Capital Outlay_General,451279.00,ca_sco_districts
CA-34015,2021,Employee Benefits_General,4427.00,ca_sco_districts
CA-34015,2021,Salaries and Wages_General,31660.00,ca_sco_districts
CA-34015,2021,Services and Supplies_General,84597.00,ca_sco_districts
CA-34015,2022,Capital Outlay_General,-14235.00,ca_sco_districts
CA-34015,2022,Other Expenditures_General,869.00,ca_sco_districts
CA-34015,2022,Salaries and Wages_General,33059.00,ca_sco_districts
CA-34015,2022,Services and Supplies_General,100495.00,ca_sco_districts
CA-34015,2023,Capital Outlay_General,255947.00,ca_sco_districts
CA-34015,2023,Salaries and Wages_General,34600.00,ca_sco_districts
CA-34015,2023,Services and Supplies_General,80550.00,ca_sco_districts
CA-34015,2024,Capital Outlay_General,11310.00,ca_sco_districts
CA-34015,2024,Salaries and Wages_General,34376.00,ca_sco_districts
CA-34015,2024,Services and Supplies_General,152384.00,ca_sco_districts
CA-34035,2021,Fire_Current Expenditures,25604582.00,ca_sco_cities
CA-34035,2022,Fire_Current Expenditures,26680848.00,ca_sco_cities
CA-34035,2023,Fire_Current Expenditures,26742374.00,ca_sco_cities
CA-34035,2024,Fire_Current Expenditures,29043768.00,ca_sco_cities
CA-34050,2021,Debt Service / Interest Payments on Long-Term Debt_General,25763.00,ca_sco_districts
CA-34050,2021,Debt Service / Principal Payments on Long-Term Debt_General,22081.00,ca_sco_districts
CA-34050,2021,Employee Benefits_General,45578.00,ca_sco_districts
CA-34050,2021,Salaries and Wages_General,256727.00,ca_sco_districts
CA-34050,2021,Services and Supplies_General,278358.00,ca_sco_districts
CA-34050,2022,Capital Outlay_General,3047123.00,ca_sco_districts
CA-34050,2022,Debt Service / Interest Payments on Long-Term Debt_General,24458.00,ca_sco_districts
CA-34050,2022,Debt Service / Principal Payments on Long-Term Debt_General,23386.00,ca_sco_districts
CA-34050,2022,Employee Benefits_General,49958.00,ca_sco_districts
CA-34050,2022,Salaries and Wages_General,223308.00,ca_sco_districts
CA-34050,2022,Services and Supplies_General,332066.00,ca_sco_districts
CA-34050,2023,Capital Outlay_General,129944.00,ca_sco_districts
CA-34050,2023,Debt Service / Interest Payments on Long-Term Debt_General,29546.00,ca_sco_districts
CA-34050,2023,Debt Service / Other Principal Payments on Long-Term Debt_General,394614.00,ca_sco_districts
CA-34050,2023,Employee Benefits_General,68463.00,ca_sco_districts
CA-34050,2023,Salaries and Wages_General,190223.00,ca_sco_districts
CA-34050,2023,Services and Supplies_General,296644.00,ca_sco_districts
CA-34050,2024,Capital Outlay_General,222608.00,ca_sco_districts
CA-34050,2024,Employee Benefits_General,34496.00,ca_sco_districts
CA-34050,2024,Salaries and Wages_General,239594.00,ca_sco_districts
CA-34050,2024,Services and Supplies_General,318702.00,ca_sco_districts
CA-34055,2021,Fire_Current Expenditures,316980.00,ca_sco_cities
CA-34055,2022,Fire_Current Expenditures,498779.00,ca_sco_cities
CA-34055,2023,Fire_Current Expenditures,413171.00,ca_sco_cities
CA-34055,2024,Fire_Current Expenditures,336207.00,ca_sco_cities
CA-34080,2021,Fire_Current Expenditures,145352000.00,ca_sco_cities
CA-34080,2022,Fire_Current Expenditures,161715000.00,ca_sco_cities
CA-34080,2023,Fire_Current Expenditures,166441000.00,ca_sco_cities
CA-34080,2024,Fire_Current Expenditures,182337000.00,ca_sco_cities
CA-34090,2021,Capital Outlay_Capital Projects,7556597.00,ca_sco_districts
CA-34090,2021,Capital Outlay_Special Revenue,41017.00,ca_sco_districts
CA-34090,2021,Contributions to Outside Agencies_General,45000.00,ca_sco_districts
CA-34090,2021,Debt Service / Interest Payments on Long-Term Debt_Capital Projects,339050.00,ca_sco_districts
CA-34090,2021,Debt Service / Interest Payments on Long-Term Debt_General,2145019.00,ca_sco_districts
CA-34090,2021,Debt Service / Lease Principal_Capital Projects,5740040.00,ca_sco_districts
CA-34090,2021,Debt Service / Lease Principal_General,266013.00,ca_sco_districts
CA-34090,2021,Debt Service / Principal Payments on Long-Term Debt_Capital Projects,23819.00,ca_sco_districts
CA-34090,2021,Debt Service / Principal Payments on Long-Term Debt_General,2656184.00,ca_sco_districts
CA-34090,2021,Employee Benefits_General,83725185.00,ca_sco_districts
CA-34090,2021,Other Expenditures_General,3876.00,ca_sco_districts
CA-34090,2021,Salaries and Wages_General,108236585.00,ca_sco_districts
CA-34090,2021,Salaries and Wages_Special Revenue,6752.00,ca_sco_districts
CA-34090,2021,Services and Supplies_Capital Projects,64658.00,ca_sco_districts
CA-34090,2021,Services and Supplies_General,38726238.00,ca_sco_districts
CA-34090,2021,Services and Supplies_Special Revenue,127396.00,ca_sco_districts
CA-34090,2022,Capital Outlay_Capital Projects,5573381.00,ca_sco_districts
CA-34090,2022,Capital Outlay_Special Revenue,3251267.00,ca_sco_districts
CA-34090,2022,Contributions to Outside Agencies_General,45000.00,ca_sco_districts
CA-34090,2022,Debt Service / Interest Payments on Long-Term Debt_Capital Projects,247584.00,ca_sco_districts
CA-34090,2022,Debt Service / Interest Payments on Long-Term Debt_General,2000326.00,ca_sco_districts
CA-34090,2022,Debt Service / Principal Payments on Long-Term Debt_Capital Projects,4833136.00,ca_sco_districts
CA-34090,2022,Debt Service / Principal Payments on Long-Term Debt_General,3115272.00,ca_sco_districts
CA-34090,2022,Employee Benefits_General,90128600.00,ca_sco_districts
CA-34090,2022,Employee Benefits_Special Revenue,523615.00,ca_sco_districts
CA-34090,2022,Other Expenditures_General,328.00,ca_sco_districts
CA-34090,2022,Salaries and Wages_General,114274184.00,ca_sco_districts
CA-34090,2022,Salaries and Wages_Special Revenue,880620.00,ca_sco_districts
CA-34090,2022,Services and Supplies_Capital Projects,212437.00,ca_sco_districts
CA-34090,2022,Services and Supplies_General,41515723.00,ca_sco_districts
CA-34090,2022,Services and Supplies_Special Revenue,392729.00,ca_sco_districts
CA-34090,2023,Capital Outlay_Capital Projects,4815754.00,ca_sco_districts
CA-34090,2023,Capital Outlay_Special Revenue,184126.00,ca_sco_districts
CA-34090,2023,Contributions to Outside Agencies_General,29256.00,ca_sco_districts
CA-34090,2023,Debt Service / Interest Payments on Long-Term Debt_Capital Projects,286037.00,ca_sco_districts
CA-34090,2023,Debt Service / Interest Payments on Long-Term Debt_General,1629248.00,ca_sco_districts
CA-34090,2023,Debt Service / Other Principal Payments on Long-Term Debt_Capital Projects,4680407.00,ca_sco_districts
CA-34090,2023,Debt Service / Other Principal Payments on Long-Term Debt_General,2955682.00,ca_sco_districts
CA-34090,2023,Employee Benefits_General,92749660.00,ca_sco_districts
CA-34090,2023,Employee Benefits_Special Revenue,2132830.00,ca_sco_districts
CA-34090,2023,Other Expenditures_General,3593.00,ca_sco_districts
CA-34090,2023,Salaries and Wages_General,120674120.00,ca_sco_districts
CA-34090,2023,Salaries and Wages_Special Revenue,2486864.00,ca_sco_districts
CA-34090,2023,Services and Supplies_Capital Projects,80790.00,ca_sco_districts
CA-34090,2023,Services and Supplies_General,47659346.00,ca_sco_districts
CA-34090,2023,Services and Supplies_Special Revenue,477659.00,ca_sco_districts
CA-34090,2024,Capital Outlay_Capital Projects,12026839.00,ca_sco_districts
CA-34090,2024,Capital Outlay_Special Revenue,70855.00,ca_sco_districts
CA-34090,2024,Debt Service / Interest Payments on Long-Term Debt_Capital Projects,355561.00,ca_sco_districts
CA-34090,2024,Debt Service / Interest Payments on Long-Term Debt_General,1578576.00,ca_sco_districts
CA-34090,2024,Debt Service / Other Principal Payments on Long-Term Debt_Capital Projects,4845804.00,ca_sco_districts
CA-34090,2024,Debt Service / Other Principal Payments on Long-Term Debt_General,3446354.00,ca_sco_districts
CA-34090,2024,Employee Benefits_General,97556651.00,ca_sco_districts
CA-34090,2024,Employee Benefits_Special Revenue,2478528.00,ca_sco_districts
CA-34090,2024,Other Expenditures_General,4900.00,ca_sco_districts
CA-34090,2024,Salaries and Wages_General,135186081.00,ca_sco_districts
CA-34090,2024,Salaries and Wages_Special Revenue,2383894.00,ca_sco_districts
CA-34090,2024,Services and Supplies_Capital Projects,110194.00,ca_sco_districts
CA-34090,2024,Services and Supplies_General,54481922.00,ca_sco_districts
CA-34090,2024,Services and Supplies_Special Revenue,932722.00,ca_sco_districts
CA-34125,2021,Capital Outlay_General,3273.00,ca_sco_districts
CA-34125,2021,Employee Benefits_General,109468.00,ca_sco_districts
CA-34125,2021,Salaries and Wages_General,739119.00,ca_sco_districts
CA-34125,2021,Services and Supplies_General,665686.00,ca_sco_districts
CA-34125,2022,Capital Outlay_General,32701.00,ca_sco_districts
CA-34125,2022,Employee Benefits_General,105431.00,ca_sco_districts
CA-34125,2022,Salaries and Wages_General,635541.00,ca_sco_districts
CA-34125,2022,Services and Supplies_General,463474.00,ca_sco_districts
CA-34125,2023,Capital Outlay_General,27381.00,ca_sco_districts
CA-34125,2023,Employee Benefits_General,117118.00,ca_sco_districts
CA-34125,2023,Salaries and Wages_General,566590.00,ca_sco_districts
CA-34125,2023,Services and Supplies_General,364745.00,ca_sco_districts
CA-34125,2024,Capital Outlay_General,201023.00,ca_sco_districts
CA-34125,2024,Employee Benefits_General,108774.00,ca_sco_districts
CA-34125,2024,Salaries and Wages_General,538689.00,ca_sco_districts
CA-34125,2024,Services and Supplies_General,561461.00,ca_sco_districts
CA-34130,2021,Other Expenditures_General,348453.00,ca_sco_districts
CA-34130,2021,Services and Supplies_General,53876.00,ca_sco_districts
CA-34130,2022,Services and Supplies_General,68680.00,ca_sco_districts
CA-34130,2023,Services and Supplies_General,83527.00,ca_sco_districts
CA-34130,2024,Services and Supplies_General,37359.00,ca_sco_districts
CA-34135,2021,Debt Service / Interest Payments on Long-Term Debt_General,3003.00,ca_sco_districts
CA-34135,2021,Debt Service / Principal Payments on Long-Term Debt_General,24217.00,ca_sco_districts
CA-34135,2021,Salaries and Wages_General,56163.00,ca_sco_districts
CA-34135,2021,Salaries and Wages_Special Revenue,256.00,ca_sco_districts
CA-34135,2021,Services and Supplies_General,62690.00,ca_sco_districts
CA-34135,2021,Services and Supplies_Special Revenue,95163.00,ca_sco_districts
CA-34135,2022,Capital Outlay_General,15242.00,ca_sco_districts
CA-34135,2022,Debt Service / Interest Payments on Long-Term Debt_General,8088.00,ca_sco_districts
CA-34135,2022,Debt Service / Principal Payments on Long-Term Debt_General,16172.00,ca_sco_districts
CA-34135,2022,Salaries and Wages_General,70675.00,ca_sco_districts
CA-34135,2022,Services and Supplies_General,166530.00,ca_sco_districts
CA-34135,2022,Services and Supplies_Special Revenue,61525.00,ca_sco_districts
CA-34135,2023,Capital Outlay_General,154980.00,ca_sco_districts
CA-34135,2023,Capital Outlay_Special Revenue,40000.00,ca_sco_districts
CA-34135,2023,Debt Service / Interest Payments on Long-Term Debt_General,7318.00,ca_sco_districts
CA-34135,2023,Debt Service / Other Principal Payments on Long-Term Debt_General,16887.00,ca_sco_districts
CA-34135,2023,Salaries and Wages_General,52835.00,ca_sco_districts
CA-34135,2023,Services and Supplies_General,140887.00,ca_sco_districts
CA-34135,2023,Services and Supplies_Special Revenue,151248.00,ca_sco_districts
CA-34135,2024,Capital Outlay_Special Revenue,108384.00,ca_sco_districts
CA-34135,2024,Debt Service / Interest Payments on Long-Term Debt_General,12824.00,ca_sco_districts
CA-34135,2024,Debt Service / Other Principal Payments on Long-Term Debt_General,27565.00,ca_sco_districts
CA-34135,2024,Salaries and Wages_General,52835.00,ca_sco_districts
CA-34135,2024,Services and Supplies_General,144764.00,ca_sco_districts
CA-34135,2024,Services and Supplies_Special Revenue,161721.00,ca_sco_districts
CA-35010,2021,Fire_Current Expenditures,11259935.00,ca_sco_cities
CA-35010,2023,Fire_Current Expenditures,13653697.00,ca_sco_cities
CA-35010,2024,Fire_Current Expenditures,13792088.00,ca_sco_cities
CA-35035,2021,Fire_Current Expenditures,309710.00,ca_sco_cities
CA-35035,2022,Fire_Current Expenditures,281153.00,ca_sco_cities
CA-35035,2023,Fire_Current Expenditures,113040.00,ca_sco_cities
CA-35035,2024,Fire_Current Expenditures,375029.00,ca_sco_cities
CA-36010,2021,Capital Outlay_General,7325588.00,ca_sco_districts
CA-36010,2021,Debt Service / Interest Payments on Long-Term Debt_General,47559.00,ca_sco_districts
CA-36010,2021,Debt Service / Principal Payments on Long-Term Debt_General,352426.00,ca_sco_districts
CA-36010,2021,Employee Benefits_General,11105482.00,ca_sco_districts
CA-36010,2021,Other Expenditures_General,9841643.00,ca_sco_districts
CA-36010,2021,Other Expenditures_Special Revenue,531322.00,ca_sco_districts
CA-36010,2021,Salaries and Wages_General,10204126.00,ca_sco_districts
CA-36010,2021,Salaries and Wages_Special Revenue,7959700.00,ca_sco_districts
CA-36010,2021,Services and Supplies_General,2789451.00,ca_sco_districts
CA-36010,2021,Services and Supplies_Special Revenue,453450.00,ca_sco_districts
CA-36010,2022,Capital Outlay_General,3829094.00,ca_sco_districts
CA-36010,2022,Debt Service / Interest Payments on Long-Term Debt_General,31368.00,ca_sco_districts
CA-36010,2022,Debt Service / Principal Payments on Long-Term Debt_General,368617.00,ca_sco_districts
CA-36010,2022,Employee Benefits_General,10241805.00,ca_sco_districts
CA-36010,2022,Other Expenditures_General,10093333.00,ca_sco_districts
CA-36010,2022,Other Expenditures_Special Revenue,538693.00,ca_sco_districts
CA-36010,2022,Salaries and Wages_General,11949467.00,ca_sco_districts
CA-36010,2022,Salaries and Wages_Special Revenue,8583530.00,ca_sco_districts
CA-36010,2022,Services and Supplies_General,2956096.00,ca_sco_districts
CA-36010,2022,Services and Supplies_Special Revenue,472007.00,ca_sco_districts
CA-36010,2023,Capital Outlay_General,8342730.00,ca_sco_districts
CA-36010,2023,Debt Service / Interest Payments on Long-Term Debt_General,14434.00,ca_sco_districts
CA-36010,2023,Debt Service / Other Principal Payments on Long-Term Debt_General,385551.00,ca_sco_districts
CA-36010,2023,Employee Benefits_General,10325861.00,ca_sco_districts
CA-36010,2023,Other Expenditures_General,15180611.00,ca_sco_districts
CA-36010,2023,Other Expenditures_Special Revenue,610305.00,ca_sco_districts
CA-36010,2023,Salaries and Wages_General,10135094.00,ca_sco_districts
CA-36010,2023,Salaries and Wages_Special Revenue,10009280.00,ca_sco_districts
CA-36010,2023,Services and Supplies_General,4241979.00,ca_sco_districts
CA-36010,2023,Services and Supplies_Special Revenue,514119.00,ca_sco_districts
CA-36010,2024,Capital Outlay_General,10498999.00,ca_sco_districts
CA-36010,2024,Debt Service / Interest Payments on Long-Term Debt_General,912.00,ca_sco_districts
CA-36010,2024,Debt Service / Other Principal Payments on Long-Term Debt_General,110163.00,ca_sco_districts
CA-36010,2024,Employee Benefits_General,10975082.00,ca_sco_districts
CA-36010,2024,Other Expenditures_General,12885369.00,ca_sco_districts
CA-36010,2024,Other Expenditures_Special Revenue,623767.00,ca_sco_districts
CA-36010,2024,Salaries and Wages_General,11718274.00,ca_sco_districts
CA-36010,2024,Salaries and Wages_Special Revenue,11478550.00,ca_sco_districts
CA-36010,2024,Services and Supplies_General,6111036.00,ca_sco_districts
CA-36010,2024,Services and Supplies_Special Revenue,802971.00,ca_sco_districts
CA-36015,2021,Capital Outlay_General,107878.00,ca_sco_districts
CA-36015,2021,Debt Service / Interest Payments on Long-Term Debt_General,33483.00,ca_sco_districts
CA-36015,2021,Debt Service / Principal Payments on Long-Term Debt_General,311597.00,ca_sco_districts
CA-36015,2021,Employee Benefits_General,3642930.00,ca_sco_districts
CA-36015,2021,Salaries and Wages_General,7187270.00,ca_sco_districts
CA-36015,2021,Services and Supplies_General,2502629.00,ca_sco_districts
CA-36015,2022,Debt Service / Interest Payments on Long-Term Debt_General,21125.00,ca_sco_districts
CA-36015,2022,Debt Service / Principal Payments on Long-Term Debt_General,321807.00,ca_sco_districts
CA-36015,2022,Employee Benefits_General,3798891.00,ca_sco_districts
CA-36015,2022,Salaries and Wages_General,7435178.00,ca_sco_districts
CA-36015,2022,Services and Supplies_General,2871787.00,ca_sco_districts
CA-36015,2023,Capital Outlay_General,452632.00,ca_sco_districts
CA-36015,2023,Debt Service / Interest Payments on Long-Term Debt_General,11264.00,ca_sco_districts
CA-36015,2023,Debt Service / Other Principal Payments on Long-Term Debt_General,429878.00,ca_sco_districts
CA-36015,2023,Employee Benefits_General,3959824.00,ca_sco_districts
CA-36015,2023,Salaries and Wages_General,7093768.00,ca_sco_districts
CA-36015,2023,Services and Supplies_General,2787839.00,ca_sco_districts
CA-36015,2024,Capital Outlay_General,609303.00,ca_sco_districts
CA-36015,2024,Debt Service / Interest Payments on Long-Term Debt_General,44801.00,ca_sco_districts
CA-36015,2024,Debt Service / Other Principal Payments on Long-Term Debt_General,430192.00,ca_sco_districts
CA-36015,2024,Employee Benefits_General,4556799.00,ca_sco_districts
CA-36015,2024,Salaries and Wages_General,7316131.00,ca_sco_districts
CA-36015,2024,Services and Supplies_General,2636871.00,ca_sco_districts
CA-36035,2021,Employee Benefits_General,2775188.00,ca_sco_districts
CA-36035,2021,Salaries and Wages_General,3708466.00,ca_sco_districts
CA-36035,2021,Services and Supplies_General,1394618.00,ca_sco_districts
CA-36035,2022,Employee Benefits_General,11964719.00,ca_sco_districts
CA-36035,2022,Salaries and Wages_General,3830846.00,ca_sco_districts
CA-36035,2022,Services and Supplies_General,1505368.00,ca_sco_districts
CA-36035,2023,Employee Benefits_General,5064931.00,ca_sco_districts
CA-36035,2023,Salaries and Wages_General,2575018.00,ca_sco_districts
CA-36035,2023,Services and Supplies_General,1942835.00,ca_sco_districts
CA-36035,2024,Employee Benefits_General,1731360.00,ca_sco_districts
CA-36035,2024,Salaries and Wages_General,2124380.00,ca_sco_districts
CA-36035,2024,Services and Supplies_General,1855952.00,ca_sco_districts
CA-36045,2021,Capital Outlay_Capital Projects,931953.00,ca_sco_districts
CA-36045,2021,Debt Service / Interest Payments on Long-Term Debt_General,172148.00,ca_sco_districts
CA-36045,2021,Debt Service / Principal Payments on Long-Term Debt_General,183125.00,ca_sco_districts
CA-36045,2021,Employee Benefits_General,5392838.00,ca_sco_districts
CA-36045,2021,Other Expenditures_General,1344539.00,ca_sco_districts
CA-36045,2021,Other Expenditures_Special Revenue,340478.00,ca_sco_districts
CA-36045,2021,Salaries and Wages_General,8598504.00,ca_sco_districts
CA-36045,2021,Salaries and Wages_Special Revenue,10508.00,ca_sco_districts
CA-36045,2021,Services and Supplies_General,636005.00,ca_sco_districts
CA-36045,2022,Capital Outlay_Capital Projects,720572.00,ca_sco_districts
CA-36045,2022,Capital Outlay_General,2835905.00,ca_sco_districts
CA-36045,2022,Debt Service / Interest Payments on Long-Term Debt_General,23247.00,ca_sco_districts
CA-36045,2022,Debt Service / Principal Payments on Long-Term Debt_General,241695.00,ca_sco_districts
CA-36045,2022,Employee Benefits_General,6018835.00,ca_sco_districts
CA-36045,2022,Other Expenditures_General,1694560.00,ca_sco_districts
CA-36045,2022,Other Expenditures_Special Revenue,156771.00,ca_sco_districts
CA-36045,2022,Salaries and Wages_General,9328491.00,ca_sco_districts
CA-36045,2022,Services and Supplies_General,735374.00,ca_sco_districts
CA-36045,2023,Capital Outlay_Capital Projects,506015.00,ca_sco_districts
CA-36045,2023,Debt Service / Interest Payments on Long-Term Debt_General,164752.00,ca_sco_districts
CA-36045,2023,Debt Service / Other Principal Payments on Long-Term Debt_General,517788.00,ca_sco_districts
CA-36045,2023,Employee Benefits_General,6223624.00,ca_sco_districts
CA-36045,2023,Salaries and Wages_General,9545623.00,ca_sco_districts
CA-36045,2023,Services and Supplies_General,2136372.00,ca_sco_districts
CA-36045,2023,Services and Supplies_Special Revenue,270126.00,ca_sco_districts
CA-36045,2024,Capital Outlay_Capital Projects,238260.00,ca_sco_districts
CA-36045,2024,Debt Service / Interest Payments on Long-Term Debt_General,169332.00,ca_sco_districts
CA-36045,2024,Debt Service / Other Principal Payments on Long-Term Debt_General,533589.00,ca_sco_districts
CA-36045,2024,Employee Benefits_General,6376582.00,ca_sco_districts
CA-36045,2024,Salaries and Wages_General,9979409.00,ca_sco_districts
CA-36045,2024,Services and Supplies_General,1999961.00,ca_sco_districts
CA-36045,2024,Services and Supplies_Special Revenue,23449.00,ca_sco_districts
CA-36058,2021,Capital Outlay_General,3818978.00,ca_sco_districts
CA-36058,2021,Employee Benefits_General,13042714.00,ca_sco_districts
CA-36058,2021,Salaries and Wages_General,27137728.00,ca_sco_districts
CA-36058,2021,Services and Supplies_General,5408428.00,ca_sco_districts
CA-36058,2022,Capital Outlay_General,1093859.00,ca_sco_districts
CA-36058,2022,Employee Benefits_General,14491545.00,ca_sco_districts
CA-36058,2022,Salaries and Wages_General,30067273.00,ca_sco_districts
CA-36058,2022,Services and Supplies_General,6257262.00,ca_sco_districts
CA-36058,2023,Capital Outlay_General,1484793.00,ca_sco_districts
CA-36058,2023,Employee Benefits_General,14884070.00,ca_sco_districts
CA-36058,2023,Salaries and Wages_General,29060458.00,ca_sco_districts
CA-36058,2023,Services and Supplies_General,6381592.00,ca_sco_districts
CA-36058,2024,Capital Outlay_General,483893.00,ca_sco_districts
CA-36058,2024,Employee Benefits_General,15653997.00,ca_sco_districts
CA-36058,2024,Salaries and Wages_General,30221087.00,ca_sco_districts
CA-36058,2024,Services and Supplies_General,7203554.00,ca_sco_districts
CA-36065,2021,Fire_Current Expenditures,13349094.00,ca_sco_cities
CA-36065,2022,Fire_Current Expenditures,16142582.00,ca_sco_cities
CA-36065,2023,Fire_Current Expenditures,15352322.00,ca_sco_cities
CA-36065,2024,Fire_Current Expenditures,17703859.00,ca_sco_cities
CA-36107,2021,Fire_Current Expenditures,2615770.00,ca_sco_cities
CA-36107,2022,Fire_Current Expenditures,2248342.00,ca_sco_cities
CA-36107,2023,Fire_Current Expenditures,3046091.00,ca_sco_cities
CA-36107,2024,Fire_Current Expenditures,3561254.00,ca_sco_cities
CA-36125,2021,Fire_Current Expenditures,304537.00,ca_sco_cities
CA-36125,2022,Fire_Current Expenditures,323464.00,ca_sco_cities
CA-36125,2023,Fire_Current Expenditures,339146.00,ca_sco_cities
CA-36125,2024,Fire_Current Expenditures,358945.00,ca_sco_cities
CA-36140,2021,Fire_Current Expenditures,1551101.00,ca_sco_cities
CA-36140,2022,Fire_Current Expenditures,1783301.00,ca_sco_cities
CA-36140,2023,Fire_Current Expenditures,647950.00,ca_sco_cities
CA-36140,2024,Fire_Current Expenditures,125941.00,ca_sco_cities
CA-36170,2021,Fire_Current Expenditures,76152325.00,ca_sco_cities
CA-36170,2022,Fire_Current Expenditures,80437867.00,ca_sco_cities
CA-36170,2023,Fire_Current Expenditures,79497858.00,ca_sco_cities
CA-36170,2024,Fire_Current Expenditures,94802710.00,ca_sco_cities
CA-36180,2021,Fire_Current Expenditures,16092650.00,ca_sco_cities
CA-36180,2022,Fire_Current Expenditures,15026810.00,ca_sco_cities
CA-36180,2023,Fire_Current Expenditures,16388721.00,ca_sco_cities
CA-36180,2024,Fire_Current Expenditures,19261437.00,ca_sco_cities
CA-36185,2021,Fire_Current Expenditures,21741624.00,ca_sco_cities
CA-36185,2022,Fire_Current Expenditures,23477756.00,ca_sco_cities
CA-36185,2023,Fire_Current Expenditures,22911880.00,ca_sco_cities
CA-36185,2024,Fire_Current Expenditures,21585513.00,ca_sco_cities
CA-36193,2021,Capital Outlay_General,7988957.00,ca_sco_districts
CA-36193,2021,Capital Outlay_Special Revenue,2169715.00,ca_sco_districts
CA-36193,2021,Debt Service / Interest Payments on Long-Term Debt_General,60191.00,ca_sco_districts
CA-36193,2021,Debt Service / Interest Payments on Long-Term Debt_Special Revenue,416763.00,ca_sco_districts
CA-36193,2021,Debt Service / Principal Payments on Long-Term Debt_Special Revenue,289152.00,ca_sco_districts
CA-36193,2021,Employee Benefits_General,2700124.00,ca_sco_districts
CA-36193,2021,Employee Benefits_Special Revenue,54138215.00,ca_sco_districts
CA-36193,2021,Other Expenditures_General,3099396.00,ca_sco_districts
CA-36193,2021,Other Expenditures_Special Revenue,1184723.00,ca_sco_districts
CA-36193,2021,Salaries and Wages_General,7124169.00,ca_sco_districts
CA-36193,2021,Salaries and Wages_Special Revenue,109237681.00,ca_sco_districts
CA-36193,2021,Services and Supplies_General,6356717.00,ca_sco_districts
CA-36193,2021,Services and Supplies_Special Revenue,31846226.00,ca_sco_districts
CA-36193,2022,Capital Outlay_General,8517302.00,ca_sco_districts
CA-36193,2022,Capital Outlay_Special Revenue,2475152.00,ca_sco_districts
CA-36193,2022,Debt Service / Interest Payments on Long-Term Debt_Special Revenue,291358.00,ca_sco_districts
CA-36193,2022,Debt Service / Principal Payments on Long-Term Debt_General,265839.00,ca_sco_districts
CA-36193,2022,Debt Service / Principal Payments on Long-Term Debt_Special Revenue,299752.00,ca_sco_districts
CA-36193,2022,Employee Benefits_General,3919509.00,ca_sco_districts
CA-36193,2022,Employee Benefits_Special Revenue,53577366.00,ca_sco_districts
CA-36193,2022,Other Expenditures_General,745986.00,ca_sco_districts
CA-36193,2022,Other Expenditures_Special Revenue,1195112.00,ca_sco_districts
CA-36193,2022,Salaries and Wages_General,10078739.00,ca_sco_districts
CA-36193,2022,Salaries and Wages_Special Revenue,123772123.00,ca_sco_districts
CA-36193,2022,Services and Supplies_General,5846232.00,ca_sco_districts
CA-36193,2022,Services and Supplies_Special Revenue,32903381.00,ca_sco_districts
CA-36193,2023,Capital Outlay_General,6959939.00,ca_sco_districts
CA-36193,2023,Capital Outlay_Special Revenue,5342867.00,ca_sco_districts
CA-36193,2023,Debt Service / Interest Payments on Long-Term Debt_General,27011.00,ca_sco_districts
CA-36193,2023,Debt Service / Interest Payments on Long-Term Debt_Special Revenue,77826.00,ca_sco_districts
CA-36193,2023,Debt Service / Other Principal Payments on Long-Term Debt_General,520599.00,ca_sco_districts
CA-36193,2023,Debt Service / Other Principal Payments on Long-Term Debt_Special Revenue,780000.00,ca_sco_districts
CA-36193,2023,Employee Benefits_General,10906101.00,ca_sco_districts
CA-36193,2023,Employee Benefits_Special Revenue,60322348.00,ca_sco_districts
CA-36193,2023,Other Expenditures_General,3625752.00,ca_sco_districts
CA-36193,2023,Other Expenditures_Special Revenue,2215195.00,ca_sco_districts
CA-36193,2023,Salaries and Wages_General,7250269.00,ca_sco_districts
CA-36193,2023,Salaries and Wages_Special Revenue,130264308.00,ca_sco_districts
CA-36193,2023,Services and Supplies_General,9212376.00,ca_sco_districts
CA-36193,2023,Services and Supplies_Special Revenue,36820350.00,ca_sco_districts
CA-36193,2024,Capital Outlay_General,36606961.00,ca_sco_districts
CA-36193,2024,Capital Outlay_Special Revenue,14811342.00,ca_sco_districts
CA-36193,2024,Debt Service / Interest Payments on Long-Term Debt_General,136280.00,ca_sco_districts
CA-36193,2024,Debt Service / Interest Payments on Long-Term Debt_Special Revenue,189925.00,ca_sco_districts
CA-36193,2024,"Debt Service / Lease Financing, Principal and Interest Payments_General",7395.00,ca_sco_districts
CA-36193,2024,"Debt Service / Lease Financing, Principal and Interest Payments_Special Revenue",983588.00,ca_sco_districts
CA-36193,2024,Debt Service / Other Principal Payments on Long-Term Debt_General,52483.00,ca_sco_districts
CA-36193,2024,Debt Service / Other Principal Payments on Long-Term Debt_Special Revenue,135000.00,ca_sco_districts
CA-36193,2024,Employee Benefits_General,12867079.00,ca_sco_districts
CA-36193,2024,Employee Benefits_Special Revenue,65667155.00,ca_sco_districts
CA-36193,2024,Other Expenditures_General,1809898.00,ca_sco_districts
CA-36193,2024,Other Expenditures_Special Revenue,1272208.00,ca_sco_districts
CA-36193,2024,Salaries and Wages_General,5686674.00,ca_sco_districts
CA-36193,2024,Salaries and Wages_Special Revenue,140024480.00,ca_sco_districts
CA-36193,2024,Services and Supplies_General,10364952.00,ca_sco_districts
CA-36193,2024,Services and Supplies_Special Revenue,41241522.00,ca_sco_districts
CA-36220,2021,Fire_Current Expenditures,13060916.00,ca_sco_cities
CA-36220,2022,Fire_Current Expenditures,15333343.00,ca_sco_cities
CA-36220,2023,Fire_Current Expenditures,18927874.00,ca_sco_cities
CA-36220,2024,Fire_Current Expenditures,19912672.00,ca_sco_cities
CA-37005,2021,Capital Outlay_General,182285.00,ca_sco_districts
CA-37005,2021,Employee Benefits_General,1137485.00,ca_sco_districts
CA-37005,2021,Salaries and Wages_General,1720070.00,ca_sco_districts
CA-37005,2021,Services and Supplies_General,776227.00,ca_sco_districts
CA-37005,2022,Capital Outlay_General,39211.00,ca_sco_districts
CA-37005,2022,Employee Benefits_General,6933406.00,ca_sco_districts
CA-37005,2022,Other Expenditures_General,180516.00,ca_sco_districts
CA-37005,2022,Salaries and Wages_General,2334851.00,ca_sco_districts
CA-37005,2022,Services and Supplies_General,861211.00,ca_sco_districts
CA-37005,2023,Capital Outlay_General,256905.00,ca_sco_districts
CA-37005,2023,Debt Service / Interest Payments on Long-Term Debt_General,166497.00,ca_sco_districts
CA-37005,2023,Debt Service / Other Principal Payments on Long-Term Debt_General,200000.00,ca_sco_districts
CA-37005,2023,Employee Benefits_General,1061853.00,ca_sco_districts
CA-37005,2023,Salaries and Wages_General,2286031.00,ca_sco_districts
CA-37005,2023,Services and Supplies_General,960993.00,ca_sco_districts
CA-37005,2024,Capital Outlay_General,784810.00,ca_sco_districts
CA-37005,2024,Debt Service / Interest Payments on Long-Term Debt_General,163611.00,ca_sco_districts
CA-37005,2024,Debt Service / Other Principal Payments on Long-Term Debt_General,210000.00,ca_sco_districts
CA-37005,2024,Employee Benefits_General,927165.00,ca_sco_districts
CA-37005,2024,Salaries and Wages_General,2615744.00,ca_sco_districts
CA-37005,2024,Services and Supplies_General,1286226.00,ca_sco_districts
CA-37010,2021,Capital Outlay_General,76376.00,ca_sco_districts
CA-37010,2021,Employee Benefits_General,7268283.00,ca_sco_districts
CA-37010,2021,Other Expenditures_General,111025.00,ca_sco_districts
CA-37010,2021,Salaries and Wages_General,1787608.00,ca_sco_districts
CA-37010,2021,Services and Supplies_General,583841.00,ca_sco_districts
CA-37010,2022,Capital Outlay_General,103632.00,ca_sco_districts
CA-37010,2022,Debt Service / Interest Payments on Long-Term Debt_General,190484.00,ca_sco_districts
CA-37010,2022,Debt Service / Principal Payments on Long-Term Debt_General,180000.00,ca_sco_districts
CA-37010,2022,Employee Benefits_General,610678.00,ca_sco_districts
CA-37010,2022,Salaries and Wages_General,1833759.00,ca_sco_districts
CA-37010,2022,Services and Supplies_General,445988.00,ca_sco_districts
CA-37010,2023,Capital Outlay_General,507476.00,ca_sco_districts
CA-37010,2023,Debt Service / Interest Payments on Long-Term Debt_General,191832.00,ca_sco_districts
CA-37010,2023,Debt Service / Other Principal Payments on Long-Term Debt_General,178000.00,ca_sco_districts
CA-37010,2023,Employee Benefits_General,711189.00,ca_sco_districts
CA-37010,2023,Salaries and Wages_General,1779887.00,ca_sco_districts
CA-37010,2023,Services and Supplies_General,609085.00,ca_sco_districts
CA-37010,2024,Debt Service / Interest Payments on Long-Term Debt_General,184641.00,ca_sco_districts
CA-37010,2024,Debt Service / Other Principal Payments on Long-Term Debt_General,186000.00,ca_sco_districts
CA-37010,2024,Employee Benefits_General,728558.00,ca_sco_districts
CA-37010,2024,Salaries and Wages_General,1811678.00,ca_sco_districts
CA-37010,2024,Services and Supplies_General,813349.00,ca_sco_districts
CA-37015,2021,Capital Outlay_General,35113.00,ca_sco_districts
CA-37015,2021,Employee Benefits_General,405572.00,ca_sco_districts
CA-37015,2021,Salaries and Wages_General,1112343.00,ca_sco_districts
CA-37015,2021,Services and Supplies_General,546196.00,ca_sco_districts
CA-37015,2022,Capital Outlay_General,201385.00,ca_sco_districts
CA-37015,2022,Employee Benefits_General,313045.00,ca_sco_districts
CA-37015,2022,Salaries and Wages_General,1039800.00,ca_sco_districts
CA-37015,2022,Services and Supplies_General,620544.00,ca_sco_districts
CA-37025,2021,Fire_Current Expenditures,7073747.00,ca_sco_cities
CA-37025,2022,Fire_Current Expenditures,7652677.00,ca_sco_cities
CA-37025,2023,Fire_Current Expenditures,10913072.00,ca_sco_cities
CA-37025,2024,Fire_Current Expenditures,12959218.00,ca_sco_cities
CA-37030,2021,Fire_Current Expenditures,107940379.00,ca_sco_cities
CA-37030,2022,Fire_Current Expenditures,39362736.00,ca_sco_cities
CA-37030,2023,Fire_Current Expenditures,41731101.00,ca_sco_cities
CA-37030,2024,Fire_Current Expenditures,48705065.00,ca_sco_cities
CA-37045,2021,Fire_Current Expenditures,8069365.00,ca_sco_cities
CA-37045,2022,Fire_Current Expenditures,8523103.00,ca_sco_cities
CA-37045,2023,Fire_Current Expenditures,8625122.00,ca_sco_cities
CA-37045,2024,Fire_Current Expenditures,8805455.00,ca_sco_cities
CA-37047,2021,Other Expenditures_Special Revenue,135931.00,ca_sco_districts
CA-37047,2021,Services and Supplies_Special Revenue,1134491.00,ca_sco_districts
CA-37047,2022,Other Expenditures_Special Revenue,1168713.00,ca_sco_districts
CA-37047,2022,Services and Supplies_Special Revenue,1789126.00,ca_sco_districts
CA-37047,2023,Other Expenditures_Special Revenue,4829308.00,ca_sco_districts
CA-37047,2023,Services and Supplies_Special Revenue,11866322.00,ca_sco_districts
CA-37047,2024,Debt Service / Interest Payments on Long-Term Debt_Special Revenue,76549.00,ca_sco_districts
CA-37047,2024,Debt Service / Other Principal Payments on Long-Term Debt_Special Revenue,66302.00,ca_sco_districts
CA-37047,2024,Other Expenditures_Special Revenue,2437408.00,ca_sco_districts
CA-37047,2024,Services and Supplies_Special Revenue,27146412.00,ca_sco_districts
CA-37050,2021,Fire_Current Expenditures,2397884.00,ca_sco_cities
CA-37050,2022,Fire_Current Expenditures,2415400.00,ca_sco_cities
CA-37050,2023,Fire_Current Expenditures,2328022.00,ca_sco_cities
CA-37050,2024,Fire_Current Expenditures,2625107.00,ca_sco_cities
CA-37055,2021,Fire_Current Expenditures,72133662.00,ca_sco_cities
CA-37055,2022,Fire_Current Expenditures,16650574.00,ca_sco_cities
CA-37055,2023,Fire_Current Expenditures,17537533.00,ca_sco_cities
CA-37055,2024,Fire_Current Expenditures,19487408.00,ca_sco_cities
CA-37065,2021,Fire_Current Expenditures,16756963.00,ca_sco_cities
CA-37065,2022,Fire_Current Expenditures,17625952.00,ca_sco_cities
CA-37065,2023,Fire_Current Expenditures,18063411.00,ca_sco_cities
CA-37065,2024,Fire_Current Expenditures,19345251.00,ca_sco_cities
CA-37070,2021,Fire_Current Expenditures,26139159.00,ca_sco_cities
CA-37070,2022,Fire_Current Expenditures,29357313.00,ca_sco_cities
CA-37070,2023,Fire_Current Expenditures,30826838.00,ca_sco_cities
CA-37070,2024,Fire_Current Expenditures,31241862.00,ca_sco_cities
CA-37075,2021,Capital Outlay_General,239986.00,ca_sco_districts
CA-37075,2021,Debt Service / Interest Payments on Long-Term Debt_General,748331.00,ca_sco_districts
CA-37075,2021,Debt Service / Principal Payments on Long-Term Debt_General,1515622.00,ca_sco_districts
CA-37075,2021,Employee Benefits_General,3906358.00,ca_sco_districts
CA-37075,2021,Salaries and Wages_General,10454830.00,ca_sco_districts
CA-37075,2021,Services and Supplies_General,3639268.00,ca_sco_districts
CA-37075,2021,Services and Supplies_Special Revenue,3400.00,ca_sco_districts
CA-37075,2022,Capital Outlay_General,476725.00,ca_sco_districts
CA-37075,2022,Debt Service / Interest Payments on Long-Term Debt_General,777439.00,ca_sco_districts
CA-37075,2022,Debt Service / Principal Payments on Long-Term Debt_General,1298279.00,ca_sco_districts
CA-37075,2022,Employee Benefits_General,4084035.00,ca_sco_districts
CA-37075,2022,Salaries and Wages_General,10414545.00,ca_sco_districts
CA-37075,2022,Services and Supplies_General,4484474.00,ca_sco_districts
CA-37075,2022,Services and Supplies_Special Revenue,3829.00,ca_sco_districts
CA-37075,2023,Capital Outlay_General,2008826.00,ca_sco_districts
CA-37075,2023,Debt Service / Interest Payments on Long-Term Debt_General,797005.00,ca_sco_districts
CA-37075,2023,Debt Service / Other Principal Payments on Long-Term Debt_General,2859020.00,ca_sco_districts
CA-37075,2023,Employee Benefits_General,4473908.00,ca_sco_districts
CA-37075,2023,Salaries and Wages_General,12517015.00,ca_sco_districts
CA-37075,2023,Services and Supplies_General,4298574.00,ca_sco_districts
CA-37075,2023,Services and Supplies_Special Revenue,4008.00,ca_sco_districts
CA-37075,2024,Capital Outlay_General,3619063.00,ca_sco_districts
CA-37075,2024,Debt Service / Interest Payments on Long-Term Debt_General,624440.00,ca_sco_districts
CA-37075,2024,Debt Service / Other Principal Payments on Long-Term Debt_General,898111.00,ca_sco_districts
CA-37075,2024,Employee Benefits_General,4085817.00,ca_sco_districts
CA-37075,2024,Salaries and Wages_General,12871638.00,ca_sco_districts
CA-37075,2024,Services and Supplies_General,5491089.00,ca_sco_districts
CA-37085,2021,Fire_Current Expenditures,2605713.00,ca_sco_cities
CA-37085,2022,Fire_Current Expenditures,3066826.00,ca_sco_cities
CA-37085,2023,Fire_Current Expenditures,3029027.00,ca_sco_cities
CA-37085,2024,Fire_Current Expenditures,3385966.00,ca_sco_cities
CA-37090,2021,Capital Outlay_General,1596525.00,ca_sco_districts
CA-37090,2021,Debt Service / Interest Payments on Long-Term Debt_General,342777.00,ca_sco_districts
CA-37090,2021,Debt Service / Principal Payments on Long-Term Debt_General,532000.00,ca_sco_districts
CA-37090,2021,Employee Benefits_General,5927756.00,ca_sco_districts
CA-37090,2021,Salaries and Wages_General,8224305.00,ca_sco_districts
CA-37090,2021,Services and Supplies_General,2592247.00,ca_sco_districts
CA-37090,2022,Capital Outlay_General,353866.00,ca_sco_districts
CA-37090,2022,Debt Service / Interest Payments on Long-Term Debt_General,319493.00,ca_sco_districts
CA-37090,2022,Debt Service / Principal Payments on Long-Term Debt_General,553000.00,ca_sco_districts
CA-37090,2022,Employee Benefits_General,33488143.00,ca_sco_districts
CA-37090,2022,Salaries and Wages_General,9362037.00,ca_sco_districts
CA-37090,2022,Services and Supplies_General,2631609.00,ca_sco_districts
CA-37090,2023,Capital Outlay_General,1607165.00,ca_sco_districts
CA-37090,2023,Debt Service / Interest Payments on Long-Term Debt_General,1087382.00,ca_sco_districts
CA-37090,2023,Debt Service / Other Principal Payments on Long-Term Debt_General,1739000.00,ca_sco_districts
CA-37090,2023,Employee Benefits_General,4301601.00,ca_sco_districts
CA-37090,2023,Salaries and Wages_General,9105677.00,ca_sco_districts
CA-37090,2023,Services and Supplies_General,2637364.00,ca_sco_districts
CA-37090,2024,Capital Outlay_General,2025781.00,ca_sco_districts
CA-37090,2024,Debt Service / Interest Payments on Long-Term Debt_General,1055596.00,ca_sco_districts
CA-37090,2024,Debt Service / Other Principal Payments on Long-Term Debt_General,1770000.00,ca_sco_districts
CA-37090,2024,Employee Benefits_General,5415173.00,ca_sco_districts
CA-37090,2024,Salaries and Wages_General,10690313.00,ca_sco_districts
CA-37090,2024,Services and Supplies_General,2891142.00,ca_sco_districts
CA-37095,2021,Fire_Current Expenditures,12075419.00,ca_sco_cities
CA-37095,2022,Fire_Current Expenditures,13147680.00,ca_sco_cities
CA-37095,2023,Fire_Current Expenditures,14593957.00,ca_sco_cities
CA-37095,2024,Fire_Current Expenditures,15475788.00,ca_sco_cities
CA-37100,2021,Fire_Current Expenditures,4785002.00,ca_sco_cities
CA-37100,2022,Fire_Current Expenditures,4701963.00,ca_sco_cities
CA-37100,2023,Fire_Current Expenditures,5006830.00,ca_sco_cities
CA-37100,2024,Fire_Current Expenditures,5542786.00,ca_sco_cities
CA-37110,2021,Fire_Current Expenditures,13474846.00,ca_sco_cities
CA-37110,2022,Fire_Current Expenditures,12655668.00,ca_sco_cities
CA-37110,2023,Fire_Current Expenditures,13979527.00,ca_sco_cities
CA-37110,2024,Fire_Current Expenditures,14561843.00,ca_sco_cities
CA-37115,2021,Fire_Current Expenditures,31320108.00,ca_sco_cities
CA-37115,2022,Fire_Current Expenditures,33635060.00,ca_sco_cities
CA-37115,2023,Fire_Current Expenditures,44299844.00,ca_sco_cities
CA-37115,2024,Fire_Current Expenditures,40290126.00,ca_sco_cities
CA-37125,2021,Fire_Current Expenditures,13031995.00,ca_sco_cities
CA-37125,2022,Fire_Current Expenditures,26527743.00,ca_sco_cities
CA-37125,2023,Fire_Current Expenditures,13791084.00,ca_sco_cities
CA-37125,2024,Fire_Current Expenditures,14683346.00,ca_sco_cities
CA-37135,2021,Capital Outlay_General,680849.00,ca_sco_districts
CA-37135,2021,Employee Benefits_General,5056673.00,ca_sco_districts
CA-37135,2021,Other Expenditures_General,226679.00,ca_sco_districts
CA-37135,2021,Salaries and Wages_General,9949798.00,ca_sco_districts
CA-37135,2021,Services and Supplies_General,2187057.00,ca_sco_districts
CA-37135,2022,Capital Outlay_General,731801.00,ca_sco_districts
CA-37135,2022,Capital Outlay_Special Revenue,321733.00,ca_sco_districts
CA-37135,2022,Employee Benefits_General,5395799.00,ca_sco_districts
CA-37135,2022,Other Expenditures_General,152143.00,ca_sco_districts
CA-37135,2022,Salaries and Wages_General,10060997.00,ca_sco_districts
CA-37135,2022,Services and Supplies_General,2233560.00,ca_sco_districts
CA-37135,2023,Capital Outlay_General,467534.00,ca_sco_districts
CA-37135,2023,Capital Outlay_Special Revenue,61745.00,ca_sco_districts
CA-37135,2023,"Debt Service / Lease Financing, Principal and Interest Payments_General",22780.00,ca_sco_districts
CA-37135,2023,Employee Benefits_General,5636907.00,ca_sco_districts
CA-37135,2023,Salaries and Wages_General,9794480.00,ca_sco_districts
CA-37135,2023,Services and Supplies_General,3322752.00,ca_sco_districts
CA-37135,2024,Capital Outlay_General,930590.00,ca_sco_districts
CA-37135,2024,Employee Benefits_General,4638651.00,ca_sco_districts
CA-37135,2024,Salaries and Wages_General,11184757.00,ca_sco_districts
CA-37135,2024,Services and Supplies_General,3458994.00,ca_sco_districts
CA-37140,2021,Fire_Current Expenditures,300073672.00,ca_sco_cities
CA-37140,2022,Fire_Current Expenditures,323179017.00,ca_sco_cities
CA-37140,2023,Fire_Current Expenditures,341399518.00,ca_sco_cities
CA-37140,2024,Fire_Current Expenditures,359058213.00,ca_sco_cities
CA-37145,2021,Fire_Current Expenditures,16570111.00,ca_sco_cities
CA-37145,2022,Fire_Current Expenditures,16111504.00,ca_sco_cities
CA-37145,2023,Fire_Current Expenditures,15948370.00,ca_sco_cities
CA-37145,2024,Fire_Current Expenditures,16740137.00,ca_sco_cities
CA-37148,2021,Capital Outlay_General,832903.00,ca_sco_districts
CA-37148,2021,Employee Benefits_General,38451.00,ca_sco_districts
CA-37148,2021,Salaries and Wages_General,146494.00,ca_sco_districts
CA-37148,2021,Services and Supplies_General,4559897.00,ca_sco_districts
CA-37148,2022,Capital Outlay_Capital Projects,106753.00,ca_sco_districts
CA-37148,2022,Employee Benefits_General,39087.00,ca_sco_districts
CA-37148,2022,Salaries and Wages_General,90734.00,ca_sco_districts
CA-37148,2022,Services and Supplies_Capital Projects,4233.00,ca_sco_districts
CA-37148,2022,Services and Supplies_General,5103375.00,ca_sco_districts
CA-37148,2023,Capital Outlay_Capital Projects,463674.00,ca_sco_districts
CA-37148,2023,Employee Benefits_General,30361.00,ca_sco_districts
CA-37148,2023,Salaries and Wages_General,116603.00,ca_sco_districts
CA-37148,2023,Services and Supplies_Capital Projects,41443.00,ca_sco_districts
CA-37148,2023,Services and Supplies_General,6082511.00,ca_sco_districts
CA-37148,2024,Capital Outlay_Capital Projects,1589933.00,ca_sco_districts
CA-37148,2024,Capital Outlay_General,21210.00,ca_sco_districts
CA-37148,2024,Employee Benefits_General,29302.00,ca_sco_districts
CA-37148,2024,Salaries and Wages_General,103791.00,ca_sco_districts
CA-37148,2024,Services and Supplies_Capital Projects,152215.00,ca_sco_districts
CA-37148,2024,Services and Supplies_General,5874132.00,ca_sco_districts
CA-37150,2021,Fire_Current Expenditures,11738598.00,ca_sco_cities
CA-37150,2022,Fire_Current Expenditures,12554425.00,ca_sco_cities
CA-37150,2023,Fire_Current Expenditures,13417302.00,ca_sco_cities
CA-37150,2024,Fire_Current Expenditures,13856976.00,ca_sco_cities
CA-37160,2021,Fire_Current Expenditures,5322906.00,ca_sco_cities
CA-37160,2022,Fire_Current Expenditures,5304119.00,ca_sco_cities
CA-37160,2023,Fire_Current Expenditures,5520902.00,ca_sco_cities
CA-37160,2024,Fire_Current Expenditures,6047741.00,ca_sco_cities
CA-37165,2021,Capital Outlay_General,955041.00,ca_sco_districts
CA-37165,2021,Debt Service / Interest Payments on Long-Term Debt_General,30569.00,ca_sco_districts
CA-37165,2021,Debt Service / Principal Payments on Long-Term Debt_General,290652.00,ca_sco_districts
CA-37165,2021,Employee Benefits_General,6769267.00,ca_sco_districts
CA-37165,2021,Salaries and Wages_General,11602237.00,ca_sco_districts
CA-37165,2021,Services and Supplies_General,4204827.00,ca_sco_districts
CA-37165,2022,Capital Outlay_General,988288.00,ca_sco_districts
CA-37165,2022,Debt Service / Interest Payments on Long-Term Debt_General,18068.00,ca_sco_districts
CA-37165,2022,Debt Service / Principal Payments on Long-Term Debt_General,47619.00,ca_sco_districts
CA-37165,2022,Employee Benefits_General,33214948.00,ca_sco_districts
CA-37165,2022,Salaries and Wages_General,12630314.00,ca_sco_districts
CA-37165,2022,Services and Supplies_General,4526443.00,ca_sco_districts
CA-37165,2023,Capital Outlay_General,3195026.00,ca_sco_districts
CA-37165,2023,Debt Service / Interest Payments on Long-Term Debt_General,984907.00,ca_sco_districts
CA-37165,2023,"Debt Service / Lease Financing, Principal and Interest Payments_General",13250.00,ca_sco_districts
CA-37165,2023,Debt Service / Other Principal Payments on Long-Term Debt_General,141763.00,ca_sco_districts
CA-37165,2023,Employee Benefits_General,5637584.00,ca_sco_districts
CA-37165,2023,Salaries and Wages_General,13131290.00,ca_sco_districts
CA-37165,2023,Services and Supplies_General,5010746.00,ca_sco_districts
CA-37165,2024,Capital Outlay_General,3994278.00,ca_sco_districts
CA-37165,2024,Debt Service / Interest Payments on Long-Term Debt_General,1030759.00,ca_sco_districts
CA-37165,2024,"Debt Service / Lease Financing, Principal and Interest Payments_General",32196.00,ca_sco_districts
CA-37165,2024,Debt Service / Other Principal Payments on Long-Term Debt_General,452970.00,ca_sco_districts
CA-37165,2024,Employee Benefits_General,5642753.00,ca_sco_districts
CA-37165,2024,Salaries and Wages_General,13143919.00,ca_sco_districts
CA-37165,2024,Services and Supplies_General,6136600.00,ca_sco_districts
CA-37170,2021,Fire_Current Expenditures,18812702.00,ca_sco_cities
CA-37170,2022,Fire_Current Expenditures,19114890.00,ca_sco_cities
CA-37170,2023,Fire_Current Expenditures,21461428.00,ca_sco_cities
CA-37170,2024,Fire_Current Expenditures,24301262.00,ca_sco_cities
CA-37175,2021,Capital Outlay_General,86998.00,ca_sco_districts
CA-37175,2021,Employee Benefits_General,1160839.00,ca_sco_districts
CA-37175,2021,Other Expenditures_General,34460.00,ca_sco_districts
CA-37175,2021,Salaries and Wages_General,1636628.00,ca_sco_districts
CA-37175,2021,Services and Supplies_General,724635.00,ca_sco_districts
CA-37175,2022,Capital Outlay_General,678598.00,ca_sco_districts
CA-37175,2022,"Debt Service / Lease Financing, Principal Payments_General",6011.00,ca_sco_districts
CA-37175,2022,Employee Benefits_General,376360.00,ca_sco_districts
CA-37175,2022,Other Expenditures_General,51080.00,ca_sco_districts
CA-37175,2022,Salaries and Wages_General,2308393.00,ca_sco_districts
CA-37175,2022,Services and Supplies_General,855946.00,ca_sco_districts
CA-37175,2023,Capital Outlay_General,1531328.00,ca_sco_districts
CA-37175,2023,Debt Service / Interest Payments on Long-Term Debt_General,21569.00,ca_sco_districts
CA-37175,2023,"Debt Service / Lease Financing, Principal and Interest Payments_General",4386.00,ca_sco_districts
CA-37175,2023,Debt Service / Other Principal Payments on Long-Term Debt_General,75848.00,ca_sco_districts
CA-37175,2023,Employee Benefits_General,179647.00,ca_sco_districts
CA-37175,2023,Salaries and Wages_General,2577569.00,ca_sco_districts
CA-37175,2023,Services and Supplies_General,887817.00,ca_sco_districts
CA-37175,2024,Capital Outlay_General,676705.00,ca_sco_districts
CA-37175,2024,Debt Service / Interest Payments on Long-Term Debt_General,18808.00,ca_sco_districts
CA-37175,2024,Debt Service / Other Principal Payments on Long-Term Debt_General,78609.00,ca_sco_districts
CA-37175,2024,Employee Benefits_General,254447.00,ca_sco_districts
CA-37175,2024,Salaries and Wages_General,2769657.00,ca_sco_districts
CA-37175,2024,Services and Supplies_General,864037.00,ca_sco_districts
CA-38005,2021,Fire_Current Expenditures,415481459.00,ca_sco_cities
CA-38005,2022,Fire_Current Expenditures,454708508.00,ca_sco_cities
CA-38005,2023,Fire_Current Expenditures,470835567.00,ca_sco_cities
CA-38005,2024,Fire_Current Expenditures,478340253.00,ca_sco_cities
CA-39010,2021,Capital Outlay_General,369403.00,ca_sco_districts
CA-39010,2021,Employee Benefits_General,47840.00,ca_sco_districts
CA-39010,2021,Salaries and Wages_General,612735.00,ca_sco_districts
CA-39010,2021,Services and Supplies_General,354380.00,ca_sco_districts
CA-39010,2022,Capital Outlay_General,7325.00,ca_sco_districts
CA-39010,2022,Employee Benefits_General,50593.00,ca_sco_districts
CA-39010,2022,Salaries and Wages_General,641618.00,ca_sco_districts
CA-39010,2022,Services and Supplies_General,395877.00,ca_sco_districts
CA-39010,2023,Capital Outlay_General,30364.00,ca_sco_districts
CA-39010,2023,Employee Benefits_General,56349.00,ca_sco_districts
CA-39010,2023,Salaries and Wages_General,674922.00,ca_sco_districts
CA-39010,2023,Services and Supplies_General,569783.00,ca_sco_districts
CA-39010,2024,Employee Benefits_General,2565.00,ca_sco_districts
CA-39010,2024,Salaries and Wages_General,659147.00,ca_sco_districts
CA-39010,2024,Services and Supplies_General,492019.00,ca_sco_districts
CA-39020,2021,Capital Outlay_General,72126.00,ca_sco_districts
CA-39020,2021,Employee Benefits_General,12689.00,ca_sco_districts
CA-39020,2021,Salaries and Wages_General,671439.00,ca_sco_districts
CA-39020,2021,Services and Supplies_General,274546.00,ca_sco_districts
CA-39020,2022,Capital Outlay_General,463311.00,ca_sco_districts
CA-39020,2022,Debt Service / Interest Payments on Long-Term Debt_General,3203.00,ca_sco_districts
CA-39020,2022,Debt Service / Principal Payments on Long-Term Debt_General,80929.00,ca_sco_districts
CA-39020,2022,Employee Benefits_General,15735.00,ca_sco_districts
CA-39020,2022,Salaries and Wages_General,733609.00,ca_sco_districts
CA-39020,2022,Services and Supplies_General,297386.00,ca_sco_districts
CA-39020,2023,Capital Outlay_General,96398.00,ca_sco_districts
CA-39020,2023,Debt Service / Interest Payments on Long-Term Debt_General,8602.00,ca_sco_districts
CA-39020,2023,Debt Service / Other Principal Payments on Long-Term Debt_General,75529.00,ca_sco_districts
CA-39020,2023,Employee Benefits_General,11440.00,ca_sco_districts
CA-39020,2023,Salaries and Wages_General,561764.00,ca_sco_districts
CA-39020,2023,Services and Supplies_General,355757.00,ca_sco_districts
CA-39020,2024,Capital Outlay_General,112478.00,ca_sco_districts
CA-39020,2024,Debt Service / Interest Payments on Long-Term Debt_General,6529.00,ca_sco_districts
CA-39020,2024,Debt Service / Other Principal Payments on Long-Term Debt_General,77602.00,ca_sco_districts
CA-39020,2024,Employee Benefits_General,11440.00,ca_sco_districts
CA-39020,2024,Salaries and Wages_General,578673.00,ca_sco_districts
CA-39020,2024,Services and Supplies_General,334517.00,ca_sco_districts
CA-39025,2021,Capital Outlay_General,66957.00,ca_sco_districts
CA-39025,2021,Debt Service / Interest Payments on Long-Term Debt_General,11385.00,ca_sco_districts
CA-39025,2021,Debt Service / Principal Payments on Long-Term Debt_General,24096.00,ca_sco_districts
CA-39025,2021,Employee Benefits_General,274117.00,ca_sco_districts
CA-39025,2021,Salaries and Wages_General,716015.00,ca_sco_districts
CA-39025,2021,Services and Supplies_General,278859.00,ca_sco_districts
CA-39025,2022,Debt Service / Interest Payments on Long-Term Debt_General,10434.00,ca_sco_districts
CA-39025,2022,Debt Service / Principal Payments on Long-Term Debt_General,25046.00,ca_sco_districts
CA-39025,2022,Employee Benefits_General,297147.00,ca_sco_districts
CA-39025,2022,Salaries and Wages_General,772806.00,ca_sco_districts
CA-39025,2022,Services and Supplies_Capital Projects,28133.00,ca_sco_districts
CA-39025,2022,Services and Supplies_General,412764.00,ca_sco_districts
CA-39025,2023,Capital Outlay_General,459391.00,ca_sco_districts
CA-39025,2023,Debt Service / Interest Payments on Long-Term Debt_General,9446.00,ca_sco_districts
CA-39025,2023,Debt Service / Other Principal Payments on Long-Term Debt_General,26034.00,ca_sco_districts
CA-39025,2023,Employee Benefits_General,256767.00,ca_sco_districts
CA-39025,2023,Salaries and Wages_General,830995.00,ca_sco_districts
CA-39025,2023,Services and Supplies_Capital Projects,171.00,ca_sco_districts
CA-39025,2023,Services and Supplies_General,379640.00,ca_sco_districts
CA-39025,2024,Capital Outlay_General,29329.00,ca_sco_districts
CA-39025,2024,Debt Service / Interest Payments on Long-Term Debt_General,8419.00,ca_sco_districts
CA-39025,2024,Debt Service / Other Principal Payments on Long-Term Debt_General,27062.00,ca_sco_districts
CA-39025,2024,Employee Benefits_General,354724.00,ca_sco_districts
CA-39025,2024,Salaries and Wages_General,857654.00,ca_sco_districts
CA-39025,2024,Services and Supplies_General,338259.00,ca_sco_districts
CA-39030,2021,Employee Benefits_General,33368.00,ca_sco_districts
CA-39030,2021,Salaries and Wages_General,65753.00,ca_sco_districts
CA-39030,2021,Services and Supplies_General,118533.00,ca_sco_districts
CA-39030,2022,Employee Benefits_General,26573.00,ca_sco_districts
CA-39030,2022,Salaries and Wages_General,81752.00,ca_sco_districts
CA-39030,2022,Services and Supplies_General,155399.00,ca_sco_districts
CA-39030,2023,Capital Outlay_Capital Projects,664742.00,ca_sco_districts
CA-39030,2023,Employee Benefits_General,21359.00,ca_sco_districts
CA-39030,2023,Salaries and Wages_General,113516.00,ca_sco_districts
CA-39030,2023,Services and Supplies_General,151601.00,ca_sco_districts
CA-39030,2024,Employee Benefits_General,47730.00,ca_sco_districts
CA-39030,2024,Salaries and Wages_General,161756.00,ca_sco_districts
CA-39030,2024,Services and Supplies_Capital Projects,146.00,ca_sco_districts
CA-39030,2024,Services and Supplies_General,115636.00,ca_sco_districts
CA-39040,2021,Capital Outlay_General,61185.00,ca_sco_districts
CA-39040,2021,Employee Benefits_General,3842130.00,ca_sco_districts
CA-39040,2021,Salaries and Wages_General,1539192.00,ca_sco_districts
CA-39040,2021,Services and Supplies_General,341626.00,ca_sco_districts
CA-39040,2022,Capital Outlay_General,345974.00,ca_sco_districts
CA-39040,2022,Employee Benefits_General,886214.00,ca_sco_districts
CA-39040,2022,Salaries and Wages_General,1614518.00,ca_sco_districts
CA-39040,2022,Services and Supplies_General,339631.00,ca_sco_districts
CA-39040,2023,Capital Outlay_General,127770.00,ca_sco_districts
CA-39040,2023,Debt Service / Interest Payments on Long-Term Debt_General,141951.00,ca_sco_districts
CA-39040,2023,Debt Service / Other Principal Payments on Long-Term Debt_General,123995.00,ca_sco_districts
CA-39040,2023,Employee Benefits_General,688105.00,ca_sco_districts
CA-39040,2023,Salaries and Wages_General,1719241.00,ca_sco_districts
CA-39040,2023,Services and Supplies_General,1491085.00,ca_sco_districts
CA-39040,2024,Capital Outlay_General,438909.00,ca_sco_districts
CA-39040,2024,Debt Service / Interest Payments on Long-Term Debt_General,105262.00,ca_sco_districts
CA-39040,2024,Debt Service / Other Principal Payments on Long-Term Debt_General,160685.00,ca_sco_districts
CA-39040,2024,Employee Benefits_General,1510798.00,ca_sco_districts
CA-39040,2024,Salaries and Wages_General,1633364.00,ca_sco_districts
CA-39040,2024,Services and Supplies_General,1008670.00,ca_sco_districts
CA-39045,2021,Fire_Current Expenditures,10340078.00,ca_sco_cities
CA-39045,2022,Fire_Current Expenditures,11716309.00,ca_sco_cities
CA-39045,2023,Fire_Current Expenditures,13320967.00,ca_sco_cities
CA-39045,2024,Fire_Current Expenditures,13924194.00,ca_sco_cities
CA-39050,2021,Fire_Current Expenditures,11634025.00,ca_sco_cities
CA-39050,2022,Fire_Current Expenditures,11594506.00,ca_sco_cities
CA-39050,2023,Fire_Current Expenditures,12214005.00,ca_sco_cities
CA-39050,2024,Fire_Current Expenditures,13193387.00,ca_sco_cities
CA-39055,2021,Capital Outlay_Capital Projects,919790.00,ca_sco_districts
CA-39055,2021,Capital Outlay_Debt Service,791350.00,ca_sco_districts
CA-39055,2021,Debt Service / Interest Payments on Long-Term Debt_Capital Projects,36025.00,ca_sco_districts
CA-39055,2021,Debt Service / Principal Payments on Long-Term Debt_Capital Projects,342685.00,ca_sco_districts
CA-39055,2021,Employee Benefits_General,4553270.00,ca_sco_districts
CA-39055,2021,Salaries and Wages_General,5611056.00,ca_sco_districts
CA-39055,2021,Services and Supplies_Capital Projects,1451609.00,ca_sco_districts
CA-39055,2021,Services and Supplies_Debt Service,261321.00,ca_sco_districts
CA-39055,2021,Services and Supplies_General,1836464.00,ca_sco_districts
CA-39055,2021,Services and Supplies_Special Revenue,10725.00,ca_sco_districts
CA-39055,2022,Capital Outlay_Capital Projects,144775.00,ca_sco_districts
CA-39055,2022,Capital Outlay_Debt Service,2967320.00,ca_sco_districts
CA-39055,2022,Capital Outlay_General,5510.00,ca_sco_districts
CA-39055,2022,Debt Service / Interest Payments on Long-Term Debt_Capital Projects,162078.00,ca_sco_districts
CA-39055,2022,Debt Service / Principal Payments on Long-Term Debt_Capital Projects,1299277.00,ca_sco_districts
CA-39055,2022,Employee Benefits_General,4632190.00,ca_sco_districts
CA-39055,2022,Salaries and Wages_General,5577160.00,ca_sco_districts
CA-39055,2022,Services and Supplies_Capital Projects,312077.00,ca_sco_districts
CA-39055,2022,Services and Supplies_General,2259633.00,ca_sco_districts
CA-39055,2022,Services and Supplies_Special Revenue,161832.00,ca_sco_districts
CA-39055,2023,Debt Service / Interest Payments on Long-Term Debt_Capital Projects,155959.00,ca_sco_districts
CA-39055,2023,Debt Service / Other Principal Payments on Long-Term Debt_Capital Projects,1603963.00,ca_sco_districts
CA-39055,2023,Employee Benefits_General,5151036.00,ca_sco_districts
CA-39055,2023,Salaries and Wages_General,5616604.00,ca_sco_districts
CA-39055,2023,Services and Supplies_Capital Projects,219082.00,ca_sco_districts
CA-39055,2023,Services and Supplies_General,2241723.00,ca_sco_districts
CA-39055,2023,Services and Supplies_Special Revenue,119445.00,ca_sco_districts
CA-39055,2024,Capital Outlay_Capital Projects,306165.00,ca_sco_districts
CA-39055,2024,Capital Outlay_General,386324.00,ca_sco_districts
CA-39055,2024,Debt Service / Interest Payments on Long-Term Debt_Capital Projects,47089.00,ca_sco_districts
CA-39055,2024,Debt Service / Interest Payments on Long-Term Debt_Debt Service,119081.00,ca_sco_districts
CA-39055,2024,Debt Service / Other Principal Payments on Long-Term Debt_Capital Projects,1002259.00,ca_sco_districts
CA-39055,2024,Debt Service / Other Principal Payments on Long-Term Debt_Debt Service,80000.00,ca_sco_districts
CA-39055,2024,Employee Benefits_General,5800404.00,ca_sco_districts
CA-39055,2024,Other Expenditures_General,155530.00,ca_sco_districts
CA-39055,2024,Other Expenditures_Special Revenue,70.00,ca_sco_districts
CA-39055,2024,Salaries and Wages_General,5954280.00,ca_sco_districts
CA-39055,2024,Services and Supplies_Capital Projects,26230.00,ca_sco_districts
CA-39055,2024,Services and Supplies_General,2494855.00,ca_sco_districts
CA-39055,2024,Services and Supplies_Special Revenue,37745.00,ca_sco_districts
CA-39060,2021,Capital Outlay_Capital Projects,177479.00,ca_sco_districts
CA-39060,2021,Capital Outlay_General,36678.00,ca_sco_districts
CA-39060,2021,Debt Service / Interest Payments on Long-Term Debt_Capital Projects,6708.00,ca_sco_districts
CA-39060,2021,Debt Service / Interest Payments on Long-Term Debt_General,5720.00,ca_sco_districts
CA-39060,2021,Debt Service / Principal Payments on Long-Term Debt_Capital Projects,199706.00,ca_sco_districts
CA-39060,2021,Debt Service / Principal Payments on Long-Term Debt_General,43688.00,ca_sco_districts
CA-39060,2021,Employee Benefits_General,771621.00,ca_sco_districts
CA-39060,2021,Salaries and Wages_General,1967703.00,ca_sco_districts
CA-39060,2021,Services and Supplies_Capital Projects,23434.00,ca_sco_districts
CA-39060,2021,Services and Supplies_General,668488.00,ca_sco_districts
CA-39060,2022,Capital Outlay_Capital Projects,12707.00,ca_sco_districts
CA-39060,2022,Capital Outlay_General,11842.00,ca_sco_districts
CA-39060,2022,Debt Service / Interest Payments on Long-Term Debt_Capital Projects,4628.00,ca_sco_districts
CA-39060,2022,Debt Service / Principal Payments on Long-Term Debt_Capital Projects,44780.00,ca_sco_districts
CA-39060,2022,Debt Service / Principal Payments on Long-Term Debt_General,25920.00,ca_sco_districts
CA-39060,2022,Employee Benefits_General,803155.00,ca_sco_districts
CA-39060,2022,Salaries and Wages_General,2033522.00,ca_sco_districts
CA-39060,2022,Services and Supplies_Capital Projects,41725.00,ca_sco_districts
CA-39060,2022,Services and Supplies_General,599227.00,ca_sco_districts
CA-39060,2023,Capital Outlay_Capital Projects,680256.00,ca_sco_districts
CA-39060,2023,Capital Outlay_General,60876.00,ca_sco_districts
CA-39060,2023,Debt Service / Interest Payments on Long-Term Debt_Capital Projects,3509.00,ca_sco_districts
CA-39060,2023,Debt Service / Other Principal Payments on Long-Term Debt_Capital Projects,45899.00,ca_sco_districts
CA-39060,2023,Employee Benefits_General,846980.00,ca_sco_districts
CA-39060,2023,Salaries and Wages_General,2139855.00,ca_sco_districts
CA-39060,2023,Services and Supplies_Capital Projects,126911.00,ca_sco_districts
CA-39060,2023,Services and Supplies_General,734359.00,ca_sco_districts
CA-39060,2024,Capital Outlay_Capital Projects,1445260.00,ca_sco_districts
CA-39060,2024,Capital Outlay_General,25779.00,ca_sco_districts
CA-39060,2024,Debt Service / Interest Payments on Long-Term Debt_Capital Projects,32536.00,ca_sco_districts
CA-39060,2024,Debt Service / Other Principal Payments on Long-Term Debt_Capital Projects,142627.00,ca_sco_districts
CA-39060,2024,Employee Benefits_General,974020.00,ca_sco_districts
CA-39060,2024,Salaries and Wages_General,2657519.00,ca_sco_districts
CA-39060,2024,Services and Supplies_Capital Projects,236705.00,ca_sco_districts
CA-39060,2024,Services and Supplies_General,538951.00,ca_sco_districts
CA-39065,2021,Fire_Current Expenditures,56404913.00,ca_sco_cities
CA-39065,2022,Fire_Current Expenditures,58949826.00,ca_sco_cities
CA-39065,2023,Fire_Current Expenditures,66212615.00,ca_sco_cities
CA-39065,2024,Fire_Current Expenditures,73808519.00,ca_sco_cities
CA-39075,2021,Debt Service / Interest Payments on Long-Term Debt_General,2507.00,ca_sco_districts
CA-39075,2021,Debt Service / Principal Payments on Long-Term Debt_General,120000.00,ca_sco_districts
CA-39075,2021,Employee Benefits_General,17167.00,ca_sco_districts
CA-39075,2021,Salaries and Wages_General,87228.00,ca_sco_districts
CA-39075,2021,Services and Supplies_General,74459.00,ca_sco_districts
CA-39075,2022,Employee Benefits_General,20710.00,ca_sco_districts
CA-39075,2022,Salaries and Wages_General,107869.00,ca_sco_districts
CA-39075,2022,Services and Supplies_General,94895.00,ca_sco_districts
CA-39075,2023,Capital Outlay_General,66936.00,ca_sco_districts
CA-39075,2023,Employee Benefits_General,27270.00,ca_sco_districts
CA-39075,2023,Salaries and Wages_General,153962.00,ca_sco_districts
CA-39075,2023,Services and Supplies_General,94368.00,ca_sco_districts
CA-39075,2024,Capital Outlay_General,38856.00,ca_sco_districts
CA-39075,2024,Employee Benefits_General,23859.00,ca_sco_districts
CA-39075,2024,Salaries and Wages_General,160830.00,ca_sco_districts
CA-39075,2024,Services and Supplies_General,115019.00,ca_sco_districts
CA-39085,2021,Debt Service / Interest Payments on Long-Term Debt_General,3964.00,ca_sco_districts
CA-39085,2021,Debt Service / Principal Payments on Long-Term Debt_General,33126.00,ca_sco_districts
CA-39085,2021,Employee Benefits_General,852125.00,ca_sco_districts
CA-39085,2021,Salaries and Wages_General,1986373.00,ca_sco_districts
CA-39085,2021,Services and Supplies_General,838967.00,ca_sco_districts
CA-39085,2022,Capital Outlay_General,40432.00,ca_sco_districts
CA-39085,2022,Debt Service / Interest Payments on Long-Term Debt_General,6579.00,ca_sco_districts
CA-39085,2022,Debt Service / Principal Payments on Long-Term Debt_General,96381.00,ca_sco_districts
CA-39085,2022,Employee Benefits_General,571022.00,ca_sco_districts
CA-39085,2022,Salaries and Wages_General,2059307.00,ca_sco_districts
CA-39085,2022,Services and Supplies_General,807544.00,ca_sco_districts
CA-39085,2023,Capital Outlay_General,871317.00,ca_sco_districts
CA-39085,2023,Debt Service / Interest Payments on Long-Term Debt_General,2905.00,ca_sco_districts
CA-39085,2023,Debt Service / Other Principal Payments on Long-Term Debt_General,34186.00,ca_sco_districts
CA-39085,2023,Employee Benefits_General,769877.00,ca_sco_districts
CA-39085,2023,Salaries and Wages_General,2278876.00,ca_sco_districts
CA-39085,2023,Services and Supplies_Capital Projects,3374.00,ca_sco_districts
CA-39085,2023,Services and Supplies_General,965941.00,ca_sco_districts
CA-39085,2024,Capital Outlay_General,174134.00,ca_sco_districts
CA-39085,2024,Debt Service / Interest Payments on Long-Term Debt_General,2760.00,ca_sco_districts
CA-39085,2024,Debt Service / Other Principal Payments on Long-Term Debt_General,35609.00,ca_sco_districts
CA-39085,2024,Employee Benefits_General,808070.00,ca_sco_districts
CA-39085,2024,Salaries and Wages_General,2588419.00,ca_sco_districts
CA-39085,2024,Services and Supplies_General,1032299.00,ca_sco_districts
CA-39095,2021,Capital Outlay_Capital Projects,39783.00,ca_sco_districts
CA-39095,2021,Capital Outlay_General,5000.00,ca_sco_districts
CA-39095,2021,Employee Benefits_General,410894.00,ca_sco_districts
CA-39095,2021,Salaries and Wages_General,732299.00,ca_sco_districts
CA-39095,2021,Services and Supplies_General,236527.00,ca_sco_districts
CA-39095,2022,Capital Outlay_Capital Projects,79293.00,ca_sco_districts
CA-39095,2022,Employee Benefits_General,424036.00,ca_sco_districts
CA-39095,2022,Salaries and Wages_General,817696.00,ca_sco_districts
CA-39095,2022,Services and Supplies_General,251271.00,ca_sco_districts
CA-39095,2023,Capital Outlay_General,176588.00,ca_sco_districts
CA-39095,2023,Employee Benefits_General,437374.00,ca_sco_districts
CA-39095,2023,Salaries and Wages_General,838857.00,ca_sco_districts
CA-39095,2023,Services and Supplies_Capital Projects,48133.00,ca_sco_districts
CA-39095,2023,Services and Supplies_General,226902.00,ca_sco_districts
CA-39095,2024,Capital Outlay_Capital Projects,221694.00,ca_sco_districts
CA-39095,2024,Capital Outlay_General,67107.00,ca_sco_districts
CA-39095,2024,Employee Benefits_General,451699.00,ca_sco_districts
CA-39095,2024,Salaries and Wages_General,845202.00,ca_sco_districts
CA-39095,2024,Services and Supplies_Capital Projects,146.00,ca_sco_districts
CA-39095,2024,Services and Supplies_General,256375.00,ca_sco_districts
CA-39105,2021,Capital Outlay_General,1006280.00,ca_sco_districts
CA-39105,2021,Debt Service / Interest Payments on Long-Term Debt_General,31905.00,ca_sco_districts
CA-39105,2021,Debt Service / Principal Payments on Long-Term Debt_General,170000.00,ca_sco_districts
CA-39105,2021,Employee Benefits_General,1522039.00,ca_sco_districts
CA-39105,2021,Salaries and Wages_General,2061823.00,ca_sco_districts
CA-39105,2021,Services and Supplies_General,618977.00,ca_sco_districts
CA-39105,2022,Capital Outlay_General,841351.00,ca_sco_districts
CA-39105,2022,Debt Service / Interest Payments on Long-Term Debt_General,33644.00,ca_sco_districts
CA-39105,2022,Debt Service / Principal Payments on Long-Term Debt_General,289388.00,ca_sco_districts
CA-39105,2022,Employee Benefits_General,1651652.00,ca_sco_districts
CA-39105,2022,Salaries and Wages_General,2178040.00,ca_sco_districts
CA-39105,2022,Services and Supplies_General,602607.00,ca_sco_districts
CA-39105,2023,Capital Outlay_General,1358590.00,ca_sco_districts
CA-39105,2023,Debt Service / Interest Payments on Long-Term Debt_General,35889.00,ca_sco_districts
CA-39105,2023,Debt Service / Other Principal Payments on Long-Term Debt_General,287142.00,ca_sco_districts
CA-39105,2023,Employee Benefits_General,1829338.00,ca_sco_districts
CA-39105,2023,Salaries and Wages_General,2317117.00,ca_sco_districts
CA-39105,2023,Services and Supplies_General,587467.00,ca_sco_districts
CA-39105,2024,Capital Outlay_General,564759.00,ca_sco_districts
CA-39105,2024,Debt Service / Interest Payments on Long-Term Debt_General,27624.00,ca_sco_districts
CA-39105,2024,Debt Service / Other Principal Payments on Long-Term Debt_General,295407.00,ca_sco_districts
CA-39105,2024,Employee Benefits_General,2089321.00,ca_sco_districts
CA-39105,2024,Salaries and Wages_General,2484303.00,ca_sco_districts
CA-39105,2024,Services and Supplies_General,684154.00,ca_sco_districts
CA-39115,2021,Debt Service / Interest Payments on Long-Term Debt_General,1666.00,ca_sco_districts
CA-39115,2021,Debt Service / Principal Payments on Long-Term Debt_General,25886.00,ca_sco_districts
CA-39115,2021,Employee Benefits_General,31666.00,ca_sco_districts
CA-39115,2021,Other Expenditures_General,17579.00,ca_sco_districts
CA-39115,2021,Salaries and Wages_General,222935.00,ca_sco_districts
CA-39115,2021,Services and Supplies_General,226537.00,ca_sco_districts
CA-39115,2022,Debt Service / Interest Payments on Long-Term Debt_General,5184.00,ca_sco_districts
CA-39115,2022,Debt Service / Principal Payments on Long-Term Debt_General,13439.00,ca_sco_districts
CA-39115,2022,Employee Benefits_General,9600.00,ca_sco_districts
CA-39115,2022,Other Expenditures_General,17421.00,ca_sco_districts
CA-39115,2022,Salaries and Wages_General,259422.00,ca_sco_districts
CA-39115,2022,Services and Supplies_General,296542.00,ca_sco_districts
CA-39115,2023,Capital Outlay_General,29529.00,ca_sco_districts
CA-39115,2023,Employee Benefits_General,10200.00,ca_sco_districts
CA-39115,2023,Other Expenditures_General,26546.00,ca_sco_districts
CA-39115,2023,Salaries and Wages_General,291543.00,ca_sco_districts
CA-39115,2023,Services and Supplies_General,340747.00,ca_sco_districts
CA-39115,2024,Employee Benefits_General,20900.00,ca_sco_districts
CA-39115,2024,Other Expenditures_General,3053.00,ca_sco_districts
CA-39115,2024,Salaries and Wages_General,475454.00,ca_sco_districts
CA-39115,2024,Services and Supplies_General,283004.00,ca_sco_districts
CA-39120,2021,Employee Benefits_General,7272296.00,ca_sco_districts
CA-39120,2021,Salaries and Wages_General,13741111.00,ca_sco_districts
CA-39120,2021,Services and Supplies_General,2529081.00,ca_sco_districts
CA-39120,2022,Materials and Supplies_Other Enterprise Fund,3779632.00,ca_sco_districts
CA-39120,2022,Personnel Services_Other Enterprise Fund,23560504.00,ca_sco_districts
CA-39120,2023,Depreciation and Amortization Expenses_Other Enterprise Fund,233561.00,ca_sco_districts
CA-39120,2023,Materials and Supplies_Other Enterprise Fund,3566151.00,ca_sco_districts
CA-39120,2023,Personnel Services_Other Enterprise Fund,22221370.00,ca_sco_districts
CA-39120,2024,Depreciation and Amortization Expenses_Other Enterprise Fund,245946.00,ca_sco_districts
CA-39120,2024,Materials and Supplies_Other Enterprise Fund,3760711.00,ca_sco_districts
CA-39120,2024,Personnel Services_Other Enterprise Fund,21802600.00,ca_sco_districts
CA-39125,2021,Employee Benefits_General,313263.00,ca_sco_districts
CA-39125,2021,Other Expenditures_General,429800.00,ca_sco_districts
CA-39125,2021,Salaries and Wages_General,738469.00,ca_sco_districts
CA-39125,2021,Services and Supplies_General,202700.00,ca_sco_districts
CA-39125,2022,Employee Benefits_General,388278.00,ca_sco_districts
CA-39125,2022,Salaries and Wages_General,1210930.00,ca_sco_districts
CA-39125,2022,Services and Supplies_General,284561.00,ca_sco_districts
CA-39125,2023,Capital Outlay_General,523570.00,ca_sco_districts
CA-39125,2023,Debt Service / Interest Payments on Long-Term Debt_General,24693.00,ca_sco_districts
CA-39125,2023,Debt Service / Other Principal Payments on Long-Term Debt_General,79779.00,ca_sco_districts
CA-39125,2023,Employee Benefits_General,471037.00,ca_sco_districts
CA-39125,2023,Salaries and Wages_General,1027959.00,ca_sco_districts
CA-39125,2023,Services and Supplies_General,349911.00,ca_sco_districts
CA-39125,2024,Capital Outlay_General,187966.00,ca_sco_districts
CA-39125,2024,Debt Service / Interest Payments on Long-Term Debt_General,29138.00,ca_sco_districts
CA-39125,2024,Debt Service / Other Principal Payments on Long-Term Debt_General,82316.00,ca_sco_districts
CA-39125,2024,Employee Benefits_General,409744.00,ca_sco_districts
CA-39125,2024,Salaries and Wages_General,859418.00,ca_sco_districts
CA-39125,2024,Services and Supplies_General,342261.00,ca_sco_districts
CA-39130,2021,Capital Outlay_General,592096.00,ca_sco_districts
CA-39130,2021,Employee Benefits_General,1135781.00,ca_sco_districts
CA-39130,2021,Salaries and Wages_General,2451108.00,ca_sco_districts
CA-39130,2021,Services and Supplies_General,935079.00,ca_sco_districts
CA-39130,2022,Capital Outlay_General,152219.00,ca_sco_districts
CA-39130,2022,Debt Service / Interest Payments on Long-Term Debt_General,16746.00,ca_sco_districts
CA-39130,2022,Debt Service / Principal Payments on Long-Term Debt_General,77074.00,ca_sco_districts
CA-39130,2022,Employee Benefits_General,1177666.00,ca_sco_districts
CA-39130,2022,Salaries and Wages_General,2681826.00,ca_sco_districts
CA-39130,2022,Services and Supplies_General,1070350.00,ca_sco_districts
CA-39130,2023,Capital Outlay_General,223892.00,ca_sco_districts
CA-39130,2023,Debt Service / Interest Payments on Long-Term Debt_General,25876.00,ca_sco_districts
CA-39130,2023,Debt Service / Other Principal Payments on Long-Term Debt_General,163994.00,ca_sco_districts
CA-39130,2023,Employee Benefits_General,1273349.00,ca_sco_districts
CA-39130,2023,Salaries and Wages_General,3089182.00,ca_sco_districts
CA-39130,2023,Services and Supplies_General,1050278.00,ca_sco_districts
CA-39130,2024,Capital Outlay_General,84722.00,ca_sco_districts
CA-39130,2024,Debt Service / Interest Payments on Long-Term Debt_General,21823.00,ca_sco_districts
CA-39130,2024,Debt Service / Other Principal Payments on Long-Term Debt_General,168047.00,ca_sco_districts
CA-39130,2024,Employee Benefits_General,1268599.00,ca_sco_districts
CA-39130,2024,Salaries and Wages_General,3345284.00,ca_sco_districts
CA-39130,2024,Services and Supplies_General,1103565.00,ca_sco_districts
CA-40005,2021,Capital Outlay_General,129043.00,ca_sco_districts
CA-40005,2021,Debt Service / Interest Payments on Long-Term Debt_General,15879.00,ca_sco_districts
CA-40005,2021,Debt Service / Principal Payments on Long-Term Debt_General,85318.00,ca_sco_districts
CA-40005,2021,Employee Benefits_General,1608289.00,ca_sco_districts
CA-40005,2021,Salaries and Wages_General,3646439.00,ca_sco_districts
CA-40005,2021,Services and Supplies_General,922332.00,ca_sco_districts
CA-40005,2022,Debt Service / Interest Payments on Long-Term Debt_General,13572.00,ca_sco_districts
CA-40005,2022,Debt Service / Principal Payments on Long-Term Debt_General,87625.00,ca_sco_districts
CA-40005,2022,Employee Benefits_General,1760748.00,ca_sco_districts
CA-40005,2022,Salaries and Wages_General,3785933.00,ca_sco_districts
CA-40005,2022,Services and Supplies_General,988450.00,ca_sco_districts
CA-40005,2023,Capital Outlay_General,516971.00,ca_sco_districts
CA-40005,2023,Debt Service / Interest Payments on Long-Term Debt_General,26691.00,ca_sco_districts
CA-40005,2023,Debt Service / Other Principal Payments on Long-Term Debt_General,127202.00,ca_sco_districts
CA-40005,2023,Employee Benefits_General,1774337.00,ca_sco_districts
CA-40005,2023,Salaries and Wages_General,3760185.00,ca_sco_districts
CA-40005,2023,Services and Supplies_General,1207920.00,ca_sco_districts
CA-40005,2024,Capital Outlay_General,365885.00,ca_sco_districts
CA-40005,2024,Debt Service / Interest Payments on Long-Term Debt_General,17303.00,ca_sco_districts
CA-40005,2024,Debt Service / Other Principal Payments on Long-Term Debt_General,136018.00,ca_sco_districts
CA-40005,2024,Employee Benefits_General,2044135.00,ca_sco_districts
CA-40005,2024,Salaries and Wages_General,4450170.00,ca_sco_districts
CA-40005,2024,Services and Supplies_General,1378993.00,ca_sco_districts
CA-40010,2021,Fire_Current Expenditures,5546919.00,ca_sco_cities
CA-40010,2022,Fire_Current Expenditures,5961821.00,ca_sco_cities
CA-40010,2023,Fire_Current Expenditures,11917619.00,ca_sco_cities
CA-40010,2024,Fire_Current Expenditures,8382385.00,ca_sco_cities
CA-40040,2021,Fire_Current Expenditures,3380843.00,ca_sco_cities
CA-40040,2022,Fire_Current Expenditures,3464427.00,ca_sco_cities
CA-40040,2023,Fire_Current Expenditures,4186140.00,ca_sco_cities
CA-40040,2024,Fire_Current Expenditures,4129915.00,ca_sco_cities
CA-40050,2021,Fire_Current Expenditures,8184139.00,ca_sco_cities
CA-40050,2022,Fire_Current Expenditures,8098713.00,ca_sco_cities
CA-40050,2023,Fire_Current Expenditures,8921726.00,ca_sco_cities
CA-40050,2024,Fire_Current Expenditures,10168952.00,ca_sco_cities
CA-40055,2021,Fire_Current Expenditures,2423098.00,ca_sco_cities
CA-40055,2022,Fire_Current Expenditures,2664741.00,ca_sco_cities
CA-40055,2023,Fire_Current Expenditures,3091003.00,ca_sco_cities
CA-40055,2024,Fire_Current Expenditures,3468514.00,ca_sco_cities
CA-40060,2021,Fire_Current Expenditures,14024824.00,ca_sco_cities
CA-40060,2022,Fire_Current Expenditures,17074531.00,ca_sco_cities
CA-40060,2023,Fire_Current Expenditures,15432577.00,ca_sco_cities
CA-40060,2024,Fire_Current Expenditures,15952481.00,ca_sco_cities
CA-40070,2021,Capital Outlay_General,327945.00,ca_sco_districts
CA-40070,2021,Debt Service / Interest Payments on Long-Term Debt_General,5337.00,ca_sco_districts
CA-40070,2021,Debt Service / Principal Payments on Long-Term Debt_General,11608.00,ca_sco_districts
CA-40070,2021,Services and Supplies_General,91460.00,ca_sco_districts
CA-40070,2022,Debt Service / Interest Payments on Long-Term Debt_General,4307.00,ca_sco_districts
CA-40070,2022,Debt Service / Principal Payments on Long-Term Debt_General,15416.00,ca_sco_districts
CA-40070,2022,Services and Supplies_General,157823.00,ca_sco_districts
CA-40070,2023,Capital Outlay_General,16309.00,ca_sco_districts
CA-40070,2023,Debt Service / Interest Payments on Long-Term Debt_General,6206.00,ca_sco_districts
CA-40070,2023,Debt Service / Other Principal Payments on Long-Term Debt_General,35518.00,ca_sco_districts
CA-40070,2023,Services and Supplies_General,135582.00,ca_sco_districts
CA-40070,2024,Capital Outlay_General,40513.00,ca_sco_districts
CA-40070,2024,Debt Service / Interest Payments on Long-Term Debt_General,4326.00,ca_sco_districts
CA-40070,2024,Debt Service / Other Principal Payments on Long-Term Debt_General,37398.00,ca_sco_districts
CA-40070,2024,Services and Supplies_General,231675.00,ca_sco_districts
CA-41030,2021,Capital Outlay_General,156596.00,ca_sco_districts
CA-41030,2021,Employee Benefits_General,311143.00,ca_sco_districts
CA-41030,2021,Other Expenditures_General,160882.00,ca_sco_districts
CA-41030,2021,Salaries and Wages_General,959890.00,ca_sco_districts
CA-41030,2021,Services and Supplies_General,243707.00,ca_sco_districts
CA-41030,2022,Capital Outlay_General,22248.00,ca_sco_districts
CA-41030,2022,Employee Benefits_General,322336.00,ca_sco_districts
CA-41030,2022,Other Expenditures_General,257121.00,ca_sco_districts
CA-41030,2022,Salaries and Wages_General,982839.00,ca_sco_districts
CA-41030,2022,Services and Supplies_General,238155.00,ca_sco_districts
CA-41030,2023,Capital Outlay_General,7568.00,ca_sco_districts
CA-41030,2023,Employee Benefits_General,327795.00,ca_sco_districts
CA-41030,2023,Other Expenditures_General,224353.00,ca_sco_districts
CA-41030,2023,Salaries and Wages_General,968769.00,ca_sco_districts
CA-41030,2023,Services and Supplies_General,220538.00,ca_sco_districts
CA-41030,2024,Capital Outlay_General,81249.00,ca_sco_districts
CA-41030,2024,Employee Benefits_General,317484.00,ca_sco_districts
CA-41030,2024,Other Expenditures_General,188430.00,ca_sco_districts
CA-41030,2024,Salaries and Wages_General,1017983.00,ca_sco_districts
CA-41030,2024,Services and Supplies_General,288240.00,ca_sco_districts
CA-41050,2021,Capital Outlay_Capital Projects,3268382.00,ca_sco_districts
CA-41050,2021,Capital Outlay_General,1259280.00,ca_sco_districts
CA-41050,2021,Capital Outlay_Special Revenue,23412.00,ca_sco_districts
CA-41050,2021,Debt Service / Interest Payments on Long-Term Debt_Debt Service,863464.00,ca_sco_districts
CA-41050,2021,Debt Service / Principal Payments on Long-Term Debt_Debt Service,8935000.00,ca_sco_districts
CA-41050,2021,Employee Benefits_General,19886107.00,ca_sco_districts
CA-41050,2021,Employee Benefits_Special Revenue,159847.00,ca_sco_districts
CA-41050,2021,Salaries and Wages_General,31323115.00,ca_sco_districts
CA-41050,2021,Salaries and Wages_Special Revenue,690357.00,ca_sco_districts
CA-41050,2021,Services and Supplies_General,6203304.00,ca_sco_districts
CA-41050,2021,Services and Supplies_Special Revenue,644278.00,ca_sco_districts
CA-41050,2022,Capital Outlay_Capital Projects,8543451.00,ca_sco_districts
CA-41050,2022,Capital Outlay_General,800977.00,ca_sco_districts
CA-41050,2022,Capital Outlay_Special Revenue,61949.00,ca_sco_districts
CA-41050,2022,Employee Benefits_General,18019837.00,ca_sco_districts
CA-41050,2022,Employee Benefits_Special Revenue,154226.00,ca_sco_districts
CA-41050,2022,Salaries and Wages_General,32289918.00,ca_sco_districts
CA-41050,2022,Salaries and Wages_Special Revenue,417456.00,ca_sco_districts
CA-41050,2022,Services and Supplies_General,6418261.00,ca_sco_districts
CA-41050,2022,Services and Supplies_Special Revenue,531638.00,ca_sco_districts
CA-41050,2023,Capital Outlay_Capital Projects,1213964.00,ca_sco_districts
CA-41050,2023,Capital Outlay_General,8708681.00,ca_sco_districts
CA-41050,2023,Capital Outlay_Special Revenue,15064.00,ca_sco_districts
CA-41050,2023,Employee Benefits_General,15204035.00,ca_sco_districts
CA-41050,2023,Employee Benefits_Special Revenue,174713.00,ca_sco_districts
CA-41050,2023,Salaries and Wages_General,33296360.00,ca_sco_districts
CA-41050,2023,Salaries and Wages_Special Revenue,418207.00,ca_sco_districts
CA-41050,2023,Services and Supplies_General,8505934.00,ca_sco_districts
CA-41050,2023,Services and Supplies_Special Revenue,654286.00,ca_sco_districts
CA-41050,2024,Capital Outlay_Capital Projects,2015143.00,ca_sco_districts
CA-41050,2024,Capital Outlay_General,2709624.00,ca_sco_districts
CA-41050,2024,Capital Outlay_Special Revenue,18023.00,ca_sco_districts
CA-41050,2024,Employee Benefits_General,10745530.00,ca_sco_districts
CA-41050,2024,Employee Benefits_Special Revenue,212580.00,ca_sco_districts
CA-41050,2024,Salaries and Wages_General,34637992.00,ca_sco_districts
CA-41050,2024,Salaries and Wages_Special Revenue,420613.00,ca_sco_districts
CA-41050,2024,Services and Supplies_General,7764429.00,ca_sco_districts
CA-41050,2024,Services and Supplies_Special Revenue,559415.00,ca_sco_districts
CA-41070,2021,Fire_Current Expenditures,37000959.00,ca_sco_cities
CA-41070,2022,Fire_Current Expenditures,38327703.00,ca_sco_cities
CA-41070,2023,Fire_Current Expenditures,42562636.00,ca_sco_cities
CA-41070,2024,Fire_Current Expenditures,47423883.00,ca_sco_cities
CA-41080,2021,Fire_Current Expenditures,11804886.00,ca_sco_cities
CA-41080,2022,Fire_Current Expenditures,12744920.00,ca_sco_cities
CA-41080,2023,Fire_Current Expenditures,13675431.00,ca_sco_cities
CA-41080,2024,Fire_Current Expenditures,14104311.00,ca_sco_cities
CA-41095,2021,Fire_Current Expenditures,20097453.00,ca_sco_cities
CA-41095,2022,Fire_Current Expenditures,20714690.00,ca_sco_cities
CA-41095,2023,Fire_Current Expenditures,21624104.00,ca_sco_cities
CA-41095,2024,Fire_Current Expenditures,22486379.00,ca_sco_cities
CA-41105,2021,Capital Outlay_General,624636.00,ca_sco_districts
CA-41105,2021,Employee Benefits_General,6988007.00,ca_sco_districts
CA-41105,2021,Salaries and Wages_General,11308067.00,ca_sco_districts
CA-41105,2021,Services and Supplies_General,2306860.00,ca_sco_districts
CA-41105,2022,Capital Outlay_General,5996033.00,ca_sco_districts
CA-41105,2022,Debt Service / Interest Payments on Long-Term Debt_General,540883.00,ca_sco_districts
CA-41105,2022,Debt Service / Principal Payments on Long-Term Debt_General,410000.00,ca_sco_districts
CA-41105,2022,Employee Benefits_General,7442050.00,ca_sco_districts
CA-41105,2022,Salaries and Wages_General,12086808.00,ca_sco_districts
CA-41105,2022,Services and Supplies_General,2265171.00,ca_sco_districts
CA-41105,2023,Capital Outlay_General,13104921.00,ca_sco_districts
CA-41105,2023,Debt Service / Interest Payments on Long-Term Debt_General,478466.00,ca_sco_districts
CA-41105,2023,Debt Service / Other Principal Payments on Long-Term Debt_General,470000.00,ca_sco_districts
CA-41105,2023,Employee Benefits_General,6637102.00,ca_sco_districts
CA-41105,2023,Salaries and Wages_General,12900371.00,ca_sco_districts
CA-41105,2023,Services and Supplies_General,3301303.00,ca_sco_districts
CA-41105,2024,Capital Outlay_General,29308115.00,ca_sco_districts
CA-41105,2024,Debt Service / Interest Payments on Long-Term Debt_General,462255.00,ca_sco_districts
CA-41105,2024,Debt Service / Other Principal Payments on Long-Term Debt_General,490000.00,ca_sco_districts
CA-41105,2024,Employee Benefits_General,6830745.00,ca_sco_districts
CA-41105,2024,Salaries and Wages_General,12716325.00,ca_sco_districts
CA-41105,2024,Services and Supplies_General,4585622.00,ca_sco_districts
CA-41556,2021,Depreciation and Amortization Expenses_Internal Service Fund,342845.00,ca_sco_districts
CA-41556,2021,Employee Benefits_General,11873258.00,ca_sco_districts
CA-41556,2021,Loss on Disposal of Capital Assets_Internal Service Fund,25974.00,ca_sco_districts
CA-41556,2021,Materials and Supplies_Internal Service Fund,310931.00,ca_sco_districts
CA-41556,2021,Personnel Services_Internal Service Fund,1202606.00,ca_sco_districts
CA-41556,2021,Salaries and Wages_General,15047569.00,ca_sco_districts
CA-41556,2021,Services and Supplies_Capital Projects,60254.00,ca_sco_districts
CA-41556,2021,Services and Supplies_General,2890151.00,ca_sco_districts
CA-41556,2021,Services and Supplies_Special Revenue,208395.00,ca_sco_districts
CA-41556,2022,Depreciation and Amortization Expenses_Internal Service Fund,423702.00,ca_sco_districts
CA-41556,2022,Employee Benefits_General,12523559.00,ca_sco_districts
CA-41556,2022,Materials and Supplies_Internal Service Fund,384788.00,ca_sco_districts
CA-41556,2022,Personnel Services_Internal Service Fund,-1064645.00,ca_sco_districts
CA-41556,2022,Salaries and Wages_General,16328302.00,ca_sco_districts
CA-41556,2022,Services and Supplies_Capital Projects,13686.00,ca_sco_districts
CA-41556,2022,Services and Supplies_General,2889870.00,ca_sco_districts
CA-41556,2022,Services and Supplies_Special Revenue,521396.00,ca_sco_districts
CA-41556,2023,Depreciation and Amortization Expenses_Internal Service Fund,461248.00,ca_sco_districts
CA-41556,2023,Employee Benefits_General,13017831.00,ca_sco_districts
CA-41556,2023,Loss on Disposal of Capital Assets_Internal Service Fund,14188.00,ca_sco_districts
CA-41556,2023,Materials and Supplies_Internal Service Fund,414236.00,ca_sco_districts
CA-41556,2023,Personnel Services_Internal Service Fund,1085127.00,ca_sco_districts
CA-41556,2023,Salaries and Wages_General,16491447.00,ca_sco_districts
CA-41556,2023,Services and Supplies_General,3077583.00,ca_sco_districts
CA-41556,2024,Depreciation and Amortization Expenses_Internal Service Fund,477539.00,ca_sco_districts
CA-41556,2024,Employee Benefits_General,13967032.00,ca_sco_districts
CA-41556,2024,Loss on Disposal of Capital Assets_Internal Service Fund,11305.00,ca_sco_districts
CA-41556,2024,Materials and Supplies_Internal Service Fund,547086.00,ca_sco_districts
CA-41556,2024,Personnel Services_Internal Service Fund,614514.00,ca_sco_districts
CA-41556,2024,Salaries and Wages_General,17263959.00,ca_sco_districts
CA-41556,2024,Services and Supplies_General,3612350.00,ca_sco_districts
CA-42005,2021,Capital Outlay_Capital Projects,58824.00,ca_sco_districts
CA-42005,2021,Debt Service / Interest Payments on Long-Term Debt_Capital Projects,2180.00,ca_sco_districts
CA-42005,2021,Debt Service / Other Debt Service_General,9623.00,ca_sco_districts
CA-42005,2021,Debt Service / Principal Payments on Long-Term Debt_Capital Projects,76472.00,ca_sco_districts
CA-42005,2021,Salaries and Wages_General,9636006.00,ca_sco_districts
CA-42005,2021,Services and Supplies_General,1254740.00,ca_sco_districts
CA-42005,2022,Capital Outlay_Capital Projects,81408.00,ca_sco_districts
CA-42005,2022,Debt Service / Interest Payments on Long-Term Debt_General,6261.00,ca_sco_districts
CA-42005,2022,Debt Service / Principal Payments on Long-Term Debt_General,75639.00,ca_sco_districts
CA-42005,2022,Employee Benefits_General,3107228.00,ca_sco_districts
CA-42005,2022,Salaries and Wages_General,6924169.00,ca_sco_districts
CA-42005,2022,Services and Supplies_Capital Projects,52779.00,ca_sco_districts
CA-42005,2022,Services and Supplies_General,1744824.00,ca_sco_districts
CA-42005,2023,Capital Outlay_Capital Projects,563127.00,ca_sco_districts
CA-42005,2023,Debt Service / Interest Payments on Long-Term Debt_General,3745.00,ca_sco_districts
CA-42005,2023,Debt Service / Other Principal Payments on Long-Term Debt_General,86170.00,ca_sco_districts
CA-42005,2023,Employee Benefits_General,3083979.00,ca_sco_districts
CA-42005,2023,Salaries and Wages_General,6460790.00,ca_sco_districts
CA-42005,2023,Services and Supplies_Capital Projects,24063.00,ca_sco_districts
CA-42005,2023,Services and Supplies_General,1751571.00,ca_sco_districts
CA-42005,2024,Capital Outlay_Capital Projects,485675.00,ca_sco_districts
CA-42005,2024,Capital Outlay_General,532802.00,ca_sco_districts
CA-42005,2024,Debt Service / Interest Payments on Long-Term Debt_General,1425.00,ca_sco_districts
CA-42005,2024,Debt Service / Other Principal Payments on Long-Term Debt_General,82093.00,ca_sco_districts
CA-42005,2024,Employee Benefits_General,1084295.00,ca_sco_districts
CA-42005,2024,Salaries and Wages_General,9854545.00,ca_sco_districts
CA-42005,2024,Services and Supplies_Capital Projects,19346.00,ca_sco_districts
CA-42005,2024,Services and Supplies_General,1612130.00,ca_sco_districts
CA-42010,2021,Fire_Current Expenditures,1217103.00,ca_sco_cities
CA-42010,2022,Fire_Current Expenditures,1363217.00,ca_sco_cities
CA-42010,2023,Fire_Current Expenditures,1279007.00,ca_sco_cities
CA-42010,2024,Fire_Current Expenditures,1441940.00,ca_sco_cities
CA-42015,2021,Fire_Current Expenditures,7535453.00,ca_sco_cities
CA-42015,2022,Fire_Current Expenditures,8067160.00,ca_sco_cities
CA-42015,2023,Fire_Current Expenditures,8672325.00,ca_sco_cities
CA-42015,2024,Fire_Current Expenditures,9538554.00,ca_sco_cities
CA-42025,2021,Fire_Current Expenditures,31676724.00,ca_sco_cities
CA-42025,2022,Fire_Current Expenditures,32864638.00,ca_sco_cities
CA-42025,2023,Fire_Current Expenditures,34864501.00,ca_sco_cities
CA-42025,2024,Fire_Current Expenditures,37678587.00,ca_sco_cities
CA-42030,2021,Capital Outlay_Capital Projects,204457.00,ca_sco_districts
CA-42030,2021,Capital Outlay_General,625110.00,ca_sco_districts
CA-42030,2021,Employee Benefits_General,22762830.00,ca_sco_districts
CA-42030,2021,Salaries and Wages_General,11504512.00,ca_sco_districts
CA-42030,2021,Services and Supplies_Capital Projects,1359.00,ca_sco_districts
CA-42030,2021,Services and Supplies_General,2449062.00,ca_sco_districts
CA-42030,2022,Capital Outlay_Capital Projects,530173.00,ca_sco_districts
CA-42030,2022,Capital Outlay_General,355208.00,ca_sco_districts
CA-42030,2022,Debt Service / Interest Payments on Long-Term Debt_General,128687.00,ca_sco_districts
CA-42030,2022,Debt Service / Principal Payments on Long-Term Debt_General,1157211.00,ca_sco_districts
CA-42030,2022,Employee Benefits_General,5421073.00,ca_sco_districts
CA-42030,2022,Salaries and Wages_General,12469986.00,ca_sco_districts
CA-42030,2022,Services and Supplies_Capital Projects,29506.00,ca_sco_districts
CA-42030,2022,Services and Supplies_General,2361095.00,ca_sco_districts
CA-42030,2023,Capital Outlay_Capital Projects,1294538.00,ca_sco_districts
CA-42030,2023,Capital Outlay_General,87257.00,ca_sco_districts
CA-42030,2023,Debt Service / Interest Payments on Long-Term Debt_General,124356.00,ca_sco_districts
CA-42030,2023,Debt Service / Other Principal Payments on Long-Term Debt_General,1133572.00,ca_sco_districts
CA-42030,2023,Employee Benefits_General,5829282.00,ca_sco_districts
CA-42030,2023,Salaries and Wages_General,12752347.00,ca_sco_districts
CA-42030,2023,Services and Supplies_Capital Projects,5734.00,ca_sco_districts
CA-42030,2023,Services and Supplies_General,2378477.00,ca_sco_districts
CA-42030,2024,Capital Outlay_Capital Projects,353306.00,ca_sco_districts
CA-42030,2024,Capital Outlay_General,822945.00,ca_sco_districts
CA-42030,2024,Debt Service / Interest Payments on Long-Term Debt_General,104518.00,ca_sco_districts
CA-42030,2024,Debt Service / Other Principal Payments on Long-Term Debt_General,1153409.00,ca_sco_districts
CA-42030,2024,Employee Benefits_General,5939586.00,ca_sco_districts
CA-42030,2024,Salaries and Wages_General,12990909.00,ca_sco_districts
CA-42030,2024,Services and Supplies_Capital Projects,26061.00,ca_sco_districts
CA-42030,2024,Services and Supplies_General,2752069.00,ca_sco_districts
CA-42035,2021,Capital Outlay_Special Revenue,2766155.00,ca_sco_districts
CA-42035,2021,Contributions to Outside Agencies_Special Revenue,28565.00,ca_sco_districts
CA-42035,2021,Employee Benefits_Special Revenue,24910174.00,ca_sco_districts
CA-42035,2021,Other Expenditures_Special Revenue,6117916.00,ca_sco_districts
CA-42035,2021,Salaries and Wages_Special Revenue,50691236.00,ca_sco_districts
CA-42035,2021,Services and Supplies_Special Revenue,7281142.00,ca_sco_districts
CA-42035,2022,Capital Outlay_Special Revenue,2557725.00,ca_sco_districts
CA-42035,2022,Contributions to Outside Agencies_Special Revenue,209194.00,ca_sco_districts
CA-42035,2022,Employee Benefits_Special Revenue,26984601.00,ca_sco_districts
CA-42035,2022,Other Expenditures_Special Revenue,7181125.00,ca_sco_districts
CA-42035,2022,Salaries and Wages_Special Revenue,53649768.00,ca_sco_districts
CA-42035,2022,Services and Supplies_Special Revenue,7656683.00,ca_sco_districts
CA-42035,2023,Capital Outlay_Special Revenue,2415123.00,ca_sco_districts
CA-42035,2023,Employee Benefits_Special Revenue,27076680.00,ca_sco_districts
CA-42035,2023,Other Expenditures_Special Revenue,7227710.00,ca_sco_districts
CA-42035,2023,Salaries and Wages_Special Revenue,52106795.00,ca_sco_districts
CA-42035,2023,Services and Supplies_Special Revenue,7819404.00,ca_sco_districts
CA-42035,2024,Capital Outlay_Special Revenue,3072219.00,ca_sco_districts
CA-42035,2024,Employee Benefits_Special Revenue,31620286.00,ca_sco_districts
CA-42035,2024,Other Expenditures_Special Revenue,8584359.00,ca_sco_districts
CA-42035,2024,Salaries and Wages_Special Revenue,57741650.00,ca_sco_districts
CA-42035,2024,Services and Supplies_Special Revenue,11044672.00,ca_sco_districts
CA-42040,2021,Fire_Current Expenditures,18282443.00,ca_sco_cities
CA-42040,2022,Fire_Current Expenditures,19117250.00,ca_sco_cities
CA-42040,2023,Fire_Current Expenditures,11409700.00,ca_sco_cities
CA-42040,2024,Fire_Current Expenditures,22442352.00,ca_sco_cities
CA-43010,2021,Fire_Current Expenditures,12458548.00,ca_sco_cities
CA-43010,2022,Fire_Current Expenditures,13596087.00,ca_sco_cities
CA-43010,2023,Fire_Current Expenditures,14494561.00,ca_sco_cities
CA-43010,2024,Fire_Current Expenditures,16472215.00,ca_sco_cities
CA-43030,2021,Fire_Current Expenditures,5289946.00,ca_sco_cities
CA-43030,2022,Fire_Current Expenditures,6181298.00,ca_sco_cities
CA-43030,2023,Fire_Current Expenditures,6579937.00,ca_sco_cities
CA-43030,2024,Fire_Current Expenditures,5312468.00,ca_sco_cities
CA-43040,2021,Fire_Current Expenditures,5421223.00,ca_sco_cities
CA-43040,2022,Fire_Current Expenditures,655267.00,ca_sco_cities
CA-43040,2023,Fire_Current Expenditures,726244.00,ca_sco_cities
CA-43040,2024,Fire_Current Expenditures,8091453.00,ca_sco_cities
CA-43045,2021,Capital Outlay_General,107082.00,ca_sco_districts
CA-43045,2021,Debt Service / Interest Payments on Long-Term Debt_General,5089.00,ca_sco_districts
CA-43045,2021,Debt Service / Principal Payments on Long-Term Debt_General,47941.00,ca_sco_districts
CA-43045,2021,Services and Supplies_General,4943108.00,ca_sco_districts
CA-43045,2022,Capital Outlay_General,141787.00,ca_sco_districts
CA-43045,2022,Debt Service / Interest Payments on Long-Term Debt_General,5698.00,ca_sco_districts
CA-43045,2022,Debt Service / Principal Payments on Long-Term Debt_General,66324.00,ca_sco_districts
CA-43045,2022,Other Expenditures_General,75612.00,ca_sco_districts
CA-43045,2022,Services and Supplies_General,5990125.00,ca_sco_districts
CA-43045,2023,Capital Outlay_General,318707.00,ca_sco_districts
CA-43045,2023,Debt Service / Interest Payments on Long-Term Debt_General,4880.00,ca_sco_districts
CA-43045,2023,"Debt Service / Lease Financing, Principal and Interest Payments_General",4080.00,ca_sco_districts
CA-43045,2023,Debt Service / Other Principal Payments on Long-Term Debt_General,63921.00,ca_sco_districts
CA-43045,2023,Services and Supplies_General,6630847.00,ca_sco_districts
CA-43045,2024,Capital Outlay_General,168849.00,ca_sco_districts
CA-43045,2024,Debt Service / Interest Payments on Long-Term Debt_General,13881.00,ca_sco_districts
CA-43045,2024,"Debt Service / Lease Financing, Principal and Interest Payments_General",27630.00,ca_sco_districts
CA-43045,2024,Debt Service / Other Principal Payments on Long-Term Debt_General,63921.00,ca_sco_districts
CA-43045,2024,Services and Supplies_General,6632978.00,ca_sco_districts
CA-43050,2021,Fire_Current Expenditures,29994947.00,ca_sco_cities
CA-43050,2022,Fire_Current Expenditures,30000051.00,ca_sco_cities
CA-43050,2023,Fire_Current Expenditures,31118470.00,ca_sco_cities
CA-43050,2024,Fire_Current Expenditures,33179914.00,ca_sco_cities
CA-43060,2021,Fire_Current Expenditures,36712320.00,ca_sco_cities
CA-43060,2022,Fire_Current Expenditures,39879906.00,ca_sco_cities
CA-43060,2023,Fire_Current Expenditures,43345099.00,ca_sco_cities
CA-43060,2024,Fire_Current Expenditures,48036767.00,ca_sco_cities
CA-43070,2021,Fire_Current Expenditures,249216526.00,ca_sco_cities
CA-43070,2022,Fire_Current Expenditures,259968105.00,ca_sco_cities
CA-43070,2023,Fire_Current Expenditures,268772647.00,ca_sco_cities
CA-43070,2024,Fire_Current Expenditures,280371035.00,ca_sco_cities
CA-43080,2021,Capital Outlay_Capital Projects,499293.00,ca_sco_districts
CA-43080,2021,Capital Outlay_General,5416411.00,ca_sco_districts
CA-43080,2021,Debt Service / Interest Payments on Long-Term Debt_General,769123.00,ca_sco_districts
CA-43080,2021,Debt Service / Principal Payments on Long-Term Debt_General,670000.00,ca_sco_districts
CA-43080,2021,Employee Benefits_General,44413788.00,ca_sco_districts
CA-43080,2021,General and Administrative Expenses_Internal Service Fund,3565209.00,ca_sco_districts
CA-43080,2021,Other Expenditures_General,917582.00,ca_sco_districts
CA-43080,2021,Salaries and Wages_General,62625653.00,ca_sco_districts
CA-43080,2021,Services and Supplies_General,18123511.00,ca_sco_districts
CA-43080,2022,Capital Outlay_Capital Projects,5102902.00,ca_sco_districts
CA-43080,2022,Capital Outlay_General,4517187.00,ca_sco_districts
CA-43080,2022,Debt Service / Interest Payments on Long-Term Debt_General,871350.00,ca_sco_districts
CA-43080,2022,Debt Service / Principal Payments on Long-Term Debt_General,565000.00,ca_sco_districts
CA-43080,2022,Employee Benefits_General,50827421.00,ca_sco_districts
CA-43080,2022,General and Administrative Expenses_Internal Service Fund,3976195.00,ca_sco_districts
CA-43080,2022,Other Expenditures_General,973301.00,ca_sco_districts
CA-43080,2022,Salaries and Wages_General,62687732.00,ca_sco_districts
CA-43080,2022,Services and Supplies_General,19487928.00,ca_sco_districts
CA-43080,2023,Capital Outlay_Capital Projects,13040382.00,ca_sco_districts
CA-43080,2023,Capital Outlay_General,2325419.00,ca_sco_districts
CA-43080,2023,Debt Service / Interest Payments on Long-Term Debt_General,843100.00,ca_sco_districts
CA-43080,2023,Debt Service / Other Principal Payments on Long-Term Debt_General,595000.00,ca_sco_districts
CA-43080,2023,Employee Benefits_General,48482532.00,ca_sco_districts
CA-43080,2023,General and Administrative Expenses_Internal Service Fund,6485083.00,ca_sco_districts
CA-43080,2023,Other Expenditures_General,1018030.00,ca_sco_districts
CA-43080,2023,Salaries and Wages_General,66990536.00,ca_sco_districts
CA-43080,2023,Services and Supplies_General,22254460.00,ca_sco_districts
CA-43080,2024,Capital Outlay_Capital Projects,9435873.00,ca_sco_districts
CA-43080,2024,Capital Outlay_General,499926.00,ca_sco_districts
CA-43080,2024,Debt Service / Interest Payments on Long-Term Debt_General,813350.00,ca_sco_districts
CA-43080,2024,Debt Service / Other Principal Payments on Long-Term Debt_General,625000.00,ca_sco_districts
CA-43080,2024,Employee Benefits_General,53579337.00,ca_sco_districts
CA-43080,2024,General and Administrative Expenses_Internal Service Fund,7913669.00,ca_sco_districts
CA-43080,2024,Other Expenditures_General,1029706.00,ca_sco_districts
CA-43080,2024,Salaries and Wages_General,66328393.00,ca_sco_districts
CA-43080,2024,Services and Supplies_General,23061174.00,ca_sco_districts
CA-43090,2021,Fire_Current Expenditures,58353316.00,ca_sco_cities
CA-43090,2022,Fire_Current Expenditures,60575340.00,ca_sco_cities
CA-43090,2023,Fire_Current Expenditures,67197870.00,ca_sco_cities
CA-43090,2024,Fire_Current Expenditures,70777348.00,ca_sco_cities
CA-43100,2021,Capital Outlay_General,178658.00,ca_sco_districts
CA-43100,2021,Contractual Services_Other Enterprise Fund,23754.00,ca_sco_districts
CA-43100,2021,Debt Service / Interest Payments on Long-Term Debt_Debt Service,430467.00,ca_sco_districts
CA-43100,2021,Debt Service / Interest Payments on Long-Term Debt_General,57693.00,ca_sco_districts
CA-43100,2021,Debt Service / Principal Payments on Long-Term Debt_Debt Service,214533.00,ca_sco_districts
CA-43100,2021,Debt Service / Principal Payments on Long-Term Debt_General,106825.00,ca_sco_districts
CA-43100,2021,Employee Benefits_General,85971.00,ca_sco_districts
CA-43100,2021,Materials and Supplies_Other Enterprise Fund,21854.00,ca_sco_districts
CA-43100,2021,Personnel Services_Other Enterprise Fund,40175.00,ca_sco_districts
CA-43100,2021,Salaries and Wages_General,93083.00,ca_sco_districts
CA-43100,2021,Services and Supplies_Debt Service,1035.00,ca_sco_districts
CA-43100,2021,Services and Supplies_General,8112933.00,ca_sco_districts
CA-43100,2022,Capital Outlay_General,841.00,ca_sco_districts
CA-43100,2022,Contractual Services_Other Enterprise Fund,22182.00,ca_sco_districts
CA-43100,2022,Debt Service / Interest Payments on Long-Term Debt_Debt Service,480662.00,ca_sco_districts
CA-43100,2022,Debt Service / Interest Payments on Long-Term Debt_General,53105.00,ca_sco_districts
CA-43100,2022,Debt Service / Principal Payments on Long-Term Debt_Debt Service,214338.00,ca_sco_districts
CA-43100,2022,Debt Service / Principal Payments on Long-Term Debt_General,111413.00,ca_sco_districts
CA-43100,2022,Employee Benefits_General,84064.00,ca_sco_districts
CA-43100,2022,Materials and Supplies_Other Enterprise Fund,18734.00,ca_sco_districts
CA-43100,2022,Personnel Services_Other Enterprise Fund,39530.00,ca_sco_districts
CA-43100,2022,Salaries and Wages_General,91659.00,ca_sco_districts
CA-43100,2022,Services and Supplies_Debt Service,1035.00,ca_sco_districts
CA-43100,2022,Services and Supplies_General,8669470.00,ca_sco_districts
CA-43100,2023,Capital Outlay_General,30038.00,ca_sco_districts
CA-43100,2023,Contractual Services_Other Enterprise Fund,20951.00,ca_sco_districts
CA-43100,2023,Debt Service / Interest Payments on Long-Term Debt_Debt Service,531345.00,ca_sco_districts
CA-43100,2023,Debt Service / Interest Payments on Long-Term Debt_General,57539.00,ca_sco_districts
CA-43100,2023,Debt Service / Other Principal Payments on Long-Term Debt_Debt Service,218655.00,ca_sco_districts
CA-43100,2023,Debt Service / Other Principal Payments on Long-Term Debt_General,1244677.00,ca_sco_districts
CA-43100,2023,Employee Benefits_General,92685.00,ca_sco_districts
CA-43100,2023,Materials and Supplies_Other Enterprise Fund,17821.00,ca_sco_districts
CA-43100,2023,Salaries and Wages_General,142005.00,ca_sco_districts
CA-43100,2023,Services and Supplies_Debt Service,1380.00,ca_sco_districts
CA-43100,2023,Services and Supplies_General,9271062.00,ca_sco_districts
CA-43100,2024,Capital Outlay_General,2136.00,ca_sco_districts
CA-43100,2024,Debt Service / Interest Payments on Long-Term Debt_Debt Service,589235.00,ca_sco_districts
CA-43100,2024,Debt Service / Other Principal Payments on Long-Term Debt_Debt Service,220765.00,ca_sco_districts
CA-43100,2024,Employee Benefits_General,89321.00,ca_sco_districts
CA-43100,2024,Other Expenditures_General,2180.00,ca_sco_districts
CA-43100,2024,Salaries and Wages_General,146418.00,ca_sco_districts
CA-43100,2024,Services and Supplies_Debt Service,1381.00,ca_sco_districts
CA-43100,2024,Services and Supplies_General,9612111.00,ca_sco_districts
CA-43105,2021,Fire_Current Expenditures,38487134.00,ca_sco_cities
CA-43105,2022,Fire_Current Expenditures,32967579.00,ca_sco_cities
CA-43105,2023,Fire_Current Expenditures,33768004.00,ca_sco_cities
CA-43105,2024,Fire_Current Expenditures,37369335.00,ca_sco_cities
CA-44005,2021,Capital Outlay_Capital Projects,30505.00,ca_sco_districts
CA-44005,2021,Contributions to Outside Agencies_General,15201.00,ca_sco_districts
CA-44005,2021,Employee Benefits_General,3492586.00,ca_sco_districts
CA-44005,2021,Salaries and Wages_General,4554858.00,ca_sco_districts
CA-44005,2021,Services and Supplies_General,620332.00,ca_sco_districts
CA-44015,2021,Capital Outlay_General,83122.00,ca_sco_districts
CA-44015,2021,Debt Service / Interest Payments on Long-Term Debt_General,4484.00,ca_sco_districts
CA-44015,2021,Debt Service / Lease Principal_General,77289.00,ca_sco_districts
CA-44015,2021,Employee Benefits_General,73485.00,ca_sco_districts
CA-44015,2021,Salaries and Wages_General,330043.00,ca_sco_districts
CA-44015,2021,Services and Supplies_General,301174.00,ca_sco_districts
CA-44015,2022,Capital Outlay_General,77871.00,ca_sco_districts
CA-44015,2022,Debt Service / Interest Payments on Long-Term Debt_General,2274.00,ca_sco_districts
CA-44015,2022,Debt Service / Principal Payments on Long-Term Debt_General,77225.00,ca_sco_districts
CA-44015,2022,Employee Benefits_General,70031.00,ca_sco_districts
CA-44015,2022,Salaries and Wages_General,186758.00,ca_sco_districts
CA-44015,2022,Services and Supplies_General,300996.00,ca_sco_districts
CA-44015,2023,Capital Outlay_General,70412.00,ca_sco_districts
CA-44015,2023,Debt Service / Interest Payments on Long-Term Debt_General,14247.00,ca_sco_districts
CA-44015,2023,Debt Service / Other Principal Payments on Long-Term Debt_General,69224.00,ca_sco_districts
CA-44015,2023,Employee Benefits_General,85080.00,ca_sco_districts
CA-44015,2023,Salaries and Wages_General,248899.00,ca_sco_districts
CA-44015,2023,Services and Supplies_General,322039.00,ca_sco_districts
CA-44015,2024,Capital Outlay_General,335229.00,ca_sco_districts
CA-44015,2024,Debt Service / Interest Payments on Long-Term Debt_General,11607.00,ca_sco_districts
CA-44015,2024,Debt Service / Other Principal Payments on Long-Term Debt_General,71864.00,ca_sco_districts
CA-44015,2024,Employee Benefits_General,84263.00,ca_sco_districts
CA-44015,2024,Salaries and Wages_General,314437.00,ca_sco_districts
CA-44015,2024,Services and Supplies_General,363787.00,ca_sco_districts
CA-44020,2021,Employee Benefits_General,130981.00,ca_sco_districts
CA-44020,2021,Salaries and Wages_General,386881.00,ca_sco_districts
CA-44020,2021,Services and Supplies_General,368103.00,ca_sco_districts
CA-44020,2022,Employee Benefits_General,157217.00,ca_sco_districts
CA-44020,2022,Salaries and Wages_General,841099.00,ca_sco_districts
CA-44020,2022,Services and Supplies_General,357958.00,ca_sco_districts
CA-44020,2023,Capital Outlay_General,100561.00,ca_sco_districts
CA-44020,2023,Employee Benefits_General,139646.00,ca_sco_districts
CA-44020,2023,Salaries and Wages_General,366003.00,ca_sco_districts
CA-44020,2023,Services and Supplies_General,341224.00,ca_sco_districts
CA-44020,2024,Capital Outlay_General,30823.00,ca_sco_districts
CA-44020,2024,Employee Benefits_General,145131.00,ca_sco_districts
CA-44020,2024,Salaries and Wages_General,455035.00,ca_sco_districts
CA-44020,2024,Services and Supplies_General,358526.00,ca_sco_districts
CA-44035,2021,Capital Outlay_General,638176.00,ca_sco_districts
CA-44035,2021,Employee Benefits_General,157067.00,ca_sco_districts
CA-44035,2021,Salaries and Wages_General,334536.00,ca_sco_districts
CA-44035,2021,Services and Supplies_General,217024.00,ca_sco_districts
CA-44035,2022,Employee Benefits_General,201065.00,ca_sco_districts
CA-44035,2022,Salaries and Wages_General,441775.00,ca_sco_districts
CA-44035,2022,Services and Supplies_General,282713.00,ca_sco_districts
CA-44035,2023,Employee Benefits_General,523807.00,ca_sco_districts
CA-44035,2023,Salaries and Wages_General,398568.00,ca_sco_districts
CA-44035,2023,Services and Supplies_General,260672.00,ca_sco_districts
CA-44035,2024,Capital Outlay_General,101078.00,ca_sco_districts
CA-44035,2024,Employee Benefits_General,194748.00,ca_sco_districts
CA-44035,2024,Salaries and Wages_General,422279.00,ca_sco_districts
CA-44035,2024,Services and Supplies_General,341539.00,ca_sco_districts
CA-44040,2021,Contributions to Outside Agencies_General,3955.00,ca_sco_districts
CA-44040,2021,Employee Benefits_General,102564.00,ca_sco_districts
CA-44040,2021,Salaries and Wages_General,434692.00,ca_sco_districts
CA-44040,2021,Services and Supplies_General,230510.00,ca_sco_districts
CA-44040,2022,Contributions to Outside Agencies_General,1500.00,ca_sco_districts
CA-44040,2022,Employee Benefits_General,81324.00,ca_sco_districts
CA-44040,2022,Salaries and Wages_General,350029.00,ca_sco_districts
CA-44040,2022,Services and Supplies_General,259930.00,ca_sco_districts
CA-44040,2023,Employee Benefits_General,80453.00,ca_sco_districts
CA-44040,2023,Salaries and Wages_General,356556.00,ca_sco_districts
CA-44040,2023,Services and Supplies_General,320540.00,ca_sco_districts
CA-44040,2024,Capital Outlay_General,82899.00,ca_sco_districts
CA-44040,2024,Contributions to Outside Agencies_General,703.00,ca_sco_districts
CA-44040,2024,Debt Service / Interest Payments on Long-Term Debt_General,19138.00,ca_sco_districts
CA-44040,2024,Debt Service / Other Principal Payments on Long-Term Debt_General,68880.00,ca_sco_districts
CA-44040,2024,Employee Benefits_General,127801.00,ca_sco_districts
CA-44040,2024,Salaries and Wages_General,276154.00,ca_sco_districts
CA-44040,2024,Services and Supplies_General,216486.00,ca_sco_districts
CA-44045,2021,Capital Outlay_General,992.00,ca_sco_districts
CA-44045,2021,Contributions to Outside Agencies_General,2342.00,ca_sco_districts
CA-44045,2021,Employee Benefits_General,695050.00,ca_sco_districts
CA-44045,2021,Services and Supplies_General,1907541.00,ca_sco_districts
CA-44045,2022,Capital Outlay_General,9291.00,ca_sco_districts
CA-44045,2022,Contributions to Outside Agencies_General,2535.00,ca_sco_districts
CA-44045,2022,Debt Service / Interest Payments on Long-Term Debt_General,19193.00,ca_sco_districts
CA-44045,2022,Debt Service / Principal Payments on Long-Term Debt_General,83252.00,ca_sco_districts
CA-44045,2022,Employee Benefits_General,79705.00,ca_sco_districts
CA-44045,2022,Services and Supplies_General,1926882.00,ca_sco_districts
CA-44045,2023,Capital Outlay_General,90512.00,ca_sco_districts
CA-44045,2023,Contributions to Outside Agencies_General,2373.00,ca_sco_districts
CA-44045,2023,Debt Service / Interest Payments on Long-Term Debt_General,23841.00,ca_sco_districts
CA-44045,2023,Debt Service / Other Principal Payments on Long-Term Debt_General,563456.00,ca_sco_districts
CA-44045,2023,Employee Benefits_General,18452.00,ca_sco_districts
CA-44045,2023,Other Expenditures_General,5700.00,ca_sco_districts
CA-44045,2023,Services and Supplies_General,2110467.00,ca_sco_districts
CA-44045,2024,Capital Outlay_General,21574.00,ca_sco_districts
CA-44045,2024,Contributions to Outside Agencies_General,3040.00,ca_sco_districts
CA-44045,2024,Employee Benefits_General,1566.00,ca_sco_districts
CA-44045,2024,Services and Supplies_General,2318278.00,ca_sco_districts
CA-44055,2021,Fire_Current Expenditures,19869446.00,ca_sco_cities
CA-44055,2022,Fire_Current Expenditures,22168518.00,ca_sco_cities
CA-44055,2023,Fire_Current Expenditures,22751325.00,ca_sco_cities
CA-44055,2024,Fire_Current Expenditures,25998842.00,ca_sco_cities
CA-44060,2021,Capital Outlay_Capital Projects,229720.00,ca_sco_districts
CA-44060,2021,Contributions to Outside Agencies_General,1115.00,ca_sco_districts
CA-44060,2021,Employee Benefits_General,310134.00,ca_sco_districts
CA-44060,2021,Other Expenditures_Capital Projects,3824.00,ca_sco_districts
CA-44060,2021,Salaries and Wages_General,355379.00,ca_sco_districts
CA-44060,2021,Services and Supplies_Capital Projects,38793.00,ca_sco_districts
CA-44060,2021,Services and Supplies_General,229235.00,ca_sco_districts
CA-44060,2022,Capital Outlay_Capital Projects,115589.00,ca_sco_districts
CA-44060,2022,Contributions to Outside Agencies_General,1169.00,ca_sco_districts
CA-44060,2022,Employee Benefits_General,380602.00,ca_sco_districts
CA-44060,2022,Salaries and Wages_General,320975.00,ca_sco_districts
CA-44060,2022,Services and Supplies_Capital Projects,28352.00,ca_sco_districts
CA-44060,2022,Services and Supplies_General,199626.00,ca_sco_districts
CA-44060,2023,Capital Outlay_Capital Projects,42295.00,ca_sco_districts
CA-44060,2023,Contributions to Outside Agencies_General,1104.00,ca_sco_districts
CA-44060,2023,Employee Benefits_General,452648.00,ca_sco_districts
CA-44060,2023,Salaries and Wages_General,616210.00,ca_sco_districts
CA-44060,2023,Services and Supplies_Capital Projects,19035.00,ca_sco_districts
CA-44060,2023,Services and Supplies_General,180314.00,ca_sco_districts
CA-44060,2024,Capital Outlay_Capital Projects,279509.00,ca_sco_districts
CA-44060,2024,Contributions to Outside Agencies_Capital Projects,750304.00,ca_sco_districts
CA-44060,2024,Contributions to Outside Agencies_General,256727.00,ca_sco_districts
CA-44060,2024,Employee Benefits_General,341210.00,ca_sco_districts
CA-44060,2024,Salaries and Wages_General,282138.00,ca_sco_districts
CA-44060,2024,Services and Supplies_Capital Projects,25168.00,ca_sco_districts
CA-44060,2024,Services and Supplies_General,110224.00,ca_sco_districts
CA-44065,2021,Capital Outlay_Capital Projects,84423.00,ca_sco_districts
CA-44065,2021,Capital Outlay_General,36971.00,ca_sco_districts
CA-44065,2021,Contributions to Outside Agencies_General,22468.00,ca_sco_districts
CA-44065,2021,Employee Benefits_Capital Projects,132411.00,ca_sco_districts
CA-44065,2021,Employee Benefits_General,5122011.00,ca_sco_districts
CA-44065,2021,Salaries and Wages_Capital Projects,252246.00,ca_sco_districts
CA-44065,2021,Salaries and Wages_General,5935245.00,ca_sco_districts
CA-44065,2021,Services and Supplies_Capital Projects,406256.00,ca_sco_districts
CA-44065,2021,Services and Supplies_General,900325.00,ca_sco_districts
CA-44065,2023,Capital Outlay_Capital Projects,2194364.00,ca_sco_districts
CA-44065,2023,Capital Outlay_General,264896.00,ca_sco_districts
CA-44065,2023,Debt Service / Interest Payments on Long-Term Debt_Capital Projects,29518.00,ca_sco_districts
CA-44065,2023,Debt Service / Other Principal Payments on Long-Term Debt_Capital Projects,320420.00,ca_sco_districts
CA-44065,2023,Employee Benefits_Capital Projects,248523.00,ca_sco_districts
CA-44065,2023,Employee Benefits_General,14076536.00,ca_sco_districts
CA-44065,2023,Salaries and Wages_Capital Projects,449567.00,ca_sco_districts
CA-44065,2023,Salaries and Wages_General,19187724.00,ca_sco_districts
CA-44065,2023,Services and Supplies_Capital Projects,691261.00,ca_sco_districts
CA-44065,2023,Services and Supplies_General,5103809.00,ca_sco_districts
CA-44065,2024,Capital Outlay_Capital Projects,4713483.00,ca_sco_districts
CA-44065,2024,Capital Outlay_General,250496.00,ca_sco_districts
CA-44065,2024,Debt Service / Interest Payments on Long-Term Debt_Capital Projects,19966.00,ca_sco_districts
CA-44065,2024,Debt Service / Other Principal Payments on Long-Term Debt_Capital Projects,329971.00,ca_sco_districts
CA-44065,2024,Employee Benefits_Capital Projects,262537.00,ca_sco_districts
CA-44065,2024,Employee Benefits_General,14955701.00,ca_sco_districts
CA-44065,2024,Salaries and Wages_Capital Projects,480010.00,ca_sco_districts
CA-44065,2024,Salaries and Wages_General,20029669.00,ca_sco_districts
CA-44065,2024,Services and Supplies_Capital Projects,716985.00,ca_sco_districts
CA-44065,2024,Services and Supplies_General,5446727.00,ca_sco_districts
CA-44070,2021,Capital Outlay_Capital Projects,254527.00,ca_sco_districts
CA-44070,2021,Contributions to Outside Agencies_General,508931.00,ca_sco_districts
CA-44070,2021,Employee Benefits_General,2681810.00,ca_sco_districts
CA-44070,2021,Other Expenditures_General,81146.00,ca_sco_districts
CA-44070,2021,Salaries and Wages_General,4756010.00,ca_sco_districts
CA-44070,2021,Services and Supplies_Capital Projects,40964.00,ca_sco_districts
CA-44070,2021,Services and Supplies_General,644271.00,ca_sco_districts
CA-44070,2022,Contributions to Outside Agencies_General,313955.00,ca_sco_districts
CA-44070,2022,Employee Benefits_General,2807396.00,ca_sco_districts
CA-44070,2022,Other Expenditures_General,130000.00,ca_sco_districts
CA-44070,2022,Salaries and Wages_General,4776569.00,ca_sco_districts
CA-44070,2022,Services and Supplies_Capital Projects,30175.00,ca_sco_districts
CA-44070,2022,Services and Supplies_General,587847.00,ca_sco_districts
CA-44070,2023,Capital Outlay_Capital Projects,895197.00,ca_sco_districts
CA-44070,2023,Contributions to Outside Agencies_General,163668.00,ca_sco_districts
CA-44070,2023,Employee Benefits_General,3282715.00,ca_sco_districts
CA-44070,2023,Other Expenditures_General,125000.00,ca_sco_districts
CA-44070,2023,Salaries and Wages_General,4791702.00,ca_sco_districts
CA-44070,2023,Services and Supplies_Capital Projects,51306.00,ca_sco_districts
CA-44070,2023,Services and Supplies_General,753330.00,ca_sco_districts
CA-44070,2024,Capital Outlay_Capital Projects,90545.00,ca_sco_districts
CA-44070,2024,Employee Benefits_General,3371613.00,ca_sco_districts
CA-44070,2024,Salaries and Wages_General,5322722.00,ca_sco_districts
CA-44070,2024,Services and Supplies_Capital Projects,266924.00,ca_sco_districts
CA-44070,2024,Services and Supplies_General,869755.00,ca_sco_districts
CA-44080,2021,Fire_Current Expenditures,9933501.00,ca_sco_cities
CA-44080,2022,Fire_Current Expenditures,11704914.00,ca_sco_cities
CA-44080,2023,Fire_Current Expenditures,11275812.00,ca_sco_cities
CA-44080,2024,Fire_Current Expenditures,11895511.00,ca_sco_cities
CA-45010,2021,Debt Service / Interest Payments on Long-Term Debt_General,15576.00,ca_sco_districts
CA-45010,2021,Debt Service / Principal Payments on Long-Term Debt_General,50469.00,ca_sco_districts
CA-45010,2021,Employee Benefits_General,557760.00,ca_sco_districts
CA-45010,2021,Salaries and Wages_General,933710.00,ca_sco_districts
CA-45010,2021,Services and Supplies_General,300396.00,ca_sco_districts
CA-45010,2022,Capital Outlay_General,160002.00,ca_sco_districts
CA-45010,2022,Debt Service / Interest Payments on Long-Term Debt_General,13987.00,ca_sco_districts
CA-45010,2022,Debt Service / Principal Payments on Long-Term Debt_General,52301.00,ca_sco_districts
CA-45010,2022,Employee Benefits_General,484913.00,ca_sco_districts
CA-45010,2022,Salaries and Wages_General,897564.00,ca_sco_districts
CA-45010,2022,Services and Supplies_General,533140.00,ca_sco_districts
CA-45010,2023,Capital Outlay_General,36758.00,ca_sco_districts
CA-45010,2023,Contributions to Outside Agencies_General,3006.00,ca_sco_districts
CA-45010,2023,Debt Service / Interest Payments on Long-Term Debt_General,50748.00,ca_sco_districts
CA-45010,2023,Debt Service / Other Principal Payments on Long-Term Debt_General,149382.00,ca_sco_districts
CA-45010,2023,Employee Benefits_General,513263.00,ca_sco_districts
CA-45010,2023,Salaries and Wages_General,966208.00,ca_sco_districts
CA-45010,2023,Services and Supplies_General,815851.00,ca_sco_districts
CA-45010,2024,Debt Service / Interest Payments on Long-Term Debt_General,37601.00,ca_sco_districts
CA-45010,2024,Debt Service / Other Debt Service_General,56244.00,ca_sco_districts
CA-45010,2024,Debt Service / Other Principal Payments on Long-Term Debt_General,161589.00,ca_sco_districts
CA-45010,2024,Employee Benefits_General,701909.00,ca_sco_districts
CA-45010,2024,Other Expenditures_General,237721.00,ca_sco_districts
CA-45010,2024,Salaries and Wages_General,1084993.00,ca_sco_districts
CA-45010,2024,Services and Supplies_General,398808.00,ca_sco_districts
CA-45015,2021,Debt Service / Interest Payments on Long-Term Debt_General,2955.00,ca_sco_districts
CA-45015,2021,Debt Service / Principal Payments on Long-Term Debt_General,30327.00,ca_sco_districts
CA-45015,2021,Employee Benefits_General,169000.00,ca_sco_districts
CA-45015,2021,Salaries and Wages_General,198227.00,ca_sco_districts
CA-45015,2021,Services and Supplies_General,127337.00,ca_sco_districts
CA-45015,2022,Debt Service / Interest Payments on Long-Term Debt_General,1506.00,ca_sco_districts
CA-45015,2022,Debt Service / Principal Payments on Long-Term Debt_General,31281.00,ca_sco_districts
CA-45015,2022,Employee Benefits_General,156888.00,ca_sco_districts
CA-45015,2022,Salaries and Wages_General,222532.00,ca_sco_districts
CA-45015,2022,Services and Supplies_General,205086.00,ca_sco_districts
CA-45015,2023,Debt Service / Interest Payments on Long-Term Debt_General,1016.00,ca_sco_districts
CA-45015,2023,Debt Service / Other Principal Payments on Long-Term Debt_General,32266.00,ca_sco_districts
CA-45015,2023,Employee Benefits_General,107006.00,ca_sco_districts
CA-45015,2023,Salaries and Wages_General,240732.00,ca_sco_districts
CA-45015,2023,Services and Supplies_General,146534.00,ca_sco_districts
CA-45015,2024,Employee Benefits_General,105928.00,ca_sco_districts
CA-45015,2024,Salaries and Wages_General,202951.00,ca_sco_districts
CA-45015,2024,Services and Supplies_General,228591.00,ca_sco_districts
CA-45020,2021,Capital Outlay_General,292236.00,ca_sco_districts
CA-45020,2021,Debt Service / Interest Payments on Long-Term Debt_General,4536.00,ca_sco_districts
CA-45020,2021,Debt Service / Principal Payments on Long-Term Debt_General,33419.00,ca_sco_districts
CA-45020,2021,Employee Benefits_General,179888.00,ca_sco_districts
CA-45020,2021,Salaries and Wages_General,394905.00,ca_sco_districts
CA-45020,2021,Services and Supplies_General,296199.00,ca_sco_districts
CA-45020,2022,Capital Outlay_General,76063.00,ca_sco_districts
CA-45020,2022,Debt Service / Interest Payments on Long-Term Debt_General,6278.00,ca_sco_districts
CA-45020,2022,Debt Service / Principal Payments on Long-Term Debt_General,46146.00,ca_sco_districts
CA-45020,2022,Employee Benefits_General,124409.00,ca_sco_districts
CA-45020,2022,Salaries and Wages_General,235275.00,ca_sco_districts
CA-45020,2022,Services and Supplies_General,302332.00,ca_sco_districts
CA-45020,2023,Capital Outlay_General,319500.00,ca_sco_districts
CA-45020,2023,Debt Service / Interest Payments on Long-Term Debt_General,8926.00,ca_sco_districts
CA-45020,2023,Debt Service / Other Principal Payments on Long-Term Debt_General,50497.00,ca_sco_districts
CA-45020,2023,Employee Benefits_General,78035.00,ca_sco_districts
CA-45020,2023,Salaries and Wages_General,163039.00,ca_sco_districts
CA-45020,2023,Services and Supplies_General,309059.00,ca_sco_districts
CA-45020,2024,Capital Outlay_General,452587.00,ca_sco_districts
CA-45020,2024,Debt Service / Interest Payments on Long-Term Debt_General,7538.00,ca_sco_districts
CA-45020,2024,Debt Service / Other Principal Payments on Long-Term Debt_General,51886.00,ca_sco_districts
CA-45020,2024,Employee Benefits_General,66558.00,ca_sco_districts
CA-45020,2024,Salaries and Wages_General,212659.00,ca_sco_districts
CA-45020,2024,Services and Supplies_General,279529.00,ca_sco_districts
CA-45025,2021,Debt Service / Interest Payments on Long-Term Debt_General,4585.00,ca_sco_districts
CA-45025,2021,Debt Service / Principal Payments on Long-Term Debt_General,18507.00,ca_sco_districts
CA-45025,2021,Employee Benefits_General,21802.00,ca_sco_districts
CA-45025,2021,Salaries and Wages_General,105070.00,ca_sco_districts
CA-45025,2021,Services and Supplies_General,86008.00,ca_sco_districts
CA-45025,2022,Capital Outlay_General,59799.00,ca_sco_districts
CA-45025,2022,Debt Service / Interest Payments on Long-Term Debt_General,3532.00,ca_sco_districts
CA-45025,2022,Debt Service / Principal Payments on Long-Term Debt_General,19560.00,ca_sco_districts
CA-45025,2022,Employee Benefits_General,20232.00,ca_sco_districts
CA-45025,2022,Salaries and Wages_General,92620.00,ca_sco_districts
CA-45025,2022,Services and Supplies_General,100604.00,ca_sco_districts
CA-45025,2023,Capital Outlay_General,1305.00,ca_sco_districts
CA-45025,2023,Debt Service / Interest Payments on Long-Term Debt_General,1859.00,ca_sco_districts
CA-45025,2023,Debt Service / Other Principal Payments on Long-Term Debt_General,20673.00,ca_sco_districts
CA-45025,2023,Employee Benefits_General,31215.00,ca_sco_districts
CA-45025,2023,Salaries and Wages_General,65773.00,ca_sco_districts
CA-45025,2023,Services and Supplies_General,154295.00,ca_sco_districts
CA-45025,2024,Capital Outlay_General,130000.00,ca_sco_districts
CA-45025,2024,Debt Service / Interest Payments on Long-Term Debt_General,1244.00,ca_sco_districts
CA-45025,2024,Debt Service / Other Principal Payments on Long-Term Debt_General,21848.00,ca_sco_districts
CA-45025,2024,Employee Benefits_General,6731.00,ca_sco_districts
CA-45025,2024,Salaries and Wages_General,11955.00,ca_sco_districts
CA-45025,2024,Services and Supplies_General,183220.00,ca_sco_districts
CA-45030,2021,Contributions to Outside Agencies_General,2445.00,ca_sco_districts
CA-45030,2021,Debt Service / Interest Payments on Long-Term Debt_General,7457.00,ca_sco_districts
CA-45030,2021,Debt Service / Principal Payments on Long-Term Debt_General,116527.00,ca_sco_districts
CA-45030,2021,Employee Benefits_General,502275.00,ca_sco_districts
CA-45030,2021,Salaries and Wages_General,989848.00,ca_sco_districts
CA-45030,2021,Services and Supplies_General,360240.00,ca_sco_districts
CA-45030,2022,Contributions to Outside Agencies_General,2295.00,ca_sco_districts
CA-45030,2022,Debt Service / Interest Payments on Long-Term Debt_General,3787.00,ca_sco_districts
CA-45030,2022,Debt Service / Principal Payments on Long-Term Debt_General,120196.00,ca_sco_districts
CA-45030,2022,Employee Benefits_General,542851.00,ca_sco_districts
CA-45030,2022,Salaries and Wages_General,870333.00,ca_sco_districts
CA-45030,2022,Services and Supplies_General,457139.00,ca_sco_districts
CA-45030,2023,Debt Service / Interest Payments on Long-Term Debt_General,20585.00,ca_sco_districts
CA-45030,2023,Debt Service / Other Principal Payments on Long-Term Debt_General,105903.00,ca_sco_districts
CA-45030,2023,Employee Benefits_General,501057.00,ca_sco_districts
CA-45030,2023,Salaries and Wages_General,977780.00,ca_sco_districts
CA-45030,2023,Services and Supplies_General,470189.00,ca_sco_districts
CA-45030,2024,Capital Outlay_General,77656.00,ca_sco_districts
CA-45030,2024,Debt Service / Interest Payments on Long-Term Debt_General,11421.00,ca_sco_districts
CA-45030,2024,Debt Service / Other Principal Payments on Long-Term Debt_General,115068.00,ca_sco_districts
CA-45030,2024,Employee Benefits_General,482887.00,ca_sco_districts
CA-45030,2024,Salaries and Wages_General,1101046.00,ca_sco_districts
CA-45030,2024,Services and Supplies_General,407878.00,ca_sco_districts
CA-45035,2021,Capital Outlay_Capital Projects,18841.00,ca_sco_districts
CA-45035,2021,Debt Service / Interest Payments on Long-Term Debt_Capital Projects,127054.00,ca_sco_districts
CA-45035,2021,Debt Service / Principal Payments on Long-Term Debt_Capital Projects,51000.00,ca_sco_districts
CA-45035,2021,Employee Benefits_General,141857.00,ca_sco_districts
CA-45035,2021,Salaries and Wages_General,394690.00,ca_sco_districts
CA-45035,2021,Services and Supplies_Capital Projects,1640.00,ca_sco_districts
CA-45035,2021,Services and Supplies_General,189200.00,ca_sco_districts
CA-45035,2022,Capital Outlay_General,194219.00,ca_sco_districts
CA-45035,2022,Debt Service / Interest Payments on Long-Term Debt_Debt Service,125175.00,ca_sco_districts
CA-45035,2022,Debt Service / Principal Payments on Long-Term Debt_Debt Service,52000.00,ca_sco_districts
CA-45035,2022,Employee Benefits_General,187166.00,ca_sco_districts
CA-45035,2022,Salaries and Wages_General,481295.00,ca_sco_districts
CA-45035,2022,Services and Supplies_Debt Service,146.00,ca_sco_districts
CA-45035,2022,Services and Supplies_General,268906.00,ca_sco_districts
CA-45035,2023,Capital Outlay_General,49796.00,ca_sco_districts
CA-45035,2023,Debt Service / Interest Payments on Long-Term Debt_Debt Service,123182.00,ca_sco_districts
CA-45035,2023,Debt Service / Other Principal Payments on Long-Term Debt_Debt Service,54000.00,ca_sco_districts
CA-45035,2023,Employee Benefits_General,202324.00,ca_sco_districts
CA-45035,2023,Salaries and Wages_General,374079.00,ca_sco_districts
CA-45035,2023,Services and Supplies_Debt Service,143.00,ca_sco_districts
CA-45035,2023,Services and Supplies_General,230946.00,ca_sco_districts
CA-45035,2024,Capital Outlay_General,171839.00,ca_sco_districts
CA-45035,2024,Debt Service / Interest Payments on Long-Term Debt_Debt Service,121698.00,ca_sco_districts
CA-45035,2024,Debt Service / Other Principal Payments on Long-Term Debt_Debt Service,56000.00,ca_sco_districts
CA-45035,2024,Employee Benefits_General,207055.00,ca_sco_districts
CA-45035,2024,Salaries and Wages_General,387345.00,ca_sco_districts
CA-45035,2024,Services and Supplies_Debt Service,135.00,ca_sco_districts
CA-45035,2024,Services and Supplies_General,241836.00,ca_sco_districts
CA-45040,2021,Employee Benefits_General,160.00,ca_sco_districts
CA-45040,2021,Salaries and Wages_General,92912.00,ca_sco_districts
CA-45040,2021,Services and Supplies_General,97376.00,ca_sco_districts
CA-45040,2022,Contributions to Outside Agencies_General,334402.00,ca_sco_districts
CA-45040,2022,Employee Benefits_General,2651.00,ca_sco_districts
CA-45040,2022,Salaries and Wages_General,14210.00,ca_sco_districts
CA-45040,2022,Services and Supplies_General,35585.00,ca_sco_districts
CA-45055,2021,Fire_Current Expenditures,23639636.00,ca_sco_cities
CA-45055,2022,Fire_Current Expenditures,25884481.00,ca_sco_cities
CA-45055,2023,Fire_Current Expenditures,25770361.00,ca_sco_cities
CA-45055,2024,Fire_Current Expenditures,30082107.00,ca_sco_cities
CA-45086,2021,Capital Outlay_Special Revenue,400255.00,ca_sco_districts
CA-45086,2021,Employee Benefits_Special Revenue,172344.00,ca_sco_districts
CA-45086,2021,Salaries and Wages_Special Revenue,215362.00,ca_sco_districts
CA-45086,2021,Services and Supplies_Special Revenue,2928232.00,ca_sco_districts
CA-45086,2022,Capital Outlay_Special Revenue,4754746.00,ca_sco_districts
CA-45086,2022,Employee Benefits_Special Revenue,188580.00,ca_sco_districts
CA-45086,2022,Salaries and Wages_Special Revenue,240433.00,ca_sco_districts
CA-45086,2022,Services and Supplies_Special Revenue,1748299.00,ca_sco_districts
CA-45086,2023,Capital Outlay_Special Revenue,2475293.00,ca_sco_districts
CA-45086,2023,Employee Benefits_Special Revenue,206538.00,ca_sco_districts
CA-45086,2023,Salaries and Wages_Special Revenue,219610.00,ca_sco_districts
CA-45086,2023,Services and Supplies_Special Revenue,4528588.00,ca_sco_districts
CA-45086,2024,Capital Outlay_Special Revenue,946990.00,ca_sco_districts
CA-45086,2024,Employee Benefits_Special Revenue,241849.00,ca_sco_districts
CA-45086,2024,Salaries and Wages_Special Revenue,200940.00,ca_sco_districts
CA-45086,2024,Services and Supplies_Special Revenue,4013429.00,ca_sco_districts
CA-45935,2021,Employee Benefits_General,8999.00,ca_sco_districts
CA-45935,2021,Salaries and Wages_General,35229.00,ca_sco_districts
CA-45935,2021,Services and Supplies_General,46252.00,ca_sco_districts
CA-45935,2022,Contributions to Outside Agencies_General,227.00,ca_sco_districts
CA-45935,2022,Salaries and Wages_General,50145.00,ca_sco_districts
CA-45935,2022,Services and Supplies_General,72259.00,ca_sco_districts
CA-45935,2023,Capital Outlay_General,46751.00,ca_sco_districts
CA-45935,2023,Salaries and Wages_General,62500.00,ca_sco_districts
CA-45935,2023,Services and Supplies_General,98351.00,ca_sco_districts
CA-45935,2024,Contributions to Outside Agencies_General,238.00,ca_sco_districts
CA-45935,2024,Employee Benefits_General,15652.00,ca_sco_districts
CA-45935,2024,Salaries and Wages_General,20840.00,ca_sco_districts
CA-45935,2024,Services and Supplies_General,60699.00,ca_sco_districts
CA-45975,2021,Capital Outlay_General,99351.00,ca_sco_districts
CA-45975,2021,Employee Benefits_General,12307.00,ca_sco_districts
CA-45975,2021,Salaries and Wages_General,75312.00,ca_sco_districts
CA-45975,2021,Services and Supplies_General,53202.00,ca_sco_districts
CA-46005,2021,Salaries and Wages_General,145255.00,ca_sco_districts
CA-46005,2021,Services and Supplies_General,432083.00,ca_sco_districts
CA-46005,2022,Capital Outlay_General,41451.00,ca_sco_districts
CA-46005,2022,Salaries and Wages_General,209347.00,ca_sco_districts
CA-46005,2022,Services and Supplies_General,358315.00,ca_sco_districts
CA-46005,2023,Salaries and Wages_General,107985.00,ca_sco_districts
CA-46005,2023,Services and Supplies_General,243491.00,ca_sco_districts
CA-46005,2024,Capital Outlay_General,345000.00,ca_sco_districts
CA-46005,2024,Salaries and Wages_General,171926.00,ca_sco_districts
CA-46005,2024,Services and Supplies_General,143723.00,ca_sco_districts
CA-46010,2021,Fire_Current Expenditures,140307.00,ca_sco_cities
CA-46010,2022,Fire_Current Expenditures,266964.00,ca_sco_cities
CA-46010,2023,Fire_Current Expenditures,125186.00,ca_sco_cities
CA-46010,2024,Fire_Current Expenditures,16061.00,ca_sco_cities
CA-46015,2022,Services and Supplies_General,99823.00,ca_sco_districts
CA-46015,2023,Capital Outlay_General,189537.00,ca_sco_districts
CA-46015,2023,Services and Supplies_General,90331.00,ca_sco_districts
CA-46015,2024,Capital Outlay_General,143023.00,ca_sco_districts
CA-46015,2024,Services and Supplies_General,86038.00,ca_sco_districts
CA-46020,2021,Capital Outlay_General,30792.00,ca_sco_districts
CA-46020,2021,Debt Service / Interest Payments on Long-Term Debt_General,1391.00,ca_sco_districts
CA-46020,2021,Debt Service / Principal Payments on Long-Term Debt_General,4697.00,ca_sco_districts
CA-46020,2021,Salaries and Wages_General,190384.00,ca_sco_districts
CA-46020,2021,Services and Supplies_General,104883.00,ca_sco_districts
CA-46020,2022,Capital Outlay_General,62132.00,ca_sco_districts
CA-46020,2022,Debt Service / Interest Payments on Long-Term Debt_General,1391.00,ca_sco_districts
CA-46020,2022,Debt Service / Principal Payments on Long-Term Debt_General,3466.00,ca_sco_districts
CA-46020,2022,Salaries and Wages_General,359402.00,ca_sco_districts
CA-46020,2022,Services and Supplies_General,427798.00,ca_sco_districts
CA-46020,2023,Capital Outlay_General,10203.00,ca_sco_districts
CA-46020,2023,Debt Service / Interest Payments on Long-Term Debt_General,516.00,ca_sco_districts
CA-46020,2023,Debt Service / Other Principal Payments on Long-Term Debt_General,32811.00,ca_sco_districts
CA-46020,2023,Salaries and Wages_General,207752.00,ca_sco_districts
CA-46020,2023,Services and Supplies_General,287560.00,ca_sco_districts
CA-46020,2024,Capital Outlay_General,80003.00,ca_sco_districts
CA-46020,2024,Salaries and Wages_General,178728.00,ca_sco_districts
CA-46020,2024,Services and Supplies_General,219010.00,ca_sco_districts
CA-47010,2021,Fire_Current Expenditures,339644.00,ca_sco_cities
CA-47010,2022,Fire_Current Expenditures,407058.00,ca_sco_cities
CA-47010,2023,Fire_Current Expenditures,415998.00,ca_sco_cities
CA-47010,2024,Fire_Current Expenditures,244936.00,ca_sco_cities
CA-47020,2021,Fire_Current Expenditures,147626.00,ca_sco_cities
CA-47020,2022,Fire_Current Expenditures,193186.00,ca_sco_cities
CA-47020,2023,Fire_Current Expenditures,105522.00,ca_sco_cities
CA-47020,2024,Fire_Current Expenditures,65902.00,ca_sco_cities
CA-47025,2021,Fire_Current Expenditures,276860.00,ca_sco_cities
CA-47025,2022,Fire_Current Expenditures,616916.00,ca_sco_cities
CA-47025,2023,Fire_Current Expenditures,271342.00,ca_sco_cities
CA-47025,2024,Fire_Current Expenditures,416380.00,ca_sco_cities
CA-47030,2021,Employee Benefits_General,2500.00,ca_sco_districts
CA-47030,2021,Services and Supplies_General,13305.00,ca_sco_districts
CA-47030,2022,Employee Benefits_General,3826.00,ca_sco_districts
CA-47030,2022,Services and Supplies_General,29920.00,ca_sco_districts
CA-47030,2023,Employee Benefits_General,3380.00,ca_sco_districts
CA-47030,2023,Services and Supplies_General,24063.00,ca_sco_districts
CA-47030,2024,Employee Benefits_General,4891.00,ca_sco_districts
CA-47030,2024,Services and Supplies_General,29151.00,ca_sco_districts
CA-47040,2021,Employee Benefits_General,3768.00,ca_sco_districts
CA-47040,2021,Services and Supplies_General,38954.00,ca_sco_districts
CA-47040,2022,Employee Benefits_General,7367.00,ca_sco_districts
CA-47040,2022,Services and Supplies_General,33676.00,ca_sco_districts
CA-47040,2023,Employee Benefits_General,4551.00,ca_sco_districts
CA-47040,2023,Salaries and Wages_General,3000.00,ca_sco_districts
CA-47040,2023,Services and Supplies_General,33950.00,ca_sco_districts
CA-47040,2024,Employee Benefits_General,4866.00,ca_sco_districts
CA-47040,2024,Salaries and Wages_General,2000.00,ca_sco_districts
CA-47040,2024,Services and Supplies_General,65480.00,ca_sco_districts
CA-47045,2021,Capital Outlay_General,5078.00,ca_sco_districts
CA-47045,2021,Contributions to Outside Agencies_General,4000.00,ca_sco_districts
CA-47045,2021,Employee Benefits_General,1409.00,ca_sco_districts
CA-47045,2021,Salaries and Wages_General,407.00,ca_sco_districts
CA-47045,2021,Services and Supplies_General,24573.00,ca_sco_districts
CA-47045,2022,Employee Benefits_General,3611.00,ca_sco_districts
CA-47045,2022,Salaries and Wages_General,550.00,ca_sco_districts
CA-47045,2022,Services and Supplies_General,26629.00,ca_sco_districts
CA-47045,2023,Services and Supplies_General,49829.00,ca_sco_districts
CA-47045,2024,Services and Supplies_General,24241.00,ca_sco_districts
CA-47048,2021,Capital Outlay_General,9316.00,ca_sco_districts
CA-47048,2021,Employee Benefits_General,4265.00,ca_sco_districts
CA-47048,2021,Salaries and Wages_General,1609.00,ca_sco_districts
CA-47048,2021,Services and Supplies_General,50185.00,ca_sco_districts
CA-47048,2022,Capital Outlay_General,10436.00,ca_sco_districts
CA-47048,2022,Employee Benefits_General,3285.00,ca_sco_districts
CA-47048,2022,Salaries and Wages_General,1434.00,ca_sco_districts
CA-47048,2022,Services and Supplies_General,29382.00,ca_sco_districts
CA-47048,2023,Employee Benefits_General,1179.00,ca_sco_districts
CA-47048,2023,Salaries and Wages_General,3399.00,ca_sco_districts
CA-47048,2023,Services and Supplies_General,34827.00,ca_sco_districts
CA-47048,2024,Employee Benefits_General,750.00,ca_sco_districts
CA-47048,2024,Salaries and Wages_General,543.00,ca_sco_districts
CA-47048,2024,Services and Supplies_General,31254.00,ca_sco_districts
CA-47048,2024,Services and Supplies_Permanent,13474.00,ca_sco_districts
CA-47054,2021,Employee Benefits_General,1792.00,ca_sco_districts
CA-47054,2021,Salaries and Wages_General,1207.00,ca_sco_districts
CA-47054,2021,Services and Supplies_General,12464.00,ca_sco_districts
CA-47054,2022,Employee Benefits_General,6018.00,ca_sco_districts
CA-47054,2022,Services and Supplies_General,12458.00,ca_sco_districts
CA-47054,2023,Employee Benefits_General,24.00,ca_sco_districts
CA-47054,2023,Services and Supplies_General,2420.00,ca_sco_districts
CA-47054,2024,Capital Outlay_General,10947.00,ca_sco_districts
CA-47054,2024,Services and Supplies_General,13797.00,ca_sco_districts
CA-47055,2021,Fire_Current Expenditures,219211.00,ca_sco_cities
CA-47055,2022,Fire_Current Expenditures,502558.00,ca_sco_cities
CA-47055,2023,Fire_Current Expenditures,424736.00,ca_sco_cities
CA-47055,2024,Fire_Current Expenditures,519921.00,ca_sco_cities
CA-47060,2021,Fire_Current Expenditures,973236.00,ca_sco_cities
CA-47060,2022,Fire_Current Expenditures,938413.00,ca_sco_cities
CA-47060,2023,Fire_Current Expenditures,1092366.00,ca_sco_cities
CA-47060,2024,Fire_Current Expenditures,1124692.00,ca_sco_cities
CA-47065,2021,Capital Outlay_General,377371.00,ca_sco_districts
CA-47065,2021,Debt Service / Interest Payments on Long-Term Debt_General,4075.00,ca_sco_districts
CA-47065,2021,Employee Benefits_General,5469.00,ca_sco_districts
CA-47065,2021,Salaries and Wages_General,302771.00,ca_sco_districts
CA-47065,2021,Services and Supplies_General,291547.00,ca_sco_districts
CA-47065,2022,Capital Outlay_General,3536.00,ca_sco_districts
CA-47065,2022,Debt Service / Interest Payments on Long-Term Debt_General,5603.00,ca_sco_districts
CA-47065,2022,Debt Service / Principal Payments on Long-Term Debt_General,270205.00,ca_sco_districts
CA-47065,2022,Employee Benefits_General,47119.00,ca_sco_districts
CA-47065,2022,Salaries and Wages_General,281374.00,ca_sco_districts
CA-47065,2022,Services and Supplies_General,332544.00,ca_sco_districts
CA-47065,2023,Employee Benefits_General,18594.00,ca_sco_districts
CA-47065,2023,Salaries and Wages_General,99766.00,ca_sco_districts
CA-47065,2023,Services and Supplies_General,295404.00,ca_sco_districts
CA-47065,2024,Capital Outlay_General,100000.00,ca_sco_districts
CA-47065,2024,Employee Benefits_General,14647.00,ca_sco_districts
CA-47065,2024,Salaries and Wages_General,72656.00,ca_sco_districts
CA-47065,2024,Services and Supplies_General,293957.00,ca_sco_districts
CA-47075,2021,Debt Service / Interest Payments on Long-Term Debt_General,2718.00,ca_sco_districts
CA-47075,2021,Debt Service / Principal Payments on Long-Term Debt_General,33546.00,ca_sco_districts
CA-47075,2021,Employee Benefits_General,14721.00,ca_sco_districts
CA-47075,2021,Salaries and Wages_General,10532.00,ca_sco_districts
CA-47075,2021,Services and Supplies_General,64673.00,ca_sco_districts
CA-47075,2022,Debt Service / Interest Payments on Long-Term Debt_General,4985.00,ca_sco_districts
CA-47075,2022,Debt Service / Principal Payments on Long-Term Debt_General,34879.00,ca_sco_districts
CA-47075,2022,Employee Benefits_General,10967.00,ca_sco_districts
CA-47075,2022,Salaries and Wages_General,32720.00,ca_sco_districts
CA-47075,2022,Services and Supplies_General,114934.00,ca_sco_districts
CA-47075,2023,Capital Outlay_General,83022.00,ca_sco_districts
CA-47075,2023,Debt Service / Interest Payments on Long-Term Debt_General,6844.00,ca_sco_districts
CA-47075,2023,Debt Service / Other Principal Payments on Long-Term Debt_General,33965.00,ca_sco_districts
CA-47075,2023,Employee Benefits_General,18808.00,ca_sco_districts
CA-47075,2023,Salaries and Wages_General,11832.00,ca_sco_districts
CA-47075,2023,Services and Supplies_General,77542.00,ca_sco_districts
CA-47075,2024,Debt Service / Interest Payments on Long-Term Debt_General,5788.00,ca_sco_districts
CA-47075,2024,Debt Service / Other Principal Payments on Long-Term Debt_General,35022.00,ca_sco_districts
CA-47075,2024,Employee Benefits_General,17259.00,ca_sco_districts
CA-47075,2024,Other Expenditures_General,39131.00,ca_sco_districts
CA-47075,2024,Salaries and Wages_General,12551.00,ca_sco_districts
CA-47075,2024,Services and Supplies_General,71058.00,ca_sco_districts
CA-47080,2021,Fire_Current Expenditures,450630.00,ca_sco_cities
CA-47080,2022,Fire_Current Expenditures,554143.00,ca_sco_cities
CA-47080,2023,Fire_Current Expenditures,653667.00,ca_sco_cities
CA-47080,2024,Fire_Current Expenditures,797941.00,ca_sco_cities
CA-47085,2021,Fire_Current Expenditures,684248.00,ca_sco_cities
CA-47085,2022,Fire_Current Expenditures,734992.00,ca_sco_cities
CA-47085,2023,Fire_Current Expenditures,630812.00,ca_sco_cities
CA-47085,2024,Fire_Current Expenditures,848950.00,ca_sco_cities
CA-47095,2021,Capital Outlay_General,67625.00,ca_sco_districts
CA-47095,2021,Employee Benefits_General,2498.00,ca_sco_districts
CA-47095,2021,Salaries and Wages_General,4094.00,ca_sco_districts
CA-47095,2021,Services and Supplies_General,22996.00,ca_sco_districts
CA-47095,2022,Capital Outlay_General,85927.00,ca_sco_districts
CA-47095,2022,Employee Benefits_General,3526.00,ca_sco_districts
CA-47095,2022,Salaries and Wages_General,4127.00,ca_sco_districts
CA-47095,2022,Services and Supplies_General,19512.00,ca_sco_districts
CA-47095,2023,Capital Outlay_General,3862.00,ca_sco_districts
CA-47095,2023,Employee Benefits_General,3721.00,ca_sco_districts
CA-47095,2023,Salaries and Wages_General,4592.00,ca_sco_districts
CA-47095,2023,Services and Supplies_General,33849.00,ca_sco_districts
CA-47095,2024,Capital Outlay_General,58110.00,ca_sco_districts
CA-47095,2024,Other Expenditures_General,80130.00,ca_sco_districts
CA-47095,2024,Salaries and Wages_General,4205.00,ca_sco_districts
CA-47095,2024,Services and Supplies_General,47301.00,ca_sco_districts
CA-47115,2021,Capital Outlay_General,11723.00,ca_sco_districts
CA-47115,2021,Employee Benefits_General,8003.00,ca_sco_districts
CA-47115,2021,Services and Supplies_General,132140.00,ca_sco_districts
CA-47115,2022,Employee Benefits_General,13404.00,ca_sco_districts
CA-47115,2022,Services and Supplies_General,81005.00,ca_sco_districts
CA-47115,2023,Employee Benefits_General,2659.00,ca_sco_districts
CA-47115,2023,Other Expenditures_General,9995.00,ca_sco_districts
CA-47115,2023,Services and Supplies_General,81964.00,ca_sco_districts
CA-47115,2024,Capital Outlay_General,54726.00,ca_sco_districts
CA-47115,2024,Employee Benefits_General,4166.00,ca_sco_districts
CA-47115,2024,Services and Supplies_General,77551.00,ca_sco_districts
CA-47120,2021,Employee Benefits_General,21868.00,ca_sco_districts
CA-47120,2021,Salaries and Wages_General,209310.00,ca_sco_districts
CA-47120,2021,Services and Supplies_General,108924.00,ca_sco_districts
CA-47120,2022,Capital Outlay_General,4612.00,ca_sco_districts
CA-47120,2022,Employee Benefits_General,8292.00,ca_sco_districts
CA-47120,2022,Salaries and Wages_General,439089.00,ca_sco_districts
CA-47120,2022,Services and Supplies_General,108055.00,ca_sco_districts
CA-47120,2023,Capital Outlay_General,1835.00,ca_sco_districts
CA-47120,2023,Employee Benefits_General,18065.00,ca_sco_districts
CA-47120,2023,Salaries and Wages_General,246004.00,ca_sco_districts
CA-47120,2023,Services and Supplies_General,122492.00,ca_sco_districts
CA-47120,2024,Capital Outlay_General,47359.00,ca_sco_districts
CA-47120,2024,Employee Benefits_General,20502.00,ca_sco_districts
CA-47120,2024,Salaries and Wages_General,113330.00,ca_sco_districts
CA-47120,2024,Services and Supplies_General,169507.00,ca_sco_districts
CA-48005,2021,Fire_Current Expenditures,11357206.00,ca_sco_cities
CA-48005,2022,Fire_Current Expenditures,11576391.00,ca_sco_cities
CA-48005,2023,Fire_Current Expenditures,12981449.00,ca_sco_cities
CA-48005,2024,Fire_Current Expenditures,11747754.00,ca_sco_cities
CA-48015,2021,Fire_Current Expenditures,5954376.00,ca_sco_cities
CA-48015,2022,Fire_Current Expenditures,6057145.00,ca_sco_cities
CA-48015,2023,Fire_Current Expenditures,6411683.00,ca_sco_cities
CA-48015,2024,Fire_Current Expenditures,6934660.00,ca_sco_cities
CA-48025,2021,Fire_Current Expenditures,24617440.00,ca_sco_cities
CA-48025,2022,Fire_Current Expenditures,27139009.00,ca_sco_cities
CA-48025,2023,Fire_Current Expenditures,30380746.00,ca_sco_cities
CA-48025,2024,Fire_Current Expenditures,31813101.00,ca_sco_cities
CA-48030,2021,Employee Benefits_General,120849.00,ca_sco_districts
CA-48030,2021,Other Expenditures_General,1252.00,ca_sco_districts
CA-48030,2021,Salaries and Wages_General,159415.00,ca_sco_districts
CA-48030,2021,Services and Supplies_General,147879.00,ca_sco_districts
CA-48030,2022,Employee Benefits_General,110402.00,ca_sco_districts
CA-48030,2022,Other Expenditures_General,730.00,ca_sco_districts
CA-48030,2022,Salaries and Wages_General,161055.00,ca_sco_districts
CA-48030,2022,Services and Supplies_General,127695.00,ca_sco_districts
CA-48030,2023,Employee Benefits_General,111023.00,ca_sco_districts
CA-48030,2023,Other Expenditures_General,883.00,ca_sco_districts
CA-48030,2023,Salaries and Wages_General,179748.00,ca_sco_districts
CA-48030,2023,Services and Supplies_General,175457.00,ca_sco_districts
CA-48030,2024,Capital Outlay_General,221672.00,ca_sco_districts
CA-48030,2024,Employee Benefits_General,126886.00,ca_sco_districts
CA-48030,2024,Other Expenditures_General,744.00,ca_sco_districts
CA-48030,2024,Salaries and Wages_General,192456.00,ca_sco_districts
CA-48030,2024,Services and Supplies_General,166275.00,ca_sco_districts
CA-48040,2021,Fire_Current Expenditures,3118836.00,ca_sco_cities
CA-48040,2022,Fire_Current Expenditures,3175522.00,ca_sco_cities
CA-48040,2023,Fire_Current Expenditures,3695071.00,ca_sco_cities
CA-48040,2024,Fire_Current Expenditures,3658565.00,ca_sco_cities
CA-48050,2021,Fire_Current Expenditures,3162716.00,ca_sco_cities
CA-48050,2022,Fire_Current Expenditures,3723040.00,ca_sco_cities
CA-48050,2023,Fire_Current Expenditures,4377252.00,ca_sco_cities
CA-48050,2024,Fire_Current Expenditures,5315234.00,ca_sco_cities
CA-48055,2021,Capital Outlay_General,75500.00,ca_sco_districts
CA-48055,2021,Employee Benefits_General,195555.00,ca_sco_districts
CA-48055,2021,Salaries and Wages_General,252934.00,ca_sco_districts
CA-48055,2021,Services and Supplies_General,420699.00,ca_sco_districts
CA-48055,2022,Capital Outlay_General,111943.00,ca_sco_districts
CA-48055,2022,Employee Benefits_General,235372.00,ca_sco_districts
CA-48055,2022,Salaries and Wages_General,290800.00,ca_sco_districts
CA-48055,2022,Services and Supplies_General,383490.00,ca_sco_districts
CA-48055,2023,Capital Outlay_General,286602.00,ca_sco_districts
CA-48055,2023,Employee Benefits_General,179594.00,ca_sco_districts
CA-48055,2023,Salaries and Wages_General,159392.00,ca_sco_districts
CA-48055,2023,Services and Supplies_General,797677.00,ca_sco_districts
CA-48055,2024,Employee Benefits_General,103505.00,ca_sco_districts
CA-48055,2024,Salaries and Wages_General,16999.00,ca_sco_districts
CA-48055,2024,Services and Supplies_General,1230205.00,ca_sco_districts
CA-48060,2021,Fire_Current Expenditures,16789547.00,ca_sco_cities
CA-48060,2022,Fire_Current Expenditures,19510052.00,ca_sco_cities
CA-48060,2023,Fire_Current Expenditures,19834354.00,ca_sco_cities
CA-48060,2024,Fire_Current Expenditures,23659286.00,ca_sco_cities
CA-48065,2021,Capital Outlay_General,525293.00,ca_sco_districts
CA-48065,2021,Debt Service / Interest Payments on Long-Term Debt_General,12865.00,ca_sco_districts
CA-48065,2021,Debt Service / Principal Payments on Long-Term Debt_General,93965.00,ca_sco_districts
CA-48065,2021,Employee Benefits_General,346470.00,ca_sco_districts
CA-48065,2021,Other Expenditures_General,4927.00,ca_sco_districts
CA-48065,2021,Salaries and Wages_General,528833.00,ca_sco_districts
CA-48065,2021,Services and Supplies_General,525638.00,ca_sco_districts
CA-48065,2022,Capital Outlay_General,36421.00,ca_sco_districts
CA-48065,2022,Debt Service / Interest Payments on Long-Term Debt_General,9237.00,ca_sco_districts
CA-48065,2022,Debt Service / Principal Payments on Long-Term Debt_General,97593.00,ca_sco_districts
CA-48065,2022,Employee Benefits_General,353345.00,ca_sco_districts
CA-48065,2022,Salaries and Wages_General,511898.00,ca_sco_districts
CA-48065,2022,Services and Supplies_General,534100.00,ca_sco_districts
CA-48065,2023,Capital Outlay_General,116940.00,ca_sco_districts
CA-48065,2023,Debt Service / Interest Payments on Long-Term Debt_General,5696.00,ca_sco_districts
CA-48065,2023,Debt Service / Other Principal Payments on Long-Term Debt_General,101135.00,ca_sco_districts
CA-48065,2023,Employee Benefits_General,291430.00,ca_sco_districts
CA-48065,2023,Other Expenditures_General,7161.00,ca_sco_districts
CA-48065,2023,Salaries and Wages_General,504600.00,ca_sco_districts
CA-48065,2023,Services and Supplies_General,590745.00,ca_sco_districts
CA-48065,2024,Capital Outlay_General,330428.00,ca_sco_districts
CA-48065,2024,Debt Service / Interest Payments on Long-Term Debt_General,2927.00,ca_sco_districts
CA-48065,2024,Debt Service / Other Principal Payments on Long-Term Debt_General,79604.00,ca_sco_districts
CA-48065,2024,Employee Benefits_General,540571.00,ca_sco_districts
CA-48065,2024,Other Expenditures_General,2691.00,ca_sco_districts
CA-48065,2024,Salaries and Wages_General,490965.00,ca_sco_districts
CA-48065,2024,Services and Supplies_General,597561.00,ca_sco_districts
CA-48070,2021,Fire_Current Expenditures,28295984.00,ca_sco_cities
CA-48070,2022,Fire_Current Expenditures,30944889.00,ca_sco_cities
CA-48070,2023,Fire_Current Expenditures,35132720.00,ca_sco_cities
CA-48070,2024,Fire_Current Expenditures,36725590.00,ca_sco_cities
CA-48090,2021,Capital Outlay_General,2050.00,ca_sco_districts
CA-48090,2021,Employee Benefits_General,164072.00,ca_sco_districts
CA-48090,2021,Other Expenditures_General,37325.00,ca_sco_districts
CA-48090,2021,Salaries and Wages_General,395430.00,ca_sco_districts
CA-48090,2021,Services and Supplies_General,241496.00,ca_sco_districts
CA-48090,2022,Capital Outlay_General,10834.00,ca_sco_districts
CA-48090,2022,Employee Benefits_General,166947.00,ca_sco_districts
CA-48090,2022,Other Expenditures_General,1447.00,ca_sco_districts
CA-48090,2022,Salaries and Wages_General,392256.00,ca_sco_districts
CA-48090,2022,Services and Supplies_General,287136.00,ca_sco_districts
CA-48090,2023,Capital Outlay_General,83155.00,ca_sco_districts
CA-48090,2023,Employee Benefits_General,205945.00,ca_sco_districts
CA-48090,2023,Other Expenditures_General,19819.00,ca_sco_districts
CA-48090,2023,Salaries and Wages_General,347934.00,ca_sco_districts
CA-48090,2023,Services and Supplies_General,291860.00,ca_sco_districts
CA-48090,2024,Capital Outlay_General,261371.00,ca_sco_districts
CA-48090,2024,Debt Service / Principal and Interest on Short-Term Notes and Warrants_General,492957.00,ca_sco_districts
CA-48090,2024,Employee Benefits_General,208100.00,ca_sco_districts
CA-48090,2024,Other Expenditures_General,1294.00,ca_sco_districts
CA-48090,2024,Salaries and Wages_General,340105.00,ca_sco_districts
CA-48090,2024,Services and Supplies_General,333517.00,ca_sco_districts
CA-49010,2021,Capital Outlay_General,61133.00,ca_sco_districts
CA-49010,2021,Debt Service / Interest Payments on Long-Term Debt_General,30942.00,ca_sco_districts
CA-49010,2021,Debt Service / Principal Payments on Long-Term Debt_General,61000.00,ca_sco_districts
CA-49010,2021,Employee Benefits_General,606209.00,ca_sco_districts
CA-49010,2021,Other Expenditures_General,361234.00,ca_sco_districts
CA-49010,2021,Salaries and Wages_General,1596131.00,ca_sco_districts
CA-49010,2021,Services and Supplies_General,276636.00,ca_sco_districts
CA-49010,2022,Capital Outlay_General,49859.00,ca_sco_districts
CA-49010,2022,Debt Service / Interest Payments on Long-Term Debt_General,28501.00,ca_sco_districts
CA-49010,2022,Debt Service / Principal Payments on Long-Term Debt_General,65000.00,ca_sco_districts
CA-49010,2022,Employee Benefits_General,775472.00,ca_sco_districts
CA-49010,2022,Salaries and Wages_General,1800025.00,ca_sco_districts
CA-49010,2022,Services and Supplies_General,478790.00,ca_sco_districts
CA-49040,2021,Capital Outlay_General,423973.00,ca_sco_districts
CA-49040,2021,Debt Service / Interest Payments on Long-Term Debt_General,7675.00,ca_sco_districts
CA-49040,2021,Employee Benefits_General,464148.00,ca_sco_districts
CA-49040,2021,Salaries and Wages_General,1735705.00,ca_sco_districts
CA-49040,2021,Services and Supplies_General,390933.00,ca_sco_districts
CA-49040,2022,Capital Outlay_General,758573.00,ca_sco_districts
CA-49040,2022,Debt Service / Interest Payments on Long-Term Debt_General,22136.00,ca_sco_districts
CA-49040,2022,Debt Service / Principal Payments on Long-Term Debt_General,131705.00,ca_sco_districts
CA-49040,2022,Employee Benefits_General,670609.00,ca_sco_districts
CA-49040,2022,Salaries and Wages_General,1857623.00,ca_sco_districts
CA-49040,2022,Services and Supplies_General,587061.00,ca_sco_districts
CA-49040,2023,Capital Outlay_General,144731.00,ca_sco_districts
CA-49040,2023,Debt Service / Interest Payments on Long-Term Debt_General,18654.00,ca_sco_districts
CA-49040,2023,Debt Service / Other Principal Payments on Long-Term Debt_General,135146.00,ca_sco_districts
CA-49040,2023,Employee Benefits_General,801749.00,ca_sco_districts
CA-49040,2023,Salaries and Wages_General,2039392.00,ca_sco_districts
CA-49040,2023,Services and Supplies_General,502367.00,ca_sco_districts
CA-49040,2024,Capital Outlay_General,225015.00,ca_sco_districts
CA-49040,2024,Debt Service / Interest Payments on Long-Term Debt_General,14447.00,ca_sco_districts
CA-49040,2024,Debt Service / Other Principal Payments on Long-Term Debt_General,138775.00,ca_sco_districts
CA-49040,2024,Employee Benefits_General,821198.00,ca_sco_districts
CA-49040,2024,Salaries and Wages_General,1936947.00,ca_sco_districts
CA-49040,2024,Services and Supplies_General,391289.00,ca_sco_districts
CA-49050,2021,Capital Outlay_General,343361.00,ca_sco_districts
CA-49050,2021,Employee Benefits_General,487292.00,ca_sco_districts
CA-49050,2021,Salaries and Wages_General,1542139.00,ca_sco_districts
CA-49050,2021,Services and Supplies_General,434170.00,ca_sco_districts
CA-49055,2021,Capital Outlay_General,686627.00,ca_sco_districts
CA-49055,2021,Employee Benefits_General,241710.00,ca_sco_districts
CA-49055,2021,Salaries and Wages_General,1051109.00,ca_sco_districts
CA-49055,2021,Services and Supplies_General,975496.00,ca_sco_districts
CA-49055,2022,Employee Benefits_General,180592.00,ca_sco_districts
CA-49055,2022,Salaries and Wages_General,1255176.00,ca_sco_districts
CA-49055,2022,Services and Supplies_General,1068392.00,ca_sco_districts
CA-49055,2023,Capital Outlay_General,807324.00,ca_sco_districts
CA-49055,2023,Employee Benefits_General,258933.00,ca_sco_districts
CA-49055,2023,Salaries and Wages_General,1836572.00,ca_sco_districts
CA-49055,2023,Services and Supplies_General,1405230.00,ca_sco_districts
CA-49055,2024,Capital Outlay_General,516398.00,ca_sco_districts
CA-49055,2024,Debt Service / Interest Payments on Long-Term Debt_General,17378.00,ca_sco_districts
CA-49055,2024,Debt Service / Other Principal Payments on Long-Term Debt_General,30985.00,ca_sco_districts
CA-49055,2024,Employee Benefits_General,257079.00,ca_sco_districts
CA-49055,2024,Salaries and Wages_General,2180172.00,ca_sco_districts
CA-49055,2024,Services and Supplies_General,1729574.00,ca_sco_districts
CA-49062,2021,Debt Service / Interest Payments on Long-Term Debt_General,58474.00,ca_sco_districts
CA-49062,2021,Debt Service / Principal Payments on Long-Term Debt_General,365997.00,ca_sco_districts
CA-49062,2021,Employee Benefits_General,1179496.00,ca_sco_districts
CA-49062,2021,Other Expenditures_General,6496.00,ca_sco_districts
CA-49062,2021,Salaries and Wages_General,2635415.00,ca_sco_districts
CA-49062,2021,Services and Supplies_General,542744.00,ca_sco_districts
CA-49062,2022,Capital Outlay_General,798320.00,ca_sco_districts
CA-49062,2022,Debt Service / Interest Payments on Long-Term Debt_General,19616.00,ca_sco_districts
CA-49062,2022,Debt Service / Principal Payments on Long-Term Debt_General,50071.00,ca_sco_districts
CA-49062,2022,Employee Benefits_General,1170530.00,ca_sco_districts
CA-49062,2022,Salaries and Wages_General,2564991.00,ca_sco_districts
CA-49062,2022,Services and Supplies_General,763250.00,ca_sco_districts
CA-49062,2023,Capital Outlay_General,586107.00,ca_sco_districts
CA-49062,2023,Debt Service / Interest Payments on Long-Term Debt_General,28464.00,ca_sco_districts
CA-49062,2023,Debt Service / Other Principal Payments on Long-Term Debt_General,63500.00,ca_sco_districts
CA-49062,2023,Employee Benefits_General,1412115.00,ca_sco_districts
CA-49062,2023,Salaries and Wages_General,2750225.00,ca_sco_districts
CA-49062,2023,Services and Supplies_General,862859.00,ca_sco_districts
CA-49062,2024,Capital Outlay_General,959277.00,ca_sco_districts
CA-49062,2024,Debt Service / Interest Payments on Long-Term Debt_General,19467.00,ca_sco_districts
CA-49062,2024,Debt Service / Other Principal Payments on Long-Term Debt_General,65598.00,ca_sco_districts
CA-49062,2024,Employee Benefits_General,1759374.00,ca_sco_districts
CA-49062,2024,Salaries and Wages_General,3828088.00,ca_sco_districts
CA-49062,2024,Services and Supplies_General,1672071.00,ca_sco_districts
CA-49065,2021,Debt Service / Interest Payments on Long-Term Debt_Capital Projects,119877.00,ca_sco_districts
CA-49065,2021,Debt Service / Principal Payments on Long-Term Debt_Capital Projects,230389.00,ca_sco_districts
CA-49065,2021,Employee Benefits_General,107535.00,ca_sco_districts
CA-49065,2021,Salaries and Wages_General,827902.00,ca_sco_districts
CA-49065,2021,Services and Supplies_General,635357.00,ca_sco_districts
CA-49065,2022,Capital Outlay_General,869681.00,ca_sco_districts
CA-49065,2022,Debt Service / Interest Payments on Long-Term Debt_General,52996.00,ca_sco_districts
CA-49065,2022,Debt Service / Principal Payments on Long-Term Debt_General,1308121.00,ca_sco_districts
CA-49065,2022,Employee Benefits_General,314879.00,ca_sco_districts
CA-49065,2022,Salaries and Wages_General,640213.00,ca_sco_districts
CA-49065,2022,Services and Supplies_General,576057.00,ca_sco_districts
CA-49065,2023,Capital Outlay_General,823631.00,ca_sco_districts
CA-49065,2023,Debt Service / Interest Payments on Long-Term Debt_General,32303.00,ca_sco_districts
CA-49065,2023,Debt Service / Other Principal Payments on Long-Term Debt_General,148507.00,ca_sco_districts
CA-49065,2023,Employee Benefits_General,327755.00,ca_sco_districts
CA-49065,2023,Salaries and Wages_General,707521.00,ca_sco_districts
CA-49065,2023,Services and Supplies_General,559573.00,ca_sco_districts
CA-49065,2024,Capital Outlay_General,853518.00,ca_sco_districts
CA-49065,2024,Debt Service / Interest Payments on Long-Term Debt_General,28071.00,ca_sco_districts
CA-49065,2024,Debt Service / Other Principal Payments on Long-Term Debt_General,153132.00,ca_sco_districts
CA-49065,2024,Employee Benefits_General,318909.00,ca_sco_districts
CA-49065,2024,Salaries and Wages_General,820557.00,ca_sco_districts
CA-49065,2024,Services and Supplies_General,956115.00,ca_sco_districts
CA-49080,2021,Fire_Current Expenditures,4129714.00,ca_sco_cities
CA-49080,2022,Fire_Current Expenditures,4636979.00,ca_sco_cities
CA-49080,2023,Fire_Current Expenditures,4908347.00,ca_sco_cities
CA-49080,2024,Fire_Current Expenditures,4767263.00,ca_sco_cities
CA-49090,2021,Employee Benefits_General,278349.00,ca_sco_districts
CA-49090,2021,Salaries and Wages_General,562476.00,ca_sco_districts
CA-49090,2021,Services and Supplies_General,204143.00,ca_sco_districts
CA-49090,2022,Capital Outlay_General,11800.00,ca_sco_districts
CA-49090,2022,Employee Benefits_General,305666.00,ca_sco_districts
CA-49090,2022,Salaries and Wages_General,613405.00,ca_sco_districts
CA-49090,2022,Services and Supplies_General,219006.00,ca_sco_districts
CA-49090,2023,Capital Outlay_General,66313.00,ca_sco_districts
CA-49090,2023,Employee Benefits_General,309243.00,ca_sco_districts
CA-49090,2023,Salaries and Wages_General,827915.00,ca_sco_districts
CA-49090,2023,Services and Supplies_General,155728.00,ca_sco_districts
CA-49090,2024,Employee Benefits_General,182445.00,ca_sco_districts
CA-49090,2024,Salaries and Wages_General,637740.00,ca_sco_districts
CA-49090,2024,Services and Supplies_General,1054819.00,ca_sco_districts
CA-49110,2021,Debt Service / Interest Payments on Long-Term Debt_General,11192.00,ca_sco_districts
CA-49110,2021,Debt Service / Principal Payments on Long-Term Debt_General,52525.00,ca_sco_districts
CA-49110,2021,Employee Benefits_General,1470875.00,ca_sco_districts
CA-49110,2021,Salaries and Wages_General,3848834.00,ca_sco_districts
CA-49110,2021,Services and Supplies_General,894218.00,ca_sco_districts
CA-49110,2022,Capital Outlay_General,422092.00,ca_sco_districts
CA-49110,2022,Debt Service / Interest Payments on Long-Term Debt_General,47658.00,ca_sco_districts
CA-49110,2022,Debt Service / Principal Payments on Long-Term Debt_General,54141.00,ca_sco_districts
CA-49110,2022,Employee Benefits_General,1720438.00,ca_sco_districts
CA-49110,2022,Salaries and Wages_General,4060029.00,ca_sco_districts
CA-49110,2022,Services and Supplies_General,864163.00,ca_sco_districts
CA-49110,2023,Capital Outlay_General,1348122.00,ca_sco_districts
CA-49110,2023,Debt Service / Interest Payments on Long-Term Debt_General,138527.00,ca_sco_districts
CA-49110,2023,Debt Service / Other Principal Payments on Long-Term Debt_General,308693.00,ca_sco_districts
CA-49110,2023,Employee Benefits_General,1458459.00,ca_sco_districts
CA-49110,2023,Salaries and Wages_General,4239980.00,ca_sco_districts
CA-49110,2023,Services and Supplies_General,962045.00,ca_sco_districts
CA-49110,2024,Capital Outlay_General,714739.00,ca_sco_districts
CA-49110,2024,Debt Service / Interest Payments on Long-Term Debt_General,142893.00,ca_sco_districts
CA-49110,2024,Debt Service / Other Principal Payments on Long-Term Debt_General,312496.00,ca_sco_districts
CA-49110,2024,Employee Benefits_General,1611708.00,ca_sco_districts
CA-49110,2024,Salaries and Wages_General,4448142.00,ca_sco_districts
CA-49110,2024,Services and Supplies_General,968619.00,ca_sco_districts
CA-49115,2021,Fire_Current Expenditures,12369154.00,ca_sco_cities
CA-49115,2022,Fire_Current Expenditures,15383571.00,ca_sco_cities
CA-49115,2023,Fire_Current Expenditures,15949958.00,ca_sco_cities
CA-49115,2024,Fire_Current Expenditures,17697563.00,ca_sco_cities
CA-49140,2021,Fire_Current Expenditures,522141.00,ca_sco_cities
CA-49140,2022,Fire_Current Expenditures,2630992.00,ca_sco_cities
CA-49140,2023,Fire_Current Expenditures,4170742.00,ca_sco_cities
CA-49140,2024,Fire_Current Expenditures,4813675.00,ca_sco_cities
CA-49145,2021,Fire_Current Expenditures,48485213.00,ca_sco_cities
CA-49145,2022,Fire_Current Expenditures,50895489.00,ca_sco_cities
CA-49145,2023,Fire_Current Expenditures,52358226.00,ca_sco_cities
CA-49145,2024,Fire_Current Expenditures,57051943.00,ca_sco_cities
CA-49180,2021,Fire_Current Expenditures,1102502.00,ca_sco_cities
CA-49180,2022,Fire_Current Expenditures,1077526.00,ca_sco_cities
CA-49180,2023,Fire_Current Expenditures,1197726.00,ca_sco_cities
CA-49180,2024,Fire_Current Expenditures,1110982.00,ca_sco_cities
CA-49200,2021,Capital Outlay_General,907066.00,ca_sco_districts
CA-49200,2021,Capital Outlay_Special Revenue,39585.00,ca_sco_districts
CA-49200,2021,Debt Service / Interest Payments on Long-Term Debt_General,2723.00,ca_sco_districts
CA-49200,2021,Debt Service / Principal Payments on Long-Term Debt_General,44375.00,ca_sco_districts
CA-49200,2021,Employee Benefits_General,1537600.00,ca_sco_districts
CA-49200,2021,Employee Benefits_Special Revenue,3118654.00,ca_sco_districts
CA-49200,2021,Salaries and Wages_General,2979407.00,ca_sco_districts
CA-49200,2021,Salaries and Wages_Special Revenue,6413319.00,ca_sco_districts
CA-49200,2021,Services and Supplies_General,511006.00,ca_sco_districts
CA-49200,2021,Services and Supplies_Special Revenue,1442053.00,ca_sco_districts
CA-49200,2022,Capital Outlay_General,2069495.00,ca_sco_districts
CA-49200,2022,Debt Service / Interest Payments on Long-Term Debt_General,4114.00,ca_sco_districts
CA-49200,2022,Debt Service / Principal Payments on Long-Term Debt_General,90082.00,ca_sco_districts
CA-49200,2022,Employee Benefits_General,4817654.00,ca_sco_districts
CA-49200,2022,Salaries and Wages_General,10434143.00,ca_sco_districts
CA-49200,2022,Salaries and Wages_Special Revenue,496.00,ca_sco_districts
CA-49200,2022,Services and Supplies_General,1673001.00,ca_sco_districts
CA-49200,2022,Services and Supplies_Special Revenue,9349.00,ca_sco_districts
CA-49200,2023,Capital Outlay_General,1203753.00,ca_sco_districts
CA-49200,2023,Debt Service / Interest Payments on Long-Term Debt_General,1382.00,ca_sco_districts
CA-49200,2023,Debt Service / Other Principal Payments on Long-Term Debt_General,45717.00,ca_sco_districts
CA-49200,2023,Employee Benefits_General,5020523.00,ca_sco_districts
CA-49200,2023,Salaries and Wages_General,10371964.00,ca_sco_districts
CA-49200,2023,Services and Supplies_General,1886583.00,ca_sco_districts
CA-49200,2023,Services and Supplies_Special Revenue,4348.00,ca_sco_districts
CA-49200,2024,Capital Outlay_General,1583960.00,ca_sco_districts
CA-49200,2024,Debt Service / Interest Payments on Long-Term Debt_General,696.00,ca_sco_districts
CA-49200,2024,Debt Service / Other Principal Payments on Long-Term Debt_General,45706.00,ca_sco_districts
CA-49200,2024,Employee Benefits_General,5561429.00,ca_sco_districts
CA-49200,2024,Salaries and Wages_General,11096396.00,ca_sco_districts
CA-49200,2024,Services and Supplies_General,2255888.00,ca_sco_districts
CA-49200,2024,Services and Supplies_Special Revenue,5370.00,ca_sco_districts
CA-49205,2021,Capital Outlay_General,325360.00,ca_sco_districts
CA-49205,2021,Employee Benefits_General,413711.00,ca_sco_districts
CA-49205,2021,Salaries and Wages_General,980170.00,ca_sco_districts
CA-49205,2021,Services and Supplies_General,376330.00,ca_sco_districts
CA-49205,2022,Capital Outlay_General,963803.00,ca_sco_districts
CA-49205,2022,Employee Benefits_General,434754.00,ca_sco_districts
CA-49205,2022,Salaries and Wages_General,1168659.00,ca_sco_districts
CA-49205,2022,Services and Supplies_General,310300.00,ca_sco_districts
CA-49205,2023,Capital Outlay_General,228155.00,ca_sco_districts
CA-49205,2023,Employee Benefits_General,528321.00,ca_sco_districts
CA-49205,2023,Salaries and Wages_General,1050020.00,ca_sco_districts
CA-49205,2023,Services and Supplies_General,445329.00,ca_sco_districts
CA-49205,2024,Capital Outlay_General,329349.00,ca_sco_districts
CA-49205,2024,Employee Benefits_General,685720.00,ca_sco_districts
CA-49205,2024,Salaries and Wages_General,1147977.00,ca_sco_districts
CA-49205,2024,Services and Supplies_General,457016.00,ca_sco_districts
CA-49225,2021,Capital Outlay_General,111587.00,ca_sco_districts
CA-49225,2021,Debt Service / Interest Payments on Long-Term Debt_General,6421.00,ca_sco_districts
CA-49225,2021,Debt Service / Lease Principal_General,29961.00,ca_sco_districts
CA-49225,2021,Employee Benefits_General,16017.00,ca_sco_districts
CA-49225,2021,Services and Supplies_General,208671.00,ca_sco_districts
CA-49225,2022,Capital Outlay_General,103623.00,ca_sco_districts
CA-49225,2022,Debt Service / Interest Payments on Long-Term Debt_General,6421.00,ca_sco_districts
CA-49225,2022,Debt Service / Principal Payments on Long-Term Debt_General,29961.00,ca_sco_districts
CA-49225,2022,Employee Benefits_General,10739.00,ca_sco_districts
CA-49225,2022,Services and Supplies_General,182251.00,ca_sco_districts
CA-49225,2023,Capital Outlay_General,173486.00,ca_sco_districts
CA-49225,2023,Debt Service / Interest Payments on Long-Term Debt_General,4001.00,ca_sco_districts
CA-49225,2023,Debt Service / Other Principal Payments on Long-Term Debt_General,32381.00,ca_sco_districts
CA-49225,2023,Employee Benefits_General,13236.00,ca_sco_districts
CA-49225,2023,Services and Supplies_General,467939.00,ca_sco_districts
CA-49225,2024,Capital Outlay_General,32259.00,ca_sco_districts
CA-49225,2024,Debt Service / Interest Payments on Long-Term Debt_General,4001.00,ca_sco_districts
CA-49225,2024,Debt Service / Other Principal Payments on Long-Term Debt_General,32381.00,ca_sco_districts
CA-49225,2024,Employee Benefits_General,16973.00,ca_sco_districts
CA-49225,2024,Salaries and Wages_General,64823.00,ca_sco_districts
CA-49225,2024,Services and Supplies_General,180515.00,ca_sco_districts
CA-50005,2021,Fire_Current Expenditures,6782124.00,ca_sco_cities
CA-50005,2022,Fire_Current Expenditures,8785721.00,ca_sco_cities
CA-50005,2023,Fire_Current Expenditures,8752588.00,ca_sco_cities
CA-50005,2024,Fire_Current Expenditures,7941648.00,ca_sco_cities
CA-50015,2021,Capital Outlay_General,17799.00,ca_sco_districts
CA-50015,2021,Employee Benefits_General,15934.00,ca_sco_districts
CA-50015,2021,Other Expenditures_General,57068.00,ca_sco_districts
CA-50015,2021,Salaries and Wages_General,69719.00,ca_sco_districts
CA-50015,2021,Services and Supplies_General,185443.00,ca_sco_districts
CA-50015,2022,Capital Outlay_General,58824.00,ca_sco_districts
CA-50015,2022,Employee Benefits_General,17592.00,ca_sco_districts
CA-50015,2022,Salaries and Wages_General,72692.00,ca_sco_districts
CA-50015,2022,Services and Supplies_General,301593.00,ca_sco_districts
CA-50015,2023,Employee Benefits_General,19721.00,ca_sco_districts
CA-50015,2023,Salaries and Wages_General,125528.00,ca_sco_districts
CA-50015,2023,Services and Supplies_General,287320.00,ca_sco_districts
CA-50015,2024,Capital Outlay_General,232726.00,ca_sco_districts
CA-50015,2024,Employee Benefits_General,28347.00,ca_sco_districts
CA-50015,2024,Salaries and Wages_General,179184.00,ca_sco_districts
CA-50015,2024,Services and Supplies_General,264885.00,ca_sco_districts
CA-50030,2021,Debt Service / Interest Payments on Long-Term Debt_General,23904.00,ca_sco_districts
CA-50030,2021,Debt Service / Principal Payments on Long-Term Debt_General,159344.00,ca_sco_districts
CA-50030,2021,Employee Benefits_General,77772.00,ca_sco_districts
CA-50030,2021,Salaries and Wages_General,155401.00,ca_sco_districts
CA-50030,2021,Services and Supplies_General,307995.00,ca_sco_districts
CA-50030,2022,Debt Service / Interest Payments on Long-Term Debt_General,18590.00,ca_sco_districts
CA-50030,2022,Debt Service / Principal Payments on Long-Term Debt_General,116488.00,ca_sco_districts
CA-50030,2022,Employee Benefits_General,76265.00,ca_sco_districts
CA-50030,2022,Salaries and Wages_General,110987.00,ca_sco_districts
CA-50030,2022,Services and Supplies_General,309905.00,ca_sco_districts
CA-50030,2023,Debt Service / Interest Payments on Long-Term Debt_General,14961.00,ca_sco_districts
CA-50030,2023,Debt Service / Other Principal Payments on Long-Term Debt_General,120117.00,ca_sco_districts
CA-50030,2023,Employee Benefits_General,112480.00,ca_sco_districts
CA-50030,2023,Salaries and Wages_General,173410.00,ca_sco_districts
CA-50030,2023,Services and Supplies_General,357489.00,ca_sco_districts
CA-50030,2024,Debt Service / Interest Payments on Long-Term Debt_General,14960.00,ca_sco_districts
CA-50030,2024,Debt Service / Other Principal Payments on Long-Term Debt_General,120118.00,ca_sco_districts
CA-50030,2024,Employee Benefits_General,127357.00,ca_sco_districts
CA-50030,2024,Salaries and Wages_General,183538.00,ca_sco_districts
CA-50030,2024,Services and Supplies_General,334576.00,ca_sco_districts
CA-50040,2021,Fire_Current Expenditures,42661339.00,ca_sco_cities
CA-50040,2022,Fire_Current Expenditures,53033972.00,ca_sco_cities
CA-50040,2023,Fire_Current Expenditures,61085962.00,ca_sco_cities
CA-50040,2024,Fire_Current Expenditures,67637130.00,ca_sco_cities
CA-50045,2021,Capital Outlay_General,45730.00,ca_sco_districts
CA-50045,2021,Debt Service / Interest Payments on Long-Term Debt_General,22133.00,ca_sco_districts
CA-50045,2021,Debt Service / Principal Payments on Long-Term Debt_General,41873.00,ca_sco_districts
CA-50045,2021,Salaries and Wages_General,312208.00,ca_sco_districts
CA-50045,2021,Services and Supplies_General,298789.00,ca_sco_districts
CA-50045,2022,Capital Outlay_General,95191.00,ca_sco_districts
CA-50045,2022,Debt Service / Interest Payments on Long-Term Debt_General,19265.00,ca_sco_districts
CA-50045,2022,Debt Service / Principal Payments on Long-Term Debt_General,121069.00,ca_sco_districts
CA-50045,2022,Salaries and Wages_General,269647.00,ca_sco_districts
CA-50045,2022,Services and Supplies_General,183910.00,ca_sco_districts
CA-50045,2023,Capital Outlay_General,11488.00,ca_sco_districts
CA-50045,2023,Debt Service / Interest Payments on Long-Term Debt_General,28552.00,ca_sco_districts
CA-50045,2023,Debt Service / Other Principal Payments on Long-Term Debt_General,90015.00,ca_sco_districts
CA-50045,2023,Salaries and Wages_General,188788.00,ca_sco_districts
CA-50045,2023,Services and Supplies_General,417010.00,ca_sco_districts
CA-50045,2024,Debt Service / Interest Payments on Long-Term Debt_General,25573.00,ca_sco_districts
CA-50045,2024,Debt Service / Other Principal Payments on Long-Term Debt_General,92993.00,ca_sco_districts
CA-50045,2024,Salaries and Wages_General,172314.00,ca_sco_districts
CA-50045,2024,Services and Supplies_General,777326.00,ca_sco_districts
CA-50060,2021,Capital Outlay_General,549130.00,ca_sco_districts
CA-50060,2021,Debt Service / Interest Payments on Long-Term Debt_General,1122.00,ca_sco_districts
CA-50060,2021,Debt Service / Principal Payments on Long-Term Debt_General,10351.00,ca_sco_districts
CA-50060,2021,Employee Benefits_General,468540.00,ca_sco_districts
CA-50060,2021,Salaries and Wages_General,657415.00,ca_sco_districts
CA-50060,2021,Services and Supplies_General,261386.00,ca_sco_districts
CA-50060,2022,Capital Outlay_General,65269.00,ca_sco_districts
CA-50060,2022,Debt Service / Interest Payments on Long-Term Debt_General,7200.00,ca_sco_districts
CA-50060,2022,Debt Service / Principal Payments on Long-Term Debt_General,35620.00,ca_sco_districts
CA-50060,2022,Employee Benefits_General,371589.00,ca_sco_districts
CA-50060,2022,Salaries and Wages_General,780856.00,ca_sco_districts
CA-50060,2022,Services and Supplies_General,300797.00,ca_sco_districts
CA-50060,2023,Capital Outlay_General,3246.00,ca_sco_districts
CA-50060,2023,Debt Service / Interest Payments on Long-Term Debt_General,6096.00,ca_sco_districts
CA-50060,2023,Debt Service / Other Principal Payments on Long-Term Debt_General,48197.00,ca_sco_districts
CA-50060,2023,Employee Benefits_General,289073.00,ca_sco_districts
CA-50060,2023,Salaries and Wages_General,190926.00,ca_sco_districts
CA-50060,2023,Services and Supplies_General,1473909.00,ca_sco_districts
CA-50060,2024,Capital Outlay_General,308900.00,ca_sco_districts
CA-50060,2024,Debt Service / Interest Payments on Long-Term Debt_General,4990.00,ca_sco_districts
CA-50060,2024,Debt Service / Other Principal Payments on Long-Term Debt_General,26355.00,ca_sco_districts
CA-50060,2024,Employee Benefits_General,113740.00,ca_sco_districts
CA-50060,2024,Salaries and Wages_General,77106.00,ca_sco_districts
CA-50060,2024,Services and Supplies_General,1959796.00,ca_sco_districts
CA-50065,2021,Capital Outlay_Capital Projects,25000.00,ca_sco_districts
CA-50065,2021,Services and Supplies_General,212044.00,ca_sco_districts
CA-50065,2022,Capital Outlay_General,375000.00,ca_sco_districts
CA-50065,2022,Services and Supplies_General,298366.00,ca_sco_districts
CA-50065,2023,Debt Service / Interest Payments on Long-Term Debt_General,11230.00,ca_sco_districts
CA-50065,2023,Debt Service / Other Principal Payments on Long-Term Debt_General,37209.00,ca_sco_districts
CA-50065,2023,Services and Supplies_General,283781.00,ca_sco_districts
CA-50065,2024,Capital Outlay_General,12650.00,ca_sco_districts
CA-50065,2024,Debt Service / Interest Payments on Long-Term Debt_General,9801.00,ca_sco_districts
CA-50065,2024,Debt Service / Other Principal Payments on Long-Term Debt_General,38638.00,ca_sco_districts
CA-50065,2024,Services and Supplies_General,326272.00,ca_sco_districts
CA-50070,2021,Capital Outlay_General,456797.00,ca_sco_districts
CA-50070,2021,Salaries and Wages_General,59341.00,ca_sco_districts
CA-50070,2021,Services and Supplies_General,114521.00,ca_sco_districts
CA-50070,2022,Salaries and Wages_General,81978.00,ca_sco_districts
CA-50070,2022,Services and Supplies_General,115761.00,ca_sco_districts
CA-50070,2023,Capital Outlay_Special Revenue,5000.00,ca_sco_districts
CA-50070,2023,Salaries and Wages_General,74768.00,ca_sco_districts
CA-50070,2023,Services and Supplies_General,189322.00,ca_sco_districts
CA-50070,2024,Salaries and Wages_General,93337.00,ca_sco_districts
CA-50070,2024,Services and Supplies_General,158685.00,ca_sco_districts
CA-50075,2021,Capital Outlay_General,22397.00,ca_sco_districts
CA-50075,2021,Capital Outlay_Special Revenue,400537.00,ca_sco_districts
CA-50075,2021,Debt Service / Interest Payments on Long-Term Debt_General,83240.00,ca_sco_districts
CA-50075,2021,Debt Service / Principal Payments on Long-Term Debt_General,651872.00,ca_sco_districts
CA-50075,2021,Employee Benefits_General,3059427.00,ca_sco_districts
CA-50075,2021,Salaries and Wages_General,6398522.00,ca_sco_districts
CA-50075,2021,Services and Supplies_General,1954672.00,ca_sco_districts
CA-50075,2022,Capital Outlay_General,7220.00,ca_sco_districts
CA-50075,2022,Debt Service / Interest Payments on Long-Term Debt_General,66619.00,ca_sco_districts
CA-50075,2022,Debt Service / Principal Payments on Long-Term Debt_General,921430.00,ca_sco_districts
CA-50075,2022,Employee Benefits_General,14669103.00,ca_sco_districts
CA-50075,2022,Other Expenditures_General,168150.00,ca_sco_districts
CA-50075,2022,Salaries and Wages_General,6694876.00,ca_sco_districts
CA-50075,2022,Services and Supplies_General,2152889.00,ca_sco_districts
CA-50075,2023,Capital Outlay_General,126414.00,ca_sco_districts
CA-50075,2023,Debt Service / Interest Payments on Long-Term Debt_General,462211.00,ca_sco_districts
CA-50075,2023,Debt Service / Other Principal Payments on Long-Term Debt_General,305589.00,ca_sco_districts
CA-50075,2023,Employee Benefits_General,2756852.00,ca_sco_districts
CA-50075,2023,Salaries and Wages_General,6753382.00,ca_sco_districts
CA-50075,2023,Services and Supplies_General,2411181.00,ca_sco_districts
CA-50075,2024,Capital Outlay_General,450377.00,ca_sco_districts
CA-50075,2024,Debt Service / Interest Payments on Long-Term Debt_General,300662.00,ca_sco_districts
CA-50075,2024,Debt Service / Other Principal Payments on Long-Term Debt_General,684038.00,ca_sco_districts
CA-50075,2024,Employee Benefits_General,2824504.00,ca_sco_districts
CA-50075,2024,Salaries and Wages_General,6832064.00,ca_sco_districts
CA-50075,2024,Services and Supplies_General,2173903.00,ca_sco_districts
CA-50080,2021,Fire_Current Expenditures,300864.00,ca_sco_cities
CA-50080,2022,Fire_Current Expenditures,673108.00,ca_sco_cities
CA-50080,2023,Fire_Current Expenditures,762275.00,ca_sco_cities
CA-50080,2024,Fire_Current Expenditures,769206.00,ca_sco_cities
CA-50085,2021,Fire_Current Expenditures,3583804.00,ca_sco_cities
CA-50085,2022,Fire_Current Expenditures,3774858.00,ca_sco_cities
CA-50085,2023,Fire_Current Expenditures,4504398.00,ca_sco_cities
CA-50085,2024,Fire_Current Expenditures,4614796.00,ca_sco_cities
CA-50100,2021,Debt Service / Interest Payments on Long-Term Debt_General,17160.00,ca_sco_districts
CA-50100,2021,Debt Service / Principal Payments on Long-Term Debt_General,203593.00,ca_sco_districts
CA-50100,2021,Employee Benefits_General,218019.00,ca_sco_districts
CA-50100,2021,Salaries and Wages_General,694902.00,ca_sco_districts
CA-50100,2021,Services and Supplies_General,785679.00,ca_sco_districts
CA-50100,2022,Debt Service / Interest Payments on Long-Term Debt_General,9631.00,ca_sco_districts
CA-50100,2022,Debt Service / Principal Payments on Long-Term Debt_General,134157.00,ca_sco_districts
CA-50100,2022,Employee Benefits_General,151416.00,ca_sco_districts
CA-50100,2022,Salaries and Wages_General,584730.00,ca_sco_districts
CA-50100,2022,Services and Supplies_General,669549.00,ca_sco_districts
CA-50100,2023,Debt Service / Interest Payments on Long-Term Debt_General,4080.00,ca_sco_districts
CA-50100,2023,Debt Service / Other Principal Payments on Long-Term Debt_General,54405.00,ca_sco_districts
CA-50100,2023,Employee Benefits_General,74370.00,ca_sco_districts
CA-50100,2023,Salaries and Wages_General,573937.00,ca_sco_districts
CA-50100,2023,Services and Supplies_General,635318.00,ca_sco_districts
CA-50100,2024,Employee Benefits_General,84733.00,ca_sco_districts
CA-50100,2024,Salaries and Wages_General,678035.00,ca_sco_districts
CA-50100,2024,Services and Supplies_General,652811.00,ca_sco_districts
CA-50110,2021,Fire_Current Expenditures,9899149.00,ca_sco_cities
CA-50110,2022,Fire_Current Expenditures,11447396.00,ca_sco_cities
CA-50110,2023,Fire_Current Expenditures,10331221.00,ca_sco_cities
CA-50110,2024,Fire_Current Expenditures,11422008.00,ca_sco_cities
CA-50115,2023,Services and Supplies_General,191625.00,ca_sco_districts
CA-50120,2021,Capital Outlay_General,74554.00,ca_sco_districts
CA-50120,2021,Salaries and Wages_General,221528.00,ca_sco_districts
CA-50120,2021,Services and Supplies_General,180913.00,ca_sco_districts
CA-50120,2022,Capital Outlay_General,19392.00,ca_sco_districts
CA-50120,2022,Salaries and Wages_General,280816.00,ca_sco_districts
CA-50120,2022,Services and Supplies_General,141539.00,ca_sco_districts
CA-50120,2023,Capital Outlay_General,568943.00,ca_sco_districts
CA-50120,2023,Salaries and Wages_General,132409.00,ca_sco_districts
CA-50120,2023,Services and Supplies_General,166084.00,ca_sco_districts
CA-50120,2024,Salaries and Wages_General,179948.00,ca_sco_districts
CA-50120,2024,Services and Supplies_General,170846.00,ca_sco_districts
CA-50130,2021,Fire_Current Expenditures,5213278.00,ca_sco_cities
CA-50130,2022,Fire_Current Expenditures,5395531.00,ca_sco_cities
CA-50130,2023,Fire_Current Expenditures,6051073.00,ca_sco_cities
CA-50130,2024,Fire_Current Expenditures,6620201.00,ca_sco_cities
CA-50150,2021,Capital Outlay_General,586372.00,ca_sco_districts
CA-50150,2021,Debt Service / Interest Payments on Long-Term Debt_General,2702.00,ca_sco_districts
CA-50150,2021,Debt Service / Principal Payments on Long-Term Debt_General,121588.00,ca_sco_districts
CA-50150,2021,Salaries and Wages_General,142509.00,ca_sco_districts
CA-50150,2021,Services and Supplies_General,305605.00,ca_sco_districts
CA-50150,2021,Services and Supplies_Special Revenue,18.00,ca_sco_districts
CA-50150,2022,Capital Outlay_General,29950.00,ca_sco_districts
CA-50150,2022,Salaries and Wages_General,325200.00,ca_sco_districts
CA-50150,2022,Services and Supplies_General,178120.00,ca_sco_districts
CA-50150,2023,Salaries and Wages_General,123383.00,ca_sco_districts
CA-50150,2023,Services and Supplies_General,257354.00,ca_sco_districts
CA-50150,2024,Capital Outlay_General,72379.00,ca_sco_districts
CA-50150,2024,Salaries and Wages_General,177807.00,ca_sco_districts
CA-50150,2024,Services and Supplies_General,245052.00,ca_sco_districts
CA-51025,2021,Employee Benefits_Special Revenue,4008.00,ca_sco_districts
CA-51025,2021,Other Expenditures_Special Revenue,495.00,ca_sco_districts
CA-51025,2021,Services and Supplies_Special Revenue,29005.00,ca_sco_districts
CA-51025,2022,Employee Benefits_Special Revenue,1096.00,ca_sco_districts
CA-51025,2022,Other Expenditures_Special Revenue,444.00,ca_sco_districts
CA-51025,2022,Services and Supplies_Special Revenue,37200.00,ca_sco_districts
CA-51025,2023,Other Expenditures_Special Revenue,695.00,ca_sco_districts
CA-51025,2023,Salaries and Wages_Special Revenue,43757.00,ca_sco_districts
CA-51025,2023,Services and Supplies_Special Revenue,64363.00,ca_sco_districts
CA-51025,2024,Capital Outlay_General,7500.00,ca_sco_districts
CA-51025,2024,Other Expenditures_General,634.00,ca_sco_districts
CA-51025,2024,Salaries and Wages_General,44971.00,ca_sco_districts
CA-51025,2024,Services and Supplies_General,189155.00,ca_sco_districts
CA-51040,2021,Fire_Current Expenditures,12224459.00,ca_sco_cities
CA-51040,2022,Fire_Current Expenditures,13337543.00,ca_sco_cities
CA-51040,2023,Fire_Current Expenditures,14865301.00,ca_sco_cities
CA-51040,2024,Fire_Current Expenditures,16215147.00,ca_sco_cities
CA-52005,2021,Fire_Current Expenditures,664879.00,ca_sco_cities
CA-52005,2022,Fire_Current Expenditures,766281.00,ca_sco_cities
CA-52005,2023,Fire_Current Expenditures,682501.00,ca_sco_cities
CA-52005,2024,Fire_Current Expenditures,936272.00,ca_sco_cities
CA-52020,2021,Fire_Current Expenditures,2917663.00,ca_sco_cities
CA-52020,2022,Fire_Current Expenditures,5903855.00,ca_sco_cities
CA-52020,2023,Fire_Current Expenditures,3062168.00,ca_sco_cities
CA-52020,2024,Fire_Current Expenditures,3284002.00,ca_sco_cities
CA-53005,2021,Debt Service / Interest Payments on Long-Term Debt_General,22234.00,ca_sco_districts
CA-53005,2021,Debt Service / Other Debt Service_General,2824.00,ca_sco_districts
CA-53005,2021,Debt Service / Principal Payments on Long-Term Debt_General,6000.00,ca_sco_districts
CA-53005,2021,Salaries and Wages_General,82687.00,ca_sco_districts
CA-53005,2021,Services and Supplies_General,125150.00,ca_sco_districts
CA-53005,2022,Debt Service / Interest Payments on Long-Term Debt_General,21926.00,ca_sco_districts
CA-53005,2022,Debt Service / Other Debt Service_General,3393.00,ca_sco_districts
CA-53005,2022,Debt Service / Principal Payments on Long-Term Debt_General,12000.00,ca_sco_districts
CA-53005,2022,Salaries and Wages_General,253352.00,ca_sco_districts
CA-53005,2022,Services and Supplies_General,208403.00,ca_sco_districts
CA-53005,2023,Debt Service / Interest Payments on Long-Term Debt_General,21408.00,ca_sco_districts
CA-53005,2023,Debt Service / Other Debt Service_General,3341.00,ca_sco_districts
CA-53005,2023,Debt Service / Other Principal Payments on Long-Term Debt_General,12000.00,ca_sco_districts
CA-53005,2023,Salaries and Wages_General,89167.00,ca_sco_districts
CA-53005,2023,Services and Supplies_General,137119.00,ca_sco_districts
CA-53005,2024,Debt Service / Interest Payments on Long-Term Debt_General,20749.00,ca_sco_districts
CA-53005,2024,Debt Service / Other Debt Service_General,3571.00,ca_sco_districts
CA-53005,2024,Debt Service / Other Principal Payments on Long-Term Debt_General,12000.00,ca_sco_districts
CA-53005,2024,Salaries and Wages_General,116233.00,ca_sco_districts
CA-53005,2024,Services and Supplies_General,163640.00,ca_sco_districts
CA-53020,2021,Debt Service / Interest Payments on Long-Term Debt_General,5709.00,ca_sco_districts
CA-53020,2021,Debt Service / Principal Payments on Long-Term Debt_General,22679.00,ca_sco_districts
CA-53020,2021,Employee Benefits_General,48302.00,ca_sco_districts
CA-53020,2021,Salaries and Wages_General,235617.00,ca_sco_districts
CA-53020,2021,Services and Supplies_General,154549.00,ca_sco_districts
CA-53020,2022,Debt Service / Interest Payments on Long-Term Debt_General,4806.00,ca_sco_districts
CA-53020,2022,Debt Service / Principal Payments on Long-Term Debt_General,23583.00,ca_sco_districts
CA-53020,2022,Employee Benefits_General,41740.00,ca_sco_districts
CA-53020,2022,Salaries and Wages_General,447220.00,ca_sco_districts
CA-53020,2022,Services and Supplies_General,171570.00,ca_sco_districts
CA-53020,2023,"Debt Service / Lease Financing, Principal and Interest Payments_General",125316.00,ca_sco_districts
CA-53020,2023,Employee Benefits_General,35494.00,ca_sco_districts
CA-53020,2023,Salaries and Wages_General,195614.00,ca_sco_districts
CA-53020,2023,Services and Supplies_General,154274.00,ca_sco_districts
CA-53020,2024,"Debt Service / Lease Financing, Principal and Interest Payments_General",34631.00,ca_sco_districts
CA-53020,2024,Employee Benefits_General,41341.00,ca_sco_districts
CA-53020,2024,Salaries and Wages_General,242427.00,ca_sco_districts
CA-53020,2024,Services and Supplies_General,168695.00,ca_sco_districts
CA-53025,2021,Capital Outlay_General,2500.00,ca_sco_districts
CA-53025,2021,Services and Supplies_General,133196.00,ca_sco_districts
CA-53025,2022,Employee Benefits_General,7357.00,ca_sco_districts
CA-53025,2022,Salaries and Wages_General,304337.00,ca_sco_districts
CA-53025,2022,Services and Supplies_General,134810.00,ca_sco_districts
CA-53025,2023,Capital Outlay_General,106107.00,ca_sco_districts
CA-53025,2023,Employee Benefits_General,13251.00,ca_sco_districts
CA-53025,2023,Salaries and Wages_General,13578.00,ca_sco_districts
CA-53025,2023,Services and Supplies_General,87300.00,ca_sco_districts
CA-53025,2024,Services and Supplies_General,98460.00,ca_sco_districts
CA-53568,2021,Other Expenditures_General,3886.00,ca_sco_districts
CA-53568,2021,Services and Supplies_General,21775.00,ca_sco_districts
CA-53568,2022,Services and Supplies_General,82401.00,ca_sco_districts
CA-53568,2023,Services and Supplies_General,128519.00,ca_sco_districts
CA-53568,2024,Services and Supplies_General,57551.00,ca_sco_districts
CA-54005,2021,Fire_Current Expenditures,461128.00,ca_sco_cities
CA-54005,2022,Fire_Current Expenditures,603856.00,ca_sco_cities
CA-54005,2023,Fire_Current Expenditures,769333.00,ca_sco_cities
CA-54005,2024,Fire_Current Expenditures,830290.00,ca_sco_cities
CA-54010,2021,Fire_Current Expenditures,3302880.00,ca_sco_cities
CA-54010,2022,Fire_Current Expenditures,3250642.00,ca_sco_cities
CA-54010,2023,Fire_Current Expenditures,3304376.00,ca_sco_cities
CA-54010,2024,Fire_Current Expenditures,3295498.00,ca_sco_cities
CA-54015,2021,Fire_Current Expenditures,227481.00,ca_sco_cities
CA-54015,2022,Fire_Current Expenditures,419477.00,ca_sco_cities
CA-54015,2023,Fire_Current Expenditures,445606.00,ca_sco_cities
CA-54015,2024,Fire_Current Expenditures,441735.00,ca_sco_cities
CA-54035,2021,Fire_Current Expenditures,5389020.00,ca_sco_cities
CA-54035,2022,Fire_Current Expenditures,6486557.00,ca_sco_cities
CA-54035,2023,Fire_Current Expenditures,6472389.00,ca_sco_cities
CA-54035,2024,Fire_Current Expenditures,8371279.00,ca_sco_cities
CA-54040,2021,Fire_Current Expenditures,9135755.00,ca_sco_cities
CA-54040,2022,Fire_Current Expenditures,9598269.00,ca_sco_cities
CA-54040,2023,Fire_Current Expenditures,9908991.00,ca_sco_cities
CA-54040,2024,Fire_Current Expenditures,10791110.00,ca_sco_cities
CA-54045,2021,Fire_Current Expenditures,18677529.00,ca_sco_cities
CA-54045,2022,Fire_Current Expenditures,20539058.00,ca_sco_cities
CA-54045,2023,Fire_Current Expenditures,22133316.00,ca_sco_cities
CA-54045,2024,Fire_Current Expenditures,21869920.00,ca_sco_cities
CA-54065,2021,Capital Outlay_General,40860.00,ca_sco_districts
CA-54065,2021,Employee Benefits_General,173711.00,ca_sco_districts
CA-54065,2021,Salaries and Wages_General,400516.00,ca_sco_districts
CA-54065,2021,Services and Supplies_General,113734.00,ca_sco_districts
CA-54065,2022,Capital Outlay_General,165327.00,ca_sco_districts
CA-54065,2022,Employee Benefits_General,170170.00,ca_sco_districts
CA-54065,2022,Salaries and Wages_General,397316.00,ca_sco_districts
CA-54065,2022,Services and Supplies_General,181178.00,ca_sco_districts
CA-54065,2023,Capital Outlay_General,688378.00,ca_sco_districts
CA-54065,2023,Employee Benefits_General,167494.00,ca_sco_districts
CA-54065,2023,Salaries and Wages_General,374856.00,ca_sco_districts
CA-54065,2023,Services and Supplies_General,155506.00,ca_sco_districts
CA-54065,2024,Capital Outlay_General,33359.00,ca_sco_districts
CA-54065,2024,Employee Benefits_General,169488.00,ca_sco_districts
CA-54065,2024,Salaries and Wages_General,360936.00,ca_sco_districts
CA-54065,2024,Services and Supplies_General,148113.00,ca_sco_districts
CA-55005,2021,Employee Benefits_General,12676.00,ca_sco_districts
CA-55005,2021,Salaries and Wages_General,165696.00,ca_sco_districts
CA-55005,2021,Services and Supplies_General,60384.00,ca_sco_districts
CA-55005,2022,Employee Benefits_General,1704.00,ca_sco_districts
CA-55005,2022,Salaries and Wages_General,22275.00,ca_sco_districts
CA-55005,2022,Services and Supplies_General,66496.00,ca_sco_districts
CA-55005,2023,Employee Benefits_General,13408.00,ca_sco_districts
CA-55005,2023,Salaries and Wages_General,175268.00,ca_sco_districts
CA-55005,2023,Services and Supplies_General,89858.00,ca_sco_districts
CA-55005,2024,Services and Supplies_General,210878.00,ca_sco_districts
CA-55010,2021,Services and Supplies_General,110434.00,ca_sco_districts
CA-55010,2022,Services and Supplies_General,118653.00,ca_sco_districts
CA-55010,2023,Services and Supplies_General,125330.00,ca_sco_districts
CA-55010,2024,Services and Supplies_General,137376.00,ca_sco_districts
CA-55015,2021,Capital Outlay_General,25074.00,ca_sco_districts
CA-55015,2021,Debt Service / Interest Payments on Long-Term Debt_General,5818.00,ca_sco_districts
CA-55015,2021,Debt Service / Principal Payments on Long-Term Debt_General,133052.00,ca_sco_districts
CA-55015,2021,Debt Service / Principal and Interest on Short-Term Notes and Warrants_General,906.00,ca_sco_districts
CA-55015,2021,Employee Benefits_General,72972.00,ca_sco_districts
CA-55015,2021,Salaries and Wages_General,571533.00,ca_sco_districts
CA-55015,2021,Services and Supplies_General,147179.00,ca_sco_districts
CA-55015,2022,Capital Outlay_General,213699.00,ca_sco_districts
CA-55015,2022,Debt Service / Interest Payments on Long-Term Debt_General,1892.00,ca_sco_districts
CA-55015,2022,Debt Service / Principal Payments on Long-Term Debt_General,52117.00,ca_sco_districts
CA-55015,2022,Employee Benefits_General,116075.00,ca_sco_districts
CA-55015,2022,Salaries and Wages_General,426729.00,ca_sco_districts
CA-55015,2022,Services and Supplies_General,222185.00,ca_sco_districts
CA-55015,2023,Debt Service / Interest Payments on Long-Term Debt_General,7670.00,ca_sco_districts
CA-55015,2023,Debt Service / Other Principal Payments on Long-Term Debt_General,15099.00,ca_sco_districts
CA-55015,2023,Employee Benefits_General,139439.00,ca_sco_districts
CA-55015,2023,Salaries and Wages_General,688346.00,ca_sco_districts
CA-55015,2023,Services and Supplies_General,201625.00,ca_sco_districts
CA-55015,2024,Capital Outlay_General,178827.00,ca_sco_districts
CA-55015,2024,Debt Service / Interest Payments on Long-Term Debt_General,7128.00,ca_sco_districts
CA-55015,2024,Debt Service / Other Principal Payments on Long-Term Debt_General,15551.00,ca_sco_districts
CA-55015,2024,Employee Benefits_General,144355.00,ca_sco_districts
CA-55015,2024,Salaries and Wages_General,619466.00,ca_sco_districts
CA-55015,2024,Services and Supplies_General,186548.00,ca_sco_districts
CA-55020,2021,Fire_Current Expenditures,1482903.00,ca_sco_cities
CA-55020,2022,Fire_Current Expenditures,1415301.00,ca_sco_cities
CA-55020,2023,Fire_Current Expenditures,1549861.00,ca_sco_cities
CA-55020,2024,Fire_Current Expenditures,1806833.00,ca_sco_cities
CA-55025,2021,Capital Outlay_General,16050.00,ca_sco_districts
CA-55025,2021,Employee Benefits_General,2508.00,ca_sco_districts
CA-55025,2021,Salaries and Wages_General,13747.00,ca_sco_districts
CA-55025,2021,Services and Supplies_General,91119.00,ca_sco_districts
CA-55025,2022,Capital Outlay_General,14556.00,ca_sco_districts
CA-55025,2022,Employee Benefits_General,2188.00,ca_sco_districts
CA-55025,2022,Salaries and Wages_General,10175.00,ca_sco_districts
CA-55025,2022,Services and Supplies_General,55862.00,ca_sco_districts
CA-55025,2023,Capital Outlay_General,5255.00,ca_sco_districts
CA-55025,2023,Employee Benefits_General,1990.00,ca_sco_districts
CA-55025,2023,Salaries and Wages_General,9575.00,ca_sco_districts
CA-55025,2023,Services and Supplies_General,36291.00,ca_sco_districts
CA-55025,2024,Capital Outlay_General,1651.00,ca_sco_districts
CA-55025,2024,Employee Benefits_General,1795.00,ca_sco_districts
CA-55025,2024,Salaries and Wages_General,14075.00,ca_sco_districts
CA-55025,2024,Services and Supplies_General,278950.00,ca_sco_districts
CA-55030,2021,Employee Benefits_General,115960.00,ca_sco_districts
CA-55030,2021,Salaries and Wages_General,374575.00,ca_sco_districts
CA-55030,2021,Services and Supplies_General,85824.00,ca_sco_districts
CA-55030,2022,Employee Benefits_General,108521.00,ca_sco_districts
CA-55030,2022,Salaries and Wages_General,359068.00,ca_sco_districts
CA-55030,2022,Services and Supplies_General,63959.00,ca_sco_districts
CA-55030,2023,Employee Benefits_General,114190.00,ca_sco_districts
CA-55030,2023,Salaries and Wages_General,336145.00,ca_sco_districts
CA-55030,2023,Services and Supplies_General,96402.00,ca_sco_districts
CA-55030,2024,Employee Benefits_General,117380.00,ca_sco_districts
CA-55030,2024,Salaries and Wages_General,404565.00,ca_sco_districts
CA-55030,2024,Services and Supplies_General,296568.00,ca_sco_districts
CA-56005,2021,Fire_Current Expenditures,1286050.00,ca_sco_cities
CA-56005,2022,Fire_Current Expenditures,1385155.00,ca_sco_cities
CA-56005,2023,Fire_Current Expenditures,1652550.00,ca_sco_cities
CA-56005,2024,Fire_Current Expenditures,1754774.00,ca_sco_cities
CA-56010,2021,Fire_Current Expenditures,36735852.00,ca_sco_cities
CA-56010,2022,Fire_Current Expenditures,39011751.00,ca_sco_cities
CA-56010,2023,Fire_Current Expenditures,42236049.00,ca_sco_cities
CA-56010,2024,Fire_Current Expenditures,46403039.00,ca_sco_cities
CA-56020,2021,Capital Outlay_Special Revenue,26834075.00,ca_sco_districts
CA-56020,2021,Employee Benefits_Special Revenue,47069740.00,ca_sco_districts
CA-56020,2021,Other Expenditures_Special Revenue,273025.00,ca_sco_districts
CA-56020,2021,Salaries and Wages_Special Revenue,94135989.00,ca_sco_districts
CA-56020,2021,Services and Supplies_Special Revenue,30500654.00,ca_sco_districts
CA-56020,2022,Capital Outlay_Special Revenue,14005229.00,ca_sco_districts
CA-56020,2022,Employee Benefits_Special Revenue,46644573.00,ca_sco_districts
CA-56020,2022,Other Expenditures_Special Revenue,4867048.00,ca_sco_districts
CA-56020,2022,Salaries and Wages_Special Revenue,99417509.00,ca_sco_districts
CA-56020,2022,Services and Supplies_Special Revenue,34211007.00,ca_sco_districts
CA-56020,2023,Capital Outlay_Special Revenue,24013789.00,ca_sco_districts
CA-56020,2023,Contributions to Outside Agencies_Special Revenue,699201.00,ca_sco_districts
CA-56020,2023,Employee Benefits_Special Revenue,47736096.00,ca_sco_districts
CA-56020,2023,Salaries and Wages_Special Revenue,101852806.00,ca_sco_districts
CA-56020,2023,Services and Supplies_Special Revenue,44441310.00,ca_sco_districts
CA-56020,2024,Capital Outlay_Special Revenue,34600733.00,ca_sco_districts
CA-56020,2024,Contributions to Outside Agencies_Special Revenue,384008.00,ca_sco_districts
CA-56020,2024,"Debt Service / Lease Financing, Principal and Interest Payments_Special Revenue",92268.00,ca_sco_districts
CA-56020,2024,Employee Benefits_Special Revenue,46198874.00,ca_sco_districts
CA-56020,2024,Salaries and Wages_Special Revenue,108449530.00,ca_sco_districts
CA-56020,2024,Services and Supplies_Special Revenue,49216057.00,ca_sco_districts
CA-56025,2021,Fire_Current Expenditures,24997502.00,ca_sco_cities
CA-56025,2022,Fire_Current Expenditures,27200156.00,ca_sco_cities
CA-56025,2023,Fire_Current Expenditures,36534832.00,ca_sco_cities
CA-56025,2024,Fire_Current Expenditures,32220117.00,ca_sco_cities
CA-57010,2021,Employee Benefits_General,10362.00,ca_sco_districts
CA-57010,2021,Other Expenditures_General,14000.00,ca_sco_districts
CA-57010,2021,Salaries and Wages_General,60620.00,ca_sco_districts
CA-57010,2021,Services and Supplies_General,105137.00,ca_sco_districts
CA-57010,2022,Capital Outlay_General,360567.00,ca_sco_districts
CA-57010,2022,Employee Benefits_General,10537.00,ca_sco_districts
CA-57010,2022,Other Expenditures_General,14000.00,ca_sco_districts
CA-57010,2022,Salaries and Wages_General,69108.00,ca_sco_districts
CA-57010,2022,Services and Supplies_General,132023.00,ca_sco_districts
CA-57010,2023,Employee Benefits_General,12264.00,ca_sco_districts
CA-57010,2023,Salaries and Wages_General,87368.00,ca_sco_districts
CA-57010,2023,Services and Supplies_General,157451.00,ca_sco_districts
CA-57010,2024,Capital Outlay_General,75841.00,ca_sco_districts
CA-57010,2024,Contributions to Outside Agencies_General,2854.00,ca_sco_districts
CA-57010,2024,Employee Benefits_General,24034.00,ca_sco_districts
CA-57010,2024,Salaries and Wages_General,106884.00,ca_sco_districts
CA-57010,2024,Services and Supplies_General,291095.00,ca_sco_districts
CA-57020,2021,Employee Benefits_General,5935.00,ca_sco_districts
CA-57020,2021,Other Expenditures_General,5074.00,ca_sco_districts
CA-57020,2021,Salaries and Wages_General,9031.00,ca_sco_districts
CA-57020,2021,Services and Supplies_General,55192.00,ca_sco_districts
CA-57020,2022,Capital Outlay_General,369894.00,ca_sco_districts
CA-57020,2022,Employee Benefits_General,5844.00,ca_sco_districts
CA-57020,2022,Other Expenditures_General,4969.00,ca_sco_districts
CA-57020,2022,Salaries and Wages_General,9035.00,ca_sco_districts
CA-57020,2022,Services and Supplies_General,63526.00,ca_sco_districts
CA-57020,2023,Capital Outlay_General,3254.00,ca_sco_districts
CA-57020,2023,Employee Benefits_General,5834.00,ca_sco_districts
CA-57020,2023,Salaries and Wages_General,9014.00,ca_sco_districts
CA-57020,2023,Services and Supplies_General,120524.00,ca_sco_districts
CA-57020,2024,Employee Benefits_General,5837.00,ca_sco_districts
CA-57020,2024,Salaries and Wages_General,9048.00,ca_sco_districts
CA-57020,2024,Services and Supplies_General,84433.00,ca_sco_districts
CA-57025,2021,Fire_Current Expenditures,13873680.00,ca_sco_cities
CA-57025,2022,Fire_Current Expenditures,14376686.00,ca_sco_cities
CA-57025,2023,Fire_Current Expenditures,14686606.00,ca_sco_cities
CA-57025,2024,Fire_Current Expenditures,16707537.00,ca_sco_cities
CA-57035,2021,Capital Outlay_General,239032.00,ca_sco_districts
CA-57035,2021,Employee Benefits_General,40047.00,ca_sco_districts
CA-57035,2021,Salaries and Wages_General,255339.00,ca_sco_districts
CA-57035,2021,Services and Supplies_General,151095.00,ca_sco_districts
CA-57035,2022,Contributions to Outside Agencies_General,231.00,ca_sco_districts
CA-57035,2022,Employee Benefits_General,26319.00,ca_sco_districts
CA-57035,2022,Salaries and Wages_General,305493.00,ca_sco_districts
CA-57035,2022,Services and Supplies_General,163277.00,ca_sco_districts
CA-57035,2023,Capital Outlay_General,69196.00,ca_sco_districts
CA-57035,2023,Employee Benefits_General,69789.00,ca_sco_districts
CA-57035,2023,Salaries and Wages_General,254920.00,ca_sco_districts
CA-57035,2023,Services and Supplies_General,108088.00,ca_sco_districts
CA-57035,2024,Capital Outlay_General,222923.00,ca_sco_districts
CA-57035,2024,Employee Benefits_General,111790.00,ca_sco_districts
CA-57035,2024,Salaries and Wages_General,359702.00,ca_sco_districts
CA-57035,2024,Services and Supplies_General,175013.00,ca_sco_districts
CA-57040,2021,Capital Outlay_General,61087.00,ca_sco_districts
CA-57040,2021,Employee Benefits_General,23955.00,ca_sco_districts
CA-57040,2021,Salaries and Wages_General,231209.00,ca_sco_districts
CA-57040,2021,Services and Supplies_General,176001.00,ca_sco_districts
CA-57040,2022,Capital Outlay_General,65273.00,ca_sco_districts
CA-57040,2022,Employee Benefits_General,20305.00,ca_sco_districts
CA-57040,2022,Other Expenditures_General,28431.00,ca_sco_districts
CA-57040,2022,Salaries and Wages_General,184869.00,ca_sco_districts
CA-57040,2022,Services and Supplies_General,109917.00,ca_sco_districts
CA-57040,2023,Capital Outlay_General,1000.00,ca_sco_districts
CA-57040,2023,Employee Benefits_General,16694.00,ca_sco_districts
CA-57040,2023,Salaries and Wages_General,102185.00,ca_sco_districts
CA-57040,2023,Services and Supplies_General,184356.00,ca_sco_districts
CA-57040,2024,Capital Outlay_General,212010.00,ca_sco_districts
CA-57040,2024,Employee Benefits_General,20017.00,ca_sco_districts
CA-57040,2024,Salaries and Wages_General,133280.00,ca_sco_districts
CA-57040,2024,Services and Supplies_General,126005.00,ca_sco_districts
CA-57045,2021,Capital Outlay_General,31560.00,ca_sco_districts
CA-57045,2021,Employee Benefits_General,32457.00,ca_sco_districts
CA-57045,2021,Other Expenditures_General,12236.00,ca_sco_districts
CA-57045,2021,Salaries and Wages_General,112986.00,ca_sco_districts
CA-57045,2021,Services and Supplies_General,142391.00,ca_sco_districts
CA-57045,2022,Capital Outlay_General,1757.00,ca_sco_districts
CA-57045,2022,Employee Benefits_General,35979.00,ca_sco_districts
CA-57045,2022,Other Expenditures_General,17037.00,ca_sco_districts
CA-57045,2022,Salaries and Wages_General,118503.00,ca_sco_districts
CA-57045,2022,Services and Supplies_General,122157.00,ca_sco_districts
CA-57045,2023,Capital Outlay_General,368120.00,ca_sco_districts
CA-57045,2023,Employee Benefits_General,41056.00,ca_sco_districts
CA-57045,2023,Salaries and Wages_General,175237.00,ca_sco_districts
CA-57045,2023,Services and Supplies_General,160881.00,ca_sco_districts
CA-57045,2024,Capital Outlay_General,67626.00,ca_sco_districts
CA-57045,2024,Employee Benefits_General,121333.00,ca_sco_districts
CA-57045,2024,Salaries and Wages_General,262202.00,ca_sco_districts
CA-57045,2024,Services and Supplies_General,160652.00,ca_sco_districts
CA-57050,2021,Capital Outlay_General,195229.00,ca_sco_districts
CA-57050,2021,Employee Benefits_General,6572.00,ca_sco_districts
CA-57050,2021,Other Expenditures_General,3510.00,ca_sco_districts
CA-57050,2021,Salaries and Wages_General,13246.00,ca_sco_districts
CA-57050,2021,Services and Supplies_General,48855.00,ca_sco_districts
CA-57050,2022,Employee Benefits_General,6094.00,ca_sco_districts
CA-57050,2022,Other Expenditures_General,4436.00,ca_sco_districts
CA-57050,2022,Salaries and Wages_General,13251.00,ca_sco_districts
CA-57050,2022,Services and Supplies_General,80600.00,ca_sco_districts
CA-57050,2023,Employee Benefits_General,5766.00,ca_sco_districts
CA-57050,2023,Salaries and Wages_General,15016.00,ca_sco_districts
CA-57050,2023,Services and Supplies_General,90069.00,ca_sco_districts
CA-57050,2024,Capital Outlay_General,13526.00,ca_sco_districts
CA-57050,2024,Employee Benefits_General,7956.00,ca_sco_districts
CA-57050,2024,Salaries and Wages_General,15081.00,ca_sco_districts
CA-57050,2024,Services and Supplies_General,113634.00,ca_sco_districts
CA-57055,2021,Capital Outlay_General,77979.00,ca_sco_districts
CA-57055,2021,Debt Service / Interest Payments on Long-Term Debt_General,2591.00,ca_sco_districts
CA-57055,2021,Debt Service / Principal Payments on Long-Term Debt_General,16179.00,ca_sco_districts
CA-57055,2021,Employee Benefits_General,13761.00,ca_sco_districts
CA-57055,2021,Other Expenditures_General,140755.00,ca_sco_districts
CA-57055,2021,Salaries and Wages_General,109025.00,ca_sco_districts
CA-57055,2021,Services and Supplies_General,138645.00,ca_sco_districts
CA-57055,2022,Debt Service / Interest Payments on Long-Term Debt_General,2110.00,ca_sco_districts
CA-57055,2022,Debt Service / Principal Payments on Long-Term Debt_General,16660.00,ca_sco_districts
CA-57055,2022,Employee Benefits_General,14326.00,ca_sco_districts
CA-57055,2022,Other Expenditures_General,83941.00,ca_sco_districts
CA-57055,2022,Salaries and Wages_General,92224.00,ca_sco_districts
CA-57055,2022,Services and Supplies_General,188459.00,ca_sco_districts
CA-57055,2023,Capital Outlay_General,30996.00,ca_sco_districts
CA-57055,2023,Debt Service / Interest Payments on Long-Term Debt_General,2149.00,ca_sco_districts
CA-57055,2023,Debt Service / Other Principal Payments on Long-Term Debt_General,52731.00,ca_sco_districts
CA-57055,2023,Employee Benefits_General,22085.00,ca_sco_districts
CA-57055,2023,Salaries and Wages_General,116927.00,ca_sco_districts
CA-57055,2023,Services and Supplies_General,214242.00,ca_sco_districts
CA-57055,2024,Capital Outlay_General,19046.00,ca_sco_districts
CA-57055,2024,Employee Benefits_General,31977.00,ca_sco_districts
CA-57055,2024,Salaries and Wages_General,163719.00,ca_sco_districts
CA-57055,2024,Services and Supplies_General,181367.00,ca_sco_districts
CA-57060,2021,Other Expenditures_General,2591.00,ca_sco_districts
CA-57060,2021,Services and Supplies_General,47790.00,ca_sco_districts
CA-57060,2022,Capital Outlay_General,184875.00,ca_sco_districts
CA-57060,2022,Services and Supplies_General,32711.00,ca_sco_districts
CA-57060,2023,Employee Benefits_General,2660.00,ca_sco_districts
CA-57060,2023,Salaries and Wages_General,14421.00,ca_sco_districts
CA-57060,2023,Services and Supplies_General,65101.00,ca_sco_districts
CA-57060,2024,Employee Benefits_General,2698.00,ca_sco_districts
CA-57060,2024,Salaries and Wages_General,11880.00,ca_sco_districts
CA-57060,2024,Services and Supplies_General,45818.00,ca_sco_districts
CA-57065,2021,Fire_Current Expenditures,15459789.00,ca_sco_cities
CA-57065,2022,Fire_Current Expenditures,16299007.00,ca_sco_cities
CA-57065,2023,Fire_Current Expenditures,17236956.00,ca_sco_cities
CA-57065,2024,Fire_Current Expenditures,18200639.00,ca_sco_cities
CA-57070,2021,Fire_Current Expenditures,1520226.00,ca_sco_cities
CA-57070,2022,Fire_Current Expenditures,1426448.00,ca_sco_cities
CA-57070,2023,Fire_Current Expenditures,1541878.00,ca_sco_cities
CA-57070,2024,Fire_Current Expenditures,1830085.00,ca_sco_cities
CA-57075,2021,Fire_Current Expenditures,12575468.00,ca_sco_cities
CA-57075,2022,Fire_Current Expenditures,12788031.00,ca_sco_cities
CA-57075,2024,Fire_Current Expenditures,14777470.00,ca_sco_cities
CA-57085,2021,Capital Outlay_General,25207.00,ca_sco_districts
CA-57085,2021,Employee Benefits_General,39889.00,ca_sco_districts
CA-57085,2021,Other Expenditures_General,61122.00,ca_sco_districts
CA-57085,2021,Salaries and Wages_General,234327.00,ca_sco_districts
CA-57085,2021,Services and Supplies_General,170065.00,ca_sco_districts
CA-57085,2022,Employee Benefits_General,40973.00,ca_sco_districts
CA-57085,2022,Other Expenditures_General,64360.00,ca_sco_districts
CA-57085,2022,Salaries and Wages_General,251071.00,ca_sco_districts
CA-57085,2022,Services and Supplies_General,169724.00,ca_sco_districts
CA-57085,2023,Capital Outlay_General,377123.00,ca_sco_districts
CA-57085,2023,Employee Benefits_General,44088.00,ca_sco_districts
CA-57085,2023,Salaries and Wages_General,265335.00,ca_sco_districts
CA-57085,2023,Services and Supplies_General,176786.00,ca_sco_districts
CA-57085,2024,Employee Benefits_General,66659.00,ca_sco_districts
CA-57085,2024,Other Expenditures_General,32989.00,ca_sco_districts
CA-57085,2024,Salaries and Wages_General,495842.00,ca_sco_districts
CA-57085,2024,Services and Supplies_General,189960.00,ca_sco_districts
CA-57090,2021,Capital Outlay_General,86589.00,ca_sco_districts
CA-57090,2021,Employee Benefits_General,18628.00,ca_sco_districts
CA-57090,2021,Other Expenditures_General,19423.00,ca_sco_districts
CA-57090,2021,Salaries and Wages_General,62009.00,ca_sco_districts
CA-57090,2021,Services and Supplies_General,110062.00,ca_sco_districts
CA-57090,2022,Capital Outlay_General,16081.00,ca_sco_districts
CA-57090,2022,Employee Benefits_General,21749.00,ca_sco_districts
CA-57090,2022,Other Expenditures_General,11753.00,ca_sco_districts
CA-57090,2022,Salaries and Wages_General,73388.00,ca_sco_districts
CA-57090,2022,Services and Supplies_General,144075.00,ca_sco_districts
CA-57090,2023,Capital Outlay_General,523170.00,ca_sco_districts
CA-57090,2023,Employee Benefits_General,22612.00,ca_sco_districts
CA-57090,2023,Salaries and Wages_General,77207.00,ca_sco_districts
CA-57090,2023,Services and Supplies_General,145324.00,ca_sco_districts
CA-57090,2024,Capital Outlay_General,303585.00,ca_sco_districts
CA-57090,2024,Debt Service / Interest Payments on Long-Term Debt_General,20397.00,ca_sco_districts
CA-57090,2024,Debt Service / Other Principal Payments on Long-Term Debt_General,91714.00,ca_sco_districts
CA-57090,2024,Employee Benefits_General,23593.00,ca_sco_districts
CA-57090,2024,Salaries and Wages_General,81652.00,ca_sco_districts
CA-57090,2024,Services and Supplies_General,133062.00,ca_sco_districts
CA-57095,2021,Capital Outlay_General,101295.00,ca_sco_districts
CA-57095,2021,Services and Supplies_General,67534.00,ca_sco_districts
CA-57095,2022,Capital Outlay_General,189277.00,ca_sco_districts
CA-57095,2022,Employee Benefits_General,3631.00,ca_sco_districts
CA-57095,2022,Services and Supplies_General,69645.00,ca_sco_districts
CA-57095,2023,Capital Outlay_General,14384.00,ca_sco_districts
CA-57095,2023,Employee Benefits_General,3919.00,ca_sco_districts
CA-57095,2023,Services and Supplies_General,108058.00,ca_sco_districts
CA-57095,2024,Capital Outlay_General,205425.00,ca_sco_districts
CA-57095,2024,Employee Benefits_General,4832.00,ca_sco_districts
CA-57095,2024,Services and Supplies_General,90682.00,ca_sco_districts
CA-58003,2021,Capital Outlay_General,11002.00,ca_sco_districts
CA-58003,2021,Services and Supplies_General,90961.00,ca_sco_districts
CA-58003,2022,Capital Outlay_General,27672.00,ca_sco_districts
CA-58003,2022,Services and Supplies_General,124523.00,ca_sco_districts
CA-58003,2023,Capital Outlay_General,112092.00,ca_sco_districts
CA-58003,2023,Services and Supplies_General,48485.00,ca_sco_districts
CA-58003,2024,Capital Outlay_General,92940.00,ca_sco_districts
CA-58003,2024,Services and Supplies_General,82308.00,ca_sco_districts
CA-58004,2021,Salaries and Wages_General,78845.00,ca_sco_districts
CA-58004,2021,Services and Supplies_General,177003.00,ca_sco_districts
CA-58004,2022,Salaries and Wages_General,33218.00,ca_sco_districts
CA-58004,2022,Services and Supplies_General,138478.00,ca_sco_districts
CA-58004,2023,Salaries and Wages_General,58085.00,ca_sco_districts
CA-58004,2023,Services and Supplies_General,166388.00,ca_sco_districts
CA-58004,2023,Services and Supplies_Special Revenue,1460.00,ca_sco_districts
CA-58004,2024,Salaries and Wages_General,34867.00,ca_sco_districts
CA-58004,2024,Services and Supplies_Capital Projects,42351.00,ca_sco_districts
CA-58004,2024,Services and Supplies_General,110304.00,ca_sco_districts
CA-58004,2024,Services and Supplies_Special Revenue,253607.00,ca_sco_districts
CA-58005,2021,Capital Outlay_General,1311537.00,ca_sco_districts
CA-58005,2021,Other Expenditures_General,310481.00,ca_sco_districts
CA-58005,2021,Salaries and Wages_General,2294530.00,ca_sco_districts
CA-58005,2021,Services and Supplies_General,1522007.00,ca_sco_districts
CA-58005,2022,Capital Outlay_Special Revenue,355978.00,ca_sco_districts
CA-58005,2022,Other Expenditures_General,146253.00,ca_sco_districts
CA-58005,2022,Salaries and Wages_General,2464489.00,ca_sco_districts
CA-58005,2022,Services and Supplies_General,1467402.00,ca_sco_districts
CA-58005,2023,Capital Outlay_General,232458.00,ca_sco_districts
CA-58005,2023,Salaries and Wages_General,2598305.00,ca_sco_districts
CA-58005,2023,Services and Supplies_General,2075647.00,ca_sco_districts
CA-58005,2024,Capital Outlay_General,3809970.00,ca_sco_districts
CA-58005,2024,Salaries and Wages_General,3038283.00,ca_sco_districts
CA-58005,2024,Services and Supplies_General,2475647.00,ca_sco_districts
CA-58010,2021,Fire_Current Expenditures,2469367.00,ca_sco_cities
CA-58010,2022,Fire_Current Expenditures,2239293.00,ca_sco_cities
CA-58010,2023,Fire_Current Expenditures,2258483.00,ca_sco_cities
CA-58010,2024,Fire_Current Expenditures,2364985.00,ca_sco_cities
CA-58020,2021,Salaries and Wages_General,194053.00,ca_sco_districts
CA-58020,2021,Services and Supplies_General,81642.00,ca_sco_districts
CA-58020,2022,Capital Outlay_General,198470.00,ca_sco_districts
CA-58020,2022,Salaries and Wages_General,341760.00,ca_sco_districts
CA-58020,2022,Services and Supplies_General,196981.00,ca_sco_districts
CA-58020,2023,Capital Outlay_General,140386.00,ca_sco_districts
CA-58020,2023,Salaries and Wages_General,383565.00,ca_sco_districts
CA-58020,2023,Services and Supplies_General,418592.00,ca_sco_districts
CA-58020,2024,Capital Outlay_General,99019.00,ca_sco_districts
CA-58020,2024,Salaries and Wages_General,229610.00,ca_sco_districts
CA-58020,2024,Services and Supplies_General,257434.00,ca_sco_districts
CA-S-albion-little-river-fire-protection,2021,Capital Outlay_General,170578.00,ca_sco_districts
CA-S-albion-little-river-fire-protection,2021,Contributions to Outside Agencies_General,2421.00,ca_sco_districts
CA-S-albion-little-river-fire-protection,2021,Employee Benefits_General,6815.00,ca_sco_districts
CA-S-albion-little-river-fire-protection,2021,Other Expenditures_General,79854.00,ca_sco_districts
CA-S-albion-little-river-fire-protection,2021,Salaries and Wages_General,38412.00,ca_sco_districts
CA-S-albion-little-river-fire-protection,2021,Services and Supplies_General,139219.00,ca_sco_districts
CA-S-albion-little-river-fire-protection,2022,Capital Outlay_General,66608.00,ca_sco_districts
CA-S-albion-little-river-fire-protection,2022,Contributions to Outside Agencies_General,1872.00,ca_sco_districts
CA-S-albion-little-river-fire-protection,2022,Debt Service / Other Debt Service_General,19094.00,ca_sco_districts
CA-S-albion-little-river-fire-protection,2022,Employee Benefits_General,6887.00,ca_sco_districts
CA-S-albion-little-river-fire-protection,2022,Other Expenditures_General,99583.00,ca_sco_districts
CA-S-albion-little-river-fire-protection,2022,Salaries and Wages_General,42633.00,ca_sco_districts
CA-S-albion-little-river-fire-protection,2022,Services and Supplies_General,135850.00,ca_sco_districts
CA-S-albion-little-river-fire-protection,2023,Contributions to Outside Agencies_General,7236.00,ca_sco_districts
CA-S-albion-little-river-fire-protection,2023,Employee Benefits_General,13811.00,ca_sco_districts
CA-S-albion-little-river-fire-protection,2023,Other Expenditures_General,66971.00,ca_sco_districts
CA-S-albion-little-river-fire-protection,2023,Salaries and Wages_General,97421.00,ca_sco_districts
CA-S-albion-little-river-fire-protection,2023,Services and Supplies_General,178298.00,ca_sco_districts
CA-S-albion-little-river-fire-protection,2024,Capital Outlay_General,392202.00,ca_sco_districts
CA-S-albion-little-river-fire-protection,2024,Contributions to Outside Agencies_General,2064.00,ca_sco_districts
CA-S-albion-little-river-fire-protection,2024,"Debt Service / Lease Financing, Principal and Interest Payments_General",93041.00,ca_sco_districts
CA-S-albion-little-river-fire-protection,2024,Employee Benefits_General,31370.00,ca_sco_districts
CA-S-albion-little-river-fire-protection,2024,Salaries and Wages_General,113532.00,ca_sco_districts
CA-S-albion-little-river-fire-protection,2024,Services and Supplies_General,305971.00,ca_sco_districts
CA-S-bayliss-fire-protection-district,2021,Employee Benefits_Special Revenue,4317.00,ca_sco_districts
CA-S-bayliss-fire-protection-district,2021,Services and Supplies_Special Revenue,14003.00,ca_sco_districts
CA-S-bayliss-fire-protection-district,2022,Employee Benefits_Special Revenue,4277.00,ca_sco_districts
CA-S-bayliss-fire-protection-district,2022,Services and Supplies_Special Revenue,27187.00,ca_sco_districts
CA-S-bayliss-fire-protection-district,2023,Employee Benefits_Special Revenue,4564.00,ca_sco_districts
CA-S-bayliss-fire-protection-district,2023,Services and Supplies_Special Revenue,22683.00,ca_sco_districts
CA-S-bayliss-fire-protection-district,2024,Capital Outlay_Special Revenue,20000.00,ca_sco_districts
CA-S-bayliss-fire-protection-district,2024,Employee Benefits_Special Revenue,4577.00,ca_sco_districts
CA-S-bayliss-fire-protection-district,2024,Services and Supplies_Special Revenue,25200.00,ca_sco_districts
CA-S-belmont-fire-protection-district,2021,Employee Benefits_Special Revenue,154316.00,ca_sco_districts
CA-S-belmont-fire-protection-district,2021,Services and Supplies_Special Revenue,10863674.00,ca_sco_districts
CA-S-belmont-fire-protection-district,2022,Capital Outlay_Special Revenue,41113.00,ca_sco_districts
CA-S-belmont-fire-protection-district,2022,Employee Benefits_Special Revenue,153871.00,ca_sco_districts
CA-S-belmont-fire-protection-district,2022,Services and Supplies_Special Revenue,11442509.00,ca_sco_districts
CA-S-belmont-fire-protection-district,2023,Employee Benefits_Special Revenue,183419.00,ca_sco_districts
CA-S-belmont-fire-protection-district,2023,Services and Supplies_Special Revenue,12026308.00,ca_sco_districts
CA-S-belmont-fire-protection-district,2024,Employee Benefits_Special Revenue,89717.00,ca_sco_districts
CA-S-belmont-fire-protection-district,2024,Services and Supplies_Special Revenue,12609361.00,ca_sco_districts
CA-S-belmont-san-carlos-fire-department,2021,Employee Benefits_General,3520033.00,ca_sco_districts
CA-S-belmont-san-carlos-fire-department,2021,Services and Supplies_General,81088.00,ca_sco_districts
CA-S-belmont-san-carlos-fire-department,2022,Employee Benefits_General,3569173.00,ca_sco_districts
CA-S-belmont-san-carlos-fire-department,2022,Other Expenditures_General,5571.00,ca_sco_districts
CA-S-belmont-san-carlos-fire-department,2022,Services and Supplies_General,86480.00,ca_sco_districts
CA-S-belmont-san-carlos-fire-department,2023,Employee Benefits_General,3834658.00,ca_sco_districts
CA-S-belmont-san-carlos-fire-department,2023,Other Expenditures_General,5018.00,ca_sco_districts
CA-S-belmont-san-carlos-fire-department,2023,Services and Supplies_General,78450.00,ca_sco_districts
CA-S-belmont-san-carlos-fire-department,2024,Employee Benefits_General,2679660.00,ca_sco_districts
CA-S-belmont-san-carlos-fire-department,2024,Other Expenditures_General,3706.00,ca_sco_districts
CA-S-belmont-san-carlos-fire-department,2024,Services and Supplies_General,86267.00,ca_sco_districts
CA-S-big-bear-lake-fire-protection-district,2021,Other Expenditures_General,5868067.00,ca_sco_districts
CA-S-big-bear-lake-fire-protection-district,2022,Other Expenditures_General,6632938.00,ca_sco_districts
CA-S-big-bear-lake-fire-protection-district,2023,Services and Supplies_General,6891163.00,ca_sco_districts
CA-S-big-bear-lake-fire-protection-district,2024,Services and Supplies_General,7561217.00,ca_sco_districts
CA-S-bishop-fire-protection-district,2021,Capital Outlay_General,13062.00,ca_sco_districts
CA-S-bishop-fire-protection-district,2021,Employee Benefits_General,129087.00,ca_sco_districts
CA-S-bishop-fire-protection-district,2021,Salaries and Wages_General,161567.00,ca_sco_districts
CA-S-bishop-fire-protection-district,2021,Services and Supplies_General,203863.00,ca_sco_districts
CA-S-bishop-fire-protection-district,2022,Employee Benefits_General,83286.00,ca_sco_districts
CA-S-bishop-fire-protection-district,2022,Salaries and Wages_General,238206.00,ca_sco_districts
CA-S-bishop-fire-protection-district,2022,Services and Supplies_General,205979.00,ca_sco_districts
CA-S-bishop-fire-protection-district,2023,Capital Outlay_General,286718.00,ca_sco_districts
CA-S-bishop-fire-protection-district,2023,Employee Benefits_General,125490.00,ca_sco_districts
CA-S-bishop-fire-protection-district,2023,Salaries and Wages_General,246514.00,ca_sco_districts
CA-S-bishop-fire-protection-district,2023,Services and Supplies_General,224700.00,ca_sco_districts
CA-S-bishop-fire-protection-district,2024,Capital Outlay_General,176731.00,ca_sco_districts
CA-S-bishop-fire-protection-district,2024,Employee Benefits_General,118453.00,ca_sco_districts
CA-S-bishop-fire-protection-district,2024,Salaries and Wages_General,150696.00,ca_sco_districts
CA-S-bishop-fire-protection-district,2024,Services and Supplies_General,232198.00,ca_sco_districts
CA-S-boggs-tract-fire-protection-district,2021,Services and Supplies_Special Revenue,45280.00,ca_sco_districts
CA-S-boggs-tract-fire-protection-district,2022,Services and Supplies_Special Revenue,56755.00,ca_sco_districts
CA-S-boggs-tract-fire-protection-district,2023,Services and Supplies_Special Revenue,58776.00,ca_sco_districts
CA-S-boggs-tract-fire-protection-district,2024,Services and Supplies_Special Revenue,59947.00,ca_sco_districts
CA-S-briceland-fire-protection-district,2021,Services and Supplies_General,24822.00,ca_sco_districts
CA-S-briceland-fire-protection-district,2022,Services and Supplies_General,59578.00,ca_sco_districts
CA-S-briceland-fire-protection-district,2023,Services and Supplies_General,40342.00,ca_sco_districts
CA-S-briceland-fire-protection-district,2024,Services and Supplies_General,41305.00,ca_sco_districts
CA-S-buckeye-fire-protection-district,2022,Contributions to Outside Agencies_General,55000.00,ca_sco_districts
CA-S-buckeye-fire-protection-district,2022,Services and Supplies_General,6186.00,ca_sco_districts
CA-S-buckeye-fire-protection-district,2023,Contributions to Outside Agencies_General,99087.00,ca_sco_districts
CA-S-buckeye-fire-protection-district,2023,Services and Supplies_General,16633.00,ca_sco_districts
CA-S-buckeye-fire-protection-district,2024,Contributions to Outside Agencies_General,85000.00,ca_sco_districts
CA-S-buckeye-fire-protection-district,2024,Services and Supplies_General,16793.00,ca_sco_districts
CA-S-capay-fire-protection-district,2021,Services and Supplies_General,201634.00,ca_sco_districts
CA-S-capay-fire-protection-district,2022,Services and Supplies_General,66443.00,ca_sco_districts
CA-S-capay-fire-protection-district,2023,Services and Supplies_General,114619.00,ca_sco_districts
CA-S-capay-fire-protection-district,2024,Services and Supplies_General,66488.00,ca_sco_districts
CA-S-central-marin-fire-authority,2021,Capital Outlay_Special Revenue,70106.00,ca_sco_districts
CA-S-central-marin-fire-authority,2021,Employee Benefits_General,1643276.00,ca_sco_districts
CA-S-central-marin-fire-authority,2021,Employee Benefits_Special Revenue,30172.00,ca_sco_districts
CA-S-central-marin-fire-authority,2021,Salaries and Wages_General,7529054.00,ca_sco_districts
CA-S-central-marin-fire-authority,2021,Salaries and Wages_Special Revenue,150669.00,ca_sco_districts
CA-S-central-marin-fire-authority,2021,Services and Supplies_General,1259660.00,ca_sco_districts
CA-S-central-marin-fire-authority,2021,Services and Supplies_Special Revenue,1128511.00,ca_sco_districts
CA-S-central-marin-fire-authority,2022,Capital Outlay_General,57944.00,ca_sco_districts
CA-S-central-marin-fire-authority,2022,Capital Outlay_Special Revenue,63024.00,ca_sco_districts
CA-S-central-marin-fire-authority,2022,Debt Service / Interest Payments on Long-Term Debt_General,17701.00,ca_sco_districts
CA-S-central-marin-fire-authority,2022,Debt Service / Principal Payments on Long-Term Debt_General,135613.00,ca_sco_districts
CA-S-central-marin-fire-authority,2022,Employee Benefits_General,1879587.00,ca_sco_districts
CA-S-central-marin-fire-authority,2022,Employee Benefits_Special Revenue,34342.00,ca_sco_districts
CA-S-central-marin-fire-authority,2022,Salaries and Wages_General,7933833.00,ca_sco_districts
CA-S-central-marin-fire-authority,2022,Salaries and Wages_Special Revenue,153114.00,ca_sco_districts
CA-S-central-marin-fire-authority,2022,Self-Insurance Only – Claims Paid_General,567919.00,ca_sco_districts
CA-S-central-marin-fire-authority,2022,Services and Supplies_General,1379373.00,ca_sco_districts
CA-S-central-marin-fire-authority,2022,Services and Supplies_Special Revenue,1066268.00,ca_sco_districts
CA-S-central-marin-fire-authority,2023,Debt Service / Interest Payments on Long-Term Debt_General,14332.00,ca_sco_districts
CA-S-central-marin-fire-authority,2023,Debt Service / Other Principal Payments on Long-Term Debt_General,138982.00,ca_sco_districts
CA-S-central-marin-fire-authority,2023,Employee Benefits_General,2047418.00,ca_sco_districts
CA-S-central-marin-fire-authority,2023,Employee Benefits_Special Revenue,38236.00,ca_sco_districts
CA-S-central-marin-fire-authority,2023,Other Expenditures_General,551734.00,ca_sco_districts
CA-S-central-marin-fire-authority,2023,Salaries and Wages_General,7591940.00,ca_sco_districts
CA-S-central-marin-fire-authority,2023,Salaries and Wages_Special Revenue,161729.00,ca_sco_districts
CA-S-central-marin-fire-authority,2023,Services and Supplies_General,1494977.00,ca_sco_districts
CA-S-central-marin-fire-authority,2023,Services and Supplies_Special Revenue,965946.00,ca_sco_districts
CA-S-central-marin-fire-authority,2024,Capital Outlay_General,67908.00,ca_sco_districts
CA-S-central-marin-fire-authority,2024,Debt Service / Interest Payments on Long-Term Debt_General,10880.00,ca_sco_districts
CA-S-central-marin-fire-authority,2024,Debt Service / Other Principal Payments on Long-Term Debt_General,142434.00,ca_sco_districts
CA-S-central-marin-fire-authority,2024,Employee Benefits_General,2185150.00,ca_sco_districts
CA-S-central-marin-fire-authority,2024,Employee Benefits_Special Revenue,47539.00,ca_sco_districts
CA-S-central-marin-fire-authority,2024,Salaries and Wages_General,7422916.00,ca_sco_districts
CA-S-central-marin-fire-authority,2024,Salaries and Wages_Special Revenue,194738.00,ca_sco_districts
CA-S-central-marin-fire-authority,2024,Services and Supplies_General,2406564.00,ca_sco_districts
CA-S-central-marin-fire-authority,2024,Services and Supplies_Special Revenue,800711.00,ca_sco_districts
CA-S-ceres-fire-protection-district,2021,Services and Supplies_General,88967.00,ca_sco_districts
CA-S-ceres-fire-protection-district,2022,Services and Supplies_General,87759.00,ca_sco_districts
CA-S-ceres-fire-protection-district,2023,Services and Supplies_General,89706.00,ca_sco_districts
CA-S-ceres-fire-protection-district,2024,Services and Supplies_General,95184.00,ca_sco_districts
CA-S-coastside-fire-protection-district,2021,Capital Outlay_General,747169.00,ca_sco_districts
CA-S-coastside-fire-protection-district,2021,Employee Benefits_General,1371550.00,ca_sco_districts
CA-S-coastside-fire-protection-district,2021,Salaries and Wages_General,13270.00,ca_sco_districts
CA-S-coastside-fire-protection-district,2021,Services and Supplies_General,9933138.00,ca_sco_districts
CA-S-coastside-fire-protection-district,2022,Capital Outlay_General,454032.00,ca_sco_districts
CA-S-coastside-fire-protection-district,2022,Employee Benefits_General,1416101.00,ca_sco_districts
CA-S-coastside-fire-protection-district,2022,Salaries and Wages_General,14740.00,ca_sco_districts
CA-S-coastside-fire-protection-district,2022,Services and Supplies_General,10841532.00,ca_sco_districts
CA-S-coastside-fire-protection-district,2023,Capital Outlay_General,40450.00,ca_sco_districts
CA-S-coastside-fire-protection-district,2023,Employee Benefits_General,1477375.00,ca_sco_districts
CA-S-coastside-fire-protection-district,2023,Salaries and Wages_General,14405.00,ca_sco_districts
CA-S-coastside-fire-protection-district,2023,Services and Supplies_General,10899196.00,ca_sco_districts
CA-S-coastside-fire-protection-district,2024,Employee Benefits_General,1625757.00,ca_sco_districts
CA-S-coastside-fire-protection-district,2024,Salaries and Wages_General,14367.00,ca_sco_districts
CA-S-coastside-fire-protection-district,2024,Services and Supplies_General,11580196.00,ca_sco_districts
CA-S-crescent-mills-fire-protection-district,2022,Employee Benefits_General,5816.00,ca_sco_districts
CA-S-crescent-mills-fire-protection-district,2022,Salaries and Wages_General,3300.00,ca_sco_districts
CA-S-crescent-mills-fire-protection-district,2022,Services and Supplies_General,25190.00,ca_sco_districts
CA-S-crescent-mills-fire-protection-district,2023,Employee Benefits_General,6021.00,ca_sco_districts
CA-S-crescent-mills-fire-protection-district,2023,Salaries and Wages_General,22500.00,ca_sco_districts
CA-S-crescent-mills-fire-protection-district,2023,Services and Supplies_General,20407.00,ca_sco_districts
CA-S-crescent-mills-fire-protection-district,2024,Employee Benefits_General,65.00,ca_sco_districts
CA-S-crescent-mills-fire-protection-district,2024,Salaries and Wages_General,4500.00,ca_sco_districts
CA-S-crescent-mills-fire-protection-district,2024,Services and Supplies_General,27384.00,ca_sco_districts
CA-S-dixon-fire-protection-district,2021,Capital Outlay_General,6170.00,ca_sco_districts
CA-S-dixon-fire-protection-district,2021,Services and Supplies_General,730988.00,ca_sco_districts
CA-S-dixon-fire-protection-district,2022,Capital Outlay_General,612946.00,ca_sco_districts
CA-S-dixon-fire-protection-district,2022,Services and Supplies_General,748491.00,ca_sco_districts
CA-S-dixon-fire-protection-district,2023,Capital Outlay_General,47083.00,ca_sco_districts
CA-S-dixon-fire-protection-district,2023,Services and Supplies_General,827294.00,ca_sco_districts
CA-S-dixon-fire-protection-district,2024,Capital Outlay_General,97883.00,ca_sco_districts
CA-S-dixon-fire-protection-district,2024,Services and Supplies_General,795244.00,ca_sco_districts
CA-S-dunsmuir-fire-protection-district,2021,Debt Service / Interest Payments on Long-Term Debt_General,5908.00,ca_sco_districts
CA-S-dunsmuir-fire-protection-district,2021,Debt Service / Principal Payments on Long-Term Debt_General,18423.00,ca_sco_districts
CA-S-dunsmuir-fire-protection-district,2021,Employee Benefits_General,6908.00,ca_sco_districts
CA-S-dunsmuir-fire-protection-district,2021,Salaries and Wages_General,24032.00,ca_sco_districts
CA-S-dunsmuir-fire-protection-district,2021,Services and Supplies_General,27886.00,ca_sco_districts
CA-S-dunsmuir-fire-protection-district,2022,Debt Service / Interest Payments on Long-Term Debt_General,4853.00,ca_sco_districts
CA-S-dunsmuir-fire-protection-district,2022,Debt Service / Principal Payments on Long-Term Debt_General,19477.00,ca_sco_districts
CA-S-dunsmuir-fire-protection-district,2022,Employee Benefits_General,7885.00,ca_sco_districts
CA-S-dunsmuir-fire-protection-district,2022,Salaries and Wages_General,30613.00,ca_sco_districts
CA-S-dunsmuir-fire-protection-district,2022,Services and Supplies_General,28806.00,ca_sco_districts
CA-S-dunsmuir-fire-protection-district,2023,Debt Service / Interest Payments on Long-Term Debt_General,3739.00,ca_sco_districts
CA-S-dunsmuir-fire-protection-district,2023,Debt Service / Other Principal Payments on Long-Term Debt_General,20591.00,ca_sco_districts
CA-S-dunsmuir-fire-protection-district,2023,Employee Benefits_General,3411.00,ca_sco_districts
CA-S-dunsmuir-fire-protection-district,2023,Salaries and Wages_General,26629.00,ca_sco_districts
CA-S-dunsmuir-fire-protection-district,2023,Services and Supplies_General,42829.00,ca_sco_districts
CA-S-dunsmuir-fire-protection-district,2024,Debt Service / Interest Payments on Long-Term Debt_General,2562.00,ca_sco_districts
CA-S-dunsmuir-fire-protection-district,2024,Debt Service / Other Principal Payments on Long-Term Debt_General,21769.00,ca_sco_districts
CA-S-dunsmuir-fire-protection-district,2024,Employee Benefits_General,5988.00,ca_sco_districts
CA-S-dunsmuir-fire-protection-district,2024,Salaries and Wages_General,27404.00,ca_sco_districts
CA-S-dunsmuir-fire-protection-district,2024,Services and Supplies_General,53286.00,ca_sco_districts
CA-S-eagleville-fire-protection-district,2021,Employee Benefits_General,3290.00,ca_sco_districts
CA-S-eagleville-fire-protection-district,2021,Services and Supplies_General,7099.00,ca_sco_districts
CA-S-eagleville-fire-protection-district,2022,Services and Supplies_General,13909.00,ca_sco_districts
CA-S-eagleville-fire-protection-district,2023,Services and Supplies_General,13797.00,ca_sco_districts
CA-S-eagleville-fire-protection-district,2024,Services and Supplies_General,10147.00,ca_sco_districts
CA-S-east-davis-fire-protection-district,2021,Services and Supplies_General,898614.00,ca_sco_districts
CA-S-east-davis-fire-protection-district,2022,Services and Supplies_General,820409.00,ca_sco_districts
CA-S-east-davis-fire-protection-district,2023,Services and Supplies_General,874552.00,ca_sco_districts
CA-S-east-davis-fire-protection-district,2024,Services and Supplies_General,1716.00,ca_sco_districts
CA-S-east-vallejo-fire-protection-district,2021,Other Expenditures_General,4628.00,ca_sco_districts
CA-S-east-vallejo-fire-protection-district,2021,Services and Supplies_General,655806.00,ca_sco_districts
CA-S-east-vallejo-fire-protection-district,2022,Services and Supplies_General,699385.00,ca_sco_districts
CA-S-east-vallejo-fire-protection-district,2023,Other Expenditures_General,1992.00,ca_sco_districts
CA-S-east-vallejo-fire-protection-district,2023,Services and Supplies_General,757859.00,ca_sco_districts
CA-S-east-vallejo-fire-protection-district,2024,Other Expenditures_General,1568.00,ca_sco_districts
CA-S-east-vallejo-fire-protection-district,2024,Services and Supplies_General,763921.00,ca_sco_districts
CA-S-eastside-fire-protection-district,2021,Capital Outlay_General,26453.00,ca_sco_districts
CA-S-eastside-fire-protection-district,2021,Services and Supplies_General,2018782.00,ca_sco_districts
CA-S-eastside-fire-protection-district,2022,Capital Outlay_General,13558.00,ca_sco_districts
CA-S-eastside-fire-protection-district,2022,Services and Supplies_General,2301750.00,ca_sco_districts
CA-S-eastside-fire-protection-district,2023,Capital Outlay_General,8203.00,ca_sco_districts
CA-S-eastside-fire-protection-district,2023,Services and Supplies_General,2373011.00,ca_sco_districts
CA-S-eastside-fire-protection-district,2024,Capital Outlay_General,64897.00,ca_sco_districts
CA-S-eastside-fire-protection-district,2024,Services and Supplies_General,2983114.00,ca_sco_districts
CA-S-fairview-fire-protection-district,2021,Capital Outlay_General,220347.00,ca_sco_districts
CA-S-fairview-fire-protection-district,2021,Employee Benefits_General,2500.00,ca_sco_districts
CA-S-fairview-fire-protection-district,2021,Other Expenditures_General,2859.00,ca_sco_districts
CA-S-fairview-fire-protection-district,2021,Salaries and Wages_General,42378.00,ca_sco_districts
CA-S-fairview-fire-protection-district,2021,Services and Supplies_General,3383120.00,ca_sco_districts
CA-S-fairview-fire-protection-district,2022,Capital Outlay_General,112940.00,ca_sco_districts
CA-S-fairview-fire-protection-district,2022,Employee Benefits_General,2500.00,ca_sco_districts
CA-S-fairview-fire-protection-district,2022,Other Expenditures_General,2860.00,ca_sco_districts
CA-S-fairview-fire-protection-district,2022,Salaries and Wages_General,40986.00,ca_sco_districts
CA-S-fairview-fire-protection-district,2022,Services and Supplies_General,3474101.00,ca_sco_districts
CA-S-fairview-fire-protection-district,2023,Capital Outlay_General,94515.00,ca_sco_districts
CA-S-fairview-fire-protection-district,2023,Employee Benefits_General,3203.00,ca_sco_districts
CA-S-fairview-fire-protection-district,2023,Other Expenditures_General,3052.00,ca_sco_districts
CA-S-fairview-fire-protection-district,2023,Salaries and Wages_General,44400.00,ca_sco_districts
CA-S-fairview-fire-protection-district,2023,Services and Supplies_General,3695672.00,ca_sco_districts
CA-S-fairview-fire-protection-district,2024,Employee Benefits_General,3413.00,ca_sco_districts
CA-S-fairview-fire-protection-district,2024,Other Expenditures_General,3136.00,ca_sco_districts
CA-S-fairview-fire-protection-district,2024,Salaries and Wages_General,43996.00,ca_sco_districts
CA-S-fairview-fire-protection-district,2024,Services and Supplies_General,3778712.00,ca_sco_districts
CA-S-fall-river-valley-fire-protection-district,2023,Contributions to Outside Agencies_General,2811.00,ca_sco_districts
CA-S-fall-river-valley-fire-protection-district,2023,Salaries and Wages_General,92854.00,ca_sco_districts
CA-S-fall-river-valley-fire-protection-district,2023,Services and Supplies_General,105576.00,ca_sco_districts
CA-S-fall-river-valley-fire-protection-district,2024,Capital Outlay_General,150943.00,ca_sco_districts
CA-S-fall-river-valley-fire-protection-district,2024,Salaries and Wages_General,31746.00,ca_sco_districts
CA-S-fall-river-valley-fire-protection-district,2024,Services and Supplies_General,132223.00,ca_sco_districts
CA-S-fontana-fire-protection-district,2021,Capital Outlay_Capital Projects,2944084.00,ca_sco_districts
CA-S-fontana-fire-protection-district,2021,Contributions to Outside Agencies_Special Revenue,3867400.00,ca_sco_districts
CA-S-fontana-fire-protection-district,2021,Other Expenditures_Capital Projects,183400.00,ca_sco_districts
CA-S-fontana-fire-protection-district,2021,Services and Supplies_Special Revenue,33492344.00,ca_sco_districts
CA-S-fontana-fire-protection-district,2022,Capital Outlay_Capital Projects,3889584.00,ca_sco_districts
CA-S-fontana-fire-protection-district,2022,Contributions to Outside Agencies_Special Revenue,3687700.00,ca_sco_districts
CA-S-fontana-fire-protection-district,2022,Other Expenditures_Capital Projects,42900.00,ca_sco_districts
CA-S-fontana-fire-protection-district,2022,Services and Supplies_Special Revenue,40206768.00,ca_sco_districts
CA-S-fontana-fire-protection-district,2023,Capital Outlay_Capital Projects,5462615.00,ca_sco_districts
CA-S-fontana-fire-protection-district,2023,Contributions to Outside Agencies_Special Revenue,12230495.00,ca_sco_districts
CA-S-fontana-fire-protection-district,2023,Other Expenditures_Capital Projects,42900.00,ca_sco_districts
CA-S-fontana-fire-protection-district,2023,Services and Supplies_Special Revenue,43062313.00,ca_sco_districts
CA-S-fontana-fire-protection-district,2024,Capital Outlay_Capital Projects,9268560.00,ca_sco_districts
CA-S-fontana-fire-protection-district,2024,Contributions to Outside Agencies_Special Revenue,16919961.00,ca_sco_districts
CA-S-fontana-fire-protection-district,2024,Other Expenditures_Capital Projects,224150.00,ca_sco_districts
CA-S-fontana-fire-protection-district,2024,Services and Supplies_Special Revenue,46341850.00,ca_sco_districts
CA-S-fort-bidwell-fire-protection-district,2021,Services and Supplies_General,7145.00,ca_sco_districts
CA-S-fort-bidwell-fire-protection-district,2022,Services and Supplies_General,9485.00,ca_sco_districts
CA-S-fort-bidwell-fire-protection-district,2023,Employee Benefits_General,8416.00,ca_sco_districts
CA-S-fort-bidwell-fire-protection-district,2023,Services and Supplies_General,3090.00,ca_sco_districts
CA-S-fort-bidwell-fire-protection-district,2024,Employee Benefits_General,560.00,ca_sco_districts
CA-S-fort-bidwell-fire-protection-district,2024,Services and Supplies_General,15894.00,ca_sco_districts
CA-S-fort-bragg-rural-fire-protection-district,2021,Contributions to Outside Agencies_General,488438.00,ca_sco_districts
CA-S-fort-bragg-rural-fire-protection-district,2021,Services and Supplies_General,4922.00,ca_sco_districts
CA-S-fort-bragg-rural-fire-protection-district,2022,Contributions to Outside Agencies_General,424910.00,ca_sco_districts
CA-S-fort-bragg-rural-fire-protection-district,2022,Services and Supplies_General,6381.00,ca_sco_districts
CA-S-fort-bragg-rural-fire-protection-district,2023,Contributions to Outside Agencies_General,338721.00,ca_sco_districts
CA-S-fort-bragg-rural-fire-protection-district,2023,Services and Supplies_General,11185.00,ca_sco_districts
CA-S-fort-bragg-rural-fire-protection-district,2024,Capital Outlay_General,245965.00,ca_sco_districts
CA-S-fort-bragg-rural-fire-protection-district,2024,Contributions to Outside Agencies_General,453250.00,ca_sco_districts
CA-S-fort-bragg-rural-fire-protection-district,2024,Services and Supplies_General,14877.00,ca_sco_districts
CA-S-fruitland-ridge-fire-protection-district,2021,Services and Supplies_General,20717.00,ca_sco_districts
CA-S-fruitland-ridge-fire-protection-district,2022,Services and Supplies_General,53725.00,ca_sco_districts
CA-S-fruitland-ridge-fire-protection-district,2023,Contributions to Outside Agencies_General,14.00,ca_sco_districts
CA-S-fruitland-ridge-fire-protection-district,2023,Services and Supplies_General,86.00,ca_sco_districts
CA-S-fruitland-ridge-fire-protection-district,2024,Contributions to Outside Agencies_General,14.00,ca_sco_districts
CA-S-fruitland-ridge-fire-protection-district,2024,Services and Supplies_General,17113.00,ca_sco_districts
CA-S-glenn-colusa-fire-protection-district,2021,Employee Benefits_General,4622.00,ca_sco_districts
CA-S-glenn-colusa-fire-protection-district,2021,Services and Supplies_General,21393.00,ca_sco_districts
CA-S-glenn-colusa-fire-protection-district,2022,Employee Benefits_General,4593.00,ca_sco_districts
CA-S-glenn-colusa-fire-protection-district,2022,Services and Supplies_General,16152.00,ca_sco_districts
CA-S-glenn-colusa-fire-protection-district,2023,Employee Benefits_General,4899.00,ca_sco_districts
CA-S-glenn-colusa-fire-protection-district,2023,Services and Supplies_General,13678.00,ca_sco_districts
CA-S-glenn-colusa-fire-protection-district,2024,Salaries and Wages_General,4917.00,ca_sco_districts
CA-S-glenn-colusa-fire-protection-district,2024,Services and Supplies_General,11054.00,ca_sco_districts
CA-S-greenfield-fire-protection-district,2021,Services and Supplies_General,326394.00,ca_sco_districts
CA-S-greenfield-fire-protection-district,2022,Services and Supplies_General,333391.00,ca_sco_districts
CA-S-greenfield-fire-protection-district,2023,Services and Supplies_General,369353.00,ca_sco_districts
CA-S-greenfield-fire-protection-district,2024,Services and Supplies_General,372572.00,ca_sco_districts
CA-S-happy-camp-fire-protection-district,2021,Employee Benefits_General,4700.00,ca_sco_districts
CA-S-happy-camp-fire-protection-district,2021,Salaries and Wages_General,2386.00,ca_sco_districts
CA-S-happy-camp-fire-protection-district,2021,Services and Supplies_General,25391.00,ca_sco_districts
CA-S-happy-camp-fire-protection-district,2022,Capital Outlay_General,57233.00,ca_sco_districts
CA-S-happy-camp-fire-protection-district,2022,Salaries and Wages_General,9068.00,ca_sco_districts
CA-S-happy-camp-fire-protection-district,2022,Services and Supplies_General,65889.00,ca_sco_districts
CA-S-happy-camp-fire-protection-district,2023,Salaries and Wages_General,1341.00,ca_sco_districts
CA-S-happy-camp-fire-protection-district,2023,Services and Supplies_General,158186.00,ca_sco_districts
CA-S-happy-camp-fire-protection-district,2024,Employee Benefits_General,-488.00,ca_sco_districts
CA-S-happy-camp-fire-protection-district,2024,Salaries and Wages_General,1895.00,ca_sco_districts
CA-S-happy-camp-fire-protection-district,2024,Services and Supplies_General,68880.00,ca_sco_districts
CA-S-hesperia-fire-protection-district,2021,Employee Benefits_General,975994.00,ca_sco_districts
CA-S-hesperia-fire-protection-district,2022,Employee Benefits_General,1007746.00,ca_sco_districts
CA-S-hesperia-fire-protection-district,2023,Employee Benefits_General,1093205.00,ca_sco_districts
CA-S-hesperia-fire-protection-district,2024,Employee Benefits_General,937658.00,ca_sco_districts
CA-S-humboldt-fire-protection-district-no-1,2021,Capital Outlay_General,8596.00,ca_sco_districts
CA-S-humboldt-fire-protection-district-no-1,2021,Services and Supplies_General,3560084.00,ca_sco_districts
CA-S-humboldt-fire-protection-district-no-1,2022,Capital Outlay_General,84000.00,ca_sco_districts
CA-S-humboldt-fire-protection-district-no-1,2022,Other Expenditures_General,369571.00,ca_sco_districts
CA-S-humboldt-fire-protection-district-no-1,2022,Services and Supplies_General,3571791.00,ca_sco_districts
CA-S-humboldt-fire-protection-district-no-1,2023,Services and Supplies_General,4018138.00,ca_sco_districts
CA-S-humboldt-fire-protection-district-no-1,2024,Services and Supplies_General,4418072.00,ca_sco_districts
CA-S-janesville-fire-protection-district,2021,Capital Outlay_General,14360.00,ca_sco_districts
CA-S-janesville-fire-protection-district,2021,Debt Service / Interest Payments on Long-Term Debt_General,7356.00,ca_sco_districts
CA-S-janesville-fire-protection-district,2021,Debt Service / Principal Payments on Long-Term Debt_General,66037.00,ca_sco_districts
CA-S-janesville-fire-protection-district,2021,Employee Benefits_General,8967.00,ca_sco_districts
CA-S-janesville-fire-protection-district,2021,Salaries and Wages_General,99611.00,ca_sco_districts
CA-S-janesville-fire-protection-district,2021,Services and Supplies_General,113832.00,ca_sco_districts
CA-S-janesville-fire-protection-district,2022,Debt Service / Interest Payments on Long-Term Debt_General,2888.00,ca_sco_districts
CA-S-janesville-fire-protection-district,2022,Debt Service / Principal Payments on Long-Term Debt_General,74266.00,ca_sco_districts
CA-S-janesville-fire-protection-district,2022,Salaries and Wages_General,254092.00,ca_sco_districts
CA-S-janesville-fire-protection-district,2022,Services and Supplies_General,117979.00,ca_sco_districts
CA-S-janesville-fire-protection-district,2023,Capital Outlay_General,434305.00,ca_sco_districts
CA-S-janesville-fire-protection-district,2023,Salaries and Wages_General,95743.00,ca_sco_districts
CA-S-janesville-fire-protection-district,2023,Services and Supplies_General,142282.00,ca_sco_districts
CA-S-janesville-fire-protection-district,2024,Capital Outlay_General,238271.00,ca_sco_districts
CA-S-janesville-fire-protection-district,2024,Debt Service / Interest Payments on Long-Term Debt_General,11516.00,ca_sco_districts
CA-S-janesville-fire-protection-district,2024,Debt Service / Other Principal Payments on Long-Term Debt_General,20977.00,ca_sco_districts
CA-S-janesville-fire-protection-district,2024,Salaries and Wages_General,66537.00,ca_sco_districts
CA-S-janesville-fire-protection-district,2024,Services and Supplies_General,126020.00,ca_sco_districts
CA-S-kensington-fire-protection-district,2021,Capital Outlay_General,566845.00,ca_sco_districts
CA-S-kensington-fire-protection-district,2021,Contributions to Outside Agencies_Capital Projects,148.00,ca_sco_districts
CA-S-kensington-fire-protection-district,2021,Contributions to Outside Agencies_General,36041.00,ca_sco_districts
CA-S-kensington-fire-protection-district,2021,Contributions to Outside Agencies_Special Revenue,2207.00,ca_sco_districts
CA-S-kensington-fire-protection-district,2021,Employee Benefits_General,94079.00,ca_sco_districts
CA-S-kensington-fire-protection-district,2021,Other Expenditures_General,519214.00,ca_sco_districts
CA-S-kensington-fire-protection-district,2021,Salaries and Wages_General,154428.00,ca_sco_districts
CA-S-kensington-fire-protection-district,2021,Services and Supplies_General,3355454.00,ca_sco_districts
CA-S-kensington-fire-protection-district,2022,Capital Outlay_Capital Projects,514551.00,ca_sco_districts
CA-S-kensington-fire-protection-district,2022,Capital Outlay_General,70364.00,ca_sco_districts
CA-S-kensington-fire-protection-district,2022,Contributions to Outside Agencies_Capital Projects,32.00,ca_sco_districts
CA-S-kensington-fire-protection-district,2022,Contributions to Outside Agencies_General,53479.00,ca_sco_districts
CA-S-kensington-fire-protection-district,2022,Contributions to Outside Agencies_Special Revenue,2211.00,ca_sco_districts
CA-S-kensington-fire-protection-district,2022,Employee Benefits_General,45810.00,ca_sco_districts
CA-S-kensington-fire-protection-district,2022,Other Expenditures_General,243205.00,ca_sco_districts
CA-S-kensington-fire-protection-district,2022,Salaries and Wages_General,149118.00,ca_sco_districts
CA-S-kensington-fire-protection-district,2022,Services and Supplies_General,3697529.00,ca_sco_districts
CA-S-kensington-fire-protection-district,2023,Capital Outlay_Capital Projects,2587976.00,ca_sco_districts
CA-S-kensington-fire-protection-district,2023,Contributions to Outside Agencies_General,54045.00,ca_sco_districts
CA-S-kensington-fire-protection-district,2023,Contributions to Outside Agencies_Special Revenue,2209.00,ca_sco_districts
CA-S-kensington-fire-protection-district,2023,Employee Benefits_General,72239.00,ca_sco_districts
CA-S-kensington-fire-protection-district,2023,Other Expenditures_General,31105.00,ca_sco_districts
CA-S-kensington-fire-protection-district,2023,Salaries and Wages_General,159054.00,ca_sco_districts
CA-S-kensington-fire-protection-district,2023,Services and Supplies_General,4295411.00,ca_sco_districts
CA-S-kensington-fire-protection-district,2024,Capital Outlay_Capital Projects,5219108.00,ca_sco_districts
CA-S-kensington-fire-protection-district,2024,Capital Outlay_General,605564.00,ca_sco_districts
CA-S-kensington-fire-protection-district,2024,Debt Service / Interest Payments on Long-Term Debt_Capital Projects,87912.00,ca_sco_districts
CA-S-kensington-fire-protection-district,2024,Employee Benefits_General,-35278.00,ca_sco_districts
CA-S-kensington-fire-protection-district,2024,Salaries and Wages_General,222346.00,ca_sco_districts
CA-S-kensington-fire-protection-district,2024,Services and Supplies_General,4630751.00,ca_sco_districts
CA-S-kensington-fire-protection-district,2024,Services and Supplies_Special Revenue,2188.00,ca_sco_districts
CA-S-klamath-fire-protection-district-no-5,2021,Services and Supplies_General,40261.00,ca_sco_districts
CA-S-klamath-fire-protection-district-no-5,2022,Services and Supplies_General,49599.00,ca_sco_districts
CA-S-klamath-fire-protection-district-no-5,2023,Services and Supplies_General,4298.00,ca_sco_districts
CA-S-lake-city-fire-protection-district,2021,Services and Supplies_General,6889.00,ca_sco_districts
CA-S-lake-city-fire-protection-district,2022,Services and Supplies_General,9208.00,ca_sco_districts
CA-S-lake-city-fire-protection-district,2023,Services and Supplies_General,4226.00,ca_sco_districts
CA-S-lake-city-fire-protection-district,2024,Services and Supplies_General,7845.00,ca_sco_districts
CA-S-lincoln-fire-protection-district,2021,Services and Supplies_General,1545012.00,ca_sco_districts
CA-S-lincoln-fire-protection-district,2022,Services and Supplies_General,1560244.00,ca_sco_districts
CA-S-lincoln-fire-protection-district,2023,Services and Supplies_General,1721012.00,ca_sco_districts
CA-S-lincoln-fire-protection-district,2024,Services and Supplies_General,1729286.00,ca_sco_districts
CA-S-livermore-pleasanton-fire-department-joint-powers-authority,2021,Services and Supplies_General,43376534.00,ca_sco_districts
CA-S-livermore-pleasanton-fire-department-joint-powers-authority,2022,Services and Supplies_General,47316634.00,ca_sco_districts
CA-S-livermore-pleasanton-fire-department-joint-powers-authority,2023,Services and Supplies_General,49049067.00,ca_sco_districts
CA-S-livermore-pleasanton-fire-department-joint-powers-authority,2024,Services and Supplies_General,50039516.00,ca_sco_districts
CA-S-loleta-fire-protection-district,2021,Debt Service / Interest Payments on Long-Term Debt_General,4711.00,ca_sco_districts
CA-S-loleta-fire-protection-district,2021,Debt Service / Principal Payments on Long-Term Debt_General,63242.00,ca_sco_districts
CA-S-loleta-fire-protection-district,2021,Salaries and Wages_General,15521.00,ca_sco_districts
CA-S-loleta-fire-protection-district,2021,Services and Supplies_General,48848.00,ca_sco_districts
CA-S-loleta-fire-protection-district,2022,Debt Service / Interest Payments on Long-Term Debt_General,2658.00,ca_sco_districts
CA-S-loleta-fire-protection-district,2022,Debt Service / Principal Payments on Long-Term Debt_General,65295.00,ca_sco_districts
CA-S-loleta-fire-protection-district,2022,Salaries and Wages_General,11532.00,ca_sco_districts
CA-S-loleta-fire-protection-district,2022,Services and Supplies_General,95875.00,ca_sco_districts
CA-S-loleta-fire-protection-district,2023,Debt Service / Interest Payments on Long-Term Debt_General,538.00,ca_sco_districts
CA-S-loleta-fire-protection-district,2023,Debt Service / Other Principal Payments on Long-Term Debt_General,33439.00,ca_sco_districts
CA-S-loleta-fire-protection-district,2023,Salaries and Wages_General,15690.00,ca_sco_districts
CA-S-loleta-fire-protection-district,2023,Services and Supplies_General,32793.00,ca_sco_districts
CA-S-loleta-fire-protection-district,2024,Contributions to Outside Agencies_General,972.00,ca_sco_districts
CA-S-loleta-fire-protection-district,2024,"Debt Service / Lease Financing, Principal and Interest Payments_General",187.00,ca_sco_districts
CA-S-loleta-fire-protection-district,2024,Salaries and Wages_General,4190.00,ca_sco_districts
CA-S-loleta-fire-protection-district,2024,Services and Supplies_General,76398.00,ca_sco_districts
CA-S-lookout-fire-protection-district,2021,Services and Supplies_General,377866.00,ca_sco_districts
CA-S-lookout-fire-protection-district,2022,Services and Supplies_General,318081.00,ca_sco_districts
CA-S-lookout-fire-protection-district,2023,Employee Benefits_General,7213.00,ca_sco_districts
CA-S-lookout-fire-protection-district,2023,Services and Supplies_General,165891.00,ca_sco_districts
CA-S-lookout-fire-protection-district,2024,Employee Benefits_General,18699.00,ca_sco_districts
CA-S-lookout-fire-protection-district,2024,Services and Supplies_General,31797.00,ca_sco_districts
CA-S-los-altos-hills-county-fire-district,2021,Salaries and Wages_General,346022.00,ca_sco_districts
CA-S-los-altos-hills-county-fire-district,2021,Services and Supplies_General,8312160.00,ca_sco_districts
CA-S-los-altos-hills-county-fire-district,2022,Employee Benefits_General,43501.00,ca_sco_districts
CA-S-los-altos-hills-county-fire-district,2022,Salaries and Wages_General,596738.00,ca_sco_districts
CA-S-los-altos-hills-county-fire-district,2022,Services and Supplies_General,8905959.00,ca_sco_districts
CA-S-los-altos-hills-county-fire-district,2023,Capital Outlay_General,19453.00,ca_sco_districts
CA-S-los-altos-hills-county-fire-district,2023,Employee Benefits_General,64195.00,ca_sco_districts
CA-S-los-altos-hills-county-fire-district,2023,Salaries and Wages_General,869508.00,ca_sco_districts
CA-S-los-altos-hills-county-fire-district,2023,Services and Supplies_General,9341795.00,ca_sco_districts
CA-S-los-altos-hills-county-fire-district,2024,Capital Outlay_General,67697.00,ca_sco_districts
CA-S-los-altos-hills-county-fire-district,2024,Employee Benefits_General,100172.00,ca_sco_districts
CA-S-los-altos-hills-county-fire-district,2024,Salaries and Wages_General,1312742.00,ca_sco_districts
CA-S-los-altos-hills-county-fire-district,2024,Services and Supplies_General,10234175.00,ca_sco_districts
CA-S-lower-sweetwater-fire-protection-district,2021,Services and Supplies_General,594315.00,ca_sco_districts
CA-S-lower-sweetwater-fire-protection-district,2022,Services and Supplies_General,353364.00,ca_sco_districts
CA-S-lower-sweetwater-fire-protection-district,2023,Services and Supplies_General,604882.00,ca_sco_districts
CA-S-lower-sweetwater-fire-protection-district,2024,Services and Supplies_General,506281.00,ca_sco_districts
CA-S-meeks-bay-fire-protection-district,2021,Capital Outlay_General,34464.00,ca_sco_districts
CA-S-meeks-bay-fire-protection-district,2021,Employee Benefits_General,237880.00,ca_sco_districts
CA-S-meeks-bay-fire-protection-district,2021,Salaries and Wages_General,98806.00,ca_sco_districts
CA-S-meeks-bay-fire-protection-district,2021,Services and Supplies_General,1495591.00,ca_sco_districts
CA-S-meeks-bay-fire-protection-district,2022,Employee Benefits_General,279542.00,ca_sco_districts
CA-S-meeks-bay-fire-protection-district,2022,Salaries and Wages_General,37976.00,ca_sco_districts
CA-S-meeks-bay-fire-protection-district,2022,Services and Supplies_General,1672136.00,ca_sco_districts
CA-S-meeks-bay-fire-protection-district,2023,Capital Outlay_General,27324.00,ca_sco_districts
CA-S-meeks-bay-fire-protection-district,2023,Employee Benefits_General,265131.00,ca_sco_districts
CA-S-meeks-bay-fire-protection-district,2023,Salaries and Wages_General,4176.00,ca_sco_districts
CA-S-meeks-bay-fire-protection-district,2023,Services and Supplies_General,1805339.00,ca_sco_districts
CA-S-meeks-bay-fire-protection-district,2024,Capital Outlay_General,105589.00,ca_sco_districts
CA-S-meeks-bay-fire-protection-district,2024,Employee Benefits_General,248510.00,ca_sco_districts
CA-S-meeks-bay-fire-protection-district,2024,Salaries and Wages_General,3720.00,ca_sco_districts
CA-S-meeks-bay-fire-protection-district,2024,Services and Supplies_General,1937436.00,ca_sco_districts
CA-S-meridian-fire-protection-district,2021,Employee Benefits_General,63967.00,ca_sco_districts
CA-S-meridian-fire-protection-district,2021,Salaries and Wages_General,342323.00,ca_sco_districts
CA-S-meridian-fire-protection-district,2021,Services and Supplies_General,152512.00,ca_sco_districts
CA-S-meridian-fire-protection-district,2022,Employee Benefits_General,63631.00,ca_sco_districts
CA-S-meridian-fire-protection-district,2022,Salaries and Wages_General,390946.00,ca_sco_districts
CA-S-meridian-fire-protection-district,2022,Services and Supplies_General,148878.00,ca_sco_districts
CA-S-meridian-fire-protection-district,2023,Employee Benefits_General,68893.00,ca_sco_districts
CA-S-meridian-fire-protection-district,2023,Salaries and Wages_General,385829.00,ca_sco_districts
CA-S-meridian-fire-protection-district,2023,Services and Supplies_General,122423.00,ca_sco_districts
CA-S-meridian-fire-protection-district,2024,Employee Benefits_General,78592.00,ca_sco_districts
CA-S-meridian-fire-protection-district,2024,Salaries and Wages_General,256647.00,ca_sco_districts
CA-S-meridian-fire-protection-district,2024,Services and Supplies_General,124936.00,ca_sco_districts
CA-S-modesto-ceres-fire-protection-agency,2021,Contributions to Outside Agencies_General,632290.00,ca_sco_districts
CA-S-modesto-ceres-fire-protection-agency,2021,Services and Supplies_General,11463.00,ca_sco_districts
CA-S-modesto-ceres-fire-protection-agency,2022,Contributions to Outside Agencies_General,640928.00,ca_sco_districts
CA-S-modesto-ceres-fire-protection-agency,2022,Services and Supplies_General,12291.00,ca_sco_districts
CA-S-modesto-ceres-fire-protection-agency,2023,Contributions to Outside Agencies_General,674846.00,ca_sco_districts
CA-S-modesto-ceres-fire-protection-agency,2023,Services and Supplies_General,12194.00,ca_sco_districts
CA-S-modesto-ceres-fire-protection-agency,2024,Contributions to Outside Agencies_General,718095.00,ca_sco_districts
CA-S-modesto-ceres-fire-protection-agency,2024,Services and Supplies_General,11683.00,ca_sco_districts
CA-S-mono-city-fire-protection-district,2021,Services and Supplies_General,57176.00,ca_sco_districts
CA-S-mono-city-fire-protection-district,2022,Capital Outlay_General,23364.00,ca_sco_districts
CA-S-mono-city-fire-protection-district,2022,Services and Supplies_General,40867.00,ca_sco_districts
CA-S-mono-city-fire-protection-district,2023,Capital Outlay_General,16580.00,ca_sco_districts
CA-S-mono-city-fire-protection-district,2023,Services and Supplies_General,52197.00,ca_sco_districts
CA-S-mono-city-fire-protection-district,2024,Capital Outlay_General,25000.00,ca_sco_districts
CA-S-mono-city-fire-protection-district,2024,Services and Supplies_General,36653.00,ca_sco_districts
CA-S-montague-fire-protection-district,2021,Employee Benefits_General,7485.00,ca_sco_districts
CA-S-montague-fire-protection-district,2021,Services and Supplies_General,34373.00,ca_sco_districts
CA-S-montague-fire-protection-district,2022,Employee Benefits_General,9478.00,ca_sco_districts
CA-S-montague-fire-protection-district,2022,Services and Supplies_General,31746.00,ca_sco_districts
CA-S-montague-fire-protection-district,2023,Employee Benefits_General,16186.00,ca_sco_districts
CA-S-montague-fire-protection-district,2023,Services and Supplies_General,55071.00,ca_sco_districts
CA-S-montague-fire-protection-district,2024,Employee Benefits_General,7000.00,ca_sco_districts
CA-S-montague-fire-protection-district,2024,Other Expenditures_General,178281.00,ca_sco_districts
CA-S-montague-fire-protection-district,2024,Services and Supplies_General,32938.00,ca_sco_districts
CA-S-monte-rio-fire-protection-district,2021,Capital Outlay_General,70982.00,ca_sco_districts
CA-S-monte-rio-fire-protection-district,2021,Salaries and Wages_General,565528.00,ca_sco_districts
CA-S-monte-rio-fire-protection-district,2021,Services and Supplies_General,357864.00,ca_sco_districts
CA-S-monte-rio-fire-protection-district,2022,Capital Outlay_General,15000.00,ca_sco_districts
CA-S-monte-rio-fire-protection-district,2022,Employee Benefits_General,120240.00,ca_sco_districts
CA-S-monte-rio-fire-protection-district,2022,Salaries and Wages_General,735101.00,ca_sco_districts
CA-S-monte-rio-fire-protection-district,2022,Services and Supplies_General,453487.00,ca_sco_districts
CA-S-monte-rio-fire-protection-district,2023,Capital Outlay_General,306590.00,ca_sco_districts
CA-S-monte-rio-fire-protection-district,2023,Employee Benefits_General,157412.00,ca_sco_districts
CA-S-monte-rio-fire-protection-district,2023,Salaries and Wages_General,593720.00,ca_sco_districts
CA-S-monte-rio-fire-protection-district,2023,Services and Supplies_General,476391.00,ca_sco_districts
CA-S-monte-rio-fire-protection-district,2024,Capital Outlay_General,256715.00,ca_sco_districts
CA-S-monte-rio-fire-protection-district,2024,Employee Benefits_General,166113.00,ca_sco_districts
CA-S-monte-rio-fire-protection-district,2024,Salaries and Wages_General,544623.00,ca_sco_districts
CA-S-monte-rio-fire-protection-district,2024,Services and Supplies_General,462836.00,ca_sco_districts
CA-S-myers-fire-protection-district,2021,Contributions to Outside Agencies_General,16.00,ca_sco_districts
CA-S-myers-fire-protection-district,2021,Services and Supplies_General,9008.00,ca_sco_districts
CA-S-myers-fire-protection-district,2022,Contributions to Outside Agencies_General,16.00,ca_sco_districts
CA-S-myers-fire-protection-district,2022,Services and Supplies_General,13160.00,ca_sco_districts
CA-S-myers-fire-protection-district,2023,Services and Supplies_General,2529.00,ca_sco_districts
CA-S-myers-fire-protection-district,2024,Contributions to Outside Agencies_General,17.00,ca_sco_districts
CA-S-myers-fire-protection-district,2024,Salaries and Wages_General,1000.00,ca_sco_districts
CA-S-myers-fire-protection-district,2024,Services and Supplies_General,9094.00,ca_sco_districts
CA-S-natomas-fire-protection-district,2021,Services and Supplies_General,3354144.00,ca_sco_districts
CA-S-natomas-fire-protection-district,2022,Services and Supplies_General,3524007.00,ca_sco_districts
CA-S-natomas-fire-protection-district,2023,Services and Supplies_General,3762596.00,ca_sco_districts
CA-S-natomas-fire-protection-district,2024,Services and Supplies_General,4419783.00,ca_sco_districts
CA-S-nevada-county-fire-agency,2021,Other Expenditures_General,7500.00,ca_sco_districts
CA-S-nevada-county-fire-agency,2021,Services and Supplies_General,14650.00,ca_sco_districts
CA-S-nevada-county-fire-agency,2022,Other Expenditures_General,9962.00,ca_sco_districts
CA-S-nevada-county-fire-agency,2022,Services and Supplies_General,11460.00,ca_sco_districts
CA-S-nevada-county-fire-agency,2023,"Debt Service / Lease Financing, Principal and Interest Payments_General",7652.00,ca_sco_districts
CA-S-nevada-county-fire-agency,2023,Other Expenditures_General,15459.00,ca_sco_districts
CA-S-nevada-county-fire-agency,2023,Services and Supplies_General,2810.00,ca_sco_districts
CA-S-nevada-county-fire-agency,2024,Capital Outlay_General,1464.00,ca_sco_districts
CA-S-nevada-county-fire-agency,2024,"Debt Service / Lease Financing, Principal and Interest Payments_General",7927.00,ca_sco_districts
CA-S-nevada-county-fire-agency,2024,Services and Supplies_General,25754.00,ca_sco_districts
CA-S-no-mans-land-fire-protection-district,2021,Services and Supplies_General,39236.00,ca_sco_districts
CA-S-no-mans-land-fire-protection-district,2022,Services and Supplies_General,41029.00,ca_sco_districts
CA-S-no-mans-land-fire-protection-district,2023,Services and Supplies_General,43171.00,ca_sco_districts
CA-S-no-mans-land-fire-protection-district,2024,Services and Supplies_General,382.00,ca_sco_districts
CA-S-north-sonoma-coast-fire-protection-district,2021,Capital Outlay_General,177856.00,ca_sco_districts
CA-S-north-sonoma-coast-fire-protection-district,2021,Debt Service / Interest Payments on Long-Term Debt_General,13452.00,ca_sco_districts
CA-S-north-sonoma-coast-fire-protection-district,2021,Debt Service / Principal Payments on Long-Term Debt_General,55847.00,ca_sco_districts
CA-S-north-sonoma-coast-fire-protection-district,2021,Services and Supplies_General,1094380.00,ca_sco_districts
CA-S-north-sonoma-coast-fire-protection-district,2022,Capital Outlay_General,7387.00,ca_sco_districts
CA-S-north-sonoma-coast-fire-protection-district,2022,Debt Service / Interest Payments on Long-Term Debt_General,11873.00,ca_sco_districts
CA-S-north-sonoma-coast-fire-protection-district,2022,Debt Service / Principal Payments on Long-Term Debt_General,237261.00,ca_sco_districts
CA-S-north-sonoma-coast-fire-protection-district,2022,Services and Supplies_General,1247993.00,ca_sco_districts
CA-S-north-sonoma-coast-fire-protection-district,2023,Capital Outlay_General,35013.00,ca_sco_districts
CA-S-north-sonoma-coast-fire-protection-district,2023,Debt Service / Interest Payments on Long-Term Debt_General,3950.00,ca_sco_districts
CA-S-north-sonoma-coast-fire-protection-district,2023,Debt Service / Other Principal Payments on Long-Term Debt_General,17508.00,ca_sco_districts
CA-S-north-sonoma-coast-fire-protection-district,2023,Services and Supplies_General,1468486.00,ca_sco_districts
CA-S-north-sonoma-coast-fire-protection-district,2024,Capital Outlay_General,421548.00,ca_sco_districts
CA-S-north-sonoma-coast-fire-protection-district,2024,Debt Service / Interest Payments on Long-Term Debt_General,1599.00,ca_sco_districts
CA-S-north-sonoma-coast-fire-protection-district,2024,Debt Service / Other Principal Payments on Long-Term Debt_General,17507.00,ca_sco_districts
CA-S-north-sonoma-coast-fire-protection-district,2024,Services and Supplies_General,1561215.00,ca_sco_districts
CA-S-oakdale-fire-protection-district,2021,Capital Outlay_Capital Projects,42448.00,ca_sco_districts
CA-S-oakdale-fire-protection-district,2021,Capital Outlay_Special Revenue,445540.00,ca_sco_districts
CA-S-oakdale-fire-protection-district,2021,Employee Benefits_General,79034.00,ca_sco_districts
CA-S-oakdale-fire-protection-district,2021,Services and Supplies_General,2158361.00,ca_sco_districts
CA-S-oakdale-fire-protection-district,2021,Services and Supplies_Special Revenue,138.00,ca_sco_districts
CA-S-oakdale-fire-protection-district,2022,Employee Benefits_General,82806.00,ca_sco_districts
CA-S-oakdale-fire-protection-district,2022,Services and Supplies_General,2269882.00,ca_sco_districts
CA-S-oakdale-fire-protection-district,2023,Capital Outlay_Capital Projects,52732.00,ca_sco_districts
CA-S-oakdale-fire-protection-district,2023,Employee Benefits_General,94052.00,ca_sco_districts
CA-S-oakdale-fire-protection-district,2023,Services and Supplies_General,2186750.00,ca_sco_districts
CA-S-oakdale-fire-protection-district,2024,Employee Benefits_General,38555.00,ca_sco_districts
CA-S-oakdale-fire-protection-district,2024,Services and Supplies_General,2250019.00,ca_sco_districts
CA-S-orland-fire-protection-district,2021,Capital Outlay_General,10000.00,ca_sco_districts
CA-S-orland-fire-protection-district,2021,Employee Benefits_General,3410.00,ca_sco_districts
CA-S-orland-fire-protection-district,2021,Salaries and Wages_General,173781.00,ca_sco_districts
CA-S-orland-fire-protection-district,2021,Services and Supplies_General,122100.00,ca_sco_districts
CA-S-orland-fire-protection-district,2022,Capital Outlay_General,152542.00,ca_sco_districts
CA-S-orland-fire-protection-district,2022,Employee Benefits_General,4201.00,ca_sco_districts
CA-S-orland-fire-protection-district,2022,Salaries and Wages_General,238281.00,ca_sco_districts
CA-S-orland-fire-protection-district,2022,Services and Supplies_General,180605.00,ca_sco_districts
CA-S-orland-fire-protection-district,2023,Capital Outlay_General,185.00,ca_sco_districts
CA-S-orland-fire-protection-district,2023,Employee Benefits_General,2862.00,ca_sco_districts
CA-S-orland-fire-protection-district,2023,Salaries and Wages_General,181084.00,ca_sco_districts
CA-S-orland-fire-protection-district,2023,Services and Supplies_General,292036.00,ca_sco_districts
CA-S-orland-fire-protection-district,2024,Employee Benefits_General,16251.00,ca_sco_districts
CA-S-orland-fire-protection-district,2024,Salaries and Wages_General,158732.00,ca_sco_districts
CA-S-orland-fire-protection-district,2024,Services and Supplies_General,170186.00,ca_sco_districts
CA-S-pacific-fruitridge-fire-protection-district,2021,Employee Benefits_General,42876.00,ca_sco_districts
CA-S-pacific-fruitridge-fire-protection-district,2021,Salaries and Wages_General,17696.00,ca_sco_districts
CA-S-pacific-fruitridge-fire-protection-district,2021,Services and Supplies_General,5029078.00,ca_sco_districts
CA-S-pacific-fruitridge-fire-protection-district,2022,Employee Benefits_General,49953.00,ca_sco_districts
CA-S-pacific-fruitridge-fire-protection-district,2022,Salaries and Wages_General,16740.00,ca_sco_districts
CA-S-pacific-fruitridge-fire-protection-district,2022,Services and Supplies_General,4392716.00,ca_sco_districts
CA-S-pacific-fruitridge-fire-protection-district,2023,Employee Benefits_General,28029.00,ca_sco_districts
CA-S-pacific-fruitridge-fire-protection-district,2023,Salaries and Wages_General,23610.00,ca_sco_districts
CA-S-pacific-fruitridge-fire-protection-district,2023,Services and Supplies_General,3805244.00,ca_sco_districts
CA-S-pacific-fruitridge-fire-protection-district,2024,Employee Benefits_General,29205.00,ca_sco_districts
CA-S-pacific-fruitridge-fire-protection-district,2024,Salaries and Wages_General,15600.00,ca_sco_districts
CA-S-pacific-fruitridge-fire-protection-district,2024,Services and Supplies_General,6542506.00,ca_sco_districts
CA-S-plumas-brophy-fire-protection-district,2021,Services and Supplies_General,150000.00,ca_sco_districts
CA-S-plumas-brophy-fire-protection-district,2022,Services and Supplies_General,225004.00,ca_sco_districts
CA-S-plumas-brophy-fire-protection-district,2023,Capital Outlay_General,223264.00,ca_sco_districts
CA-S-plumas-brophy-fire-protection-district,2023,Services and Supplies_General,150000.00,ca_sco_districts
CA-S-plumas-brophy-fire-protection-district,2024,Capital Outlay_General,500000.00,ca_sco_districts
CA-S-plumas-brophy-fire-protection-district,2024,Services and Supplies_General,235314.00,ca_sco_districts
CA-S-prattville-almanor-fire-protection-district,2021,Capital Outlay_General,26018.00,ca_sco_districts
CA-S-prattville-almanor-fire-protection-district,2021,Employee Benefits_General,2500.00,ca_sco_districts
CA-S-prattville-almanor-fire-protection-district,2021,Services and Supplies_General,32423.00,ca_sco_districts
CA-S-prattville-almanor-fire-protection-district,2022,Capital Outlay_General,15919.00,ca_sco_districts
CA-S-prattville-almanor-fire-protection-district,2022,Employee Benefits_General,625.00,ca_sco_districts
CA-S-prattville-almanor-fire-protection-district,2022,Services and Supplies_General,25737.00,ca_sco_districts
CA-S-prattville-almanor-fire-protection-district,2023,Capital Outlay_General,539.00,ca_sco_districts
CA-S-prattville-almanor-fire-protection-district,2023,Salaries and Wages_General,3125.00,ca_sco_districts
CA-S-prattville-almanor-fire-protection-district,2023,Services and Supplies_General,74189.00,ca_sco_districts
CA-S-prattville-almanor-fire-protection-district,2024,Capital Outlay_General,17235.00,ca_sco_districts
CA-S-prattville-almanor-fire-protection-district,2024,Salaries and Wages_General,2500.00,ca_sco_districts
CA-S-prattville-almanor-fire-protection-district,2024,Services and Supplies_General,29746.00,ca_sco_districts
CA-S-redwood-coast-fire-protection-district,2021,Capital Outlay_General,316347.00,ca_sco_districts
CA-S-redwood-coast-fire-protection-district,2021,Salaries and Wages_General,516964.00,ca_sco_districts
CA-S-redwood-coast-fire-protection-district,2021,Services and Supplies_General,316168.00,ca_sco_districts
CA-S-redwood-coast-fire-protection-district,2022,Salaries and Wages_General,395686.00,ca_sco_districts
CA-S-redwood-coast-fire-protection-district,2022,Services and Supplies_General,172914.00,ca_sco_districts
CA-S-redwood-coast-fire-protection-district,2023,Salaries and Wages_General,436569.00,ca_sco_districts
CA-S-redwood-coast-fire-protection-district,2023,Services and Supplies_General,202807.00,ca_sco_districts
CA-S-redwood-coast-fire-protection-district,2024,Capital Outlay_General,667945.00,ca_sco_districts
CA-S-redwood-coast-fire-protection-district,2024,Salaries and Wages_General,263603.00,ca_sco_districts
CA-S-redwood-coast-fire-protection-district,2024,Services and Supplies_General,122529.00,ca_sco_districts
CA-S-regional-fire-protection-authority,2021,Other Expenditures_General,149766.00,ca_sco_districts
CA-S-regional-fire-protection-authority,2021,Services and Supplies_General,149626.00,ca_sco_districts
CA-S-san-mateo-consolidated-fire-department,2021,Capital Outlay_General,85398.00,ca_sco_districts
CA-S-san-mateo-consolidated-fire-department,2021,Depreciation and Amortization Expenses_Internal Service Fund,40475.00,ca_sco_districts
CA-S-san-mateo-consolidated-fire-department,2021,Employee Benefits_General,10211980.00,ca_sco_districts
CA-S-san-mateo-consolidated-fire-department,2021,Employee Benefits_Special Revenue,1304725.00,ca_sco_districts
CA-S-san-mateo-consolidated-fire-department,2021,Materials and Supplies_Internal Service Fund,10254614.00,ca_sco_districts
CA-S-san-mateo-consolidated-fire-department,2021,Salaries and Wages_General,28592295.00,ca_sco_districts
CA-S-san-mateo-consolidated-fire-department,2021,Salaries and Wages_Special Revenue,1907910.00,ca_sco_districts
CA-S-san-mateo-consolidated-fire-department,2021,Services and Supplies_General,5183365.00,ca_sco_districts
CA-S-san-mateo-consolidated-fire-department,2021,Services and Supplies_Special Revenue,371465.00,ca_sco_districts
CA-S-san-mateo-consolidated-fire-department,2022,Debt Service / Interest Payments on Long-Term Debt_General,6458.00,ca_sco_districts
CA-S-san-mateo-consolidated-fire-department,2022,Debt Service / Principal Payments on Long-Term Debt_General,95206.00,ca_sco_districts
CA-S-san-mateo-consolidated-fire-department,2022,Depreciation and Amortization Expenses_Internal Service Fund,74501.00,ca_sco_districts
CA-S-san-mateo-consolidated-fire-department,2022,Employee Benefits_General,10686326.00,ca_sco_districts
CA-S-san-mateo-consolidated-fire-department,2022,Employee Benefits_Special Revenue,1024435.00,ca_sco_districts
CA-S-san-mateo-consolidated-fire-department,2022,Materials and Supplies_Internal Service Fund,3695814.00,ca_sco_districts
CA-S-san-mateo-consolidated-fire-department,2022,Other Expenditures_General,117957.00,ca_sco_districts
CA-S-san-mateo-consolidated-fire-department,2022,Personnel Services_Internal Service Fund,7032807.00,ca_sco_districts
CA-S-san-mateo-consolidated-fire-department,2022,Salaries and Wages_General,33104002.00,ca_sco_districts
CA-S-san-mateo-consolidated-fire-department,2022,Salaries and Wages_Special Revenue,1067623.00,ca_sco_districts
CA-S-san-mateo-consolidated-fire-department,2022,Services and Supplies_General,2275295.00,ca_sco_districts
CA-S-san-mateo-consolidated-fire-department,2022,Services and Supplies_Special Revenue,561982.00,ca_sco_districts
CA-S-san-mateo-consolidated-fire-department,2023,Capital Outlay_General,508185.00,ca_sco_districts
CA-S-san-mateo-consolidated-fire-department,2023,"Debt Service / Lease Financing, Principal and Interest Payments_General",231951.00,ca_sco_districts
CA-S-san-mateo-consolidated-fire-department,2023,"Debt Service / Lease Financing, Principal and Interest Payments_Special Revenue",24000.00,ca_sco_districts
CA-S-san-mateo-consolidated-fire-department,2023,Depreciation and Amortization Expenses_Internal Service Fund,275022.00,ca_sco_districts
CA-S-san-mateo-consolidated-fire-department,2023,Employee Benefits_General,11126939.00,ca_sco_districts
CA-S-san-mateo-consolidated-fire-department,2023,Employee Benefits_Special Revenue,427231.00,ca_sco_districts
CA-S-san-mateo-consolidated-fire-department,2023,Materials and Supplies_Internal Service Fund,3049480.00,ca_sco_districts
CA-S-san-mateo-consolidated-fire-department,2023,Personnel Services_Internal Service Fund,8572038.00,ca_sco_districts
CA-S-san-mateo-consolidated-fire-department,2023,Salaries and Wages_General,29739550.00,ca_sco_districts
CA-S-san-mateo-consolidated-fire-department,2023,Salaries and Wages_Special Revenue,1179769.00,ca_sco_districts
CA-S-san-mateo-consolidated-fire-department,2023,Services and Supplies_General,5421725.00,ca_sco_districts
CA-S-san-mateo-consolidated-fire-department,2023,Services and Supplies_Special Revenue,624426.00,ca_sco_districts
CA-S-san-mateo-consolidated-fire-department,2024,Capital Outlay_General,335030.00,ca_sco_districts
CA-S-san-mateo-consolidated-fire-department,2024,"Debt Service / Lease Financing, Principal and Interest Payments_General",194435.00,ca_sco_districts
CA-S-san-mateo-consolidated-fire-department,2024,"Debt Service / Lease Financing, Principal and Interest Payments_Special Revenue",38400.00,ca_sco_districts
CA-S-san-mateo-consolidated-fire-department,2024,Depreciation and Amortization Expenses_Internal Service Fund,307232.00,ca_sco_districts
CA-S-san-mateo-consolidated-fire-department,2024,Employee Benefits_General,11472192.00,ca_sco_districts
CA-S-san-mateo-consolidated-fire-department,2024,Employee Benefits_Special Revenue,427231.00,ca_sco_districts
CA-S-san-mateo-consolidated-fire-department,2024,Materials and Supplies_Internal Service Fund,3041190.00,ca_sco_districts
CA-S-san-mateo-consolidated-fire-department,2024,Other Expenditures_General,78137.00,ca_sco_districts
CA-S-san-mateo-consolidated-fire-department,2024,Other Expenditures_Special Revenue,210716.00,ca_sco_districts
CA-S-san-mateo-consolidated-fire-department,2024,Personnel Services_Internal Service Fund,11170745.00,ca_sco_districts
CA-S-san-mateo-consolidated-fire-department,2024,Salaries and Wages_General,31546909.00,ca_sco_districts
CA-S-san-mateo-consolidated-fire-department,2024,Salaries and Wages_Special Revenue,1483246.00,ca_sco_districts
CA-S-san-mateo-consolidated-fire-department,2024,Services and Supplies_General,5453036.00,ca_sco_districts
CA-S-san-mateo-consolidated-fire-department,2024,Services and Supplies_Special Revenue,1149285.00,ca_sco_districts
CA-S-sleepy-hollow-fire-protection-district,2021,Services and Supplies_General,1813729.00,ca_sco_districts
CA-S-sleepy-hollow-fire-protection-district,2022,Services and Supplies_General,1815913.00,ca_sco_districts
CA-S-sleepy-hollow-fire-protection-district,2023,"Debt Service / Lease Financing, Principal and Interest Payments_General",90000.00,ca_sco_districts
CA-S-sleepy-hollow-fire-protection-district,2023,Services and Supplies_General,1984997.00,ca_sco_districts
CA-S-sleepy-hollow-fire-protection-district,2024,"Debt Service / Lease Financing, Principal and Interest Payments_General",90000.00,ca_sco_districts
CA-S-sleepy-hollow-fire-protection-district,2024,Services and Supplies_General,2027980.00,ca_sco_districts
CA-S-sonoma-county-fire-district,2021,Capital Outlay_General,3278288.00,ca_sco_districts
CA-S-sonoma-county-fire-district,2021,Debt Service / Interest Payments on Long-Term Debt_General,22871.00,ca_sco_districts
CA-S-sonoma-county-fire-district,2021,Debt Service / Principal Payments on Long-Term Debt_General,180263.00,ca_sco_districts
CA-S-sonoma-county-fire-district,2021,Employee Benefits_General,5500922.00,ca_sco_districts
CA-S-sonoma-county-fire-district,2021,Other Expenditures_General,6926.00,ca_sco_districts
CA-S-sonoma-county-fire-district,2021,Salaries and Wages_General,12348047.00,ca_sco_districts
CA-S-sonoma-county-fire-district,2021,Services and Supplies_General,2459403.00,ca_sco_districts
CA-S-sonoma-county-fire-district,2022,Capital Outlay_General,2165111.00,ca_sco_districts
CA-S-sonoma-county-fire-district,2022,Debt Service / Interest Payments on Long-Term Debt_General,27300.00,ca_sco_districts
CA-S-sonoma-county-fire-district,2022,Debt Service / Principal Payments on Long-Term Debt_General,313334.00,ca_sco_districts
CA-S-sonoma-county-fire-district,2022,Employee Benefits_General,6637797.00,ca_sco_districts
CA-S-sonoma-county-fire-district,2022,Salaries and Wages_General,13416649.00,ca_sco_districts
CA-S-sonoma-county-fire-district,2022,Services and Supplies_General,3901999.00,ca_sco_districts
CA-S-sonoma-county-fire-district,2023,Capital Outlay_General,792585.00,ca_sco_districts
CA-S-sonoma-county-fire-district,2023,Debt Service / Interest Payments on Long-Term Debt_General,674011.00,ca_sco_districts
CA-S-sonoma-county-fire-district,2023,Debt Service / Other Principal Payments on Long-Term Debt_General,873025.00,ca_sco_districts
CA-S-sonoma-county-fire-district,2023,Employee Benefits_General,6778777.00,ca_sco_districts
CA-S-sonoma-county-fire-district,2023,Salaries and Wages_General,16192194.00,ca_sco_districts
CA-S-sonoma-county-fire-district,2023,Services and Supplies_General,7231500.00,ca_sco_districts
CA-S-sonoma-county-fire-district,2024,Capital Outlay_General,1661865.00,ca_sco_districts
CA-S-sonoma-county-fire-district,2024,Contractual Services_Other Enterprise Fund,13181750.00,ca_sco_districts
CA-S-sonoma-county-fire-district,2024,Debt Service / Interest Payments on Long-Term Debt_General,650301.00,ca_sco_districts
CA-S-sonoma-county-fire-district,2024,Debt Service / Other Principal Payments on Long-Term Debt_General,914924.00,ca_sco_districts
CA-S-sonoma-county-fire-district,2024,Employee Benefits_General,7756848.00,ca_sco_districts
CA-S-sonoma-county-fire-district,2024,General and Administrative Expenses_Other Enterprise Fund,928888.00,ca_sco_districts
CA-S-sonoma-county-fire-district,2024,Salaries and Wages_General,17314508.00,ca_sco_districts
CA-S-sonoma-county-fire-district,2024,Services and Supplies_General,5837894.00,ca_sco_districts
CA-S-south-lake-county-fire-protection-district,2021,Capital Outlay_General,721951.00,ca_sco_districts
CA-S-south-lake-county-fire-protection-district,2021,Employee Benefits_General,47052.00,ca_sco_districts
CA-S-south-lake-county-fire-protection-district,2021,Salaries and Wages_General,160222.00,ca_sco_districts
CA-S-south-lake-county-fire-protection-district,2021,Services and Supplies_General,3093256.00,ca_sco_districts
CA-S-south-lake-county-fire-protection-district,2022,Capital Outlay_General,267160.00,ca_sco_districts
CA-S-south-lake-county-fire-protection-district,2022,Employee Benefits_General,42981.00,ca_sco_districts
CA-S-south-lake-county-fire-protection-district,2022,Salaries and Wages_General,169683.00,ca_sco_districts
CA-S-south-lake-county-fire-protection-district,2022,Services and Supplies_General,3625591.00,ca_sco_districts
CA-S-south-lake-county-fire-protection-district,2023,Capital Outlay_General,163959.00,ca_sco_districts
CA-S-south-lake-county-fire-protection-district,2023,Employee Benefits_General,35446.00,ca_sco_districts
CA-S-south-lake-county-fire-protection-district,2023,Salaries and Wages_General,152189.00,ca_sco_districts
CA-S-south-lake-county-fire-protection-district,2023,Services and Supplies_General,4810740.00,ca_sco_districts
CA-S-south-lake-county-fire-protection-district,2024,Capital Outlay_General,627678.00,ca_sco_districts
CA-S-south-lake-county-fire-protection-district,2024,Employee Benefits_General,34631.00,ca_sco_districts
CA-S-south-lake-county-fire-protection-district,2024,Salaries and Wages_General,162100.00,ca_sco_districts
CA-S-south-lake-county-fire-protection-district,2024,Services and Supplies_General,4970776.00,ca_sco_districts
CA-S-springlake-fire-protection-district,2021,Other Expenditures_General,542256.00,ca_sco_districts
CA-S-springlake-fire-protection-district,2021,Services and Supplies_General,12187.00,ca_sco_districts
CA-S-springlake-fire-protection-district,2022,Other Expenditures_General,562040.00,ca_sco_districts
CA-S-springlake-fire-protection-district,2022,Services and Supplies_General,20569.00,ca_sco_districts
CA-S-springlake-fire-protection-district,2023,Services and Supplies_General,577092.00,ca_sco_districts
CA-S-springlake-fire-protection-district,2024,Contributions to Outside Agencies_General,568516.00,ca_sco_districts
CA-S-springlake-fire-protection-district,2024,Services and Supplies_General,29320.00,ca_sco_districts
CA-S-strathmore-fire-protection-district,2021,Services and Supplies_General,5326.00,ca_sco_districts
CA-S-strathmore-fire-protection-district,2022,Services and Supplies_General,10421.00,ca_sco_districts
CA-S-strathmore-fire-protection-district,2023,Services and Supplies_General,4543.00,ca_sco_districts
CA-S-strathmore-fire-protection-district,2024,Services and Supplies_General,4320.00,ca_sco_districts
CA-S-telegraph-ridge-fire-protection-district,2021,Employee Benefits_General,8081.00,ca_sco_districts
CA-S-telegraph-ridge-fire-protection-district,2021,Services and Supplies_General,40399.00,ca_sco_districts
CA-S-telegraph-ridge-fire-protection-district,2022,Employee Benefits_General,8897.00,ca_sco_districts
CA-S-telegraph-ridge-fire-protection-district,2022,Services and Supplies_General,46223.00,ca_sco_districts
CA-S-telegraph-ridge-fire-protection-district,2023,Employee Benefits_General,8358.00,ca_sco_districts
CA-S-telegraph-ridge-fire-protection-district,2023,Services and Supplies_General,30083.00,ca_sco_districts
CA-S-telegraph-ridge-fire-protection-district,2024,Employee Benefits_General,4823.00,ca_sco_districts
CA-S-telegraph-ridge-fire-protection-district,2024,Services and Supplies_General,73145.00,ca_sco_districts
CA-S-tracy-fire-protection-district,2021,Capital Outlay_General,33115.00,ca_sco_districts
CA-S-tracy-fire-protection-district,2021,Debt Service / Interest Payments on Long-Term Debt_Capital Projects,27782.00,ca_sco_districts
CA-S-tracy-fire-protection-district,2021,Debt Service / Principal Payments on Long-Term Debt_Capital Projects,89271.00,ca_sco_districts
CA-S-tracy-fire-protection-district,2021,Other Expenditures_Capital Projects,697682.00,ca_sco_districts
CA-S-tracy-fire-protection-district,2021,Other Expenditures_General,634625.00,ca_sco_districts
CA-S-tracy-fire-protection-district,2021,Services and Supplies_Capital Projects,81525.00,ca_sco_districts
CA-S-tracy-fire-protection-district,2021,Services and Supplies_General,6346927.00,ca_sco_districts
CA-S-tracy-fire-protection-district,2022,Capital Outlay_Capital Projects,1162591.00,ca_sco_districts
CA-S-tracy-fire-protection-district,2022,Debt Service / Interest Payments on Long-Term Debt_Capital Projects,18993.00,ca_sco_districts
CA-S-tracy-fire-protection-district,2022,Debt Service / Principal Payments on Long-Term Debt_Capital Projects,93979.00,ca_sco_districts
CA-S-tracy-fire-protection-district,2022,Other Expenditures_General,522252.00,ca_sco_districts
CA-S-tracy-fire-protection-district,2022,Services and Supplies_Capital Projects,99678.00,ca_sco_districts
CA-S-tracy-fire-protection-district,2022,Services and Supplies_General,10005567.00,ca_sco_districts
CA-S-tracy-fire-protection-district,2023,Capital Outlay_Capital Projects,47687.00,ca_sco_districts
CA-S-tracy-fire-protection-district,2023,Debt Service / Interest Payments on Long-Term Debt_Capital Projects,19357.00,ca_sco_districts
CA-S-tracy-fire-protection-district,2023,Debt Service / Other Principal Payments on Long-Term Debt_Capital Projects,143789.00,ca_sco_districts
CA-S-tracy-fire-protection-district,2023,Services and Supplies_Capital Projects,239734.00,ca_sco_districts
CA-S-tracy-fire-protection-district,2023,Services and Supplies_General,11581049.00,ca_sco_districts
CA-S-tracy-fire-protection-district,2024,Capital Outlay_Capital Projects,14658.00,ca_sco_districts
CA-S-tracy-fire-protection-district,2024,Debt Service / Interest Payments on Long-Term Debt_Capital Projects,35920.00,ca_sco_districts
CA-S-tracy-fire-protection-district,2024,Debt Service / Other Principal Payments on Long-Term Debt_Capital Projects,237814.00,ca_sco_districts
CA-S-tracy-fire-protection-district,2024,Services and Supplies_Capital Projects,79593.00,ca_sco_districts
CA-S-tracy-fire-protection-district,2024,Services and Supplies_General,11742457.00,ca_sco_districts
CA-S-tuxedo-country-club-fire-protection-district,2021,Services and Supplies_General,1229739.00,ca_sco_districts
CA-S-tuxedo-country-club-fire-protection-district,2022,Services and Supplies_General,1259847.00,ca_sco_districts
CA-S-tuxedo-country-club-fire-protection-district,2023,Services and Supplies_General,1393974.00,ca_sco_districts
CA-S-tuxedo-country-club-fire-protection-district,2024,Services and Supplies_General,1401776.00,ca_sco_districts
CA-S-ukiah-valley-fire-protection-district,2021,Capital Outlay_Special Revenue,20282.00,ca_sco_districts
CA-S-ukiah-valley-fire-protection-district,2021,Debt Service / Interest Payments on Long-Term Debt_General,3901.00,ca_sco_districts
CA-S-ukiah-valley-fire-protection-district,2021,Debt Service / Interest Payments on Long-Term Debt_Special Revenue,17281.00,ca_sco_districts
CA-S-ukiah-valley-fire-protection-district,2021,Debt Service / Lease Principal_Special Revenue,42911.00,ca_sco_districts
CA-S-ukiah-valley-fire-protection-district,2021,Debt Service / Other Debt Service_Special Revenue,9993.00,ca_sco_districts
CA-S-ukiah-valley-fire-protection-district,2021,Debt Service / Principal Payments on Long-Term Debt_General,3219.00,ca_sco_districts
CA-S-ukiah-valley-fire-protection-district,2021,Debt Service / Principal Payments on Long-Term Debt_Special Revenue,7511.00,ca_sco_districts
CA-S-ukiah-valley-fire-protection-district,2021,Employee Benefits_General,505607.00,ca_sco_districts
CA-S-ukiah-valley-fire-protection-district,2021,Other Expenditures_General,285167.00,ca_sco_districts
CA-S-ukiah-valley-fire-protection-district,2021,Other Expenditures_Special Revenue,16953.00,ca_sco_districts
CA-S-ukiah-valley-fire-protection-district,2021,Salaries and Wages_General,945380.00,ca_sco_districts
CA-S-ukiah-valley-fire-protection-district,2021,Services and Supplies_General,204475.00,ca_sco_districts
CA-S-ukiah-valley-fire-protection-district,2021,Services and Supplies_Special Revenue,124162.00,ca_sco_districts
CA-S-ukiah-valley-fire-protection-district,2022,Contributions to Outside Agencies_General,1384574.00,ca_sco_districts
CA-S-ukiah-valley-fire-protection-district,2022,Contributions to Outside Agencies_Special Revenue,140648.00,ca_sco_districts
CA-S-ukiah-valley-fire-protection-district,2022,Debt Service / Interest Payments on Long-Term Debt_General,3637.00,ca_sco_districts
CA-S-ukiah-valley-fire-protection-district,2022,Debt Service / Interest Payments on Long-Term Debt_Special Revenue,15462.00,ca_sco_districts
CA-S-ukiah-valley-fire-protection-district,2022,Debt Service / Principal Payments on Long-Term Debt_General,3367.00,ca_sco_districts
CA-S-ukiah-valley-fire-protection-district,2022,Debt Service / Principal Payments on Long-Term Debt_Special Revenue,52358.00,ca_sco_districts
CA-S-ukiah-valley-fire-protection-district,2022,Employee Benefits_General,172273.00,ca_sco_districts
CA-S-ukiah-valley-fire-protection-district,2022,Other Expenditures_General,4965.00,ca_sco_districts
CA-S-ukiah-valley-fire-protection-district,2022,Other Expenditures_Special Revenue,667.00,ca_sco_districts
CA-S-ukiah-valley-fire-protection-district,2022,Services and Supplies_General,42211.00,ca_sco_districts
CA-S-ukiah-valley-fire-protection-district,2022,Services and Supplies_Special Revenue,41842.00,ca_sco_districts
CA-S-ukiah-valley-fire-protection-district,2023,Capital Outlay_Special Revenue,162507.00,ca_sco_districts
CA-S-ukiah-valley-fire-protection-district,2023,Contributions to Outside Agencies_General,2060335.00,ca_sco_districts
CA-S-ukiah-valley-fire-protection-district,2023,Contributions to Outside Agencies_Special Revenue,38882.00,ca_sco_districts
CA-S-ukiah-valley-fire-protection-district,2023,Debt Service / Interest Payments on Long-Term Debt_General,2867.00,ca_sco_districts
CA-S-ukiah-valley-fire-protection-district,2023,Debt Service / Interest Payments on Long-Term Debt_Special Revenue,12017.00,ca_sco_districts
CA-S-ukiah-valley-fire-protection-district,2023,Debt Service / Other Principal Payments on Long-Term Debt_General,79992.00,ca_sco_districts
CA-S-ukiah-valley-fire-protection-district,2023,Debt Service / Other Principal Payments on Long-Term Debt_Special Revenue,232800.00,ca_sco_districts
CA-S-ukiah-valley-fire-protection-district,2023,Employee Benefits_General,191304.00,ca_sco_districts
CA-S-ukiah-valley-fire-protection-district,2023,Other Expenditures_General,3405.00,ca_sco_districts
CA-S-ukiah-valley-fire-protection-district,2023,Other Expenditures_Special Revenue,1240.00,ca_sco_districts
CA-S-ukiah-valley-fire-protection-district,2023,Services and Supplies_General,51550.00,ca_sco_districts
CA-S-ukiah-valley-fire-protection-district,2023,Services and Supplies_Special Revenue,17876.00,ca_sco_districts
CA-S-ukiah-valley-fire-protection-district,2024,Capital Outlay_Special Revenue,204529.00,ca_sco_districts
CA-S-ukiah-valley-fire-protection-district,2024,Contributions to Outside Agencies_General,2539039.00,ca_sco_districts
CA-S-ukiah-valley-fire-protection-district,2024,Debt Service / Interest Payments on Long-Term Debt_Special Revenue,10259.00,ca_sco_districts
CA-S-ukiah-valley-fire-protection-district,2024,Debt Service / Other Principal Payments on Long-Term Debt_Special Revenue,70821.00,ca_sco_districts
CA-S-ukiah-valley-fire-protection-district,2024,Services and Supplies_General,180637.00,ca_sco_districts
CA-S-ukiah-valley-fire-protection-district,2024,Services and Supplies_Special Revenue,488847.00,ca_sco_districts
CA-S-vista-fire-protection-district,2021,Salaries and Wages_General,5400.00,ca_sco_districts
CA-S-vista-fire-protection-district,2021,Services and Supplies_General,3606582.00,ca_sco_districts
CA-S-vista-fire-protection-district,2022,Other Expenditures_General,420298.00,ca_sco_districts
CA-S-vista-fire-protection-district,2022,Salaries and Wages_General,20548.00,ca_sco_districts
CA-S-vista-fire-protection-district,2022,Services and Supplies_General,3928156.00,ca_sco_districts
CA-S-vista-fire-protection-district,2023,Employee Benefits_General,5565.00,ca_sco_districts
CA-S-vista-fire-protection-district,2023,Other Expenditures_General,196594.00,ca_sco_districts
CA-S-vista-fire-protection-district,2023,Other Expenditures_Special Revenue,11589.00,ca_sco_districts
CA-S-vista-fire-protection-district,2023,Salaries and Wages_General,57994.00,ca_sco_districts
CA-S-vista-fire-protection-district,2023,Services and Supplies_General,4088293.00,ca_sco_districts
CA-S-vista-fire-protection-district,2024,Employee Benefits_General,6070.00,ca_sco_districts
CA-S-vista-fire-protection-district,2024,Other Expenditures_General,193400.00,ca_sco_districts
CA-S-vista-fire-protection-district,2024,Salaries and Wages_General,136645.00,ca_sco_districts
CA-S-vista-fire-protection-district,2024,Services and Supplies_General,4304318.00,ca_sco_districts
CA-S-walnut-grove-fire-protection-district,2021,Debt Service / Interest Payments on Long-Term Debt_General,2229.00,ca_sco_districts
CA-S-walnut-grove-fire-protection-district,2021,Debt Service / Principal Payments on Long-Term Debt_General,21249.00,ca_sco_districts
CA-S-walnut-grove-fire-protection-district,2021,Salaries and Wages_General,97077.00,ca_sco_districts
CA-S-walnut-grove-fire-protection-district,2021,Services and Supplies_General,236826.00,ca_sco_districts
CA-S-walnut-grove-fire-protection-district,2022,Capital Outlay_General,338.00,ca_sco_districts
CA-S-walnut-grove-fire-protection-district,2022,Debt Service / Interest Payments on Long-Term Debt_General,1247.00,ca_sco_districts
CA-S-walnut-grove-fire-protection-district,2022,Debt Service / Principal Payments on Long-Term Debt_General,14602.00,ca_sco_districts
CA-S-walnut-grove-fire-protection-district,2022,Salaries and Wages_General,109567.00,ca_sco_districts
CA-S-walnut-grove-fire-protection-district,2022,Services and Supplies_General,270871.00,ca_sco_districts
CA-S-walnut-grove-fire-protection-district,2023,Capital Outlay_General,2528.00,ca_sco_districts
CA-S-walnut-grove-fire-protection-district,2023,Debt Service / Interest Payments on Long-Term Debt_General,610.00,ca_sco_districts
CA-S-walnut-grove-fire-protection-district,2023,Debt Service / Other Principal Payments on Long-Term Debt_General,11424.00,ca_sco_districts
CA-S-walnut-grove-fire-protection-district,2023,Salaries and Wages_General,113750.00,ca_sco_districts
CA-S-walnut-grove-fire-protection-district,2023,Services and Supplies_General,247889.00,ca_sco_districts
CA-S-walnut-grove-fire-protection-district,2024,Capital Outlay_General,117636.00,ca_sco_districts
CA-S-walnut-grove-fire-protection-district,2024,Debt Service / Interest Payments on Long-Term Debt_General,610.00,ca_sco_districts
CA-S-walnut-grove-fire-protection-district,2024,Debt Service / Other Principal Payments on Long-Term Debt_General,11424.00,ca_sco_districts
CA-S-walnut-grove-fire-protection-district,2024,Salaries and Wages_General,113170.00,ca_sco_districts
CA-S-walnut-grove-fire-protection-district,2024,Services and Supplies_General,226811.00,ca_sco_districts
CA-S-white-mountain-fire-protection,2021,Capital Outlay_General,45569.00,ca_sco_districts
CA-S-white-mountain-fire-protection,2021,Debt Service / Interest Payments on Long-Term Debt_General,9051.00,ca_sco_districts
CA-S-white-mountain-fire-protection,2021,Debt Service / Principal Payments on Long-Term Debt_General,34416.00,ca_sco_districts
CA-S-white-mountain-fire-protection,2021,Salaries and Wages_General,256353.00,ca_sco_districts
CA-S-white-mountain-fire-protection,2021,Services and Supplies_General,116189.00,ca_sco_districts
CA-S-white-mountain-fire-protection,2022,Capital Outlay_General,12002.00,ca_sco_districts
CA-S-white-mountain-fire-protection,2022,Debt Service / Interest Payments on Long-Term Debt_General,9703.00,ca_sco_districts
CA-S-white-mountain-fire-protection,2022,Debt Service / Principal Payments on Long-Term Debt_General,46028.00,ca_sco_districts
CA-S-white-mountain-fire-protection,2022,Salaries and Wages_General,318608.00,ca_sco_districts
CA-S-white-mountain-fire-protection,2022,Services and Supplies_General,102579.00,ca_sco_districts
CA-S-white-mountain-fire-protection,2023,Capital Outlay_General,12002.00,ca_sco_districts
CA-S-white-mountain-fire-protection,2023,Debt Service / Interest Payments on Long-Term Debt_General,7813.00,ca_sco_districts
CA-S-white-mountain-fire-protection,2023,Debt Service / Other Principal Payments on Long-Term Debt_General,47918.00,ca_sco_districts
CA-S-white-mountain-fire-protection,2023,Salaries and Wages_General,147804.00,ca_sco_districts
CA-S-white-mountain-fire-protection,2023,Services and Supplies_General,107820.00,ca_sco_districts
CA-S-white-mountain-fire-protection,2024,Capital Outlay_General,64499.00,ca_sco_districts
CA-S-white-mountain-fire-protection,2024,Debt Service / Interest Payments on Long-Term Debt_General,5845.00,ca_sco_districts
CA-S-white-mountain-fire-protection,2024,Debt Service / Other Principal Payments on Long-Term Debt_General,49887.00,ca_sco_districts
CA-S-white-mountain-fire-protection,2024,Salaries and Wages_General,209876.00,ca_sco_districts
CA-S-white-mountain-fire-protection,2024,Services and Supplies_General,105232.00,ca_sco_districts
CA-S-williams-fire-protection-district,2021,Services and Supplies_General,166132.00,ca_sco_districts
CA-S-williams-fire-protection-district,2022,Services and Supplies_General,275523.00,ca_sco_districts
CA-S-williams-fire-protection-district,2023,Services and Supplies_General,257696.00,ca_sco_districts
CA-S-williams-fire-protection-district,2024,Services and Supplies_General,230779.00,ca_sco_districts
CA-S-willow-ranch-fire-protection-district,2021,Services and Supplies_General,8229.00,ca_sco_districts
CA-S-willow-ranch-fire-protection-district,2022,Employee Benefits_General,8376.00,ca_sco_districts
CA-S-willow-ranch-fire-protection-district,2022,Services and Supplies_General,4725.00,ca_sco_districts
CA-S-willow-ranch-fire-protection-district,2023,Employee Benefits_General,4716.00,ca_sco_districts
CA-S-willow-ranch-fire-protection-district,2023,Services and Supplies_General,1209.00,ca_sco_districts
CA-S-willow-ranch-fire-protection-district,2024,Employee Benefits_General,3601.00,ca_sco_districts
CA-S-willow-ranch-fire-protection-district,2024,Services and Supplies_General,4008.00,ca_sco_districts
CA-S-winters-fire-protection-district,2021,Employee Benefits_General,113583.00,ca_sco_districts
CA-S-winters-fire-protection-district,2021,Services and Supplies_General,268806.00,ca_sco_districts
CA-S-winters-fire-protection-district,2022,Employee Benefits_General,117244.00,ca_sco_districts
CA-S-winters-fire-protection-district,2022,Services and Supplies_General,297044.00,ca_sco_districts
CA-S-winters-fire-protection-district,2023,Employee Benefits_General,127712.00,ca_sco_districts
CA-S-winters-fire-protection-district,2023,Services and Supplies_General,281940.00,ca_sco_districts
CA-S-winters-fire-protection-district,2024,Employee Benefits_General,81834.00,ca_sco_districts
CA-S-winters-fire-protection-district,2024,Services and Supplies_General,15134.00,ca_sco_districts
CA-S-yuba-county-rural-fire-joint-powers-agency,2021,Services and Supplies_General,8320.00,ca_sco_districts
CA-S-yuba-county-rural-fire-joint-powers-agency,2022,Services and Supplies_General,12150.00,ca_sco_districts
CA-S-yuba-county-rural-fire-joint-powers-agency,2023,Services and Supplies_General,9258.00,ca_sco_districts
CA-S-yuba-county-rural-fire-joint-powers-agency,2024,Services and Supplies_General,12329.00,ca_sco_districts
