id,name,kind,county,city,usfa_fdid,dept_type,organization_type,stations,career,volunteer,paid_per_call,website,grants
OH-01005,Manchester Fire Department,Local fire department,Adams,Manchester,01005,Volunteer,"Local (includes career, combination, and volunteer fire departments and fire districts)",1,0,0,35,,0
OH-01007,Peebles Fire Department,Local fire department,Adams,Peebles,01007,Volunteer,"Local (includes career, combination, and volunteer fire departments and fire districts)",2,0,24,0,,4
OH-01011,Scott Township Fire and EMS,Township fire department,Adams,Seaman,01011,Volunteer,"Local (includes career, combination, and volunteer fire departments and fire districts)",2,0,0,22,,0
OH-01013,West Union Volunteer Fire Department,Volunteer fire department,Adams,West Union,01013,Volunteer,"Local (includes career, combination, and volunteer fire departments and fire districts)",1,0,23,0,,0
OH-01015,Winchester Community Fire District,Fire district,Adams,Winchester,01015,Volunteer,"Local (includes career, combination, and volunteer fire departments and fire districts)",1,0,0,15,,0
OH-01115,Oliver Township Fire Department,Township fire department,Adams,West Union,01115,Volunteer,"Local (includes career, combination, and volunteer fire departments and fire districts)",1,0,6,0,,0
OH-01127,Wayne Township Volunteer Fire Department,Township fire department,Adams,Cherry Fork,01127,Volunteer,"Local (includes career, combination, and volunteer fire departments and fire districts)",1,0,12,0,,0
OH-01128,Green Township Fire Department,Township fire department,Adams,Stout,01128,Volunteer,"Local (includes career, combination, and volunteer fire departments and fire districts)",1,0,16,0,,3
OH-01129,Jefferson Township Fire Department,Township fire department,Adams,Blue Creek,01129,Volunteer,"Local (includes career, combination, and volunteer fire departments and fire districts)",1,0,9,0,,0
OH-02003,Bluffton Fire Department,Local fire department,Allen,Bluffton,02003,Volunteer,"Local (includes career, combination, and volunteer fire departments and fire districts)",1,0,24,0,,3
OH-02007,Delphos Fire & Rescue,Local fire department,Allen,Delphos,02007,Mostly volunteer,"Local (includes career, combination, and volunteer fire departments and fire districts)",2,7,0,30,https://www.cityofdelphos.com/government/departments/fire-ems,0
OH-02015,Lima Fire Department,Local fire department,Allen,Lima,02015,Career,"Local (includes career, combination, and volunteer fire departments and fire districts)",3,76,0,0,https://www.limaohio.gov/157/Fire-Department,0
OH-02107,Bath Township Fire Department,Township fire department,Allen,Lima,02107,Mostly volunteer,"Local (includes career, combination, and volunteer fire departments and fire districts)",1,10,0,15,https://www.bathtwpfd.com/,1
OH-02117,Beaverdam Richland Fire Department,Local fire department,Allen,Beaverdam,02117,Mostly volunteer,"Local (includes career, combination, and volunteer fire departments and fire districts)",1,1,18,0,,0
OH-02119,Shawnee Township Fire Department,Township fire department,Allen,Lima,02119,Mostly career,"Local (includes career, combination, and volunteer fire departments and fire districts)",1,23,10,0,https://shawneetownship.com/fire-department/,8
OH-02205,Westminster Rural Fire Department,Local fire department,Allen,Harrod,02205,Volunteer,"Local (includes career, combination, and volunteer fire departments and fire districts)",1,0,17,0,,1
OH-02213,Cairo Monroe Township Fire Department,Township fire department,Allen,Cairo,02213,Volunteer,"Local (includes career, combination, and volunteer fire departments and fire districts)",1,0,20,0,,0
OH-02215,Perry Township Fire Department,Township fire department,Allen,Lima,02215,Mostly volunteer,"Local (includes career, combination, and volunteer fire departments and fire districts)",1,7,21,21,https://perryallenohio.com/services/fire-rescue/,0
OH-02217,Invincible Fire Company,Local fire department,Allen,Spencerville,02217,Volunteer,"Local (includes career, combination, and volunteer fire departments and fire districts)",1,0,36,0,,0
OH-02219,Harrod Volunteer Fire Department,Contract fire department,Allen,Harrod,02219,Volunteer,Contract fire department,1,0,40,0,,2
OH-02229,Lafayette-Jackson Township Fire Department,Township fire department,Allen,Lafayette,02229,Volunteer,"Local (includes career, combination, and volunteer fire departments and fire districts)",1,0,19,0,,0
OH-02300,American Township Fire Department,Township fire department,Allen,Elida,02300,Mostly career,"Local (includes career, combination, and volunteer fire departments and fire districts)",2,26,10,0,https://www.atfd2007.com/,5
OH-03001,Ashland Fire Department,Local fire department,Ashland,Ashland,03001,Career,"Local (includes career, combination, and volunteer fire departments and fire districts)",2,38,0,0,https://ashlandoh.sites.thrillshare.com/page/fire-ems,0
OH-03005,Hayesville-Vermillion Volunteer Fire Department,Volunteer fire department,Ashland,Hayesville,03005,Volunteer,"Local (includes career, combination, and volunteer fire departments and fire districts)",1,0,19,0,,0
OH-03007,Jeromesville Community Fire District,Fire district,Ashland,Jeromesville,03007,Volunteer,"Local (includes career, combination, and volunteer fire departments and fire districts)",1,0,0,28,,1
OH-03009,Loudonville Fire Department,Local fire department,Ashland,Loudonville,03009,Mostly volunteer,"Local (includes career, combination, and volunteer fire departments and fire districts)",1,3,22,26,,0
OH-03011,Mifflin Volunteer Fire Department,Volunteer fire department,Ashland,Ashland,03011,Volunteer,"Local (includes career, combination, and volunteer fire departments and fire districts)",1,0,17,0,,0
OH-03013,Green - Perrysville Joint Fire District,Fire district,Ashland,Perrysville,03013,Volunteer,"Local (includes career, combination, and volunteer fire departments and fire districts)",1,0,22,0,https://www.facebook.com/GPJFD/,0
OH-03015,Savannah Volunteer Fire Company,Volunteer fire department,Ashland,Savannah,03015,Volunteer,"Local (includes career, combination, and volunteer fire departments and fire districts)",1,0,28,0,,2
OH-03119,Nankin/Orange Township Volunteer Fire Department,Township fire department,Ashland,Nankin,03119,Volunteer,"Local (includes career, combination, and volunteer fire departments and fire districts)",1,0,17,18,,0
OH-03125,Sullivan Volunteer Fire Department,Volunteer fire department,Ashland,Sullivan,03125,Volunteer,"Local (includes career, combination, and volunteer fire departments and fire districts)",2,0,18,0,,0
OH-03200,Polk-Jackson-Perry Fire,Local fire department,Ashland,Polk,03200,Mostly volunteer,"Local (includes career, combination, and volunteer fire departments and fire districts)",1,3,0,20,https://polkjacksonperryfd.com/,0
OH-03201,Ruggles Troy Volunteer Fire Department,Volunteer fire department,Ashland,Nova,03201,Volunteer,"Local (includes career, combination, and volunteer fire departments and fire districts)",1,0,18,0,,0
OH-04001,"Andover Volunteer Fire Department, Inc.",Private or industrial fire brigade,Ashtabula,Andover,04001,Volunteer,Private or industrial fire brigade,1,0,35,0,https://www.avfdohio.org/,0
OH-04003,Ashtabula Fire Department,Local fire department,Ashtabula,Ashtabula,04003,Career,"Local (includes career, combination, and volunteer fire departments and fire districts)",1,23,0,0,http://www.ashtabulafire.com/,0
OH-04005,Conneaut Fire Department,Local fire department,Ashtabula,Conneaut,04005,Mostly volunteer,"Local (includes career, combination, and volunteer fire departments and fire districts)",2,10,0,31,,0
OH-04009,Geneva Fire Department,Local fire department,Ashtabula,Geneva,04009,Mostly volunteer,"Local (includes career, combination, and volunteer fire departments and fire districts)",2,4,0,30,,0
OH-04011,Geneva-on-the-Lake Fire Department,Local fire department,Ashtabula,Geneva,04011,Volunteer,"Local (includes career, combination, and volunteer fire departments and fire districts)",1,0,3,18,,0
OH-04013,Jefferson Volunteer Fire Department,Volunteer fire department,Ashtabula,Jefferson,04013,Volunteer,"Local (includes career, combination, and volunteer fire departments and fire districts)",1,0,0,25,,0
OH-04017,North Kingsville Volunteer Fire Department,Volunteer fire department,Ashtabula,North Kingsville,04017,Volunteer,"Local (includes career, combination, and volunteer fire departments and fire districts)",2,0,20,0,https://www.northkingsvillefire.com/,0
OH-04019,Orwell Volunteer Fire Department,Volunteer fire department,Ashtabula,Orwell,04019,Volunteer,"Local (includes career, combination, and volunteer fire departments and fire districts)",1,0,2,7,https://orwellvillage.org,0
OH-04103,Ashtabula Township Fire Department,Township fire department,Ashtabula,Ashtabula,04103,Mostly career,"Local (includes career, combination, and volunteer fire departments and fire districts)",2,13,0,12,https://www.ashtabulatownshipfire.com/,2
OH-04105,Austinburg Volunteer Fire Department,Volunteer fire department,Ashtabula,Austinburg,04105,Volunteer,"Local (includes career, combination, and volunteer fire departments and fire districts)",1,0,0,18,,0
OH-04113,Dorset Volunteer Fire Department,Volunteer fire department,Ashtabula,Dorset,04113,Volunteer,"Local (includes career, combination, and volunteer fire departments and fire districts)",1,0,12,0,,0
OH-04117,Harpersfield Volunteer Fire Department,Volunteer fire department,Ashtabula,Geneva,04117,Volunteer,"Local (includes career, combination, and volunteer fire departments and fire districts)",2,0,0,33,,0
OH-04123,Kingsville Volunteer Fire Department,Volunteer fire department,Ashtabula,Kingsville,04123,Volunteer,"Local (includes career, combination, and volunteer fire departments and fire districts)",1,0,12,0,,0
OH-04129,Monroe Volunteer Fire Department,Volunteer fire department,Ashtabula,Conneaut,04129,Volunteer,"Local (includes career, combination, and volunteer fire departments and fire districts)",1,0,20,0,,0
OH-04137,"Pierpont Volunteer Fire Department, Inc.",Private or industrial fire brigade,Ashtabula,Pierpont,04137,Mostly volunteer,Private or industrial fire brigade,1,2,15,0,,1
OH-04139,Plymouth Township Fire Department,Township fire department,Ashtabula,Ashtabula,04139,Volunteer,"Local (includes career, combination, and volunteer fire departments and fire districts)",2,0,0,28,,2
OH-04143,Rome Fire Department,Local fire department,Ashtabula,Rome,04143,Volunteer,"Local (includes career, combination, and volunteer fire departments and fire districts)",1,0,21,0,,1
OH-04145,Saybrook Township Fire Department,Township fire department,Ashtabula,Ashtabula,04145,Mostly volunteer,"Local (includes career, combination, and volunteer fire departments and fire districts)",3,9,0,20,https://www.saybrooktownship.org/Firehtml,0
OH-04151,Wayne Township Fire Department,Township fire department,Ashtabula,Williamsfield,04151,Volunteer,"Local (includes career, combination, and volunteer fire departments and fire districts)",1,0,18,0,,0
OH-04155,Windsor Fire and Rescue,Local fire department,Ashtabula,Windsor,04155,Volunteer,"Local (includes career, combination, and volunteer fire departments and fire districts)",1,0,26,0,,0
OH-04200,Morgan Hose Company Volunteer Fire Department,Volunteer fire department,Ashtabula,Rock Creek,04200,Volunteer,"Local (includes career, combination, and volunteer fire departments and fire districts)",1,0,0,16,,0
OH-04202,Hartsgrove Volunteer Fire Department,Volunteer fire department,Ashtabula,Rome,04202,Volunteer,"Local (includes career, combination, and volunteer fire departments and fire districts)",1,0,16,0,,1
OH-04300,Trumbull Township Fire and Rescue,Township fire department,Ashtabula,Geneva,04300,Volunteer,"Local (includes career, combination, and volunteer fire departments and fire districts)",1,0,14,0,,0
OH-05005,Athens Fire Department,Local fire department,Athens,Athens,05005,Career,"Local (includes career, combination, and volunteer fire departments and fire districts)",2,23,0,0,https://www.ci.athens.oh.us/116/Fire-Department,0
OH-05009,Chauncey-Dover Volunteer Fire Department,Volunteer fire department,Athens,Chauncey,05009,Volunteer,"Local (includes career, combination, and volunteer fire departments and fire districts)",1,0,16,0,,1
OH-05011,"Coolville Volunteer Fire Department, Inc.",Volunteer fire department,Athens,Coolville,05011,Volunteer,"Local (includes career, combination, and volunteer fire departments and fire districts)",1,0,18,0,https://coolvillefire.com,1
OH-05013,Glouster Fire Department,Local fire department,Athens,Glouster,05013,Volunteer,"Local (includes career, combination, and volunteer fire departments and fire districts)",1,0,26,0,,0
OH-05015,Jacksonville Fire & Rescue,Local fire department,Athens,Jacksonville,05015,Volunteer,"Local (includes career, combination, and volunteer fire departments and fire districts)",1,0,32,0,,0
OH-05017,The Plains Fire Department,Local fire department,Athens,The Plains,05017,Volunteer,"Local (includes career, combination, and volunteer fire departments and fire districts)",1,0,27,0,,0
OH-05021,Nelsonville Division of Fire,Local fire department,Athens,Nelsonville,05021,Mostly volunteer,"Local (includes career, combination, and volunteer fire departments and fire districts)",0,3,0,26,,0
OH-05119,Rome Township Volunteer Fire Department,Township fire department,Athens,Stewart,05119,Volunteer,"Local (includes career, combination, and volunteer fire departments and fire districts)",1,0,18,0,,0
OH-05125,Waterloo Township Fire Department,Township fire department,Athens,New Marshfield,05125,Volunteer,"Local (includes career, combination, and volunteer fire departments and fire districts)",1,0,22,0,https://waterloofireohio.com/,0
OH-05201,Albany Area Volunteer Fire Department,Contract fire department,Athens,Albany,05201,Volunteer,Contract fire department,1,0,23,0,,1
OH-05203,Ames-Bern Amesville Volunteer Fire Department,Volunteer fire department,Athens,Amesville,05203,Volunteer,"Local (includes career, combination, and volunteer fire departments and fire districts)",1,0,15,0,,1
OH-05205,Richland Area Fire Department,Local fire department,Athens,Athens,05205,Volunteer,"Local (includes career, combination, and volunteer fire departments and fire districts)",2,0,16,0,https://richlandareafire.com/,0
OH-05206,York Township Volunteer Fire Department,Township fire department,Athens,Nelsonville,05206,Volunteer,"Local (includes career, combination, and volunteer fire departments and fire districts)",1,0,18,0,,0
OH-05300,Carthage Township Fire Department,Township fire department,Athens,Guysville,05300,Volunteer,"Local (includes career, combination, and volunteer fire departments and fire districts)",1,0,18,0,,0
OH-06001,"Buckland Volunteer Fire Department, Inc.",Volunteer fire department,Auglaize,Buckland,06001,Volunteer,"Local (includes career, combination, and volunteer fire departments and fire districts)",1,0,25,0,,0
OH-06003,Cridersville Fire Department,Local fire department,Auglaize,Cridersville,06003,Volunteer,"Local (includes career, combination, and volunteer fire departments and fire districts)",1,0,46,0,,0
OH-06005,Minster-Jackson Township Fire Department,Township fire department,Auglaize,Minster,06005,Volunteer,"Local (includes career, combination, and volunteer fire departments and fire districts)",1,0,0,35,,2
OH-06007,New Bremen Fire Department,Local fire department,Auglaize,New Bremen,06007,Volunteer,"Local (includes career, combination, and volunteer fire departments and fire districts)",1,0,0,31,https://newbremen.com/police-fire-and-rescue/#fire,0
OH-06009,New Knoxville-Washington Township Fire,Township fire department,Auglaize,New Knoxville,06009,Volunteer,"Local (includes career, combination, and volunteer fire departments and fire districts)",1,0,0,27,,0
OH-06013,City of St. Marys Fire Department,Local fire department,Auglaize,Saint Marys,06013,Career,"Local (includes career, combination, and volunteer fire departments and fire districts)",1,13,0,0,https://www.cityofstmarys.net/171/Fire,2
OH-06017,City of Wapakoneta Fire-EMS,Local fire department,Auglaize,Wapakoneta,06017,Mostly career,"Local (includes career, combination, and volunteer fire departments and fire districts)",1,19,0,5,https://wapakoneta.net/departments/fire-and-ems/,0
OH-06119,Saint Marys Township Fire Department,Township fire department,Auglaize,Saint Marys,06119,Volunteer,"Local (includes career, combination, and volunteer fire departments and fire districts)",2,0,0,30,https://www.smtfd.shorturl.com,0
OH-06127,Wayne Township Fire & Rescue,Township fire department,Auglaize,Waynesfield,06127,Volunteer,"Local (includes career, combination, and volunteer fire departments and fire districts)",1,0,25,0,,0
OH-06211,"St. Johns Volunteer Fire & Rescue Department, Inc.",Private or industrial fire brigade,Auglaize,Saint Johns,06211,Volunteer,Private or industrial fire brigade,1,0,21,0,,1
OH-06215,Uniopolis Volunteer Fire Department,Volunteer fire department,Auglaize,Uniopolis,06215,Volunteer,"Local (includes career, combination, and volunteer fire departments and fire districts)",1,0,28,0,,0
OH-07003,Barnesville Volunteer Fire Department,Volunteer fire department,Belmont,Barnesville,07003,Volunteer,"Local (includes career, combination, and volunteer fire departments and fire districts)",1,0,40,0,,0
OH-07009,Bethesda Fire Department,Local fire department,Belmont,Bethesda,07009,Volunteer,"Local (includes career, combination, and volunteer fire departments and fire districts)",1,0,29,6,,0
OH-07011,Bridgeport Fire Department,Local fire department,Belmont,Bridgeport,07011,Volunteer,"Local (includes career, combination, and volunteer fire departments and fire districts)",2,0,30,0,,0
OH-07013,Brookside Volunteer Fire Department,Volunteer fire department,Belmont,Bridgeport,07013,Volunteer,"Local (includes career, combination, and volunteer fire departments and fire districts)",1,0,24,0,,0
OH-07029,Martins Ferry Fire Department,Local fire department,Belmont,Martins Ferry,07029,Volunteer,"Local (includes career, combination, and volunteer fire departments and fire districts)",4,0,45,0,,5
OH-07039,OR&W Fire District,Fire district,Belmont,Shadyside,07039,Mostly volunteer,"Local (includes career, combination, and volunteer fire departments and fire districts)",1,10,0,43,,1
OH-07041,Cumberland Trail Fire District,Fire district,Belmont,Saint Clairsville,07041,Career,"Local (includes career, combination, and volunteer fire departments and fire districts)",2,43,0,0,http://www.cumberlandtrailfire.com/,0
OH-07049,Sunset Heights Volunteer Fire Department,Volunteer fire department,Belmont,Bridgeport,07049,Volunteer,"Local (includes career, combination, and volunteer fire departments and fire districts)",1,0,20,0,,0
OH-07051,Wolfhurst Volunteer Fire Department,Volunteer fire department,Belmont,Bridgeport,07051,Volunteer,"Local (includes career, combination, and volunteer fire departments and fire districts)",1,0,25,2,,0
OH-07117,Smith Township Volunteer Fire Company,Private or industrial fire brigade,Belmont,Belmont,07117,Volunteer,Private or industrial fire brigade,1,0,28,0,,0
OH-07201,"Barton Volunteer Fire Department, Inc.",Volunteer fire department,Belmont,Barton,07201,Volunteer,"Local (includes career, combination, and volunteer fire departments and fire districts)",1,0,25,0,,0
OH-07205,Colerain Volunteer Fire Company,Volunteer fire department,Belmont,Colerain,07205,Volunteer,"Local (includes career, combination, and volunteer fire departments and fire districts)",1,0,20,0,,1
OH-07207,Belmont Volunteer Fire Department Assocation,Volunteer fire department,Belmont,Belmont,07207,Volunteer,"Local (includes career, combination, and volunteer fire departments and fire districts)",1,0,20,0,,0
OH-07215,Lafferty Volunteer Fire Department,Volunteer fire department,Belmont,Lafferty,07215,Volunteer,"Local (includes career, combination, and volunteer fire departments and fire districts)",1,0,10,0,,1
OH-07219,Somerton Volunteer Fire Department,Volunteer fire department,Belmont,Somerton,07219,Volunteer,"Local (includes career, combination, and volunteer fire departments and fire districts)",1,0,24,0,,0
OH-07221,Flushing Fire Department,Local fire department,Belmont,Flushing,07221,Volunteer,"Local (includes career, combination, and volunteer fire departments and fire districts)",1,0,25,0,,0
OH-07235,Neffs Fire Department Station 32,Local fire department,Belmont,Bellaire,07235,Mostly career,"Local (includes career, combination, and volunteer fire departments and fire districts)",1,8,0,5,,0
OH-07237,Powhatan Point Volunteer Fire Department,Volunteer fire department,Belmont,Powhatan Point,07237,Volunteer,"Local (includes career, combination, and volunteer fire departments and fire districts)",1,0,18,0,,0
OH-07239,"Spirit of 76 Fire-EMS Department, Inc.",Local fire department,Belmont,Bellaire,07239,Mostly volunteer,"Local (includes career, combination, and volunteer fire departments and fire districts)",1,1,25,0,https://www.spiritof76vfd.com/,0
OH-08001,Aberdeen-Huntington Township Volunteer Fire Department,Township fire department,Brown,Aberdeen,08001,Volunteer,"Local (includes career, combination, and volunteer fire departments and fire districts)",1,0,0,14,,0
OH-08005,"Fayetteville Fire Department, Inc.",Local fire department,Brown,Fayetteville,08005,Volunteer,"Local (includes career, combination, and volunteer fire departments and fire districts)",1,0,0,30,,1
OH-08007,Georgetown Volunteer Fire Department,Volunteer fire department,Brown,Georgetown,08007,Volunteer,"Local (includes career, combination, and volunteer fire departments and fire districts)",1,0,0,28,,0
OH-08011,Higginsport Volunteer Fire Department,Volunteer fire department,Brown,Higginsport,08011,Volunteer,"Local (includes career, combination, and volunteer fire departments and fire districts)",1,0,22,0,,0
OH-08013,Mount Orab Fire Department,Local fire department,Brown,Mount Orab,08013,Mostly volunteer,"Local (includes career, combination, and volunteer fire departments and fire districts)",3,8,1,41,https://www.mtoraboh.us/index.php/departments/fire-ems,0
OH-08015,Ripley Fire Department,Local fire department,Brown,Ripley,08015,Volunteer,"Local (includes career, combination, and volunteer fire departments and fire districts)",1,0,0,30,,0
OH-08017,Russellville Fire Department,Local fire department,Brown,Russellville,08017,Volunteer,"Local (includes career, combination, and volunteer fire departments and fire districts)",2,0,0,26,,0
OH-08019,Eastern Joint Fire and EMS District,Fire district,Brown,Sardinia,08019,Volunteer,"Local (includes career, combination, and volunteer fire departments and fire districts)",3,0,17,31,,0
OH-08209,Hamersville Fire Department,Local fire department,Brown,Hamersville,08209,Volunteer,"Local (includes career, combination, and volunteer fire departments and fire districts)",1,0,24,0,,0
OH-08210,Byrd Township Volunteer Fire Department,Township fire department,Brown,Decatur,08210,Volunteer,"Local (includes career, combination, and volunteer fire departments and fire districts)",1,0,14,0,,0
OH-09011,Fairfield Fire Department,Local fire department,Butler,Fairfield,09011,Career,"Local (includes career, combination, and volunteer fire departments and fire districts)",3,61,0,0,https://www.fairfield-city.org/208/Fire-Department,0
OH-09012,Hanover Township Fire Department,Township fire department,Butler,Hamilton,09012,Volunteer,"Local (includes career, combination, and volunteer fire departments and fire districts)",1,0,40,40,,0
OH-09015,Hamilton Fire Department Station 2 Headquarters,Local fire department,Butler,Hamilton,09015,Career,"Local (includes career, combination, and volunteer fire departments and fire districts)",6,113,0,0,https://www.hamilton-city.org/fire/fire_stations.html,0
OH-09021,City of Middletown Fire Division,Local fire department,Butler,Middletown,09021,Career,"Local (includes career, combination, and volunteer fire departments and fire districts)",4,85,0,0,https://cityofmiddletown.org/,0
OH-09025,Monroe Fire Department,Local fire department,Butler,Middletown,09025,Career,"Local (includes career, combination, and volunteer fire departments and fire districts)",2,47,0,0,https://www.monroeohio.org/202/Fire-EMS,0
OH-09027,New Miami Fire Department,Local fire department,Butler,Hamilton,09027,Volunteer,"Local (includes career, combination, and volunteer fire departments and fire districts)",1,0,30,30,,0
OH-09031,City of Oxford Fire Department,Local fire department,Butler,Oxford,09031,Mostly volunteer,"Local (includes career, combination, and volunteer fire departments and fire districts)",1,13,0,27,https://www.cityofoxford.org/government/departments/firedept.php,0
OH-09035,Ross Township Fire Department,Township fire department,Butler,Hamilton,09035,Mostly volunteer,"Local (includes career, combination, and volunteer fire departments and fire districts)",2,5,1,36,http://www.rosstwp.org/ross-township-fire-department/,0
OH-09037,Seven Mile Volunteer Fire Department-Life Squad,Volunteer fire department,Butler,Seven Mile,09037,Volunteer,"Local (includes career, combination, and volunteer fire departments and fire districts)",1,0,35,0,,0
OH-09039,Trenton Fire Department,Local fire department,Butler,Trenton,09039,Volunteer,"Local (includes career, combination, and volunteer fire departments and fire districts)",1,0,0,46,https://www.trentonoh.gov/176/Fire-Department,0
OH-09101,Fairfield Township Fire Department,Township fire department,Butler,Hamilton,09101,Mostly volunteer,"Local (includes career, combination, and volunteer fire departments and fire districts)",2,3,0,72,https://www.fairfieldtwp.org/fire,0
OH-09107,Liberty Township Fire Department,Township fire department,Butler,Liberty TWP,09107,Mostly career,"Local (includes career, combination, and volunteer fire departments and fire districts)",3,56,0,9,https://www.liberty-township.com/347/FireEMS-Services,0
OH-09109,Madison Township Fire Department,Township fire department,Butler,Middletown,09109,Volunteer,"Local (includes career, combination, and volunteer fire departments and fire districts)",3,0,0,50,,0
OH-09111,Milford Township Fire Department,Township fire department,Butler,Collinsville,09111,Volunteer,"Local (includes career, combination, and volunteer fire departments and fire districts)",3,0,28,0,,0
OH-09113,Morgan Township Fire Department,Township fire department,Butler,Okeana,09113,Mostly volunteer,"Local (includes career, combination, and volunteer fire departments and fire districts)",2,1,2,21,http://www.morgantwpfd.org/,0
OH-09117,Reily Township Fire Department,Township fire department,Butler,Oxford,09117,Volunteer,"Local (includes career, combination, and volunteer fire departments and fire districts)",2,0,36,0,,0
OH-09121,Saint Clair Township Fire & Rescue,Township fire department,Butler,Hamilton,09121,Volunteer,"Local (includes career, combination, and volunteer fire departments and fire districts)",1,0,36,0,https://www.sctfd.org,0
OH-09123,West Chester Township Fire Department,Township fire department,Butler,West Chester,09123,Mostly career,"Local (includes career, combination, and volunteer fire departments and fire districts)",5,75,0,43,https://www.westchesteroh.org/departments/fire-department,0
OH-09125,Wayne Township Fire Department,Township fire department,Butler,Trenton,09125,Volunteer,"Local (includes career, combination, and volunteer fire departments and fire districts)",1,0,20,0,https://waynetownship.net/fire-department-ems/,0
OH-10001,Carrollton Village Fire Department,Local fire department,Carroll,Carrollton,10001,Volunteer,"Local (includes career, combination, and volunteer fire departments and fire districts)",1,0,0,28,,0
OH-10003,Dellroy Community Fire Department,Local fire department,Carroll,Dellroy,10003,Volunteer,"Local (includes career, combination, and volunteer fire departments and fire districts)",1,0,20,0,,0
OH-10005,"Leesville Volunteer Fire Department, Inc.",Volunteer fire department,Carroll,Leesville,10005,Volunteer,"Local (includes career, combination, and volunteer fire departments and fire districts)",1,0,12,0,,4
OH-10009,Great Trails Fire District,Fire district,Carroll,Malvern,10009,Volunteer,"Local (includes career, combination, and volunteer fire departments and fire districts)",2,0,0,30,Greattrailfire.org,0
OH-10015,"Sherrodsville Volunteer Fire Department, Inc.",Private or industrial fire brigade,Carroll,Sherrodsville,10015,Volunteer,Private or industrial fire brigade,1,0,17,0,,0
OH-10020,Sherrodsville Community Fire & Rescue,Local fire department,Carroll,Sherrodsville,10020,Volunteer,"Local (includes career, combination, and volunteer fire departments and fire districts)",1,0,17,0,,0
OH-10101,Augusta Township Volunteer Fire Department,Township fire department,Carroll,Carrollton,10101,Volunteer,"Local (includes career, combination, and volunteer fire departments and fire districts)",1,0,12,0,,0
OH-10109,Fox Township Volunteer Fire Department,Township fire department,Carroll,Mechanicstown,10109,Volunteer,"Local (includes career, combination, and volunteer fire departments and fire districts)",1,0,19,0,,0
OH-10115,Loudon Township Volunteer Fire Company,Township fire department,Carroll,Carrollton,10115,Volunteer,"Local (includes career, combination, and volunteer fire departments and fire districts)",1,0,18,0,,0
OH-10121,Perry Township Volunteer Fire Department & EMS,Township fire department,Carroll,Scio,10121,Volunteer,"Local (includes career, combination, and volunteer fire departments and fire districts)",1,0,12,0,,0
OH-10200,"Carroll County Volunteer Fire Department, Inc.",County fire department,Carroll,Carrollton,10200,Volunteer,"Local (includes career, combination, and volunteer fire departments and fire districts)",1,0,23,0,,4
OH-11003,Mechanicsburg Fire & EMS Department,Local fire department,Champaign,Mechanicsburg,11003,Volunteer,"Local (includes career, combination, and volunteer fire departments and fire districts)",1,0,7,20,,0
OH-11011,Urbana Fire Division,Local fire department,Champaign,Urbana,11011,Career,"Local (includes career, combination, and volunteer fire departments and fire districts)",1,23,0,0,https://www.urbanaohio.com/fire--ems.html,0
OH-11101,Adams Township-Rosewood Fire Department,Township fire department,Champaign,Rosewood,11101,Volunteer,"Local (includes career, combination, and volunteer fire departments and fire districts)",1,0,15,0,,1
OH-11201,Christiansburg Fire Department,Local fire department,Champaign,Christiansburg,11201,Volunteer,"Local (includes career, combination, and volunteer fire departments and fire districts)",1,0,20,0,http://www.christiansburgfire.org/,0
OH-11207,Northeast Champaign County Fire District,Fire district,Champaign,North Lewisburg,11207,Mostly volunteer,"Local (includes career, combination, and volunteer fire departments and fire districts)",1,3,0,27,,0
OH-11209,JSP Joint Fire District,Fire district,Champaign,Saint Paris,11209,Volunteer,"Local (includes career, combination, and volunteer fire departments and fire districts)",1,0,0,35,,2
OH-12019,New Carlisle Fire Division,Local fire department,Clark,New Carlisle,12019,Volunteer,"Local (includes career, combination, and volunteer fire departments and fire districts)",1,0,0,40,,0
OH-12029,Springfield City Fire Rescue Division,Local fire department,Clark,Springfield,12029,Career,"Local (includes career, combination, and volunteer fire departments and fire districts)",7,127,0,0,https://springfieldohio.gov/springfield-services/fire-rescue/,0
OH-12101,Bethel Township Fire Department,Township fire department,Clark,Medway,12101,Volunteer,"Local (includes career, combination, and volunteer fire departments and fire districts)",2,0,0,65,http://betheltownshipfire.org,0
OH-12103,German Township Fire Department,Township fire department,Clark,Springfield,12103,Mostly volunteer,"Local (includes career, combination, and volunteer fire departments and fire districts)",1,8,0,27,https://germantownshipoh.com/fire_ems/,0
OH-12105,Pitchin Volunteer Fire Department,Volunteer fire department,Clark,Springfield,12105,Volunteer,"Local (includes career, combination, and volunteer fire departments and fire districts)",1,0,11,0,,1
OH-12107,Harmony Township Fire Department,Township fire department,Clark,South Vienna,12107,Volunteer,"Local (includes career, combination, and volunteer fire departments and fire districts)",1,0,0,13,,0
OH-12111,Mad River Township (Enon) Fire & EMS,Township fire department,Clark,Enon,12111,Volunteer,"Local (includes career, combination, and volunteer fire departments and fire districts)",1,0,55,37,https://madriverfireandems.org/,0
OH-12113,Moorefield Township Fire Department,Township fire department,Clark,Springfield,12113,Mostly volunteer,"Local (includes career, combination, and volunteer fire departments and fire districts)",1,2,0,27,https://moorefieldtownship.com/fire.html,1
OH-12115,Pike Township Fire & Emergency Department,Township fire department,Clark,New Carlisle,12115,Volunteer,"Local (includes career, combination, and volunteer fire departments and fire districts)",1,0,23,0,,0
OH-12117,Pleasant Township Fire Department,Township fire department,Clark,Catawba,12117,Volunteer,"Local (includes career, combination, and volunteer fire departments and fire districts)",1,0,0,27,,0
OH-12123,Springfield Township Fire Department Station 56,Township fire department,Clark,Springfield,12123,Volunteer,"Local (includes career, combination, and volunteer fire departments and fire districts)",3,0,75,2,https://www.spfldtwp.org/fire.html,0
OH-12125,Hustead Fire Department,Local fire department,Clark,Springfield,12125,Volunteer,"Local (includes career, combination, and volunteer fire departments and fire districts)",1,0,32,0,https://www.husteadfireandems.org/,0
OH-12225,Madison Township Fire & EMS,Township fire department,Clark,South Charleston,12225,Volunteer,"Local (includes career, combination, and volunteer fire departments and fire districts)",1,0,20,0,http://madisontownshipoh.net/Fire/,0
OH-13009,Felicity-Franklin Fire Department,Local fire department,Clermont,Felicity,13009,Volunteer,"Local (includes career, combination, and volunteer fire departments and fire districts)",1,0,0,30,,0
OH-13011,Goshen Township Fire & EMS,Township fire department,Clermont,Goshen,13011,Mostly volunteer,"Local (includes career, combination, and volunteer fire departments and fire districts)",2,19,2,41,https://goshen-oh.gov/fireems/,0
OH-13015,Milford Community Fire Department,Local fire department,Clermont,Milford,13015,Mostly volunteer,"Local (includes career, combination, and volunteer fire departments and fire districts)",1,10,5,45,https://www.milfordcommunityfd.org,11
OH-13023,New Richmond Fire and EMS Department,Local fire department,Clermont,New Richmond,13023,Mostly volunteer,"Local (includes career, combination, and volunteer fire departments and fire districts)",2,4,0,20,https://nrfems.org/,0
OH-13027,Owensville Fire & Rescue,Local fire department,Clermont,Owensville,13027,Mostly volunteer,"Local (includes career, combination, and volunteer fire departments and fire districts)",2,6,32,0,,0
OH-13029,Williamsburg Township Emergency Services,Township fire department,Clermont,Williamsburg,13029,Mostly volunteer,"Local (includes career, combination, and volunteer fire departments and fire districts)",1,2,0,35,,0
OH-13109,Miami Township Fire & EMS,Township fire department,Clermont,Milford,13109,Mostly career,"Local (includes career, combination, and volunteer fire departments and fire districts)",4,70,4,13,https://www.miamitwpoh.gov/fd/index.html,0
OH-13111,Monroe Township Fire/EMS,Township fire department,Clermont,Bethel,13111,Mostly volunteer,"Local (includes career, combination, and volunteer fire departments and fire districts)",2,12,0,14,https://www.monroetwpfire.net/,1
OH-13115,Pierce Township Fire Department,Township fire department,Clermont,Cincinnati,13115,Mostly volunteer,"Local (includes career, combination, and volunteer fire departments and fire districts)",2,21,0,26,https://piercetownship.org/fire-department/,0
OH-13119,Bethel-Tate Fire Department,Local fire department,Clermont,Bethel,13119,Mostly volunteer,"Local (includes career, combination, and volunteer fire departments and fire districts)",1,15,5,42,https://tatetownship.org/fire-department-and-ems/,8
OH-13123,Washington Township Fire & Rescue,Township fire department,Clermont,Moscow,13123,Mostly volunteer,"Local (includes career, combination, and volunteer fire departments and fire districts)",1,3,4,18,https://washingtontwpclermont.org/,0
OH-13125,Wayne Township Fire & Rescue,Township fire department,Clermont,Goshen,13125,Mostly volunteer,"Local (includes career, combination, and volunteer fire departments and fire districts)",2,4,2,45,https://www.wayne-township.org/fire-and-rescue,0
OH-13203,Central Joint Fire-EMS District,Fire district,Clermont,Batavia,13203,Mostly career,"Local (includes career, combination, and volunteer fire departments and fire districts)",2,36,1,0,https://www.cjfed.org,4
OH-13229,Union Township Fire Department,Township fire department,Clermont,Cincinnati,13229,Career,"Local (includes career, combination, and volunteer fire departments and fire districts)",6,60,0,0,https://www.utclermont.gov/171/Fire-Department,0
OH-13230,Jackson Township Fire & Rescue,Township fire department,Clermont,Williamsburg,13230,Volunteer,"Local (includes career, combination, and volunteer fire departments and fire districts)",1,0,0,26,https://www.jacksontwpclermontoh.gov/fire-dept.html,0
OH-14001,Blanchester Marion Township Fire District,Fire district,Clinton,Blanchester,14001,Volunteer,"Local (includes career, combination, and volunteer fire departments and fire districts)",1,0,35,0,,0
OH-14003,Clinton Warren Joint Fire and Rescue District,Fire district,Clinton,Clarksville,14003,Mostly volunteer,"Local (includes career, combination, and volunteer fire departments and fire districts)",1,2,10,35,,0
OH-14007,Martinsville-Clark Township Fire Department,Township fire department,Clinton,Martinsville,14007,Volunteer,"Local (includes career, combination, and volunteer fire departments and fire districts)",1,0,19,0,,0
OH-14013,Clinton Highland Joint Fire District,Fire district,Clinton,New Vienna,14013,Volunteer,"Local (includes career, combination, and volunteer fire departments and fire districts)",1,0,26,0,,1
OH-14015,Port William Fire Department,Local fire department,Clinton,Wilmington,14015,Volunteer,"Local (includes career, combination, and volunteer fire departments and fire districts)",1,0,0,21,,1
OH-14017,SRWW Joint Fire District,Fire district,Clinton,Sabina,14017,Volunteer,"Local (includes career, combination, and volunteer fire departments and fire districts)",1,0,0,16,,0
OH-14019,Wilmington Fire Department,Local fire department,Clinton,Wilmington,14019,Mostly career,"Local (includes career, combination, and volunteer fire departments and fire districts)",2,21,0,4,,0
OH-14103,Chester Township Volunteer Fire Department,State government,Clinton,Wilmington,14103,Volunteer,State government (includes state forest fire agencies and state institution fire departments),2,0,0,34,https://ctvfd911.org/,0
OH-14109,Clinton South Joint Fire District,Fire district,Clinton,Midland,14109,Volunteer,"Local (includes career, combination, and volunteer fire departments and fire districts)",1,0,15,0,,0
OH-15001,Calcutta Fire Department,Local fire department,Columbiana,Calcutta,15001,Volunteer,"Local (includes career, combination, and volunteer fire departments and fire districts)",1,0,35,0,,1
OH-15005,Columbiana Fire Department,Local fire department,Columbiana,Columbiana,15005,Volunteer,"Local (includes career, combination, and volunteer fire departments and fire districts)",1,0,0,22,,0
OH-15009,East Liverpool Fire Department,Local fire department,Columbiana,East Liverpool,15009,Career,"Local (includes career, combination, and volunteer fire departments and fire districts)",1,16,0,0,,0
OH-15011,East Palestine Fire Department,Local fire department,Columbiana,East Palestine,15011,Mostly volunteer,"Local (includes career, combination, and volunteer fire departments and fire districts)",2,1,0,27,,0
OH-15015,"Hanover Township Volunteer Fire Association, INC.",Private or industrial fire brigade,Columbiana,Hanoverton,15015,Volunteer,Private or industrial fire brigade,1,0,15,0,,0
OH-15017,Homeworth Volunteer Fire Company Inc.,Volunteer fire department,Columbiana,Homeworth,15017,Volunteer,"Local (includes career, combination, and volunteer fire departments and fire districts)",1,0,22,0,,0
OH-15023,Leetonia Fire Department,Local fire department,Columbiana,Leetonia,15023,Volunteer,"Local (includes career, combination, and volunteer fire departments and fire districts)",1,0,0,27,,0
OH-15025,Lisbon Volunteer Fire Department,Volunteer fire department,Columbiana,Lisbon,15025,Volunteer,"Local (includes career, combination, and volunteer fire departments and fire districts)",1,0,0,26,,0
OH-15027,New Waterford Volunteer Fire Department,Volunteer fire department,Columbiana,New Waterford,15027,Volunteer,"Local (includes career, combination, and volunteer fire departments and fire districts)",1,0,25,0,,3
OH-15029,North Georgetown Volunteer Fire Department,Volunteer fire department,Columbiana,North Georgetown,15029,Volunteer,"Local (includes career, combination, and volunteer fire departments and fire districts)",1,0,15,0,https://northgeorgetownfire.org/,3
OH-15033,Salem Fire Department,Local fire department,Columbiana,Salem,15033,Career,"Local (includes career, combination, and volunteer fire departments and fire districts)",1,16,0,0,,3
OH-15035,Salineville Volunteer Fire Department,Volunteer fire department,Columbiana,Salineville,15035,Mostly volunteer,"Local (includes career, combination, and volunteer fire departments and fire districts)",1,1,29,0,,3
OH-15047,Wellsville Fire Department,Local fire department,Columbiana,Wellsville,15047,Mostly volunteer,"Local (includes career, combination, and volunteer fire departments and fire districts)",1,4,0,25,,2
OH-15109,Franklin Township Volunteer Fire Department,Township fire department,Columbiana,Summitville,15109,Volunteer,"Local (includes career, combination, and volunteer fire departments and fire districts)",1,0,20,0,,0
OH-15115,Liverpool Township Fire Department,Township fire department,Columbiana,East Liverpool,15115,Volunteer,"Local (includes career, combination, and volunteer fire departments and fire districts)",2,0,27,0,,1
OH-15200,Glenmoor Volunteer Fire Department,Volunteer fire department,Columbiana,East Liverpool,15200,Volunteer,"Local (includes career, combination, and volunteer fire departments and fire districts)",2,0,25,0,,1
OH-15201,"Highlandtown Volunteer Fire Department, Inc.",Volunteer fire department,Columbiana,Salineville,15201,Volunteer,"Local (includes career, combination, and volunteer fire departments and fire districts)",1,0,31,0,,2
OH-15202,"Negley Volunteer Fire Department Association, Inc.",Volunteer fire department,Columbiana,Negley,15202,Volunteer,"Local (includes career, combination, and volunteer fire departments and fire districts)",2,0,28,0,,0
OH-15205,West Point Fire Department,Local fire department,Columbiana,West Point,15205,Volunteer,"Local (includes career, combination, and volunteer fire departments and fire districts)",1,0,14,0,,0
OH-15206,"Winona Fire Department, Inc.",Private or industrial fire brigade,Columbiana,Winona,15206,Volunteer,Private or industrial fire brigade,1,0,27,0,https://winonafire.com/,2
OH-15207,Perry Township Volunteer Fire Department,Township fire department,Columbiana,Salem,15207,Volunteer,"Local (includes career, combination, and volunteer fire departments and fire districts)",2,0,26,0,,6
OH-15208,Wellsville Volunteer Fire Department,Volunteer fire department,Columbiana,Wellsville,15208,Mostly volunteer,"Local (includes career, combination, and volunteer fire departments and fire districts)",1,3,23,0,https://www.wellsvillevfd.com,0
OH-16001,FCV Volunteer Fire Department,Volunteer fire department,Coshocton,Conesville,16001,Volunteer,"Local (includes career, combination, and volunteer fire departments and fire districts)",1,0,17,0,,0
OH-16003,Coshocton Fire Department,Local fire department,Coshocton,Coshocton,16003,Career,"Local (includes career, combination, and volunteer fire departments and fire districts)",1,18,0,0,https://coshoctonfire.org/,0
OH-16013,West Lafayette Volunteer Fire Department,Volunteer fire department,Coshocton,West Lafayette,16013,Volunteer,"Local (includes career, combination, and volunteer fire departments and fire districts)",1,0,0,20,,0
OH-16137,Three Rivers Fire District,Fire district,Coshocton,Coshocton,16137,Volunteer,"Local (includes career, combination, and volunteer fire departments and fire districts)",2,0,0,33,https://www.trfd4.org/,1
OH-16211,Walhonding Valley Fire District,Fire district,Coshocton,Warsaw,16211,Volunteer,"Local (includes career, combination, and volunteer fire departments and fire districts)",1,0,0,42,,2
OH-16215,Bakersville Volunteer Fire Department,Volunteer fire department,Coshocton,Bakersville,16215,Volunteer,"Local (includes career, combination, and volunteer fire departments and fire districts)",1,0,20,0,,0
OH-16300,Jackson Township Fire Department,Township fire department,Coshocton,Coshocton,16300,Volunteer,"Local (includes career, combination, and volunteer fire departments and fire districts)",1,0,24,24,,0
OH-17001,Bucyrus Fire Department,Local fire department,Crawford,Bucyrus,17001,Career,"Local (includes career, combination, and volunteer fire departments and fire districts)",1,19,0,0,https://www.cityofbucyrusoh.us/bucyrus-city-fire-department,0
OH-17005,Crestline Fire Department,Local fire department,Crawford,Crestline,17005,Mostly volunteer,"Local (includes career, combination, and volunteer fire departments and fire districts)",1,6,0,12,https://crestlineoh.com/departments/fire-department,1
OH-17007,City of Galion Fire Department,Local fire department,Crawford,Galion,17007,Career,"Local (includes career, combination, and volunteer fire departments and fire districts)",2,20,0,0,https://www.galion.city/175/Fire-Emergency-Medical-Services-Departme,0
OH-17009,New Washington Fire Department,Local fire department,Crawford,New Washington,17009,Volunteer,"Local (includes career, combination, and volunteer fire departments and fire districts)",1,0,20,0,,0
OH-17013,Tiro-Auburn Volunteer Fire Department,Volunteer fire department,Crawford,Tiro,17013,Volunteer,"Local (includes career, combination, and volunteer fire departments and fire districts)",1,0,40,0,,0
OH-17103,Bucyrus Township Fire Department,Township fire department,Crawford,Bucyrus,17103,Volunteer,"Local (includes career, combination, and volunteer fire departments and fire districts)",1,0,24,0,,0
OH-17109,Dallas Township Volunteer Fire Department,Township fire department,Crawford,Marion,17109,Volunteer,"Local (includes career, combination, and volunteer fire departments and fire districts)",1,0,17,0,,0
OH-17111,Holmes Township Volunteer Fire Department,Township fire department,Crawford,Bucyrus,17111,Volunteer,"Local (includes career, combination, and volunteer fire departments and fire districts)",1,0,32,0,,0
OH-17117,Liberty Township Fire Department,Township fire department,Crawford,Sulphur Springs,17117,Volunteer,"Local (includes career, combination, and volunteer fire departments and fire districts)",1,0,26,4,,0
OH-17131,Whetstone Township Fire Department,Township fire department,Crawford,Bucyrus,17131,Volunteer,"Local (includes career, combination, and volunteer fire departments and fire districts)",3,0,0,27,,0
OH-17200,Jefferson Township Fire Department,Township fire department,Crawford,Galion,17200,Volunteer,"Local (includes career, combination, and volunteer fire departments and fire districts)",1,0,28,0,,0
OH-18001,Bay Village Fire Department,Local fire department,Cuyahoga,Bay Village,18001,Career,"Local (includes career, combination, and volunteer fire departments and fire districts)",1,25,0,0,https://www.cityofbayvillage.com/,0
OH-18003,City of Beachwood Fire Department,Local fire department,Cuyahoga,Beachwood,18003,Career,"Local (includes career, combination, and volunteer fire departments and fire districts)",2,45,0,0,,0
OH-18005,Bedford Division of Fire,Local fire department,Cuyahoga,Bedford,18005,Career,"Local (includes career, combination, and volunteer fire departments and fire districts)",1,29,0,0,https://www.bedfordoh.gov/site.cfm/City-Departments/Fire-Department.cfm,0
OH-18007,Bedford Heights Fire Department,Local fire department,Cuyahoga,Bedford Heights,18007,Career,"Local (includes career, combination, and volunteer fire departments and fire districts)",1,23,0,0,https://www.bedfordheights.gov/departments/fire/index.php,0
OH-18011,Berea Fire Department,Local fire department,Cuyahoga,Berea,18011,Career,"Local (includes career, combination, and volunteer fire departments and fire districts)",1,23,0,0,https://cityofberea.org/154/Fire-Department,1
OH-18015,Brecksville Fire Department,Local fire department,Cuyahoga,Brecksville,18015,Mostly volunteer,"Local (includes career, combination, and volunteer fire departments and fire districts)",1,16,0,25,https://www.brecksville.oh.us/Fire/fire.html,0
OH-18017,Broadview Heights Fire Department,Local fire department,Cuyahoga,Broadview Heights,18017,Mostly career,"Local (includes career, combination, and volunteer fire departments and fire districts)",2,19,0,15,,0
OH-18019,Brook Park Fire Department,Local fire department,Cuyahoga,Brook Park,18019,Career,"Local (includes career, combination, and volunteer fire departments and fire districts)",2,30,0,0,http://www.cityofbrookpark.com/fire-department/,0
OH-18021,Brooklyn Fire Department,Local fire department,Cuyahoga,Brooklyn,18021,Mostly career,"Local (includes career, combination, and volunteer fire departments and fire districts)",1,25,0,12,https://www.brooklynohio.gov,7
OH-18023,Brooklyn Heights Fire Department,Local fire department,Cuyahoga,Brooklyn Heights,18023,Volunteer,"Local (includes career, combination, and volunteer fire departments and fire districts)",1,0,0,30,https://www.brooklynhts.org/206/Fire-Department,0
OH-18025,Chagrin Falls Fire Department,Local fire department,Cuyahoga,Chagrin Falls,18025,Mostly volunteer,"Local (includes career, combination, and volunteer fire departments and fire districts)",1,7,0,45,,0
OH-18027,Cleveland Division of Fire,Local fire department,Cuyahoga,Cleveland,18027,Career,"Local (includes career, combination, and volunteer fire departments and fire districts)",26,790,0,0,https://www.city.cleveland.oh.us/CityofCleveland/Home/Government/CityAgencies/PublicSafety/Division%2,0
OH-18029,Cleveland Heights Fire Department,Local fire department,Cuyahoga,Cleveland Heights,18029,Career,"Local (includes career, combination, and volunteer fire departments and fire districts)",2,69,0,0,,0
OH-18031,Cuyahoga Heights Fire Department,Local fire department,Cuyahoga,Cleveland,18031,Mostly volunteer,"Local (includes career, combination, and volunteer fire departments and fire districts)",1,14,0,14,,0
OH-18033,East Cleveland Fire and Emergency Medical Services,Local fire department,Cuyahoga,East Cleveland,18033,Career,"Local (includes career, combination, and volunteer fire departments and fire districts)",2,44,0,0,,0
OH-18035,Euclid Fire Department,Local fire department,Cuyahoga,Euclid,18035,Career,"Local (includes career, combination, and volunteer fire departments and fire districts)",3,86,0,0,https://www.cityofeuclid.com/fire,0
OH-18037,Fairview Park Fire Department,Local fire department,Cuyahoga,Fairview Park,18037,Career,"Local (includes career, combination, and volunteer fire departments and fire districts)",1,25,0,0,https://www.fairviewpark.org/187/Fire-Department,0
OH-18039,Garfield Heights Fire Department,Local fire department,Cuyahoga,Garfield Heights,18039,Career,"Local (includes career, combination, and volunteer fire departments and fire districts)",2,47,0,0,https://www.garfieldhts.org,0
OH-18041,Gates Mills Fire Department,Local fire department,Cuyahoga,Gates Mills,18041,Volunteer,"Local (includes career, combination, and volunteer fire departments and fire districts)",1,0,0,22,https://www.gatesmillsvillage.com/fire,0
OH-18045,Highland Heights Fire Department,Local fire department,Cuyahoga,Highland Heights,18045,Mostly career,"Local (includes career, combination, and volunteer fire departments and fire districts)",1,18,0,10,https://www.highlandhts.com/,0
OH-18049,Independence Fire Departemnt,Local fire department,Cuyahoga,Independence,18049,Mostly career,"Local (includes career, combination, and volunteer fire departments and fire districts)",1,21,0,10,https://www.independenceohio.org/,0
OH-18050,Lakewood Fire Department,Local fire department,Cuyahoga,Lakewood,18050,Career,"Local (includes career, combination, and volunteer fire departments and fire districts)",3,90,0,0,https://www.lakewoodoh.gov/fire/,0
OH-18053,Lyndhurst Fire Department,Local fire department,Cuyahoga,Lyndhurst,18053,Career,"Local (includes career, combination, and volunteer fire departments and fire districts)",1,26,0,0,https://www.lyndhurstohio.gov/page/fire-department,0
OH-18055,Maple Heights Fire Department,Local fire department,Cuyahoga,Maple Heights,18055,Career,"Local (includes career, combination, and volunteer fire departments and fire districts)",2,38,0,0,https://citymapleheights.com/government/departments/fire-department/,0
OH-18057,Mayfield Village Fire Department,Local fire department,Cuyahoga,Mayfield,18057,Mostly career,"Local (includes career, combination, and volunteer fire departments and fire districts)",1,17,0,8,,1
OH-18059,Mayfield Heights Fire Department,Local fire department,Cuyahoga,Mayfield Heights,18059,Career,"Local (includes career, combination, and volunteer fire departments and fire districts)",1,39,0,0,https://www.mayfieldheightsohio.gov/165/Fire,0
OH-18061,Middleburg Heights Fire Department,Local fire department,Cuyahoga,Middleburg Heights,18061,Career,"Local (includes career, combination, and volunteer fire departments and fire districts)",1,27,0,0,https://middleburgheights.com/fire/,0
OH-18065,Newburgh Heights Fire Department,Local fire department,Cuyahoga,Newburgh Heights,18065,Career,"Local (includes career, combination, and volunteer fire departments and fire districts)",1,21,0,0,,0
OH-18069,North Randall Fire Department,Local fire department,Cuyahoga,North Randall,18069,Career,"Local (includes career, combination, and volunteer fire departments and fire districts)",1,39,0,0,http://northrandall.com/fire/,0
OH-18071,North Royalton Fire Department,Local fire department,Cuyahoga,North Royalton,18071,Mostly career,"Local (includes career, combination, and volunteer fire departments and fire districts)",2,34,0,5,https://www.northroyalton.org/Fire_Dept.htm,0
OH-18073,Oakwood Village Fire Department,Local fire department,Cuyahoga,Oakwood Village,18073,Mostly volunteer,"Local (includes career, combination, and volunteer fire departments and fire districts)",2,1,0,64,https://www.oakwoodvillageoh.com/departments/fire-department/,0
OH-18075,City of North Olmsted Fire Department,Local fire department,Cuyahoga,North Olmsted,18075,Career,"Local (includes career, combination, and volunteer fire departments and fire districts)",2,45,0,0,https://www.north-olmsted.com/departments/public_safety/index.php,0
OH-18077,Olmsted Falls Fire Department,Local fire department,Cuyahoga,Olmsted Falls,18077,Mostly volunteer,"Local (includes career, combination, and volunteer fire departments and fire districts)",1,7,0,18,http://olmstedfalls.org/departments/fire_department.php,0
OH-18079,Orange Village Fire Department,Local fire department,Cuyahoga,Chagrin Falls,18079,Volunteer,"Local (includes career, combination, and volunteer fire departments and fire districts)",1,0,0,40,https://www.orangevillage.com/fire-department/,0
OH-18081,Parma Fire Department,Local fire department,Cuyahoga,Parma,18081,Career,"Local (includes career, combination, and volunteer fire departments and fire districts)",5,112,0,0,https://www.cityofparma-oh.gov/en-US/Fire-Department.aspx,0
OH-18082,Seven Hills Fire Department,Local fire department,Cuyahoga,Seven Hills,18082,Volunteer,"Local (includes career, combination, and volunteer fire departments and fire districts)",1,0,0,36,https://www.sevenhillsohio.org/departments/fire.aspx,0
OH-18083,Parma Heights Fire Department,Local fire department,Cuyahoga,Parma Heights,18083,Career,"Local (includes career, combination, and volunteer fire departments and fire districts)",1,30,0,0,https://parmaheightsoh.gov/fire-department-2/,0
OH-18084,Shaker Heights Fire Department,Local fire department,Cuyahoga,Shaker Heights,18084,Career,"Local (includes career, combination, and volunteer fire departments and fire districts)",2,51,0,0,,0
OH-18085,Pepper Pike Fire Department,Local fire department,Cuyahoga,Pepper Pike,18085,Mostly volunteer,"Local (includes career, combination, and volunteer fire departments and fire districts)",1,7,0,21,https://www.pepperpike.org/,0
OH-18086,Solon Fire Department,Local fire department,Cuyahoga,Solon,18086,Career,"Local (includes career, combination, and volunteer fire departments and fire districts)",3,61,0,0,https://www.solonohio.org/index.aspx?nid=200,2
OH-18087,Richmond Heights Fire Department,Local fire department,Cuyahoga,Richmond Heights,18087,Mostly career,"Local (includes career, combination, and volunteer fire departments and fire districts)",1,22,0,1,https://www.richmondheightsohio.org/165/Fire-Department,0
OH-18089,Rocky River Fire Department,Local fire department,Cuyahoga,Rocky River,18089,Career,"Local (includes career, combination, and volunteer fire departments and fire districts)",1,29,0,0,,0
OH-18090,South Euclid Fire Department,Local fire department,Cuyahoga,South Euclid,18090,Career,"Local (includes career, combination, and volunteer fire departments and fire districts)",1,36,0,0,https://cityofsoutheuclid.com/fire/,0
OH-18091,Strongsville Fire and Emergency Services,Local fire department,Cuyahoga,Strongsville,18091,Career,"Local (includes career, combination, and volunteer fire departments and fire districts)",4,68,0,0,http://www.strongsville.org/departments/fire-emergency-services,0
OH-18092,University Heights Fire Department,Local fire department,Cuyahoga,University Heights,18092,Career,"Local (includes career, combination, and volunteer fire departments and fire districts)",1,29,0,0,,0
OH-18093,Valley View Fire Department,Local fire department,Cuyahoga,Valley View,18093,Mostly volunteer,"Local (includes career, combination, and volunteer fire departments and fire districts)",1,13,0,20,https://www.valleyview.net/fire-department,0
OH-18097,Westlake Fire Department,Local fire department,Cuyahoga,Westlake,18097,Career,"Local (includes career, combination, and volunteer fire departments and fire districts)",2,45,0,0,https://www.cityofwestlake.org/179/Fire,0
OH-18098,Woodmere Fire Department,Local fire department,Cuyahoga,Woodmere,18098,Volunteer,"Local (includes career, combination, and volunteer fire departments and fire districts)",1,0,0,24,,0
OH-18103,Olmsted Township Fire Department,Township fire department,Cuyahoga,Olmsted TWP,18103,Career,"Local (includes career, combination, and volunteer fire departments and fire districts)",1,20,0,0,https://www.olmstedtownshipohio.gov/160/Fire,0
OH-18107,Warrensville Heights Fire Department,Local fire department,Cuyahoga,Warrensville Heights,18107,Career,"Local (includes career, combination, and volunteer fire departments and fire districts)",2,29,0,0,https://cityofwarrensville.com/162/Fire-Department,0
OH-18300,Cleveland Hopkins International Airport Fire-Rescue Department,Local fire department,Cuyahoga,Cleveland,18300,Career,"Local (includes career, combination, and volunteer fire departments and fire districts)",2,62,0,0,,0
OH-18401,Highland Hills Fire Department,Local fire department,Cuyahoga,Highland Hills,18401,Mostly volunteer,"Local (includes career, combination, and volunteer fire departments and fire districts)",1,1,0,29,,0
OH-19001,Ansonia Volunteer Fire Department,Volunteer fire department,Darke,Ansonia,19001,Volunteer,"Local (includes career, combination, and volunteer fire departments and fire districts)",1,0,25,0,,0
OH-19003,Arcanum Fire Department,Local fire department,Darke,Arcanum,19003,Volunteer,"Local (includes career, combination, and volunteer fire departments and fire districts)",1,0,0,28,,0
OH-19019,Greenville Fire Department,Local fire department,Darke,Greenville,19019,Mostly career,"Local (includes career, combination, and volunteer fire departments and fire districts)",1,20,0,3,https://www.cityofgreenville.org/,5
OH-19021,"Hollansburg Community Fire Department, Inc.",Local fire department,Darke,Hollansburg,19021,Volunteer,"Local (includes career, combination, and volunteer fire departments and fire districts)",1,0,20,0,,0
OH-19039,Pitsburg Fire Department,Local fire department,Darke,Pitsburg,19039,Volunteer,"Local (includes career, combination, and volunteer fire departments and fire districts)",1,0,18,0,,1
OH-19041,Rossburg Fire Department,Local fire department,Darke,Rossburg,19041,Volunteer,"Local (includes career, combination, and volunteer fire departments and fire districts)",1,0,18,0,,0
OH-19043,Union City Fire Department,Local fire department,Darke,Union City,19043,Mostly volunteer,"Local (includes career, combination, and volunteer fire departments and fire districts)",1,4,0,17,https://ucofd.com/,0
OH-19045,Versailles Fire Department,Local fire department,Darke,Versailles,19045,Volunteer,"Local (includes career, combination, and volunteer fire departments and fire districts)",1,0,0,27,,2
OH-19115,Liberty Township Volunteer Fire Department,Township fire department,Darke,Palestine,19115,Volunteer,"Local (includes career, combination, and volunteer fire departments and fire districts)",1,0,5,0,,0
OH-19215,"Gettysburg Rural Fire Department, Inc.",Local fire department,Darke,Gettysburg,19215,Volunteer,"Local (includes career, combination, and volunteer fire departments and fire districts)",1,0,24,0,,0
OH-19227,New Madison Community Volunteer Fire Co Inc.,Private or industrial fire brigade,Darke,New Madison,19227,Volunteer,Private or industrial fire brigade,1,0,28,0,,2
OH-19231,North Star Fire Department,Private or industrial fire brigade,Darke,North Star,19231,Volunteer,Private or industrial fire brigade,1,0,20,0,,0
OH-19233,Osgood Community Volunteer Fire Department,Volunteer fire department,Darke,Osgood,19233,Volunteer,"Local (includes career, combination, and volunteer fire departments and fire districts)",1,0,29,0,,0
OH-19252,Greenville Township Emergency Service,Township fire department,Darke,Greenville,19252,Mostly volunteer,"Local (includes career, combination, and volunteer fire departments and fire districts)",1,12,0,20,,0
OH-20001,Defiance Fire and Rescue Division,Local fire department,Defiance,Defiance,20001,Mostly career,"Local (includes career, combination, and volunteer fire departments and fire districts)",1,26,0,6,https://cityofdefiance.com/191/Fire-Rescue,0
OH-20003,Hicksville Volunteer Fire Department,Volunteer fire department,Defiance,Hicksville,20003,Volunteer,"Local (includes career, combination, and volunteer fire departments and fire districts)",1,0,0,28,https://www.villageofhicksville.com/gov/hicksville-fire-department/,0
OH-20011,Village of Sherwood Volunteer Fire Department,Volunteer fire department,Defiance,Sherwood,20011,Volunteer,"Local (includes career, combination, and volunteer fire departments and fire districts)",1,0,19,3,,0
OH-20107,Farmer Township Fire Department,Township fire department,Defiance,Farmer,20107,Volunteer,"Local (includes career, combination, and volunteer fire departments and fire districts)",1,0,0,21,,0
OH-20111,Highland Township Fire Department,Township fire department,Defiance,Defiance,20111,Volunteer,"Local (includes career, combination, and volunteer fire departments and fire districts)",1,0,43,0,,5
OH-20117,Noble Township Fire Department,Township fire department,Defiance,Defiance,20117,Volunteer,"Local (includes career, combination, and volunteer fire departments and fire districts)",1,0,11,0,,2
OH-20119,South Richland Fire Department,Local fire department,Defiance,Defiance,20119,Volunteer,"Local (includes career, combination, and volunteer fire departments and fire districts)",1,0,35,0,,0
OH-20121,Tiffin Township Volunteer Fire Department,Township fire department,Defiance,Evansport,20121,Volunteer,"Local (includes career, combination, and volunteer fire departments and fire districts)",1,0,35,0,,1
OH-20124,Delaware Township Fire Department,Township fire department,Defiance,Defiance,20124,Volunteer,"Local (includes career, combination, and volunteer fire departments and fire districts)",1,0,47,0,,0
OH-21001,Elm Valley Joint Fire District,Fire district,Delaware,Ashley,21001,Volunteer,"Local (includes career, combination, and volunteer fire departments and fire districts)",1,0,0,30,https://elmvalleyfire.com/,1
OH-21003,Delaware Fire Department,Local fire department,Delaware,Delaware,21003,Career,"Local (includes career, combination, and volunteer fire departments and fire districts)",4,65,0,0,http://www.delawareohio.net/about-the-fire-department/,0
OH-21103,Berlin Township Fire Department,Township fire department,Delaware,Delaware,21103,Mostly volunteer,"Local (includes career, combination, and volunteer fire departments and fire districts)",1,9,0,18,https://www.berlintwp.us/,0
OH-21107,Concord Township Fire and Rescue,Township fire department,Delaware,Delaware,21107,Mostly volunteer,"Local (includes career, combination, and volunteer fire departments and fire districts)",1,18,0,25,,0
OH-21111,Genoa Township Fire Department,Township fire department,Delaware,Galena,21111,Career,"Local (includes career, combination, and volunteer fire departments and fire districts)",1,21,0,0,https://www.genoatwp.com,0
OH-21113,Harlem Township Division of Fire,Township fire department,Delaware,Galena,21113,Mostly volunteer,"Local (includes career, combination, and volunteer fire departments and fire districts)",1,7,0,32,https://www.harlemtwp.com/departments/fire.php,0
OH-21117,Liberty Township Fire Department,Township fire department,Delaware,Powell,21117,Mostly career,"Local (includes career, combination, and volunteer fire departments and fire districts)",2,55,0,14,http://www.libertytwp.org/157/Fire-Department,0
OH-21121,Orange Township Fire Department,Township fire department,Delaware,Delaware,21121,Career,"Local (includes career, combination, and volunteer fire departments and fire districts)",2,56,0,0,https://www.orangetwp.org/departments/fire/,0
OH-21125,Porter Kingston Fire District,Fire district,Delaware,Sunbury,21125,Mostly volunteer,"Local (includes career, combination, and volunteer fire departments and fire districts)",1,3,0,28,https://www.pkfd.org,1
OH-21127,Radnor Township Fire Department,Township fire department,Delaware,Radnor,21127,Volunteer,"Local (includes career, combination, and volunteer fire departments and fire districts)",1,0,0,28,,0
OH-21129,Scioto Township Fire Department,Township fire department,Delaware,Ostrander,21129,Volunteer,"Local (includes career, combination, and volunteer fire departments and fire districts)",1,0,0,24,,0
OH-21215,BST & G Joint Fire District,Fire district,Delaware,Sunbury,21215,Mostly volunteer,"Local (includes career, combination, and volunteer fire departments and fire districts)",1,15,0,23,http://bstgfire.org/,0
OH-21233,Tri-Township Fire District,Fire district,Delaware,Delaware,21233,Mostly volunteer,"Local (includes career, combination, and volunteer fire departments and fire districts)",2,4,0,30,,0
OH-22001,Bay View Fire Department,Local fire department,Erie,Sandusky,22001,Volunteer,"Local (includes career, combination, and volunteer fire departments and fire districts)",1,0,0,20,,2
OH-22009,Huron Fire Department,Local fire department,Erie,Huron,22009,Mostly volunteer,"Local (includes career, combination, and volunteer fire departments and fire districts)",2,13,0,26,https://www.cityofhuron.org/huron/fire-department.html,0
OH-22011,Kelleys Island Volunteer Fire Department,Volunteer fire department,Erie,Kelleys Island,22011,Volunteer,"Local (includes career, combination, and volunteer fire departments and fire districts)",1,0,0,12,,0
OH-22013,Milan Township Fire Department,Township fire department,Erie,Milan,22013,Volunteer,"Local (includes career, combination, and volunteer fire departments and fire districts)",2,0,34,0,https://milantwp.org/fire/,0
OH-22015,Sandusky Fire Department,Local fire department,Erie,Sandusky,22015,Career,"Local (includes career, combination, and volunteer fire departments and fire districts)",3,50,0,0,https://www.cityofsandusky.com/departments/firegovernment/department/fire/index.php,0
OH-22017,Vermilion Fire Department,Local fire department,Erie,Vermilion,22017,Mostly volunteer,"Local (includes career, combination, and volunteer fire departments and fire districts)",3,1,0,35,,0
OH-22101,Berlin Township Fire Department,Township fire department,Erie,Berlin Heights,22101,Volunteer,"Local (includes career, combination, and volunteer fire departments and fire districts)",1,0,28,0,,0
OH-22103,Florence Township Fire Department,Township fire department,Erie,Wakeman,22103,Volunteer,"Local (includes career, combination, and volunteer fire departments and fire districts)",1,0,0,30,https://florencetwp.com/fire-department/,0
OH-22109,Margaretta Township Fire Department,Township fire department,Erie,Castalia,22109,Mostly volunteer,"Local (includes career, combination, and volunteer fire departments and fire districts)",1,8,0,13,https://www.margarettatwp.org/fire-department,0
OH-22115,Perkins Township Fire Department,Township fire department,Erie,Sandusky,22115,Mostly volunteer,"Local (includes career, combination, and volunteer fire departments and fire districts)",2,24,0,27,https://www.perkinstownship.com/fire,8
OH-22116,Groton Township Fire Department,Township fire department,Erie,Castalia,22116,Volunteer,"Local (includes career, combination, and volunteer fire departments and fire districts)",2,0,0,18,https://www.grotonfire.org/,0
OH-22200,Vermilion Township Fire Department,Township fire department,Erie,Vermilion,22200,Mostly volunteer,"Local (includes career, combination, and volunteer fire departments and fire districts)",1,1,23,0,https://www.vermiliontownship.com/fire,0
OH-23001,Amanda Township Fire Department,Township fire department,Fairfield,Amanda,23001,Volunteer,"Local (includes career, combination, and volunteer fire departments and fire districts)",1,0,32,0,,2
OH-23005,Bremen-Rushcreek Fire Department,Local fire department,Fairfield,Bremen,23005,Volunteer,"Local (includes career, combination, and volunteer fire departments and fire districts)",1,0,0,45,,0
OH-23011,Lancaster Fire Department,Local fire department,Fairfield,Lancaster,23011,Career,"Local (includes career, combination, and volunteer fire departments and fire districts)",3,84,0,0,https://www.ci.lancaster.oh.us/177/Fire-Department,0
OH-23015,Millersport Fire Department,Local fire department,Fairfield,Millersport,23015,Volunteer,"Local (includes career, combination, and volunteer fire departments and fire districts)",2,0,36,0,https://www.millersportfire.com/,4
OH-23019,Pleasant Township Fire Department,Township fire department,Fairfield,Lancaster,23019,Mostly volunteer,"Local (includes career, combination, and volunteer fire departments and fire districts)",1,9,0,33,https://pleasanttownship.org/,0
OH-23029,Thurston-Walnut Fire Department,Local fire department,Fairfield,Thurston,23029,Mostly career,"Local (includes career, combination, and volunteer fire departments and fire districts)",1,29,7,0,,0
OH-23103,Berne Township Fire Department,Township fire department,Fairfield,Sugar Grove,23103,Volunteer,"Local (includes career, combination, and volunteer fire departments and fire districts)",1,0,0,40,http://bernetownshipfire.net/,0
OH-23105,Bloom Township Fire Department,Township fire department,Fairfield,Carroll,23105,Mostly volunteer,"Local (includes career, combination, and volunteer fire departments and fire districts)",2,16,0,16,https://www.bloomtwpfire.org/,0
OH-23107,Clearcreek Township Fire Department,Township fire department,Fairfield,Stoutsville,23107,Volunteer,"Local (includes career, combination, and volunteer fire departments and fire districts)",1,0,30,0,,0
OH-23109,Greenfield Township Fire Department,Township fire department,Fairfield,Carroll,23109,Mostly volunteer,"Local (includes career, combination, and volunteer fire departments and fire districts)",1,7,5,26,https://www.greenfieldtwp.org/,2
OH-23123,Violet Township Fire Department,Township fire department,Fairfield,Pickerington,23123,Mostly career,"Local (includes career, combination, and volunteer fire departments and fire districts)",3,59,0,8,https://www.violet.oh.us/departments/public_safety/fire_and_ems.php,0
OH-23124,Basil Joint Fire District,Fire district,Fairfield,Baltimore,23124,Volunteer,"Local (includes career, combination, and volunteer fire departments and fire districts)",2,0,0,60,,0
OH-23255,Hocking Township Fire Department,Township fire department,Fairfield,Lancaster,23255,Mostly volunteer,"Local (includes career, combination, and volunteer fire departments and fire districts)",1,5,0,35,http://www.hockingtownship.org/fire-ems.html,2
OH-24003,B. P. M. Fire Department,Local fire department,Fayette,Bloomingburg,24003,Volunteer,"Local (includes career, combination, and volunteer fire departments and fire districts)",1,0,0,21,,0
OH-24005,Jefferson Township Fire Department,Township fire department,Fayette,Jeffersonville,24005,Volunteer,"Local (includes career, combination, and volunteer fire departments and fire districts)",1,0,0,27,https://jeffersontwpfayette.org/jefferson-twp-fire-%26-ems,0
OH-24013,Washington Court House Fire-Rescue,Local fire department,Fayette,Washington Court House,24013,Mostly volunteer,"Local (includes career, combination, and volunteer fire departments and fire districts)",1,14,0,16,https://www.cityofwch.com/177/Fire-Rescue-Department,0
OH-24101,Concord- Greene Volunteer Fire Department,Volunteer fire department,Fayette,Washington Court House,24101,Volunteer,"Local (includes career, combination, and volunteer fire departments and fire districts)",1,0,20,0,,0
OH-24119,Wayne Township Volunteer Fire Rescue,Township fire department,Fayette,Greenfield,24119,Volunteer,"Local (includes career, combination, and volunteer fire departments and fire districts)",1,0,0,15,,0
OH-25009,Columbus Division of Fire,Local fire department,Franklin,Columbus,25009,Career,"Local (includes career, combination, and volunteer fire departments and fire districts)",34,1650,0,0,https://www.columbus.gov/Services/Public-Safety/Fire,0
OH-25013,Washington Township-Dublin Fire Department,Township fire department,Franklin,Dublin,25013,Mostly career,"Local (includes career, combination, and volunteer fire departments and fire districts)",4,102,0,30,https://wtwp.com/fire-ems/general/overview/,0
OH-25017,Grandview Heights Division of Fire,Local fire department,Franklin,Grandview Heights,25017,Career,"Local (includes career, combination, and volunteer fire departments and fire districts)",1,21,0,0,https://www.grandviewheights.gov/87/Division-of-Fire,0
OH-25049,Upper Arlington Fire Division,Local fire department,Franklin,Upper Arlington,25049,Career,"Local (includes career, combination, and volunteer fire departments and fire districts)",2,59,0,0,https://upperarlingtonoh.gov/fire-division/,0
OH-25055,Westerville Division of Fire,Local fire department,Franklin,Westerville,25055,Mostly career,"Local (includes career, combination, and volunteer fire departments and fire districts)",3,88,0,18,https://www.westerville.org/index.aspx?page=93,0
OH-25057,Whitehall Division of Fire,Local fire department,Franklin,Whitehall,25057,Career,"Local (includes career, combination, and volunteer fire departments and fire districts)",1,40,0,0,https://www.whitehall-oh.us/193/Fire,1
OH-25105,Clinton Township Fire Department,Township fire department,Franklin,Columbus,25105,Mostly volunteer,"Local (includes career, combination, and volunteer fire departments and fire districts)",1,7,6,14,https://www.clintontwp-columbus.org,0
OH-25107,Franklin Township Fire Department,Township fire department,Franklin,Columbus,25107,Career,"Local (includes career, combination, and volunteer fire departments and fire districts)",2,39,0,0,,0
OH-25111,Hamilton Township Fire Department,Township fire department,Franklin,Columbus,25111,Mostly career,"Local (includes career, combination, and volunteer fire departments and fire districts)",2,29,0,10,,0
OH-25113,Jackson Township Fire Department,Township fire department,Franklin,Grove City,25113,Career,"Local (includes career, combination, and volunteer fire departments and fire districts)",3,101,0,0,https://www.jacksontwp.org/fire/,0
OH-25115,Jefferson Township Fire Department,Township fire department,Franklin,Blacklick,25115,Mostly career,"Local (includes career, combination, and volunteer fire departments and fire districts)",2,26,0,15,https://www.jeffersontownship.org/,0
OH-25117,Madison Township Fire Department,Township fire department,Franklin,Groveport,25117,Career,"Local (includes career, combination, and volunteer fire departments and fire districts)",3,61,0,0,https://www.madisontownship.org/overview-1,0
OH-25119,Mifflin Township Division of Fire,Township fire department,Franklin,Gahanna,25119,Career,"Local (includes career, combination, and volunteer fire departments and fire districts)",4,90,0,0,https://mifflin-oh.gov/services/fire/#/,2
OH-25123,Norwich Township Fire Department,Township fire department,Franklin,Hilliard,25123,Career,"Local (includes career, combination, and volunteer fire departments and fire districts)",3,87,0,0,https://www.norwichtownship.org/departments/fire/index.php,0
OH-25127,Plain Township Fire Department,Township fire department,Franklin,New Albany,25127,Mostly career,"Local (includes career, combination, and volunteer fire departments and fire districts)",1,36,0,28,https://www.plaintownship.org/plain-township-fire-department/,6
OH-25129,Pleasant Township Fire Department,Township fire department,Franklin,Grove City,25129,Mostly volunteer,"Local (includes career, combination, and volunteer fire departments and fire districts)",1,13,0,45,,0
OH-25131,Prairie Township Fire Department,Township fire department,Franklin,Columbus,25131,Mostly volunteer,"Local (includes career, combination, and volunteer fire departments and fire districts)",2,26,0,31,https://prairietownship.org/,0
OH-25133,City of Worthington Division of Fire & EMS,Local fire department,Franklin,Worthington,25133,Mostly career,"Local (includes career, combination, and volunteer fire departments and fire districts)",1,42,0,12,https://worthington.org/170/Fire-EMS,0
OH-25135,Truro Township Fire Department,Township fire department,Franklin,Reynoldsburg,25135,Career,"Local (includes career, combination, and volunteer fire departments and fire districts)",2,44,0,0,https://www.trurotwp.org/,0
OH-25222,Port Columbus Aircraft Rescue Firefighting,Contract fire department,Franklin,Columbus,25222,Career,Contract fire department,1,25,0,0,,0
OH-26001,Archbold-German Township Fire Department,Township fire department,Fulton,Archbold,26001,Mostly volunteer,"Local (includes career, combination, and volunteer fire departments and fire districts)",2,10,0,26,https://www.archboldfire.com/,0
OH-26003,Delta Community Fire Department,Local fire department,Fulton,Delta,26003,Mostly volunteer,"Local (includes career, combination, and volunteer fire departments and fire districts)",2,7,0,41,https://www.yorktownship-fultoncounty.com/fire-department/,2
OH-26005,Gorham Fayette Fire Department,Local fire department,Fulton,Fayette,26005,Volunteer,"Local (includes career, combination, and volunteer fire departments and fire districts)",1,0,0,29,https://villageoffayette.com/2150/Fire-Department,0
OH-26007,Lyons-Royalton Fire Department,Local fire department,Fulton,Lyons,26007,Volunteer,"Local (includes career, combination, and volunteer fire departments and fire districts)",1,0,27,1,,0
OH-26009,Metamora-Amboy Volunteer Fire Department,Volunteer fire department,Fulton,Metamora,26009,Volunteer,"Local (includes career, combination, and volunteer fire departments and fire districts)",1,3,16,0,,0
OH-26011,Village of Swanton Fire Department,Local fire department,Fulton,Swanton,26011,Mostly volunteer,"Local (includes career, combination, and volunteer fire departments and fire districts)",1,7,0,35,,0
OH-26013,Wauseon Fire Department,Local fire department,Fulton,Wauseon,26013,Mostly career,"Local (includes career, combination, and volunteer fire departments and fire districts)",2,16,0,10,https://www.wauseonfire.com/,0
OH-27001,Harrison Township Fire Department,Township fire department,Gallia,Patriot,27001,Volunteer,"Local (includes career, combination, and volunteer fire departments and fire districts)",1,0,14,0,,0
OH-27007,Crown City Volunteer Fire Department,Other,Gallia,Crown City,27007,Volunteer,Other,1,0,17,0,,0
OH-27009,Gallipolis Fire Department,Local fire department,Gallia,Gallipolis,27009,Mostly volunteer,"Local (includes career, combination, and volunteer fire departments and fire districts)",2,1,0,27,https://cityofgallipolis.com/fire-department/,0
OH-27011,Rio Grande Volunteer Fire Department,Volunteer fire department,Gallia,Rio Grande,27011,Volunteer,"Local (includes career, combination, and volunteer fire departments and fire districts)",1,0,30,0,,0
OH-27013,Vinton Fire Department,Local fire department,Gallia,Vinton,27013,Volunteer,"Local (includes career, combination, and volunteer fire departments and fire districts)",1,0,18,0,,0
OH-27215,Centerville Fire Department,Local fire department,Gallia,Thurman,27215,Volunteer,"Local (includes career, combination, and volunteer fire departments and fire districts)",1,0,12,0,,0
OH-27216,District 2 Joint Volunteer Fire Department,Volunteer fire department,Gallia,Crown City,27216,Volunteer,"Local (includes career, combination, and volunteer fire departments and fire districts)",2,0,22,0,,0
OH-27217,Greenfield Township Volunteer Fire Department,Township fire department,Gallia,Patriot,27217,Volunteer,"Local (includes career, combination, and volunteer fire departments and fire districts)",1,0,17,0,,0
OH-27300,Springfield Township Fire Department,Township fire department,Gallia,Bidwell,27300,Volunteer,"Local (includes career, combination, and volunteer fire departments and fire districts)",1,0,15,0,https://www.facebook.com/stfd1200?mibextid=LQQJ4d,0
OH-28005,Chardon Fire Department,Local fire department,Geauga,Chardon,28005,Mostly volunteer,"Local (includes career, combination, and volunteer fire departments and fire districts)",1,9,0,36,https://www.chardonfire.org/,5
OH-28015,Newbury Volunteer Fire Department Inc.,Volunteer fire department,Geauga,Newbury,28015,Volunteer,"Local (includes career, combination, and volunteer fire departments and fire districts)",1,0,10,10,https://www.newburyfire.com/,0
OH-28103,Bainbridge Township Fire Department,Township fire department,Geauga,Chagrin Falls,28103,Career,"Local (includes career, combination, and volunteer fire departments and fire districts)",1,35,0,0,https://bainbridgetwp.com/departments/fire/#group=documentlist060&docspagination=0-15,0
OH-28119,Montville Volunteer Fire Department,Volunteer fire department,Geauga,Montville,28119,Volunteer,"Local (includes career, combination, and volunteer fire departments and fire districts)",1,0,0,25,https://montvillegeauga.com/?page_id=155,2
OH-28121,Munson Fire Department,Private or industrial fire brigade,Geauga,Chardon,28121,Mostly volunteer,Private or industrial fire brigade,1,9,4,18,https://www.munsonfire.org/,0
OH-28127,Russell Fire Department,Local fire department,Geauga,Novelty,28127,Volunteer,"Local (includes career, combination, and volunteer fire departments and fire districts)",1,0,1,37,http://twp.russell.oh.us/,3
OH-28129,Thompson Fire Department,Local fire department,Geauga,Thompson,28129,Volunteer,"Local (includes career, combination, and volunteer fire departments and fire districts)",1,0,12,12,https://www.thompsonohio.org/departments/fire/index.php,0
OH-28130,Troy Township Volunteer Fire Department,Township fire department,Geauga,Burton,28130,Volunteer,"Local (includes career, combination, and volunteer fire departments and fire districts)",1,0,24,0,https://www.troyfire.org,0
OH-28201,"Auburn Volunteer Fire Department, Inc.",Volunteer fire department,Geauga,Auburn Township,28201,Volunteer,"Local (includes career, combination, and volunteer fire departments and fire districts)",1,0,0,43,,4
OH-28203,"Burton Volunteer Fire Department, Inc",Contract fire department,Geauga,Burton,28203,Mostly career,Contract fire department,1,25,1,0,burtonfd.com,0
OH-28207,Chester Township Fire Rescue,Township fire department,Geauga,Chesterland,28207,Mostly volunteer,"Local (includes career, combination, and volunteer fire departments and fire districts)",2,10,0,28,https://chestertwp.com/departments/fire/,0
OH-28211,Middlefield Volunteer Fire Department,Volunteer fire department,Geauga,Middlefield,28211,Career,"Local (includes career, combination, and volunteer fire departments and fire districts)",2,20,0,0,,0
OH-28213,Hambden Fire Department,Local fire department,Geauga,Chardon,28213,Volunteer,"Local (includes career, combination, and volunteer fire departments and fire districts)",1,0,3,32,https://www.fire-ems.net/firedept/view/Chardon2OH,1
OH-28217,Parkman Township Volunteer Fire Department,Township fire department,Geauga,Farmington,28217,Volunteer,"Local (includes career, combination, and volunteer fire departments and fire districts)",1,0,1,14,,0
OH-29011,Fairborn Fire Department,Local fire department,Greene,Fairborn,29011,Mostly career,"Local (includes career, combination, and volunteer fire departments and fire districts)",4,54,1,0,https://www.fairbornoh.gov/government/fire_department/index.php,3
OH-29013,Silvercreek Township Fire/EMS Department,Township fire department,Greene,Jamestown,29013,Mostly volunteer,"Local (includes career, combination, and volunteer fire departments and fire districts)",1,1,37,0,,0
OH-29021,Xenia Fire Division,Local fire department,Greene,Xenia,29021,Career,"Local (includes career, combination, and volunteer fire departments and fire districts)",2,42,0,0,,0
OH-29023,Miami Township Fire-Rescue,Township fire department,Greene,Yellow Springs,29023,Mostly volunteer,"Local (includes career, combination, and volunteer fire departments and fire districts)",2,3,0,35,https://www.mtfr.org/,1
OH-29103,Beavercreek Township Fire Department,Township fire department,Greene,Beavercreek,29103,Career,"Local (includes career, combination, and volunteer fire departments and fire districts)",4,74,0,0,https://www.beavercreekfire.org/,0
OH-29107,Cedarville Township Volunteer Fire Department,Township fire department,Greene,Cedarville,29107,Mostly volunteer,"Local (includes career, combination, and volunteer fire departments and fire districts)",1,2,30,0,http://www.ctvfd.org/,0
OH-29109,Jefferson Township Fire Department,Township fire department,Greene,Bowersville,29109,Volunteer,"Local (includes career, combination, and volunteer fire departments and fire districts)",1,0,13,0,,0
OH-29113,New Jasper Township Fire Department,Township fire department,Greene,Xenia,29113,Mostly volunteer,"Local (includes career, combination, and volunteer fire departments and fire districts)",1,2,0,22,https://www.newjaspertownship.com/fire-department,0
OH-29119,Spring Valley Township Fire Department,Township fire department,Greene,Spring Valley,29119,Volunteer,"Local (includes career, combination, and volunteer fire departments and fire districts)",1,0,34,10,https://www.svtfd.com,1
OH-29121,Bellbrook Fire Department,Local fire department,Greene,Bellbrook,29121,Mostly volunteer,"Local (includes career, combination, and volunteer fire departments and fire districts)",2,7,1,12,https://www.cityofbellbrook.org/page/fire_home,3
OH-29123,Xenia Township Fire Department,Township fire department,Greene,Xenia,29123,Mostly volunteer,"Local (includes career, combination, and volunteer fire departments and fire districts)",2,4,0,60,https://www.xeniatownship.org/home.aspx,0
OH-29124,Sugarcreek Township Fire Department,Township fire department,Greene,Dayton,29124,Mostly volunteer,"Local (includes career, combination, and volunteer fire departments and fire districts)",2,15,0,33,https://sugarcreekoh.us/94/Fire,0
OH-30001,Byesville Volunteer Fire Department,Volunteer fire department,Guernsey,Byesville,30001,Volunteer,"Local (includes career, combination, and volunteer fire departments and fire districts)",1,0,20,0,,0
OH-30003,Cambridge Fire Department,Local fire department,Guernsey,Cambridge,30003,Career,"Local (includes career, combination, and volunteer fire departments and fire districts)",1,26,0,0,https://cambridgeoh.org/fire-department/,1
OH-30005,Cumberland Volunteer Fire Department,Volunteer fire department,Guernsey,Cumberland,30005,Volunteer,"Local (includes career, combination, and volunteer fire departments and fire districts)",1,0,31,0,,0
OH-30007,Antrim Community Volunteer Fire Department,Volunteer fire department,Guernsey,Freeport,30007,Volunteer,"Local (includes career, combination, and volunteer fire departments and fire districts)",1,0,20,0,,3
OH-30015,Pleasant City Volunteer Fire Department,Volunteer fire department,Guernsey,Pleasant City,30015,Volunteer,"Local (includes career, combination, and volunteer fire departments and fire districts)",1,0,20,0,,0
OH-30017,Quaker City Volunteer Fire Department,Volunteer fire department,Guernsey,Quaker City,30017,Volunteer,"Local (includes career, combination, and volunteer fire departments and fire districts)",1,0,25,0,,0
OH-30021,Senecaville Volunteer Fire Department,Volunteer fire department,Guernsey,Senecaville,30021,Volunteer,"Local (includes career, combination, and volunteer fire departments and fire districts)",1,0,22,0,,3
OH-30113,Liberty Community Volunteer Fire Department,Volunteer fire department,Guernsey,Kimbolton,30113,Volunteer,"Local (includes career, combination, and volunteer fire departments and fire districts)",1,0,19,0,,2
OH-30201,Cassell Station Volunteer Fire Department,Private or industrial fire brigade,Guernsey,Cambridge,30201,Volunteer,Private or industrial fire brigade,1,0,30,0,,0
OH-30202,"Fairview and Community Volunteer Fire Department, Inc.",Volunteer fire department,Guernsey,Quaker City,30202,Volunteer,"Local (includes career, combination, and volunteer fire departments and fire districts)",1,0,15,0,,0
OH-30213,Old Washington Volunteer Fire Department,Volunteer fire department,Guernsey,Old Washington,30213,Volunteer,"Local (includes career, combination, and volunteer fire departments and fire districts)",2,0,14,0,http://oldwashingtonfire.org/,0
OH-31003,Amberley Village Fire Department,Local fire department,Hamilton,Cincinnati,31003,Volunteer,"Local (includes career, combination, and volunteer fire departments and fire districts)",1,0,0,23,https://www.amberleyvillage.org/,0
OH-31007,Blue Ash Fire Department,Local fire department,Hamilton,Blue Ash,31007,Mostly career,"Local (includes career, combination, and volunteer fire departments and fire districts)",2,32,0,8,https://www.blueash.com/departments/fire_department/index.php,0
OH-31013,Cheviot Fire Department,Local fire department,Hamilton,Cheviot,31013,Mostly volunteer,"Local (includes career, combination, and volunteer fire departments and fire districts)",1,11,0,25,https://cheviot.org/fire-department/,1
OH-31015,Cincinnati Fire Department,Local fire department,Hamilton,Cincinnati,31015,Career,"Local (includes career, combination, and volunteer fire departments and fire districts)",26,834,0,0,https://www.cincinnati-oh.gov/fire/,0
OH-31019,Deer Park-Silverton Joint Fire District,Fire district,Hamilton,Silverton,31019,Mostly volunteer,"Local (includes career, combination, and volunteer fire departments and fire districts)",1,12,0,26,https://dpsjfd.org/,3
OH-31027,Elmwood Place Fire Department,Local fire department,Hamilton,Elmwood Place,31027,Volunteer,"Local (includes career, combination, and volunteer fire departments and fire districts)",1,0,0,25,,1
OH-31029,Evendale Fire Department,Local fire department,Hamilton,Evendale,31029,Career,"Local (includes career, combination, and volunteer fire departments and fire districts)",1,25,0,0,https://www.evendaleohio.org/fire-department,1
OH-31031,Little Miami Joint Fire & Rescue District,Fire district,Hamilton,Cincinnati,31031,Mostly volunteer,"Local (includes career, combination, and volunteer fire departments and fire districts)",1,10,0,22,https://lmfr.org/,0
OH-31037,Forest Park Fire Department,Local fire department,Hamilton,Cincinnati,31037,Career,"Local (includes career, combination, and volunteer fire departments and fire districts)",2,60,0,0,https://www.forestpark.org/government/fire/index.php,0
OH-31039,Glendale Fire Department,Local fire department,Hamilton,Glendale,31039,Volunteer,"Local (includes career, combination, and volunteer fire departments and fire districts)",1,0,0,26,,0
OH-31043,Greenhills Fire Department,Private or industrial fire brigade,Hamilton,Greenhills,31043,Volunteer,Private or industrial fire brigade,1,0,35,0,https://www.ghfd.org,0
OH-31047,Harrison Fire Department,Local fire department,Hamilton,Harrison,31047,Mostly career,"Local (includes career, combination, and volunteer fire departments and fire districts)",2,32,0,6,https://www.harrisonohio.gov/162/Fire,0
OH-31053,Madeira & Indian Hill Joint Fire District,Fire district,Hamilton,Cincinnati,31053,Mostly volunteer,"Local (includes career, combination, and volunteer fire departments and fire districts)",2,17,0,25,https://www.mihjfd.org/,1
OH-31055,Lincoln Heights Fire Department,Local fire department,Hamilton,Cincinnati,31055,Volunteer,"Local (includes career, combination, and volunteer fire departments and fire districts)",1,0,0,20,https://www.lincolnheightsohio.org,0
OH-31057,Lockland Fire Department,Local fire department,Hamilton,Lockland,31057,Mostly career,"Local (includes career, combination, and volunteer fire departments and fire districts)",1,44,0,6,https://www.locklandoh.org/government-2/departments/fire-depart/,3
OH-31059,Loveland Symmes Fire Department,Local fire department,Hamilton,Loveland,31059,Career,"Local (includes career, combination, and volunteer fire departments and fire districts)",4,52,0,0,https://www.lsfd.org/,9
OH-31063,Mariemont Fire Department,Local fire department,Hamilton,Cincinnati,31063,Mostly volunteer,"Local (includes career, combination, and volunteer fire departments and fire districts)",1,1,1,40,https://www.mariemont.org/,1
OH-31069,Sycamore Township Fire Department,Township fire department,Hamilton,Cincinnati,31069,Career,"Local (includes career, combination, and volunteer fire departments and fire districts)",2,37,0,0,http://www.sycamoretownshipfire.org/,1
OH-31071,Mount Healthy Fire Department,Local fire department,Hamilton,Mount Healthy,31071,Mostly volunteer,"Local (includes career, combination, and volunteer fire departments and fire districts)",1,1,0,23,https://www.mthealthy.org,0
OH-31073,Delhi Township Fire Department,Township fire department,Hamilton,Cincinnati,31073,Career,"Local (includes career, combination, and volunteer fire departments and fire districts)",3,60,0,0,https://delhi.oh.us/175/Fire,0
OH-31083,North College Hill Fire Department,Local fire department,Hamilton,Cincinnati,31083,Volunteer,"Local (includes career, combination, and volunteer fire departments and fire districts)",1,0,0,26,,0
OH-31087,Reading Fire Department,Local fire department,Hamilton,Cincinnati,31087,Mostly volunteer,"Local (includes career, combination, and volunteer fire departments and fire districts)",2,17,0,18,https://www.readingohio.org/page/fire-department,0
OH-31089,Sharonville Fire Department,Local fire department,Hamilton,Cincinnati,31089,Career,"Local (includes career, combination, and volunteer fire departments and fire districts)",3,66,0,0,https://www.sharonville.org/127/Fire-EMS,3
OH-31092,Springdale Fire Department,Local fire department,Hamilton,Springdale,31092,Mostly career,"Local (includes career, combination, and volunteer fire departments and fire districts)",1,30,0,13,https://www.springdaleohio.gov/,0
OH-31093,Saint Bernard Fire Department,Local fire department,Hamilton,Saint Bernard,31093,Career,"Local (includes career, combination, and volunteer fire departments and fire districts)",1,23,0,0,https://www.stbfd.org/,0
OH-31094,Terrace Park Fire Department,Local fire department,Hamilton,Terrace Park,31094,Volunteer,"Local (includes career, combination, and volunteer fire departments and fire districts)",1,0,38,0,,1
OH-31095,Woodlawn Fire Department,Local fire department,Hamilton,Cincinnati,31095,Mostly volunteer,"Local (includes career, combination, and volunteer fire departments and fire districts)",1,14,10,28,https://www.beautifulwoodlawn.us/departments/fire_department/index.php,0
OH-31096,Norwood Fire Department,Local fire department,Hamilton,Norwood,31096,Career,"Local (includes career, combination, and volunteer fire departments and fire districts)",1,52,0,0,https://www.norwoodohio.gov/300/Fire-Department,0
OH-31097,Wyoming Fire - EMS,Local fire department,Hamilton,Wyoming,31097,Mostly volunteer,"Local (includes career, combination, and volunteer fire departments and fire districts)",1,1,0,45,https://wyohfire.org/,0
OH-31101,Anderson Township Fire & Rescue Department Station 10,Township fire department,Hamilton,Anderson Township,31101,Career,"Local (includes career, combination, and volunteer fire departments and fire districts)",4,66,0,0,https://www.andersontownship.org/departments/fire-and-rescue.aspx,0
OH-31103,Colerain Township Fire & EMS,Township fire department,Hamilton,Cincinnati,31103,Mostly career,"Local (includes career, combination, and volunteer fire departments and fire districts)",6,82,0,72,http://www.colerain.org/,0
OH-31107,Crosby Township Fire Department,Township fire department,Hamilton,Harrison,31107,Volunteer,"Local (includes career, combination, and volunteer fire departments and fire districts)",2,0,2,28,,3
OH-31115,Miami Township Fire Department,Township fire department,Hamilton,North Bend,31115,Mostly career,"Local (includes career, combination, and volunteer fire departments and fire districts)",3,30,0,15,https://www.miamitownship.org/155/Fire-Department,3
OH-31121,Whitewater Township Fire Department,Township fire department,Hamilton,Hooven,31121,Mostly volunteer,"Local (includes career, combination, and volunteer fire departments and fire districts)",3,6,0,28,,0
OH-31201,Springfield Township Fire Department,Township fire department,Hamilton,Cincinnati,31201,Mostly volunteer,"Local (includes career, combination, and volunteer fire departments and fire districts)",2,38,0,30,https://www.springfieldtwp.org/136/Fire,0
OH-31211,Green Township Fire & EMS,Township fire department,Hamilton,Cincinnati,31211,Career,"Local (includes career, combination, and volunteer fire departments and fire districts)",4,100,0,0,https://www.greentwp.org/fireandems,0
OH-31212,Montgomery Fire Department,Local fire department,Hamilton,Montgomery,31212,Career,"Local (includes career, combination, and volunteer fire departments and fire districts)",1,27,0,0,https://www.montgomeryohio.gov/departments/fire/,0
OH-32001,Washington Township Volunteer Fire Department,Township fire department,Hancock,Arcadia,32001,Volunteer,"Local (includes career, combination, and volunteer fire departments and fire districts)",2,0,0,25,,0
OH-32003,Arlington Volunteer Fire Department,Volunteer fire department,Hancock,Arlington,32003,Volunteer,"Local (includes career, combination, and volunteer fire departments and fire districts)",1,0,20,0,,1
OH-32005,Blanchard Township Fire Department,Township fire department,Hancock,Benton Ridge,32005,Volunteer,"Local (includes career, combination, and volunteer fire departments and fire districts)",1,0,15,0,http://userpages.bright.net/~btvfd400/,1
OH-32007,Findlay Fire Department,Local fire department,Hancock,Findlay,32007,Career,"Local (includes career, combination, and volunteer fire departments and fire districts)",4,65,0,0,https://www.findlayohio.gov/government/city-departments/fire,0
OH-32011,Jenera Volunteer Fire Department,Volunteer fire department,Hancock,Jenera,32011,Volunteer,"Local (includes career, combination, and volunteer fire departments and fire districts)",1,0,0,18,,2
OH-32015,Union Township-Mount Cory Volunteer Fire Department,Township fire department,Hancock,Mount Cory,32015,Volunteer,"Local (includes career, combination, and volunteer fire departments and fire districts)",1,0,25,0,,0
OH-32019,Union Township - Rawson Fire Department,Township fire department,Hancock,Rawson,32019,Volunteer,"Local (includes career, combination, and volunteer fire departments and fire districts)",1,0,19,0,,0
OH-32021,Allen Township Fire Department,Township fire department,Hancock,Van Buren,32021,Volunteer,"Local (includes career, combination, and volunteer fire departments and fire districts)",2,0,30,0,,0
OH-32023,"Vanlue Fire Department, Inc.",Local fire department,Hancock,Vanlue,32023,Volunteer,"Local (includes career, combination, and volunteer fire departments and fire districts)",2,0,28,0,,2
OH-32111,Delaware Township Volunteer Fire Department,Township fire department,Hancock,Mount Blanchard,32111,Volunteer,"Local (includes career, combination, and volunteer fire departments and fire districts)",1,0,23,0,,1
OH-32117,Liberty Township Fire Department,Township fire department,Hancock,Findlay,32117,Volunteer,"Local (includes career, combination, and volunteer fire departments and fire districts)",1,0,26,1,https://www.geocities.com/ltfdstation500,0
OH-33009,Kenton Fire Department,Local fire department,Hardin,Kenton,33009,Career,"Local (includes career, combination, and volunteer fire departments and fire districts)",1,13,0,0,https://www.cityofkenton.com/departments/public_safety/fire/index.php,0
OH-33017,Ridgeway Fire Department,Local fire department,Hardin,Ridgeway,33017,Volunteer,"Local (includes career, combination, and volunteer fire departments and fire districts)",1,0,10,0,,4
OH-33115,Ada-Liberty Township Fire Department,Township fire department,Hardin,Ada,33115,Volunteer,"Local (includes career, combination, and volunteer fire departments and fire districts)",1,0,0,14,,0
OH-33203,Alger Community Fire Association,Local fire department,Hardin,Alger,33203,Volunteer,"Local (includes career, combination, and volunteer fire departments and fire districts)",1,0,12,0,,2
OH-33205,Forest Fire Department,Local fire department,Hardin,Forest,33205,Volunteer,"Local (includes career, combination, and volunteer fire departments and fire districts)",1,0,23,0,,3
OH-33225,Roundhead Volunteer Fire Department,Volunteer fire department,Hardin,Roundhead,33225,Volunteer,"Local (includes career, combination, and volunteer fire departments and fire districts)",1,0,18,0,,0
OH-33231,Northern Hardin County Fire Department,County fire department,Hardin,Dunkirk,33231,Volunteer,"Local (includes career, combination, and volunteer fire departments and fire districts)",1,0,21,0,http://northernhardinfire.com/,0
OH-33233,McGuffey Volunteer Fire Company,Private or industrial fire brigade,Hardin,McGuffey,33233,Volunteer,Private or industrial fire brigade,1,0,18,0,,3
OH-33235,Southeast Hardin Northwest Union Joint Fire District,Fire district,Hardin,Mount Victory,33235,Volunteer,"Local (includes career, combination, and volunteer fire departments and fire districts)",1,0,0,32,https://mountvictoryfd.org/,4
OH-34003,Bowerston Volunteer Fire Department,Volunteer fire department,Harrison,Bowerston,34003,Volunteer,"Local (includes career, combination, and volunteer fire departments and fire districts)",1,0,17,0,,2
OH-34007,Deersville Community Volunteer Fire Department,Volunteer fire department,Harrison,Deersville,34007,Volunteer,"Local (includes career, combination, and volunteer fire departments and fire districts)",1,0,16,0,,0
OH-34009,Freeport Community Volunteer Fire Department,Volunteer fire department,Harrison,Freeport,34009,Volunteer,"Local (includes career, combination, and volunteer fire departments and fire districts)",2,0,26,0,,0
OH-34010,"Tappan Lake Volunteer Fire Department, Inc.",Volunteer fire department,Harrison,Scio,34010,Volunteer,"Local (includes career, combination, and volunteer fire departments and fire districts)",1,0,18,0,,2
OH-34129,Washington Township Volunteer Fire Department,Township fire department,Harrison,Tippecanoe,34129,Volunteer,"Local (includes career, combination, and volunteer fire departments and fire districts)",1,0,16,0,,0
OH-34201,"Hopedale Volunteer Fire and EMS Department, Inc.",Volunteer fire department,Harrison,Hopedale,34201,Volunteer,"Local (includes career, combination, and volunteer fire departments and fire districts)",1,0,25,0,,0
OH-34211,Harrisville Volunteer Fire Company,Volunteer fire department,Harrison,Harrisville,34211,Volunteer,"Local (includes career, combination, and volunteer fire departments and fire districts)",1,0,22,0,,2
OH-34215,Jewett Volunteer Fire Department,Volunteer fire department,Harrison,Jewett,34215,Volunteer,"Local (includes career, combination, and volunteer fire departments and fire districts)",1,0,34,0,,4
OH-34217,Moorefield Township Volunteer Fire Department,Township fire department,Harrison,Piedmont,34217,Volunteer,"Local (includes career, combination, and volunteer fire departments and fire districts)",1,0,10,0,,2
OH-34219,New Athens Volunteer Fire & Emergency Department,Volunteer fire department,Harrison,New Athens,34219,Volunteer,"Local (includes career, combination, and volunteer fire departments and fire districts)",1,0,25,0,,0
OH-34223,Scio Volunteer Fire Department,Volunteer fire department,Harrison,Scio,34223,Volunteer,"Local (includes career, combination, and volunteer fire departments and fire districts)",1,0,20,0,,3
OH-35001,Deshler-Westhope Fire Department,Local fire department,Henry,Deshler,35001,Volunteer,"Local (includes career, combination, and volunteer fire departments and fire districts)",1,0,26,0,,0
OH-35003,Florida Flatrock Fire Department,Local fire department,Henry,Napoleon,35003,Volunteer,"Local (includes career, combination, and volunteer fire departments and fire districts)",1,0,30,0,,0
OH-35005,Hamler Volunteer Fire Department,Volunteer fire department,Henry,Hamler,35005,Volunteer,"Local (includes career, combination, and volunteer fire departments and fire districts)",1,0,32,0,,3
OH-35011,Monroe Township Fire Department,Township fire department,Henry,Malinta,35011,Volunteer,"Local (includes career, combination, and volunteer fire departments and fire districts)",1,0,22,0,,0
OH-35013,Damascus Township Volunteer Fire Department,Township fire department,Henry,McClure,35013,Volunteer,"Local (includes career, combination, and volunteer fire departments and fire districts)",1,0,19,0,,1
OH-35015,Napoleon Fire Department,Local fire department,Henry,Napoleon,35015,Mostly volunteer,"Local (includes career, combination, and volunteer fire departments and fire districts)",1,9,0,35,https://www.napoleonohio.com/city-departments/fire/,0
OH-35019,Pleasant Township Volunteer Fire Department,Township fire department,Henry,Holgate,35019,Volunteer,"Local (includes career, combination, and volunteer fire departments and fire districts)",2,0,0,33,,0
OH-35123,Ridgeville Township Volunteer Fire Department,Township fire department,Henry,Ridgeville Corners,35123,Volunteer,"Local (includes career, combination, and volunteer fire departments and fire districts)",1,0,33,0,,2
OH-36001,Paint Creek Joint EMS/Fire District,Fire district,Highland,Greenfield,36001,Mostly volunteer,"Local (includes career, combination, and volunteer fire departments and fire districts)",3,21,18,40,,2
OH-36007,Highland County North Joint Fire and Ambulance District,Fire district,Highland,Leesburg,36007,Volunteer,"Local (includes career, combination, and volunteer fire departments and fire districts)",1,0,23,0,,0
OH-36009,Lynchburg Area Joint Fire & Ambulance District,Fire district,Highland,Lynchburg,36009,Mostly volunteer,"Local (includes career, combination, and volunteer fire departments and fire districts)",3,4,0,29,,0
OH-36011,Southern Highland JFD,Local fire department,Highland,Mowrystown,36011,Volunteer,"Local (includes career, combination, and volunteer fire departments and fire districts)",2,0,0,18,,0
OH-36101,Brushcreek Township Volunteer Fire Department,Township fire department,Highland,Sinking Spring,36101,Volunteer,"Local (includes career, combination, and volunteer fire departments and fire districts)",2,0,14,0,,0
OH-36119,Marshall Township Fire Department,Township fire department,Highland,Hillsboro,36119,Volunteer,"Local (includes career, combination, and volunteer fire departments and fire districts)",1,0,20,0,,0
OH-37107,Good Hope Volunteer Fire Department,Volunteer fire department,Hocking,Rockbridge,37107,Volunteer,"Local (includes career, combination, and volunteer fire departments and fire districts)",1,0,25,0,,0
OH-37109,Ward Township Volunteer Fire Department,Township fire department,Hocking,Carbon Hill,37109,Volunteer,"Local (includes career, combination, and volunteer fire departments and fire districts)",1,0,19,0,,0
OH-37111,Washington Township Volunteer Fire Department,Township fire department,Hocking,Logan,37111,Volunteer,"Local (includes career, combination, and volunteer fire departments and fire districts)",2,0,16,0,,0
OH-37201,Laurelville Volunteer Fire Department,Volunteer fire department,Hocking,Laurelville,37201,Volunteer,"Local (includes career, combination, and volunteer fire departments and fire districts)",4,0,40,0,,0
OH-37205,Murray City Volunteer Fire Department,Volunteer fire department,Hocking,Murray City,37205,Volunteer,"Local (includes career, combination, and volunteer fire departments and fire districts)",1,0,17,0,,0
OH-37206,Starr Township Volunteer Fire Department,Township fire department,Hocking,Union Furnace,37206,Volunteer,"Local (includes career, combination, and volunteer fire departments and fire districts)",1,0,17,0,https://www.starrfire.org/,2
OH-38007,Richland Township Glenmont Volunteer Fire Department,Township fire department,Holmes,Glenmont,38007,Volunteer,"Local (includes career, combination, and volunteer fire departments and fire districts)",1,0,20,0,https://www.richlandtwpfire.org,0
OH-38011,Killbuck Township Fire Department,Township fire department,Holmes,Killbuck,38011,Volunteer,"Local (includes career, combination, and volunteer fire departments and fire districts)",1,0,0,16,,0
OH-38017,Holmes Fire District 1,Fire district,Holmes,Millersburg,38017,Mostly volunteer,"Local (includes career, combination, and volunteer fire departments and fire districts)",2,7,0,40,https://www.holmesfiredistrict1.org,2
OH-38101,East Holmes Fire & EMS District,Fire district,Holmes,Millersburg,38101,Volunteer,"Local (includes career, combination, and volunteer fire departments and fire districts)",1,0,0,45,https://eastholmesfire.org,0
OH-38117,Prairie Township Fire Department,Township fire department,Holmes,Holmesville,38117,Volunteer,"Local (includes career, combination, and volunteer fire departments and fire districts)",1,0,0,25,,0
OH-38121,Paint Township Volunteer Fire Department,Township fire department,Holmes,Winesburg,38121,Volunteer,"Local (includes career, combination, and volunteer fire departments and fire districts)",1,0,35,0,,0
OH-38213,Western Holmes County Fire District,Fire district,Holmes,Nashville,38213,Mostly volunteer,"Local (includes career, combination, and volunteer fire departments and fire districts)",2,2,0,50,,0
OH-39001,Bellevue Fire Department,Local fire department,Huron,Bellevue,39001,Mostly volunteer,"Local (includes career, combination, and volunteer fire departments and fire districts)",1,5,0,15,https://thenewcityofbellevue.com/fire-department/,0
OH-39005,Tri-Community Joint Fire District,Fire district,Huron,Greenwich,39005,Volunteer,"Local (includes career, combination, and volunteer fire departments and fire districts)",1,0,0,22,,1
OH-39009,Huron River Joint Fire District,Fire district,Huron,Monroeville,39009,Volunteer,"Local (includes career, combination, and volunteer fire departments and fire districts)",1,0,0,29,,3
OH-39013,New London Fire Department,Local fire department,Huron,New London,39013,Volunteer,"Local (includes career, combination, and volunteer fire departments and fire districts)",1,0,28,0,,0
OH-39015,Fairfield Volunteer Fire Department,Volunteer fire department,Huron,North Fairfield,39015,Volunteer,"Local (includes career, combination, and volunteer fire departments and fire districts)",1,0,28,0,,2
OH-39017,Norwalk Fire Department,Local fire department,Huron,Norwalk,39017,Career,"Local (includes career, combination, and volunteer fire departments and fire districts)",1,19,0,0,,0
OH-39021,Wakeman Fire District,Fire district,Huron,Wakeman,39021,Volunteer,"Local (includes career, combination, and volunteer fire departments and fire districts)",1,0,0,30,,1
OH-39023,City of Willard Fire & Rescue,Local fire department,Huron,Willard,39023,Mostly volunteer,"Local (includes career, combination, and volunteer fire departments and fire districts)",1,12,0,24,https://www.willardohio.gov/fire--rescue.html,0
OH-39135,Townsend Township Fire Department,Township fire department,Huron,Collins,39135,Volunteer,"Local (includes career, combination, and volunteer fire departments and fire districts)",1,0,17,0,,0
OH-40001,Coalton Volunteer Fire Department,Volunteer fire department,Jackson,Coalton,40001,Volunteer,"Local (includes career, combination, and volunteer fire departments and fire districts)",1,0,14,0,,0
OH-40003,Jackson Fire Department,Local fire department,Jackson,Jackson,40003,Volunteer,"Local (includes career, combination, and volunteer fire departments and fire districts)",1,0,0,22,https://www.jacksonohio.us/,0
OH-40009,Wellston Fire Department,Local fire department,Jackson,Wellston,40009,Mostly volunteer,"Local (includes career, combination, and volunteer fire departments and fire districts)",1,3,3,24,https://wellstonfd.net/,0
OH-40111,Madison Jefferson Fire District,Fire district,Jackson,Oak Hill,40111,Volunteer,"Local (includes career, combination, and volunteer fire departments and fire districts)",1,0,28,0,,0
OH-40113,"Sciota Township Volunteer Fire & Rescue, Inc.",Township fire department,Jackson,Jackson,40113,Volunteer,"Local (includes career, combination, and volunteer fire departments and fire districts)",1,0,25,0,,0
OH-40115,"Hamilton Township Volunteer Fire & Rescue, Inc.",Township fire department,Jackson,Oak Hill,40115,Volunteer,"Local (includes career, combination, and volunteer fire departments and fire districts)",1,0,15,0,,0
OH-40116,Bloomfield Volunteer Fire Department,Contract fire department,Jackson,Jackson,40116,Volunteer,Contract fire department,1,0,10,0,,0
OH-40200,Liberty Township Volunteer Fire Department,Township fire department,Jackson,Jackson,40200,Volunteer,"Local (includes career, combination, and volunteer fire departments and fire districts)",1,0,18,0,,0
OH-41009,Brilliant Volunteer Fire Department,Volunteer fire department,Jefferson,Brilliant,41009,Volunteer,"Local (includes career, combination, and volunteer fire departments and fire districts)",1,0,24,0,,6
OH-41025,Mingo Junction Fire & EMS,Local fire department,Jefferson,Mingo Junction,41025,Mostly volunteer,"Local (includes career, combination, and volunteer fire departments and fire districts)",1,5,0,16,https://www.mingojct.org,0
OH-41037,Steubenville Fire Department,Local fire department,Jefferson,Steubenville,41037,Career,"Local (includes career, combination, and volunteer fire departments and fire districts)",3,36,0,0,https://cityofsteubenville.us/fire-department/,0
OH-41043,Toronto Fire Department,Local fire department,Jefferson,Toronto,41043,Mostly volunteer,"Local (includes career, combination, and volunteer fire departments and fire districts)",1,6,23,0,,4
OH-41047,Yorkville Volunteer Fire Department,Volunteer fire department,Jefferson,Yorkville,41047,Volunteer,"Local (includes career, combination, and volunteer fire departments and fire districts)",1,0,15,0,,1
OH-41203,"Amsterdam Volunteer Fire Department, Inc.",Volunteer fire department,Jefferson,Amsterdam,41203,Volunteer,"Local (includes career, combination, and volunteer fire departments and fire districts)",1,0,12,0,,3
OH-41213,"Dillonvale Volunteer Fire Department, Inc.",Volunteer fire department,Jefferson,Dillonvale,41213,Volunteer,"Local (includes career, combination, and volunteer fire departments and fire districts)",1,0,20,0,,0
OH-41215,Empire Volunteer Fire Department,Volunteer fire department,Jefferson,Empire,41215,Volunteer,"Local (includes career, combination, and volunteer fire departments and fire districts)",1,0,20,0,,2
OH-41223,Irondale Fire & Rescue Department,Local fire department,Jefferson,Irondale,41223,Volunteer,"Local (includes career, combination, and volunteer fire departments and fire districts)",1,0,20,30,,4
OH-41227,Mt. Pleasant Volunteer Fire Department,Volunteer fire department,Jefferson,Mount Pleasant,41227,Volunteer,"Local (includes career, combination, and volunteer fire departments and fire districts)",1,0,20,0,,0
OH-41229,New Alexandria Volunteer Fire Department,Volunteer fire department,Jefferson,Mingo Junction,41229,Volunteer,"Local (includes career, combination, and volunteer fire departments and fire districts)",1,0,20,0,,0
OH-41231,Rayland Volunteer Fire Department,Volunteer fire department,Jefferson,Rayland,41231,Volunteer,"Local (includes career, combination, and volunteer fire departments and fire districts)",1,0,15,0,,1
OH-41233,"Richmond Volunteer Fire and Rescue Company, Inc.",Volunteer fire department,Jefferson,Richmond,41233,Volunteer,"Local (includes career, combination, and volunteer fire departments and fire districts)",1,0,20,0,,0
OH-41235,Smithfield Volunteer Fire Department,Volunteer fire department,Jefferson,Smithfield,41235,Volunteer,"Local (includes career, combination, and volunteer fire departments and fire districts)",1,0,20,0,,0
OH-41239,Stratton Volunteer Fire Department,Volunteer fire department,Jefferson,Stratton,41239,Volunteer,"Local (includes career, combination, and volunteer fire departments and fire districts)",1,0,21,0,,0
OH-41241,Tiltonsville Volunteer Fire Department,Volunteer fire department,Jefferson,Tiltonsville,41241,Volunteer,"Local (includes career, combination, and volunteer fire departments and fire districts)",1,0,20,0,,6
OH-41245,Wintersville Fire & Rescue Department,Local fire department,Jefferson,Wintersville,41245,Mostly volunteer,"Local (includes career, combination, and volunteer fire departments and fire districts)",1,12,6,32,https://wintersvillefire.com/,0
OH-41249,East Springfield Volunteer Fire Department,Volunteer fire department,Jefferson,East Springfield,41249,Volunteer,"Local (includes career, combination, and volunteer fire departments and fire districts)",1,0,21,0,,0
OH-41251,"Knoxville Volunteer Fire Department, Inc.",Volunteer fire department,Jefferson,Toronto,41251,Volunteer,"Local (includes career, combination, and volunteer fire departments and fire districts)",1,0,23,0,,3
OH-41253,"Belvedere Volunteer Fire Department, Inc.",Volunteer fire department,Jefferson,Bloomingdale,41253,Volunteer,"Local (includes career, combination, and volunteer fire departments and fire districts)",1,0,16,0,,0
OH-41255,Hillndale Volunteer Fire Department,Private or industrial fire brigade,Jefferson,Mingo Junction,41255,Volunteer,Private or industrial fire brigade,1,0,18,0,https://hillndalevfd.tripod.com,0
OH-41257,Pleasant Hill Volunteer Fire Department,Volunteer fire department,Jefferson,Steubenville,41257,Volunteer,"Local (includes career, combination, and volunteer fire departments and fire districts)",1,0,12,0,,0
OH-41259,Pottery Addition Volunteer Fire Department,Private or industrial fire brigade,Jefferson,Steubenville,41259,Volunteer,Private or industrial fire brigade,1,0,10,0,,1
OH-41261,Unionport Volunteer Fire & Rescue Inc.,Volunteer fire department,Jefferson,Bloomingdale,41261,Volunteer,"Local (includes career, combination, and volunteer fire departments and fire districts)",1,0,30,0,,2
OH-42003,Eastern Knox County Joint Fire District,Fire district,Knox,Danville,42003,Mostly career,"Local (includes career, combination, and volunteer fire departments and fire districts)",2,40,0,5,www.ekcjfd.com,4
OH-42017,Mount Vernon Fire Department,Local fire department,Knox,Mount Vernon,42017,Career,"Local (includes career, combination, and volunteer fire departments and fire districts)",2,36,0,0,,6
OH-42111,College Township Fire Department,Township fire department,Knox,Gambier,42111,Mostly volunteer,"Local (includes career, combination, and volunteer fire departments and fire districts)",2,1,14,22,https://www.collegetownshipfd.com/,0
OH-42115,Central Ohio Joint Fire District,Fire district,Knox,Centerburg,42115,Mostly career,"Local (includes career, combination, and volunteer fire departments and fire districts)",1,17,0,8,https://cojfd.org/,3
OH-42121,Monroe Township Fire Department,Township fire department,Knox,Mount Vernon,42121,Volunteer,"Local (includes career, combination, and volunteer fire departments and fire districts)",1,0,0,25,monroetwpfd.com,0
OH-42205,Fredericktown Community Fire District,Fire district,Knox,Fredericktown,42205,Volunteer,"Local (includes career, combination, and volunteer fire departments and fire districts)",2,0,0,28,https://www.fredericktownfire.net/,1
OH-42251,Bladensburg Fire District,Fire district,Knox,Bladensburg,42251,Mostly volunteer,"Local (includes career, combination, and volunteer fire departments and fire districts)",2,11,0,19,https://www.bladensburgfiredistrict.com/,0
OH-43001,Eastlake Fire Department,Local fire department,Lake,Eastlake,43001,Career,"Local (includes career, combination, and volunteer fire departments and fire districts)",1,29,0,0,,0
OH-43003,Fairport Harbor Fire Department,Local fire department,Lake,Fairport Harbor,43003,Mostly volunteer,"Local (includes career, combination, and volunteer fire departments and fire districts)",1,3,0,17,https://fairportharbor.org/village-government/fire-department/,0
OH-43005,Grand River Fire Department,Local fire department,Lake,Grand River,43005,Volunteer,"Local (includes career, combination, and volunteer fire departments and fire districts)",1,0,0,15,http://www.grandriverohio.net/departments/fire-department/,0
OH-43007,Kirtland Fire Department Station 1,Local fire department,Lake,Kirtland,43007,Mostly volunteer,"Local (includes career, combination, and volunteer fire departments and fire districts)",2,10,0,25,https://www.kirtlandohio.com/departments/fire-dept.html,0
OH-43015,Mentor Fire Department,Local fire department,Lake,Mentor,43015,Mostly career,"Local (includes career, combination, and volunteer fire departments and fire districts)",5,73,0,38,https://www.cityofmentor.com/,0
OH-43017,Mentor On The Lake Fire Department,Local fire department,Lake,Mentor-on-the-Lake,43017,Mostly volunteer,"Local (includes career, combination, and volunteer fire departments and fire districts)",1,7,0,23,https://citymol.org/fire-department/,0
OH-43021,Painesville City Fire Department,Local fire department,Lake,Painesville,43021,Career,"Local (includes career, combination, and volunteer fire departments and fire districts)",1,26,0,0,https://www.painesville.com/fire,0
OH-43031,Wickliffe Fire Department,Local fire department,Lake,Wickliffe,43031,Mostly career,"Local (includes career, combination, and volunteer fire departments and fire districts)",1,20,0,15,https://wickliffefire.org/,0
OH-43033,Willoughby Fire Department,Local fire department,Lake,Willoughby,43033,Career,"Local (includes career, combination, and volunteer fire departments and fire districts)",2,65,0,0,https://willoughbyohio.com/department/fire/,0
OH-43035,Willoughby Hills Fire Department,Local fire department,Lake,Willoughby Hills,43035,Mostly volunteer,"Local (includes career, combination, and volunteer fire departments and fire districts)",1,10,0,27,https://www.willoughbyhills-oh.gov/departments/safety/fire/index.php,0
OH-43037,Willowick Fire Department,Local fire department,Lake,Willowick,43037,Mostly volunteer,"Local (includes career, combination, and volunteer fire departments and fire districts)",1,1,0,65,https://www.cityofwillowick.com/fire-department,1
OH-43101,Concord Township Fire Department,Township fire department,Lake,Concord Township,43101,Mostly volunteer,"Local (includes career, combination, and volunteer fire departments and fire districts)",2,21,0,30,https://concordtwp.com/departments/fire/,0
OH-43103,Leroy Township Fire Department,Township fire department,Lake,Painesville,43103,Mostly volunteer,"Local (includes career, combination, and volunteer fire departments and fire districts)",1,1,0,28,http://leroyohio.com/fire-department/,5
OH-43107,Painesville Township Fire Department - Station No. 3,Township fire department,Lake,Painesville,43107,Mostly career,"Local (includes career, combination, and volunteer fire departments and fire districts)",3,30,0,20,https://www.painesvilletwp.com/fire-department/,0
OH-43109,Perry Joint Fire District,Fire district,Lake,Perry,43109,Career,"Local (includes career, combination, and volunteer fire departments and fire districts)",2,25,0,0,https://www.perryfire-lake.com/,14
OH-43200,Madison Fire District,Fire district,Lake,Madison,43200,Mostly career,"Local (includes career, combination, and volunteer fire departments and fire districts)",2,19,0,15,https://madisonfiredist.com/,2
OH-44005,Coal Grove Fire Department,Local fire department,Lawrence,Coal Grove,44005,Volunteer,"Local (includes career, combination, and volunteer fire departments and fire districts)",1,0,16,0,,0
OH-44009,City of Ironton Fire Department,Local fire department,Lawrence,Ironton,44009,Career,"Local (includes career, combination, and volunteer fire departments and fire districts)",1,17,0,0,,0
OH-44013,"Proctorville Community Volunteer Fire and Rescue, Inc.",Volunteer fire department,Lawrence,Proctorville,44013,Volunteer,"Local (includes career, combination, and volunteer fire departments and fire districts)",1,0,32,0,,0
OH-44015,South Point Volunteer Fire Department,Volunteer fire department,Lawrence,South Point,44015,Volunteer,"Local (includes career, combination, and volunteer fire departments and fire districts)",1,0,37,0,,0
OH-44105,Elizabeth Township Volunteer Fire Department,Township fire department,Lawrence,Pedro,44105,Volunteer,"Local (includes career, combination, and volunteer fire departments and fire districts)",2,0,15,0,,2
OH-44107,Fayette Township Fire Department,Township fire department,Lawrence,South Point,44107,Volunteer,"Local (includes career, combination, and volunteer fire departments and fire districts)",2,0,21,0,https://www.fayettefire.org/,0
OH-44109,Hamilton Township Volunteer Fire Department,Township fire department,Lawrence,Ironton,44109,Volunteer,"Local (includes career, combination, and volunteer fire departments and fire districts)",2,0,12,0,,0
OH-44111,Lawrence Township Volunteer Fire Department,Township fire department,Lawrence,Kitts Hill,44111,Volunteer,"Local (includes career, combination, and volunteer fire departments and fire districts)",2,0,28,0,,0
OH-44115,Perry Township Volunteer Fire Department 1,Township fire department,Lawrence,Ironton,44115,Volunteer,"Local (includes career, combination, and volunteer fire departments and fire districts)",2,0,25,0,https://www.ptvfd.net,0
OH-44117,"Rome Volunteer Fire Department, Inc.",Volunteer fire department,Lawrence,Proctorville,44117,Volunteer,"Local (includes career, combination, and volunteer fire departments and fire districts)",2,0,29,0,,2
OH-44123,Upper Township Volunteer Fire Department,Township fire department,Lawrence,Ironton,44123,Volunteer,"Local (includes career, combination, and volunteer fire departments and fire districts)",1,0,20,0,,2
OH-44127,Windsor Township Volunteer Fire Department,Township fire department,Lawrence,Chesapeake,44127,Volunteer,"Local (includes career, combination, and volunteer fire departments and fire districts)",1,0,14,0,https://www.windsorfirerescue.com,2
OH-44129,"Aid Township Volunteer Fire Department, Inc.",Contract fire department,Lawrence,Willow Wood,44129,Volunteer,Contract fire department,2,0,16,0,,2
OH-44131,Decatur Township Volunteer Fire Department,Township fire department,Lawrence,Pedro,44131,Volunteer,"Local (includes career, combination, and volunteer fire departments and fire districts)",1,0,15,0,,0
OH-44133,Chesapeake-Union Township Volunteer Fire Department,Township fire department,Lawrence,Chesapeake,44133,Volunteer,"Local (includes career, combination, and volunteer fire departments and fire districts)",1,0,24,0,,0
OH-45001,Alexandria-Saint Albans Township Fire Department,Township fire department,Licking,Alexandria,45001,Volunteer,"Local (includes career, combination, and volunteer fire departments and fire districts)",1,0,10,30,,0
OH-45015,Heath Fire Department,Local fire department,Licking,Heath,45015,Mostly career,"Local (includes career, combination, and volunteer fire departments and fire districts)",2,23,2,0,https://www.heathfiredepartment.com/,0
OH-45017,Refugee-Canyon Joint Fire District,Fire district,Licking,Hebron,45017,Mostly volunteer,"Local (includes career, combination, and volunteer fire departments and fire districts)",2,8,0,21,https://www.rcfiredistrict.org/,0
OH-45019,Monroe Township Fire Department,Township fire department,Licking,Johnstown,45019,Mostly volunteer,"Local (includes career, combination, and volunteer fire departments and fire districts)",1,11,29,0,https://www.monroetownship.org,0
OH-45025,Newark Fire Department,Local fire department,Licking,Newark,45025,Career,"Local (includes career, combination, and volunteer fire departments and fire districts)",5,86,0,0,https://newarkohiofire.org,0
OH-45033,County Line Joint Fire District,Fire district,Licking,Utica,45033,Mostly career,"Local (includes career, combination, and volunteer fire departments and fire districts)",1,20,0,9,https://www.cljfd.org/,0
OH-45105,Homer Fire District,Fire district,Licking,Utica,45105,Mostly career,"Local (includes career, combination, and volunteer fire departments and fire districts)",1,24,8,0,,0
OH-45117,"Hanover Volunteer Fire Department, Inc.",Volunteer fire department,Licking,Newark,45117,Volunteer,"Local (includes career, combination, and volunteer fire departments and fire districts)",4,0,13,23,https://hanoverfireohio.weebly.com/contact.html,0
OH-45121,Hartford Township Fire Department,Township fire department,Licking,Croton,45121,Mostly volunteer,"Local (includes career, combination, and volunteer fire departments and fire districts)",1,4,0,22,,0
OH-45133,Madison Township Fire Department,Township fire department,Licking,Newark,45133,Volunteer,"Local (includes career, combination, and volunteer fire departments and fire districts)",1,0,40,30,,0
OH-45135,Mary Ann Township Fire Department,Township fire department,Licking,Newark,45135,Mostly volunteer,"Local (includes career, combination, and volunteer fire departments and fire districts)",1,1,34,0,,0
OH-45201,National Trail Volunteer Fire Department,Volunteer fire department,Licking,Gratiot,45201,Volunteer,"Local (includes career, combination, and volunteer fire departments and fire districts)",1,0,2,25,,0
OH-45205,Granville Township Fire Department,Township fire department,Licking,Granville,45205,Mostly volunteer,"Local (includes career, combination, and volunteer fire departments and fire districts)",1,16,3,32,https://www.granvilletownship.org/fire,0
OH-45227,West Licking Joint Fire District,Fire district,Licking,Pataskala,45227,Mostly career,Other,5,67,0,35,http://www.westlickingfire.org/,4
OH-45228,Buckeye Lake Fire Department,Local fire department,Licking,Buckeye Lake,45228,Mostly career,"Local (includes career, combination, and volunteer fire departments and fire districts)",1,15,4,0,www.buckeyelakevillage.com,0
OH-45229,Licking Township Fire Company,Township fire department,Licking,Jacksontown,45229,Mostly volunteer,"Local (includes career, combination, and volunteer fire departments and fire districts)",2,1,2,31,,4
OH-46001,Richland Township Volunteer Fire Department,Township fire department,Logan,Belle Center,46001,Volunteer,"Local (includes career, combination, and volunteer fire departments and fire districts)",1,0,26,0,,1
OH-46003,Bellefontaine Fire & EMS,Local fire department,Logan,Bellefontaine,46003,Mostly career,"Local (includes career, combination, and volunteer fire departments and fire districts)",1,18,3,0,https://www.ci.bellefontaine.oh.us/fire--ems.html,0
OH-46007,DeGraff Fire Department,Local fire department,Logan,DeGraff,46007,Volunteer,"Local (includes career, combination, and volunteer fire departments and fire districts)",1,0,20,0,,0
OH-46011,Huntsville Fire Department,Local fire department,Logan,Huntsville,46011,Volunteer,"Local (includes career, combination, and volunteer fire departments and fire districts)",1,0,15,3,,0
OH-46013,Lakeview Fire Department,Contract fire department,Logan,Lakeview,46013,Volunteer,Contract fire department,1,0,25,25,,0
OH-46027,Indian Joint Fire District,Fire district,Logan,Russells Point,46027,Volunteer,"Local (includes career, combination, and volunteer fire departments and fire districts)",1,0,0,17,,2
OH-46031,West Liberty Fire Department,Local fire department,Logan,West Liberty,46031,Volunteer,"Local (includes career, combination, and volunteer fire departments and fire districts)",1,0,23,3,,0
OH-46035,Tri-Valley Fire District,Fire district,Logan,Zanesfield,46035,Volunteer,"Local (includes career, combination, and volunteer fire departments and fire districts)",1,0,18,0,,1
OH-46119,Perry Township Fire Department,Township fire department,Logan,East Liberty,46119,Volunteer,"Local (includes career, combination, and volunteer fire departments and fire districts)",1,0,2,17,,0
OH-46127,Rushcreek Township Fire Department,Township fire department,Logan,Rushsylvania,46127,Volunteer,"Local (includes career, combination, and volunteer fire departments and fire districts)",1,0,23,0,,0
OH-46203,Bokescreek Township Fire Department,Township fire department,Logan,West Mansfield,46203,Volunteer,"Local (includes career, combination, and volunteer fire departments and fire districts)",1,0,16,16,,4
OH-46215,Quincy-Miami Township Fire Department,Township fire department,Logan,Quincy,46215,Volunteer,"Local (includes career, combination, and volunteer fire departments and fire districts)",1,0,24,0,,0
OH-47001,Amherst Fire Department,Local fire department,Lorain,Amherst,47001,Mostly volunteer,"Local (includes career, combination, and volunteer fire departments and fire districts)",1,1,0,34,https://amherstfire.org/,0
OH-47003,Avon Fire Department,Local fire department,Lorain,Avon,47003,Career,"Local (includes career, combination, and volunteer fire departments and fire districts)",1,39,0,0,https://www.cityofavon.com/173/Fire,0
OH-47005,Avon Lake Fire Department,Local fire department,Lorain,Avon Lake,47005,Career,"Local (includes career, combination, and volunteer fire departments and fire districts)",1,27,0,0,,0
OH-47013,Elyria Fire Department,Local fire department,Lorain,Elyria,47013,Career,"Local (includes career, combination, and volunteer fire departments and fire districts)",3,75,0,0,https://www.cityofelyria.org,0
OH-47015,Grafton Village Fire Department,Local fire department,Lorain,Grafton,47015,Mostly volunteer,"Local (includes career, combination, and volunteer fire departments and fire districts)",2,1,0,26,https://villageofgrafton.org/our-government/fire-department/,1
OH-47021,Lorain Fire Department,Local fire department,Lorain,Lorain,47021,Career,"Local (includes career, combination, and volunteer fire departments and fire districts)",4,79,0,0,https://www.cityoflorain.org/fire/,0
OH-47023,North Ridgeville Fire Department,Local fire department,Lorain,North Ridgeville,47023,Career,"Local (includes career, combination, and volunteer fire departments and fire districts)",2,39,0,0,https://www.nridgeville.org/Fire.aspx,0
OH-47025,Oberlin Fire Department,Local fire department,Lorain,Oberlin,47025,Mostly volunteer,"Local (includes career, combination, and volunteer fire departments and fire districts)",1,6,0,22,https://oberlin-fire.com/,0
OH-47029,Sheffield Village Fire Department,Local fire department,Lorain,Sheffield Village,47029,Career,"Local (includes career, combination, and volunteer fire departments and fire districts)",1,20,0,0,https://sheffieldvillage.com/fd/,3
OH-47031,Sheffield Lake Fire Department,Local fire department,Lorain,Sheffield Lake,47031,Career,"Local (includes career, combination, and volunteer fire departments and fire districts)",1,12,0,0,https://www.sheffieldlake.net/city-departments/fire-department-2/,4
OH-47033,South Amherst Fire Department,Local fire department,Lorain,South Amherst,47033,Volunteer,"Local (includes career, combination, and volunteer fire departments and fire districts)",1,0,0,21,,0
OH-47037,Wellington Fire District,Fire district,Lorain,Wellington,47037,Mostly volunteer,"Local (includes career, combination, and volunteer fire departments and fire districts)",2,2,0,27,https://www.wellingtonfire.com/,0
OH-47039,Camden Township Fire Department,Township fire department,Lorain,Kipton,47039,Volunteer,"Local (includes career, combination, and volunteer fire departments and fire districts)",1,0,21,0,,4
OH-47109,Carlisle Township Fire Department,Township fire department,Lorain,Elyria,47109,Mostly volunteer,"Local (includes career, combination, and volunteer fire departments and fire districts)",1,5,0,23,https://www.carlisletownship.com/fire,0
OH-47111,Columbia Township Fire Department,Township fire department,Lorain,Columbia Station,47111,Volunteer,"Local (includes career, combination, and volunteer fire departments and fire districts)",1,0,0,42,,3
OH-47113,Eaton Township Fire and Rescue,Township fire department,Lorain,Grafton,47113,Volunteer,"Local (includes career, combination, and volunteer fire departments and fire districts)",1,0,0,28,,3
OH-47115,Elyria Township Fire Department,Township fire department,Lorain,Elyria,47115,Volunteer,"Local (includes career, combination, and volunteer fire departments and fire districts)",1,0,0,25,,0
OH-47117,Grafton Township Fire Department,Township fire department,Lorain,Grafton,47117,Volunteer,"Local (includes career, combination, and volunteer fire departments and fire districts)",1,0,0,18,,0
OH-47131,Sheffield Township Fire Department,Township fire department,Lorain,Lorain,47131,Volunteer,"Local (includes career, combination, and volunteer fire departments and fire districts)",2,0,0,26,,3
OH-47201,Rochester Volunteer Fire Department,Volunteer fire department,Lorain,Rochester,47201,Volunteer,"Local (includes career, combination, and volunteer fire departments and fire districts)",1,0,30,0,,1
OH-47219,LaGrange Fire & Rescue,Local fire department,Lorain,LaGrange,47219,Volunteer,"Local (includes career, combination, and volunteer fire departments and fire districts)",3,0,0,25,,0
OH-48001,Richfield Township Fire Department,Township fire department,Lucas,Berkey,48001,Mostly volunteer,"Local (includes career, combination, and volunteer fire departments and fire districts)",1,2,21,0,,0
OH-48007,Maumee Fire Station 1,Local fire department,Lucas,Maumee,48007,Mostly volunteer,"Local (includes career, combination, and volunteer fire departments and fire districts)",2,20,0,55,,0
OH-48011,Oregon Fire Department,Local fire department,Lucas,Oregon,48011,Mostly volunteer,"Local (includes career, combination, and volunteer fire departments and fire districts)",3,27,0,33,https://oregonfirerescue.com/,2
OH-48017,Toledo Fire Department,Local fire department,Lucas,Toledo,48017,Career,"Local (includes career, combination, and volunteer fire departments and fire districts)",18,575,0,0,https://www.toledofirerescue.com/,0
OH-48019,Waterville Fire Department,Local fire department,Lucas,Waterville,48019,Mostly career,"Local (includes career, combination, and volunteer fire departments and fire districts)",1,11,0,9,https://waterville.org/fire/,0
OH-48021,Whitehouse Fire Department,Local fire department,Lucas,Whitehouse,48021,Mostly volunteer,"Local (includes career, combination, and volunteer fire departments and fire districts)",1,13,0,32,https://whitehouseoh.gov/government/fire-department/,0
OH-48101,Providence Township Fire & Rescue,Township fire department,Lucas,Neapolis,48101,Volunteer,"Local (includes career, combination, and volunteer fire departments and fire districts)",1,0,0,26,https://www.providencetwp.org/,2
OH-48103,Jerusalem Township Fire Department,Township fire department,Lucas,Curtice,48103,Mostly volunteer,"Local (includes career, combination, and volunteer fire departments and fire districts)",1,1,33,35,,3
OH-48105,Monclova Township Fire-Rescue Department,Township fire department,Lucas,Monclova,48105,Mostly volunteer,"Local (includes career, combination, and volunteer fire departments and fire districts)",1,2,0,47,http://monclovatwp.org/?page_id=23,0
OH-48113,Springfield Township Fire Department,Township fire department,Lucas,Holland,48113,Mostly career,"Local (includes career, combination, and volunteer fire departments and fire districts)",4,40,0,30,https://springfieldtownship.net/departments/fire-ems/?doing_wp_cron=1720549422.9787130355834960937500,0
OH-48117,Sylvania Township Fire Department,Township fire department,Lucas,Sylvania,48117,Career,"Local (includes career, combination, and volunteer fire departments and fire districts)",4,70,0,0,https://www.stfd-oh.gov,0
OH-48119,Washington Township Fire Department,Township fire department,Lucas,Toledo,48119,Volunteer,"Local (includes career, combination, and volunteer fire departments and fire districts)",1,0,0,25,https://washington-twp.com/fire-department/,0
OH-49003,London Fire Department,Local fire department,Madison,London,49003,Mostly career,"Local (includes career, combination, and volunteer fire departments and fire districts)",1,10,0,7,,0
OH-49109,Jefferson Township Fire Department,Township fire department,Madison,West Jefferson,49109,Mostly volunteer,"Local (includes career, combination, and volunteer fire departments and fire districts)",1,16,0,25,https://jeffersontwpmadison.org/government/departments/fire.php,0
OH-49121,Range Township Volunteer Fire Department,Township fire department,Madison,Sedalia,49121,Volunteer,"Local (includes career, combination, and volunteer fire departments and fire districts)",1,0,1,15,,0
OH-49125,Stokes Township Fire Department,Township fire department,Madison,South Solon,49125,Volunteer,"Local (includes career, combination, and volunteer fire departments and fire districts)",1,0,14,0,,0
OH-49235,Central Townships Joint Fire District,Fire district,Madison,London,49235,Volunteer,"Local (includes career, combination, and volunteer fire departments and fire districts)",2,0,42,0,,0
OH-49237,Tri-County Joint Fire District,Fire district,Madison,Mount Sterling,49237,Mostly volunteer,"Local (includes career, combination, and volunteer fire departments and fire districts)",2,4,0,23,,2
OH-50003,Beloit Fire Department,Local fire department,Mahoning,Beloit,50003,Volunteer,"Local (includes career, combination, and volunteer fire departments and fire districts)",1,0,0,55,,0
OH-50007,Campbell Fire Department,Local fire department,Mahoning,Campbell,50007,Mostly volunteer,"Local (includes career, combination, and volunteer fire departments and fire districts)",1,4,0,10,,3
OH-50019,Lowellville Fire Department,Local fire department,Mahoning,Lowellville,50019,Volunteer,"Local (includes career, combination, and volunteer fire departments and fire districts)",2,0,16,16,https://villageoflowellville.org/fire-ems/,0
OH-50033,Sebring Fire Department,Local fire department,Mahoning,Sebring,50033,Volunteer,"Local (includes career, combination, and volunteer fire departments and fire districts)",2,0,0,36,https://sebringohio.net/fire-department/,0
OH-50035,Struthers Fire Department,Local fire department,Mahoning,Struthers,50035,Mostly volunteer,"Local (includes career, combination, and volunteer fire departments and fire districts)",2,10,0,15,https://www.cityofstruthers.com/fire_department.html,2
OH-50043,Youngstown Fire Department,Local fire department,Mahoning,Youngstown,50043,Career,"Local (includes career, combination, and volunteer fire departments and fire districts)",7,117,0,0,https://www.youngstownfire.com/,0
OH-50078,Damascus Volunteer Fire Department,Volunteer fire department,Mahoning,Damascus,50078,Volunteer,"Local (includes career, combination, and volunteer fire departments and fire districts)",2,0,26,23,,2
OH-50080,New Middletown Village Fire Department,Local fire department,Mahoning,New Middletown,50080,Volunteer,"Local (includes career, combination, and volunteer fire departments and fire districts)",1,0,18,0,,0
OH-50101,Austintown Fire Department,Local fire department,Mahoning,Austintown,50101,Mostly volunteer,"Local (includes career, combination, and volunteer fire departments and fire districts)",4,18,0,30,,0
OH-50103,Beaver Township Fire Department,Township fire department,Mahoning,North Lima,50103,Mostly volunteer,"Local (includes career, combination, and volunteer fire departments and fire districts)",1,3,0,31,https://www.beavertwp-oh.gov/fire-ems,6
OH-50105,Berlin Township Fire Department,Township fire department,Mahoning,Berlin Center,50105,Volunteer,"Local (includes career, combination, and volunteer fire departments and fire districts)",1,0,0,20,,0
OH-50107,Boardman Fire Department,Local fire department,Mahoning,Youngstown,50107,Career,"Local (includes career, combination, and volunteer fire departments and fire districts)",3,39,0,0,http://www.boardmantwp.com/fire,1
OH-50109,Cardinal Joint Fire District,Fire district,Mahoning,Canfield,50109,Mostly career,"Local (includes career, combination, and volunteer fire departments and fire districts)",3,28,0,12,https://canfieldfire.org/,0
OH-50111,Coitsville Fire Department,Local fire department,Mahoning,Lowellville,50111,Volunteer,"Local (includes career, combination, and volunteer fire departments and fire districts)",1,0,0,20,,0
OH-50113,Ellsworth Fire Department,Local fire department,Mahoning,North Jackson,50113,Volunteer,"Local (includes career, combination, and volunteer fire departments and fire districts)",1,0,0,33,http://www.ellsworthohio.com/fire-ems.html,1
OH-50117,Green Township Volunteer Fire Department,Township fire department,Mahoning,Greenford,50117,Volunteer,"Local (includes career, combination, and volunteer fire departments and fire districts)",1,0,0,24,,0
OH-50119,Jackson Township Volunteer Fire Department,Township fire department,Mahoning,North Jackson,50119,Volunteer,"Local (includes career, combination, and volunteer fire departments and fire districts)",1,0,0,19,http://www.jacksontwpfire.net/,1
OH-50123,Western Reserve Joint Fire District,Fire district,Mahoning,Poland,50123,Volunteer,"Local (includes career, combination, and volunteer fire departments and fire districts)",3,0,0,76,https://www.polandfire.org/,1
OH-50127,Springfield Township Fire Department,Township fire department,Mahoning,New Springfield,50127,Volunteer,"Local (includes career, combination, and volunteer fire departments and fire districts)",3,0,0,60,,0
OH-50303,Milton Township Fire Department,Township fire department,Mahoning,Lake Milton,50303,Volunteer,"Local (includes career, combination, and volunteer fire departments and fire districts)",1,0,17,0,https://www.miltonfire.org/,0
OH-51005,Marion City Fire Department,Local fire department,Marion,Marion,51005,Career,"Local (includes career, combination, and volunteer fire departments and fire districts)",3,65,0,0,,0
OH-51111,Green Camp Township Volunteer Fire Department,Township fire department,Marion,Green Camp,51111,Volunteer,"Local (includes career, combination, and volunteer fire departments and fire districts)",1,0,22,0,,0
OH-51113,Marion Township Fire Department,Township fire department,Marion,Marion,51113,Career,"Local (includes career, combination, and volunteer fire departments and fire districts)",2,26,0,0,,1
OH-51117,Pleasant Township Volunteer Fire Department,Township fire department,Marion,Marion,51117,Mostly volunteer,"Local (includes career, combination, and volunteer fire departments and fire districts)",1,9,0,20,www.pleasanttownshipmarion.org,0
OH-51123,Morral-Salt Rock Township Fire Department,Township fire department,Marion,Morral,51123,Volunteer,"Local (includes career, combination, and volunteer fire departments and fire districts)",1,0,0,26,,0
OH-51129,Fort Morrow Consolidated Fire District,Fire district,Marion,Waldo,51129,Volunteer,"Local (includes career, combination, and volunteer fire departments and fire districts)",1,0,25,0,,0
OH-51201,1st Consolidated Fire District,Fire district,Marion,Caledonia,51201,Mostly volunteer,"Local (includes career, combination, and volunteer fire departments and fire districts)",3,10,1,15,https://1stcfd.com/,3
OH-51203,Scioto Valley Fire District,Fire district,Marion,La Rue,51203,Volunteer,"Local (includes career, combination, and volunteer fire departments and fire districts)",1,0,0,30,,0
OH-51219,Battle Run Fire District,Fire district,Marion,Prospect,51219,Volunteer,"Local (includes career, combination, and volunteer fire departments and fire districts)",1,0,0,25,,0
OH-51300,"New Vision Fire and Rescue, Inc.",Local fire department,Marion,Marion,51300,Volunteer,"Local (includes career, combination, and volunteer fire departments and fire districts)",1,0,25,0,,1
OH-52003,Brunswick Division of Fire,Local fire department,Medina,Brunswick,52003,Career,"Local (includes career, combination, and volunteer fire departments and fire districts)",2,30,0,0,,0
OH-52015,Lodi Fire Department,Local fire department,Medina,Lodi,52015,Volunteer,"Local (includes career, combination, and volunteer fire departments and fire districts)",1,0,0,24,,0
OH-52017,Medina Fire Department,Local fire department,Medina,Medina,52017,Mostly volunteer,"Local (includes career, combination, and volunteer fire departments and fire districts)",6,3,0,30,,0
OH-52019,Seville-Guilford Fire and EMS,Local fire department,Medina,Seville,52019,Mostly volunteer,"Local (includes career, combination, and volunteer fire departments and fire districts)",1,6,2,18,https://www.guilfordtownship.us/fire.html,4
OH-52021,Spencer Community Fire District,Fire district,Medina,Spencer,52021,Volunteer,"Local (includes career, combination, and volunteer fire departments and fire districts)",1,0,0,25,,0
OH-52023,Valley City Fire Department,Local fire department,Medina,Valley City,52023,Mostly volunteer,"Local (includes career, combination, and volunteer fire departments and fire districts)",1,1,0,44,https://valleycityfire.com/,0
OH-52025,Wadsworth Fire Department,Local fire department,Medina,Wadsworth,52025,Mostly volunteer,"Local (includes career, combination, and volunteer fire departments and fire districts)",2,18,0,34,https://www.wadsworthcity.com/315/Fire-Emergency-Medical-Services-EMS,0
OH-52027,Erhart-York Township Fire Department,Township fire department,Medina,Medina,52027,Volunteer,"Local (includes career, combination, and volunteer fire departments and fire districts)",1,0,0,33,https://yorktwp.org/erhart-fire-department-history/,0
OH-52103,Chatham Volunteer Fire & Rescue Department,Volunteer fire department,Medina,Spencer,52103,Volunteer,"Local (includes career, combination, and volunteer fire departments and fire districts)",1,0,0,30,,0
OH-52111,Hinckley Fire Department,Local fire department,Medina,Hinckley,52111,Volunteer,"Local (includes career, combination, and volunteer fire departments and fire districts)",1,0,0,34,https://hinckleytwp.org/departments/fire-and-rescue/,0
OH-52115,Lafayette Township Fire & Rescue,Township fire department,Medina,Medina,52115,Volunteer,"Local (includes career, combination, and volunteer fire departments and fire districts)",2,0,0,40,,0
OH-52117,Litchfield Fire & Rescue Department,Local fire department,Medina,Litchfield,52117,Mostly volunteer,"Local (includes career, combination, and volunteer fire departments and fire districts)",1,1,21,0,,2
OH-52125,Sharon Township Fire Department,Township fire department,Medina,Wadsworth,52125,Volunteer,"Local (includes career, combination, and volunteer fire departments and fire districts)",1,0,0,40,https://sharontwp.org/fire/,0
OH-52203,Westfield Fire & Rescue,Local fire department,Medina,Westfield Center,52203,Mostly volunteer,"Local (includes career, combination, and volunteer fire departments and fire districts)",1,1,0,23,https://www.westfieldfrd.org/,0
OH-52205,Granger Township Fire & Rescue Department,Township fire department,Medina,Medina,52205,Volunteer,"Local (includes career, combination, and volunteer fire departments and fire districts)",1,0,0,35,,0
OH-53103,Chester Volunteer Fire Department,Volunteer fire department,Meigs,Chester,53103,Volunteer,"Local (includes career, combination, and volunteer fire departments and fire districts)",1,0,20,0,,4
OH-53207,Middleport Fire Department,Local fire department,Meigs,Middleport,53207,Volunteer,"Local (includes career, combination, and volunteer fire departments and fire districts)",1,0,14,0,,0
OH-53209,Pomeroy Volunteer Fire Department,Volunteer fire department,Meigs,Pomeroy,53209,Volunteer,"Local (includes career, combination, and volunteer fire departments and fire districts)",1,0,27,0,,0
OH-53213,Racine Fire Department,Local fire department,Meigs,Racine,53213,Volunteer,"Local (includes career, combination, and volunteer fire departments and fire districts)",1,0,30,0,,0
OH-53217,Rutland Fire Department,Local fire department,Meigs,Rutland,53217,Volunteer,"Local (includes career, combination, and volunteer fire departments and fire districts)",1,0,39,0,,0
OH-53219,Syracuse Volunteer Fire Department,Volunteer fire department,Meigs,Syracuse,53219,Volunteer,"Local (includes career, combination, and volunteer fire departments and fire districts)",1,0,31,0,,0
OH-53221,Olive Township Volunteer Fire Department,Township fire department,Meigs,Reedsville,53221,Volunteer,"Local (includes career, combination, and volunteer fire departments and fire districts)",1,0,20,0,,0
OH-53223,"Tuppers Plains Fire Department, Inc.",Contract fire department,Meigs,Tuppers Plains,53223,Volunteer,Contract fire department,1,0,22,0,,1
OH-53225,Bashan Volunteer Fire Department,Volunteer fire department,Meigs,Long Bottom,53225,Volunteer,"Local (includes career, combination, and volunteer fire departments and fire districts)",1,0,15,0,,0
OH-53227,Salem Township Volunteer Fire Department,Township fire department,Meigs,Langsville,53227,Volunteer,"Local (includes career, combination, and volunteer fire departments and fire districts)",1,0,15,0,,0
OH-53228,Scipio Township Volunteer Fire Department,Township fire department,Meigs,Pomeroy,53228,Volunteer,"Local (includes career, combination, and volunteer fire departments and fire districts)",2,0,17,0,,0
OH-53229,Columbia Township Volunteer Fire Department,Township fire department,Meigs,Albany,53229,Volunteer,"Local (includes career, combination, and volunteer fire departments and fire districts)",1,0,17,0,,0
OH-54001,Burkettsville Community Fire Department,Local fire department,Mercer,Burkettsville,54001,Volunteer,"Local (includes career, combination, and volunteer fire departments and fire districts)",1,0,20,0,https://www.mercerfire.org,0
OH-54003,Celina Fire Department,Local fire department,Mercer,Celina,54003,Mostly career,"Local (includes career, combination, and volunteer fire departments and fire districts)",1,16,0,9,https://www.ci.celina.oh.us/,3
OH-54007,Chickasaw Community Mutual Fire Company,Local fire department,Mercer,Chickasaw,54007,Volunteer,"Local (includes career, combination, and volunteer fire departments and fire districts)",1,0,26,0,,0
OH-54009,Coldwater Fire Department,Local fire department,Mercer,Coldwater,54009,Volunteer,"Local (includes career, combination, and volunteer fire departments and fire districts)",1,0,22,0,,0
OH-54011,Southwest Mercer Fire,Local fire department,Mercer,Fort Recovery,54011,Volunteer,"Local (includes career, combination, and volunteer fire departments and fire districts)",1,0,28,0,,0
OH-54013,Mendon-Union Fire Department,Local fire department,Mercer,Mendon,54013,Volunteer,"Local (includes career, combination, and volunteer fire departments and fire districts)",1,0,25,0,,3
OH-54015,"Montezuma Community Fire Company, Inc.",Contract fire department,Mercer,Montezuma,54015,Volunteer,Contract fire department,1,0,18,0,,0
OH-54017,"Rockford Community Fire Company, Inc.",Local fire department,Mercer,Rockford,54017,Volunteer,"Local (includes career, combination, and volunteer fire departments and fire districts)",1,0,27,0,,0
OH-54021,St. Henry Volunteer Fire Department,Volunteer fire department,Mercer,Saint Henry,54021,Volunteer,"Local (includes career, combination, and volunteer fire departments and fire districts)",1,0,30,0,https://vil.saint-henry.oh.us/municipal/fire-department/,0
OH-55005,Elizabeth Township Fire Department,Contract fire department,Miami,Troy,55005,Volunteer,Contract fire department,1,0,0,38,,0
OH-55021,Piqua Fire Department,Local fire department,Miami,Piqua,55021,Career,"Local (includes career, combination, and volunteer fire departments and fire districts)",1,30,0,0,https://piquaoh.gov/205/Fire-Department,0
OH-55023,Joint Fire District Pleasant Hill Newton Township,Fire district,Miami,Pleasant Hill,55023,Volunteer,"Local (includes career, combination, and volunteer fire departments and fire districts)",1,0,31,0,,0
OH-55027,Tipp City Fire & EMS,Local fire department,Miami,Tipp City,55027,Mostly volunteer,"Local (includes career, combination, and volunteer fire departments and fire districts)",1,14,3,28,https://www.tippcityohio.gov/370/Fire-Emergency-Services,0
OH-55029,Troy Fire Department Station 12,Local fire department,Miami,Troy,55029,Career,"Local (includes career, combination, and volunteer fire departments and fire districts)",3,38,0,0,https://www.troyohio.gov/151/Fire,0
OH-55206,"Casstown Community Volunteer Fire Company, Inc",Volunteer fire department,Miami,Casstown,55206,Volunteer,"Local (includes career, combination, and volunteer fire departments and fire districts)",1,0,27,0,,0
OH-55211,Fletcher Volunteer Fire Department,Contract fire department,Miami,Fletcher,55211,Volunteer,Contract fire department,1,0,24,0,,0
OH-55217,Ludlow Falls Fire Department,Local fire department,Miami,Ludlow Falls,55217,Volunteer,"Local (includes career, combination, and volunteer fire departments and fire districts)",1,0,16,0,,0
OH-55221,Bethel Township Fire Department,Township fire department,Miami,Tipp City,55221,Volunteer,"Local (includes career, combination, and volunteer fire departments and fire districts)",1,0,1,22,www.betheltownship.org,0
OH-55229,"Covington Fire & Rescue, Inc.",Local fire department,Miami,Covington,55229,Volunteer,"Local (includes career, combination, and volunteer fire departments and fire districts)",1,0,38,0,,2
OH-55235,Laura Fire Company,Local fire department,Miami,Laura,55235,Volunteer,"Local (includes career, combination, and volunteer fire departments and fire districts)",1,0,15,0,,0
OH-55236,Bradford Fire & Rescue Services,Local fire department,Miami,Bradford,55236,Volunteer,"Local (includes career, combination, and volunteer fire departments and fire districts)",1,0,32,0,,3
OH-56009,Graysville Community Volunteer Fire Department,Volunteer fire department,Monroe,Graysville,56009,Volunteer,"Local (includes career, combination, and volunteer fire departments and fire districts)",1,0,10,0,,0
OH-56023,Woodsfield Volunteer Fire Department,Volunteer fire department,Monroe,Woodsfield,56023,Volunteer,"Local (includes career, combination, and volunteer fire departments and fire districts)",1,0,31,0,,0
OH-56101,Bethel Township Volunteer Fire Department,Township fire department,Monroe,Lower Salem,56101,Volunteer,"Local (includes career, combination, and volunteer fire departments and fire districts)",1,0,15,0,,0
OH-56201,Antioch Community Volunteer Fire Department,Volunteer fire department,Monroe,Antioch,56201,Volunteer,"Local (includes career, combination, and volunteer fire departments and fire districts)",1,0,20,0,,0
OH-56203,Beallsville Volunteer Fire Department,Volunteer fire department,Monroe,Beallsville,56203,Volunteer,"Local (includes career, combination, and volunteer fire departments and fire districts)",1,0,15,0,,1
OH-56205,Clarington Volunteer Fire Department Inc,Volunteer fire department,Monroe,Clarington,56205,Volunteer,"Local (includes career, combination, and volunteer fire departments and fire districts)",1,0,20,0,https://claringtonvfd.com/,0
OH-56209,Lewisville & Community Volunteer Fire Department,Private or industrial fire brigade,Monroe,Lewisville,56209,Volunteer,Private or industrial fire brigade,1,0,22,0,,0
OH-56219,"Sardis Volunteer Fire Department, Inc.",Volunteer fire department,Monroe,Sardis,56219,Volunteer,"Local (includes career, combination, and volunteer fire departments and fire districts)",2,0,32,0,,0
OH-57001,Englewood Fire Department,Local fire department,Montgomery,Englewood,57001,Mostly volunteer,"Local (includes career, combination, and volunteer fire departments and fire districts)",2,7,0,55,https://www.englewood.oh.us/fire.php,2
OH-57003,Brookville Fire Department,Local fire department,Montgomery,Brookville,57003,Mostly volunteer,"Local (includes career, combination, and volunteer fire departments and fire districts)",1,2,0,40,https://brookvilleohio.com/331/Fire,0
OH-57007,Washington Township Fire Department,Township fire department,Montgomery,Dayton,57007,Mostly career,"Local (includes career, combination, and volunteer fire departments and fire districts)",5,96,0,5,https://www.washingtontwp.org/services/fire_ems,0
OH-57011,Dayton Fire Department,Local fire department,Montgomery,Dayton,57011,Career,"Local (includes career, combination, and volunteer fire departments and fire districts)",12,340,0,0,https://www.daytonohio.gov/310/Fire,0
OH-57017,Farmersville Fire Department,Local fire department,Montgomery,Farmersville,57017,Mostly volunteer,"Local (includes career, combination, and volunteer fire departments and fire districts)",1,1,22,0,https://www.facebook.com/p/Farmersville-Fire-Association-Inc-100064758394290/,0
OH-57021,Germantown Fire Department,Local fire department,Montgomery,Germantown,57021,Volunteer,"Local (includes career, combination, and volunteer fire departments and fire districts)",1,0,0,28,,0
OH-57023,Kettering Fire Department,Local fire department,Montgomery,Kettering,57023,Career,"Local (includes career, combination, and volunteer fire departments and fire districts)",4,80,0,0,https://www.ketteringoh.org/departments/kettering-fire-department/,0
OH-57027,Miami Valley Fire District,Fire district,Montgomery,Miamisburg,57027,Mostly career,"Local (includes career, combination, and volunteer fire departments and fire districts)",5,75,0,3,https://www.miamivalleyfiredistrict.org/,4
OH-57029,Moraine Fire Department,Local fire department,Montgomery,Moraine,57029,Career,"Local (includes career, combination, and volunteer fire departments and fire districts)",3,31,0,0,https://morainefire.org/,0
OH-57031,New Lebanon Fire Department,Local fire department,Montgomery,New Lebanon,57031,Mostly volunteer,"Local (includes career, combination, and volunteer fire departments and fire districts)",1,4,0,13,https://www.newlebanonoh.org/fire,0
OH-57033,City of Oakwood Public Safety Department,Local fire department,Montgomery,Oakwood,57033,Career,"Local (includes career, combination, and volunteer fire departments and fire districts)",1,28,0,0,https://oakwoodohio.gov/departments/public-safety/,0
OH-57035,Phillipsburg Fire Department,Local fire department,Montgomery,Phillipsburg,57035,Volunteer,"Local (includes career, combination, and volunteer fire departments and fire districts)",1,0,35,0,,2
OH-57049,Vandalia Fire Division,Local fire department,Montgomery,Vandalia,57049,Mostly volunteer,"Local (includes career, combination, and volunteer fire departments and fire districts)",2,20,0,38,https://vandaliaohio.org/173/Fire-Division,0
OH-57053,West Carrollton Fire Department,Local fire department,Montgomery,West Carrollton,57053,Mostly volunteer,"Local (includes career, combination, and volunteer fire departments and fire districts)",2,9,0,23,https://www.westcarrollton.org/departments/fire/,0
OH-57101,Butler Township Fire Department,Township fire department,Montgomery,Dayton,57101,Mostly career,"Local (includes career, combination, and volunteer fire departments and fire districts)",2,20,0,10,https://butlertownship.com/services/fire-department/,0
OH-57107,Harrison Township Fire Department,Township fire department,Montgomery,Dayton,57107,Career,"Local (includes career, combination, and volunteer fire departments and fire districts)",2,75,0,0,https://harrisontownship.org/165/Fire-Services,0
OH-57111,Jefferson Township Fire Department,Township fire department,Montgomery,Dayton,57111,Mostly volunteer,"Local (includes career, combination, and volunteer fire departments and fire districts)",4,1,0,42,https://www.fire-ems.net/firedept/view/DaytonOH,0
OH-57113,Trotwood Fire & Rescue Department,Local fire department,Montgomery,Trotwood,57113,Mostly volunteer,"Local (includes career, combination, and volunteer fire departments and fire districts)",4,35,0,45,https://trotwood.org/departments/fire-rescue/,0
OH-57115,City of Riverside Fire Department,Local fire department,Montgomery,Dayton,57115,Mostly volunteer,"Local (includes career, combination, and volunteer fire departments and fire districts)",2,16,0,20,https://www.riversideoh.gov/departments/fire/,0
OH-57121,Clayton Fire Department,Local fire department,Montgomery,Englewood,57121,Mostly career,"Local (includes career, combination, and volunteer fire departments and fire districts)",1,17,0,6,https://www.clayton.oh.us/135/Fire-Services,0
OH-57122,City of Union Fire Department,Local fire department,Montgomery,Union,57122,Career,"Local (includes career, combination, and volunteer fire departments and fire districts)",1,38,0,0,https://www.unionoh.org/fire-department,0
OH-57125,Huber Heights Fire Department,Local fire department,Montgomery,Huber Heights,57125,Career,"Local (includes career, combination, and volunteer fire departments and fire districts)",3,53,0,0,https://www.hhoh.org/,0
OH-58011,Stockport Volunteer Fire Department,Volunteer fire department,Morgan,Stockport,58011,Volunteer,"Local (includes career, combination, and volunteer fire departments and fire districts)",1,0,20,0,,1
OH-58105,Center Township Volunteer Fire Department,Township fire department,Morgan,Beverly,58105,Volunteer,"Local (includes career, combination, and volunteer fire departments and fire districts)",1,0,4,0,,0
OH-58121,Penn Volunteer Fire Department,Volunteer fire department,Morgan,Stockport,58121,Volunteer,"Local (includes career, combination, and volunteer fire departments and fire districts)",1,0,21,0,,0
OH-58201,"Chesterhill Volunteer Fire Department, Inc.",Private or industrial fire brigade,Morgan,Chesterhill,58201,Volunteer,Private or industrial fire brigade,1,0,25,0,,1
OH-58205,Malta-McConnelsville Volunteer Fire Department,Volunteer fire department,Morgan,McConnelsville,58205,Volunteer,"Local (includes career, combination, and volunteer fire departments and fire districts)",1,0,24,0,,0
OH-59011,Mount Gilead Fire Department,Local fire department,Morrow,Mount Gilead,59011,Mostly volunteer,"Local (includes career, combination, and volunteer fire departments and fire districts)",1,1,0,27,https://mountgilead.net/firedept.htm,0
OH-59209,Big Walnut Joint Fire District,Fire district,Morrow,Marengo,59209,Volunteer,"Local (includes career, combination, and volunteer fire departments and fire districts)",2,0,0,33,https://www.bwjfd.org/,4
OH-59301,"Perry-Congress Fire District, Johnsville Fire Department",Fire district,Morrow,Bellville,59301,Volunteer,"Local (includes career, combination, and volunteer fire departments and fire districts)",2,0,2,30,,0
OH-60001,Adamsville Community Fire Department,Local fire department,Muskingum,Adamsville,60001,Volunteer,"Local (includes career, combination, and volunteer fire departments and fire districts)",1,0,32,0,,0
OH-60003,Dresden Volunteer Fire Department,Volunteer fire department,Muskingum,Dresden,60003,Volunteer,"Local (includes career, combination, and volunteer fire departments and fire districts)",1,0,44,0,https://dresdenfire.org/,0
OH-60007,"Frazeysburg Volunteer Fire Department, Inc.",Volunteer fire department,Muskingum,Frazeysburg,60007,Mostly volunteer,"Local (includes career, combination, and volunteer fire departments and fire districts)",1,4,15,0,,1
OH-60017,Roseville Volunteer Fire Department,Volunteer fire department,Muskingum,Roseville,60017,Volunteer,"Local (includes career, combination, and volunteer fire departments and fire districts)",1,0,20,0,http://www.rosevillevfd.net/,1
OH-60019,South Zanesville Fire Department,Local fire department,Muskingum,South Zanesville,60019,Mostly volunteer,"Local (includes career, combination, and volunteer fire departments and fire districts)",1,7,1,22,https://southzanesvillefd.org,0
OH-60023,Zanesville Fire Department,Local fire department,Muskingum,Zanesville,60023,Career,"Local (includes career, combination, and volunteer fire departments and fire districts)",3,54,0,0,https://www.coz.org/195/Fire-Department,2
OH-60111,Falls Township Fire Department,Township fire department,Muskingum,Zanesville,60111,Mostly volunteer,"Local (includes career, combination, and volunteer fire departments and fire districts)",3,9,18,35,,0
OH-60113,Harrison Township Volunteer Fire Department,Township fire department,Muskingum,Philo,60113,Volunteer,"Local (includes career, combination, and volunteer fire departments and fire districts)",2,0,24,0,,0
OH-60133,Newton Township Fire Department,Township fire department,Muskingum,White Cottage,60133,Volunteer,"Local (includes career, combination, and volunteer fire departments and fire districts)",1,0,40,0,https://www.newtontownship.org,0
OH-60135,Perry Township Fire Department,Township fire department,Muskingum,Zanesville,60135,Volunteer,"Local (includes career, combination, and volunteer fire departments and fire districts)",1,0,30,0,,0
OH-60149,Wayne Township Duncan Falls Fire Department,Township fire department,Muskingum,Duncan Falls,60149,Volunteer,"Local (includes career, combination, and volunteer fire departments and fire districts)",1,0,31,0,,0
OH-60211,New Concord Fire Department,Local fire department,Muskingum,New Concord,60211,Mostly volunteer,"Local (includes career, combination, and volunteer fire departments and fire districts)",1,1,44,0,,0
OH-60247,"Washington Fire Department, Inc.",Local fire department,Muskingum,Zanesville,60247,Mostly career,"Local (includes career, combination, and volunteer fire departments and fire districts)",1,9,0,7,,1
OH-60248,"Licking Township Volunteer EMS & Fire Department, Inc.",Township fire department,Muskingum,Nashport,60248,Volunteer,"Local (includes career, combination, and volunteer fire departments and fire districts)",1,0,23,0,,0
OH-61007,"Caldwell Volunteer Fire Company, Inc.",Volunteer fire department,Noble,Caldwell,61007,Volunteer,"Local (includes career, combination, and volunteer fire departments and fire districts)",1,0,30,0,,0
OH-61015,"Summerfield Volunteer Fire Department, Inc.",Volunteer fire department,Noble,Summerfield,61015,Volunteer,"Local (includes career, combination, and volunteer fire departments and fire districts)",1,0,15,0,,3
OH-61205,Belle Valley Volunteer Fire Department,Volunteer fire department,Noble,Belle Valley,61205,Volunteer,"Local (includes career, combination, and volunteer fire departments and fire districts)",1,0,23,0,,2
OH-62001,Allen-Clay Joint Fire District,Fire district,Ottawa,Genoa,62001,Mostly volunteer,"Local (includes career, combination, and volunteer fire departments and fire districts)",3,2,0,78,https://www.allenclayjfd.oh.gov,3
OH-62009,Harris-Elmore Volunteer Fire Department,Volunteer fire department,Ottawa,Elmore,62009,Volunteer,"Local (includes career, combination, and volunteer fire departments and fire districts)",1,0,33,0,,0
OH-62017,"Lakeside Volunteer Fire Protective Association, Inc",Volunteer fire department,Ottawa,Lakeside,62017,Volunteer,"Local (includes career, combination, and volunteer fire departments and fire districts)",2,0,0,35,,0
OH-62025,Portage Fire District,Fire district,Ottawa,Oak Harbor,62025,Volunteer,"Local (includes career, combination, and volunteer fire departments and fire districts)",1,0,0,36,,2
OH-62027,Port Clinton Fire Department,State government,Ottawa,Port Clinton,62027,Mostly volunteer,State government (includes state forest fire agencies and state institution fire departments),1,1,34,0,,0
OH-62031,Rocky Ridge Volunteer Fire Department,Volunteer fire department,Ottawa,Rocky Ridge,62031,Volunteer,"Local (includes career, combination, and volunteer fire departments and fire districts)",1,0,26,0,,0
OH-62103,Bay Township Volunteer Fire Department,Township fire department,Ottawa,Port Clinton,62103,Volunteer,"Local (includes career, combination, and volunteer fire departments and fire districts)",1,0,14,0,,1
OH-62109,Catawba Island Volunteer Fire Department,Volunteer fire department,Ottawa,Port Clinton,62109,Volunteer,"Local (includes career, combination, and volunteer fire departments and fire districts)",1,0,25,0,https://www.civfd.org/,0
OH-62115,Erie Township Volunteer Fire and EMS Department,Township fire department,Ottawa,Port Clinton,62115,Volunteer,"Local (includes career, combination, and volunteer fire departments and fire districts)",1,0,0,10,,0
OH-62121,Put-in-Bay Volunteer Fire Department,Volunteer fire department,Ottawa,Put-in-Bay,62121,Volunteer,"Local (includes career, combination, and volunteer fire departments and fire districts)",1,0,20,0,,0
OH-62201,Carroll Township Fire Department,Township fire department,Ottawa,Oak Harbor,62201,Volunteer,"Local (includes career, combination, and volunteer fire departments and fire districts)",1,0,23,23,,0
OH-63001,Antwerp Fire Department,Local fire department,Paulding,Antwerp,63001,Volunteer,"Local (includes career, combination, and volunteer fire departments and fire districts)",1,0,0,21,,0
OH-63007,Grover Hill Volunteer Fire Department,Volunteer fire department,Paulding,Grover Hill,63007,Volunteer,"Local (includes career, combination, and volunteer fire departments and fire districts)",1,0,18,0,,0
OH-63015,Village of Oakwood Fire Department,Local fire department,Paulding,Oakwood,63015,Volunteer,"Local (includes career, combination, and volunteer fire departments and fire districts)",1,0,0,30,,1
OH-63019,Payne Volunteer Fire Department,Volunteer fire department,Paulding,Payne,63019,Volunteer,"Local (includes career, combination, and volunteer fire departments and fire districts)",1,0,0,27,,0
OH-63101,Auglaize Township Fire Department,Township fire department,Paulding,Defiance,63101,Volunteer,"Local (includes career, combination, and volunteer fire departments and fire districts)",1,0,20,0,https://www.auglaizetwp.us/fire-dept,0
OH-63111,Crane Township Cecil Fire Department,Township fire department,Paulding,Cecil,63111,Volunteer,"Local (includes career, combination, and volunteer fire departments and fire districts)",1,0,20,0,,0
OH-64001,Corning Volunteer Fire Department,Volunteer fire department,Perry,Corning,64001,Volunteer,"Local (includes career, combination, and volunteer fire departments and fire districts)",1,0,24,0,,1
OH-64003,Crooksville Fire Department,Local fire department,Perry,Crooksville,64003,Mostly volunteer,"Local (includes career, combination, and volunteer fire departments and fire districts)",1,1,20,20,https://crooksville.com/emergency-services/fire-and-ems/,1
OH-64005,Hopewell Township Fire Department,Township fire department,Perry,Glenford,64005,Volunteer,"Local (includes career, combination, and volunteer fire departments and fire districts)",1,0,33,0,,2
OH-64009,Junction City Volunteer Fire Department,Volunteer fire department,Perry,Junction City,64009,Volunteer,"Local (includes career, combination, and volunteer fire departments and fire districts)",1,0,0,25,,2
OH-64011,New Lexington Fire Department,Local fire department,Perry,New Lexington,64011,Volunteer,"Local (includes career, combination, and volunteer fire departments and fire districts)",1,0,0,32,,0
OH-64013,New Straitsville Volunteer Fire Department,Volunteer fire department,Perry,New Straitsville,64013,Volunteer,"Local (includes career, combination, and volunteer fire departments and fire districts)",1,0,20,0,,0
OH-64019,Shawnee Volunteer Fire Department,Volunteer fire department,Perry,Shawnee,64019,Volunteer,"Local (includes career, combination, and volunteer fire departments and fire districts)",1,0,15,0,,0
OH-64021,Somerset Reading Township Volunteer Fire Department,Township fire department,Perry,Somerset,64021,Volunteer,"Local (includes career, combination, and volunteer fire departments and fire districts)",1,0,45,0,,0
OH-64127,Thorn Township Fire Department,Township fire department,Perry,Thornville,64127,Mostly volunteer,"Local (includes career, combination, and volunteer fire departments and fire districts)",1,7,0,30,https://thorntownship.com/fire.html,1
OH-64128,Monday Creek Township Volunteer Fire Department,Township fire department,Perry,Logan,64128,Volunteer,"Local (includes career, combination, and volunteer fire departments and fire districts)",1,0,18,0,,2
OH-65001,Circleville Fire Department,Local fire department,Pickaway,Circleville,65001,Career,"Local (includes career, combination, and volunteer fire departments and fire districts)",1,25,0,0,https://circlevilleoh.gov/services/#fire,0
OH-65011,Harrison Township Fire Department,Township fire department,Pickaway,Ashville,65011,Career,"Local (includes career, combination, and volunteer fire departments and fire districts)",1,13,0,0,https://www.harrisonpickaway.com/overview/,0
OH-65021,Southwest Pickaway Fire District,Fire district,Pickaway,Williamsport,65021,Volunteer,"Local (includes career, combination, and volunteer fire departments and fire districts)",1,0,20,0,,0
OH-65121,Saltcreek-Tarlton Fire Department,Local fire department,Pickaway,Tarlton,65121,Volunteer,"Local (includes career, combination, and volunteer fire departments and fire districts)",2,0,36,0,,0
OH-65123,Scioto Township Fire Department,Township fire department,Pickaway,Commercial Point,65123,Mostly volunteer,"Local (includes career, combination, and volunteer fire departments and fire districts)",1,13,0,15,https://www.sciotofire.com/,0
OH-65200,Pic-A-Fay Joint Fire District,Fire district,Pickaway,New Holland,65200,Volunteer,"Local (includes career, combination, and volunteer fire departments and fire districts)",1,0,16,0,,2
OH-66001,Beaver Volunteer Fire Department,Volunteer fire department,Pike,Beaver,66001,Volunteer,"Local (includes career, combination, and volunteer fire departments and fire districts)",1,0,14,0,,0
OH-66007,Piketon Seal Township Fire Department,Township fire department,Pike,Piketon,66007,Volunteer,"Local (includes career, combination, and volunteer fire departments and fire districts)",1,0,19,0,,2
OH-66009,Waverly Fire Department,Local fire department,Pike,Waverly,66009,Mostly volunteer,"Local (includes career, combination, and volunteer fire departments and fire districts)",1,2,0,25,https://www.waverlyfiredepartment.com/,3
OH-66105,Camp Creek Volunteer Fire Department,Volunteer fire department,Pike,Lucasville,66105,Volunteer,"Local (includes career, combination, and volunteer fire departments and fire districts)",1,0,12,0,,1
OH-66125,Elm Grove Volunteer Fire Department,Volunteer fire department,Pike,Piketon,66125,Volunteer,"Local (includes career, combination, and volunteer fire departments and fire districts)",1,0,17,0,,1
OH-66127,Benton Township Volunteer Fire Department,Township fire department,Pike,Waverly,66127,Volunteer,"Local (includes career, combination, and volunteer fire departments and fire districts)",1,0,15,0,,1
OH-66129,Pebble Township Volunteer Fire Department,Township fire department,Pike,Waverly,66129,Volunteer,"Local (includes career, combination, and volunteer fire departments and fire districts)",1,0,25,0,,7
OH-66202,Stockdale Volunteer Fire Department,Volunteer fire department,Pike,Stockdale,66202,Volunteer,"Local (includes career, combination, and volunteer fire departments and fire districts)",1,0,15,0,,3
OH-66204,Scioto Township Volunteer Fire Department,Township fire department,Pike,Piketon,66204,Volunteer,"Local (includes career, combination, and volunteer fire departments and fire districts)",1,0,11,0,,0
OH-67001,Atwater Fire Department,Local fire department,Portage,Atwater,67001,Mostly volunteer,"Local (includes career, combination, and volunteer fire departments and fire districts)",1,1,0,16,https://www.atwatertwp.net/fire-department,0
OH-67003,Aurora Fire Department,Local fire department,Portage,Aurora,67003,Mostly career,"Local (includes career, combination, and volunteer fire departments and fire districts)",2,22,0,20,https://auroraoh.com/departments/fire/index.php,0
OH-67013,Hiram Fire Department,Local fire department,Portage,Hiram,67013,Volunteer,"Local (includes career, combination, and volunteer fire departments and fire districts)",1,0,0,34,https://www.hiramfire.com/,0
OH-67015,Kent Fire Department,Local fire department,Portage,Kent,67015,Career,"Local (includes career, combination, and volunteer fire departments and fire districts)",2,36,0,0,https://www.kentohio.gov/living-here/fire-department/,0
OH-67023,Ravenna City Fire Department,Local fire department,Portage,Ravenna,67023,Career,"Local (includes career, combination, and volunteer fire departments and fire districts)",1,21,0,0,www.ravennaoh.gov,0
OH-67027,Streetsboro Fire Department,Local fire department,Portage,Streetsboro,67027,Mostly volunteer,"Local (includes career, combination, and volunteer fire departments and fire districts)",1,19,25,0,https://www.cityofstreetsboro.com/departments/fire/,5
OH-67103,Charlestown Fire Department,Local fire department,Portage,Ravenna,67103,Volunteer,"Local (includes career, combination, and volunteer fire departments and fire districts)",2,0,0,17,https://dhscwww.ctowntwp.org/,0
OH-67105,Deerfield Fire Department,Local fire department,Portage,Deerfield,67105,Volunteer,"Local (includes career, combination, and volunteer fire departments and fire districts)",1,0,25,0,https://deerfieldohio.com,5
OH-67107,Edinburg Township Fire Department,Township fire department,Portage,Rootstown,67107,Mostly volunteer,"Local (includes career, combination, and volunteer fire departments and fire districts)",1,2,0,16,https://www.edinburgtownship.com/,0
OH-67119,Palmyra Township Fire Department,Township fire department,Portage,Diamond,67119,Mostly volunteer,"Local (includes career, combination, and volunteer fire departments and fire districts)",1,1,16,10,https://www.palmyratownship.org/fire-department,0
OH-67121,Paris Township Fire Department,Township fire department,Portage,Ravenna,67121,Volunteer,"Local (includes career, combination, and volunteer fire departments and fire districts)",1,0,6,5,https://paris-township.com/WP2019/fire-department/,0
OH-67123,Windham Volunteer Fire Department,Volunteer fire department,Portage,Windham,67123,Volunteer,"Local (includes career, combination, and volunteer fire departments and fire districts)",1,0,35,12,,0
OH-67127,Rootstown Fire Department,Local fire department,Portage,Rootstown,67127,Mostly volunteer,"Local (includes career, combination, and volunteer fire departments and fire districts)",1,8,0,27,https://www.rootstowntwp.com/fire/,1
OH-67131,Suffield Fire Department,Local fire department,Portage,Mogadore,67131,Mostly volunteer,"Local (includes career, combination, and volunteer fire departments and fire districts)",1,4,0,27,,0
OH-67134,Brimfield Fire Department,Local fire department,Portage,Kent,67134,Career,"Local (includes career, combination, and volunteer fire departments and fire districts)",1,14,0,0,https://www.brimfieldfd.com/,0
OH-67203,Randolph Township Volunteer Fire Department,Township fire department,Portage,Atwater,67203,Mostly volunteer,"Local (includes career, combination, and volunteer fire departments and fire districts)",1,3,28,0,https://randolphfiredept.com/,0
OH-67211,Garrettsville-Freedom-Nelson Joint Fire District,Fire district,Portage,Garrettsville,67211,Mostly volunteer,"Local (includes career, combination, and volunteer fire departments and fire districts)",1,1,0,23,https://www.garrettsville.org/o/garrettsville/page/garrettsville-freedom-nelson-joint-fire-district,0
OH-67215,Mantua-Shalersville Fire Department,Local fire department,Portage,Mantua,67215,Mostly volunteer,"Local (includes career, combination, and volunteer fire departments and fire districts)",1,9,0,23,,2
OH-67216,Ravenna Township Fire Department,Township fire department,Portage,Ravenna,67216,Mostly volunteer,"Local (includes career, combination, and volunteer fire departments and fire districts)",1,10,20,0,https://ravennatownship.com/fire.htm,0
OH-68001,Camden Somers Fire/Rescue,Local fire department,Preble,Camden,68001,Mostly volunteer,"Local (includes career, combination, and volunteer fire departments and fire districts)",1,3,0,40,,0
OH-68005,Eaton Fire and EMS Division,Local fire department,Preble,Eaton,68005,Mostly volunteer,"Local (includes career, combination, and volunteer fire departments and fire districts)",2,5,0,35,https://www.eatonfireoh.org/,0
OH-68006,Gasper Township Fire & EMS,Township fire department,Preble,Eaton,68006,Volunteer,"Local (includes career, combination, and volunteer fire departments and fire districts)",1,0,0,20,,0
OH-68011,Gratis Fire Department,Local fire department,Preble,Gratis,68011,Volunteer,"Local (includes career, combination, and volunteer fire departments and fire districts)",1,0,22,0,,0
OH-68013,Lewisburg Fire/EMS Department,Local fire department,Preble,Lewisburg,68013,Mostly volunteer,"Local (includes career, combination, and volunteer fire departments and fire districts)",1,3,0,43,,0
OH-68017,Northwest Fire District,Fire district,Preble,New Paris,68017,Volunteer,"Local (includes career, combination, and volunteer fire departments and fire districts)",1,0,0,21,,0
OH-68019,Verona Fire Department,Local fire department,Preble,Verona,68019,Volunteer,"Local (includes career, combination, and volunteer fire departments and fire districts)",1,0,0,10,,2
OH-68021,West Alexandria Fire Department,Local fire department,Preble,West Alexandria,68021,Volunteer,"Local (includes career, combination, and volunteer fire departments and fire districts)",1,0,26,0,,2
OH-68023,West Elkton Gratis Township Fire Department,Township fire department,Preble,West Elkton,68023,Volunteer,"Local (includes career, combination, and volunteer fire departments and fire districts)",1,0,26,0,,0
OH-68025,West Manchester Fire Department,Local fire department,Preble,West Manchester,68025,Volunteer,"Local (includes career, combination, and volunteer fire departments and fire districts)",1,0,0,21,,0
OH-69005,Columbus Grove Volunteer Fire Department,Volunteer fire department,Putnam,Columbus Grove,69005,Volunteer,"Local (includes career, combination, and volunteer fire departments and fire districts)",2,0,37,0,,1
OH-69013,Blanchard Township/ Gilboa Fire Department,Township fire department,Putnam,Ottawa,69013,Volunteer,"Local (includes career, combination, and volunteer fire departments and fire districts)",1,0,25,0,,0
OH-69015,Glandorf Volunteer Fire Department,Volunteer fire department,Putnam,Glandorf,69015,Volunteer,"Local (includes career, combination, and volunteer fire departments and fire districts)",1,0,35,0,,0
OH-69017,Kalida Volunteer Fire Department,Volunteer fire department,Putnam,Kalida,69017,Volunteer,"Local (includes career, combination, and volunteer fire departments and fire districts)",1,0,34,0,,0
OH-69019,Leipsic Volunteer Fire Department,Volunteer fire department,Putnam,Leipsic,69019,Volunteer,"Local (includes career, combination, and volunteer fire departments and fire districts)",2,0,30,0,,0
OH-69021,Miller City Volunteer Fire Department,Volunteer fire department,Putnam,Miller City,69021,Volunteer,"Local (includes career, combination, and volunteer fire departments and fire districts)",1,0,35,0,,4
OH-69023,Ottawa Volunteer Fire Department,Volunteer fire department,Putnam,Ottawa,69023,Volunteer,"Local (includes career, combination, and volunteer fire departments and fire districts)",3,0,40,0,,0
OH-69025,Ottoville Volunteer Fire Department,Volunteer fire department,Putnam,Ottoville,69025,Volunteer,"Local (includes career, combination, and volunteer fire departments and fire districts)",1,0,34,0,,2
OH-70009,Mansfield Fire Department,Local fire department,Richland,Mansfield,70009,Career,"Local (includes career, combination, and volunteer fire departments and fire districts)",5,93,0,0,,1
OH-70013,Plymouth Volunteer Fire Department,Volunteer fire department,Richland,Plymouth,70013,Volunteer,"Local (includes career, combination, and volunteer fire departments and fire districts)",1,0,0,24,,2
OH-70017,City of Shelby Fire Department,Local fire department,Richland,Shelby,70017,Mostly career,"Local (includes career, combination, and volunteer fire departments and fire districts)",1,16,0,10,https://shelbycity.oh.gov/fire/,0
OH-70107,Franklin Township Fire Department,Township fire department,Richland,Shelby,70107,Volunteer,"Local (includes career, combination, and volunteer fire departments and fire districts)",2,0,0,32,,0
OH-70111,Jefferson Township Bellville Fire Department,Township fire department,Richland,Bellville,70111,Volunteer,"Local (includes career, combination, and volunteer fire departments and fire districts)",1,0,0,33,,0
OH-70113,Madison Township Fire Department,Township fire department,Richland,Mansfield,70113,Mostly volunteer,"Local (includes career, combination, and volunteer fire departments and fire districts)",2,16,0,18,https://madisontwp.us/,0
OH-70115,Mifflin Township Fire Department,Township fire department,Richland,Mansfield,70115,Mostly volunteer,"Local (includes career, combination, and volunteer fire departments and fire districts)",2,7,0,25,http://www.mifflinfire.com/,0
OH-70117,Monroe Township-Lucas Fire Department,Township fire department,Richland,Lucas,70117,Volunteer,"Local (includes career, combination, and volunteer fire departments and fire districts)",1,0,26,0,,0
OH-70127,Springfield Township Fire Department,Township fire department,Richland,Ontario,70127,Mostly career,"Local (includes career, combination, and volunteer fire departments and fire districts)",2,19,0,14,http://springfieldtwprc.org/fire-department,0
OH-70129,Troy Township Fire Department,Township fire department,Richland,Lexington,70129,Volunteer,"Local (includes career, combination, and volunteer fire departments and fire districts)",1,0,0,33,,0
OH-70131,Washington Township Fire Department,Township fire department,Richland,Mansfield,70131,Volunteer,"Local (includes career, combination, and volunteer fire departments and fire districts)",1,0,0,34,,0
OH-70205,C B & S Joint Fire District,Fire district,Richland,Shiloh,70205,Volunteer,Other,1,0,36,0,https://www.shilohfire.net/,0
OH-70235,Worthington Township Fire Department,Township fire department,Richland,Butler,70235,Volunteer,"Local (includes career, combination, and volunteer fire departments and fire districts)",1,0,35,0,,1
OH-71003,Bainbridge Fire Department,Local fire department,Ross,Bainbridge,71003,Volunteer,"Local (includes career, combination, and volunteer fire departments and fire districts)",1,0,21,0,,0
OH-71007,Chillicothe Fire Department,Local fire department,Ross,Chillicothe,71007,Career,"Local (includes career, combination, and volunteer fire departments and fire districts)",3,45,0,0,,0
OH-71011,"Concord Township Volunteer Fire Department, Inc.",Township fire department,Ross,Frankfort,71011,Volunteer,"Local (includes career, combination, and volunteer fire departments and fire districts)",2,0,32,0,,0
OH-71107,Deerfield Township Volunteer Fire Department,Township fire department,Ross,Clarksburg,71107,Volunteer,"Local (includes career, combination, and volunteer fire departments and fire districts)",1,0,17,0,,0
OH-71111,Kingston-Green Township Fire Department,Township fire department,Ross,Kingston,71111,Volunteer,"Local (includes career, combination, and volunteer fire departments and fire districts)",2,0,47,0,,0
OH-71113,Harrison Township Fire Department,Township fire department,Ross,Chillicothe,71113,Volunteer,"Local (includes career, combination, and volunteer fire departments and fire districts)",1,0,32,0,,0
OH-71115,Huntington Township Fire Department,Township fire department,Ross,Chillicothe,71115,Volunteer,"Local (includes career, combination, and volunteer fire departments and fire districts)",1,0,25,0,,0
OH-71117,Jefferson Township Fire & Rescue,Township fire department,Ross,Richmond Dale,71117,Volunteer,"Local (includes career, combination, and volunteer fire departments and fire districts)",1,0,28,0,,2
OH-71119,Liberty Township Volunteer Fire Department,Township fire department,Ross,Londonderry,71119,Volunteer,"Local (includes career, combination, and volunteer fire departments and fire districts)",1,0,21,0,,0
OH-71125,Scioto Township Fire Department,Township fire department,Ross,Chillicothe,71125,Mostly volunteer,"Local (includes career, combination, and volunteer fire departments and fire districts)",2,7,4,28,http://sciototownship.org/fire-department/,0
OH-71127,Springfield Township Fire Rescue Association,Township fire department,Ross,Chillicothe,71127,Volunteer,"Local (includes career, combination, and volunteer fire departments and fire districts)",3,0,47,0,,0
OH-71131,Union Township Fire Department #1,Township fire department,Ross,Chillicothe,71131,Volunteer,"Local (includes career, combination, and volunteer fire departments and fire districts)",3,0,0,75,,0
OH-71133,Twin Township Volunteer Fire Department,Township fire department,Ross,Bourneville,71133,Volunteer,"Local (includes career, combination, and volunteer fire departments and fire districts)",1,0,28,0,,0
OH-71135,Colerain Township Volunteer Fire Department,Township fire department,Ross,Kingston,71135,Volunteer,"Local (includes career, combination, and volunteer fire departments and fire districts)",1,0,35,0,,0
OH-71136,Franklin Township Fire and Rescue,Township fire department,Ross,Waverly,71136,Volunteer,"Local (includes career, combination, and volunteer fire departments and fire districts)",2,0,15,0,,3
OH-72007,Clyde Fire Department,Local fire department,Sandusky,Clyde,72007,Volunteer,"Local (includes career, combination, and volunteer fire departments and fire districts)",2,0,0,37,https://www.clydeohio.org/162/Fire-Department,0
OH-72009,Fremont Fire Department,Local fire department,Sandusky,Fremont,72009,Career,"Local (includes career, combination, and volunteer fire departments and fire districts)",2,24,0,0,https://www.fremontohio.org/departments/fire/,0
OH-72011,Gibsonburg Volunteer Fire Department,Volunteer fire department,Sandusky,Gibsonburg,72011,Volunteer,"Local (includes career, combination, and volunteer fire departments and fire districts)",1,0,50,0,,0
OH-72015,Helena Community Volunteer Fire Department,Volunteer fire department,Sandusky,Helena,72015,Volunteer,"Local (includes career, combination, and volunteer fire departments and fire districts)",1,0,15,0,,0
OH-72017,Lindsey Volunteer Fire Department,Volunteer fire department,Sandusky,Lindsey,72017,Volunteer,"Local (includes career, combination, and volunteer fire departments and fire districts)",2,0,21,0,https://lindseyfire.org/,0
OH-72019,Woodville Township Volunteer Fire Department,Township fire department,Sandusky,Woodville,72019,Volunteer,"Local (includes career, combination, and volunteer fire departments and fire districts)",1,0,27,27,,0
OH-72101,Ballville Township Volunteer Fire Department,Township fire department,Sandusky,Fremont,72101,Volunteer,"Local (includes career, combination, and volunteer fire departments and fire districts)",1,0,25,0,,4
OH-72113,Sandusky Township Fire Department,Township fire department,Sandusky,Fremont,72113,Volunteer,"Local (includes career, combination, and volunteer fire departments and fire districts)",1,0,38,0,,0
OH-72117,"Townsend Township Volunteer Fire Department, Inc.",Township fire department,Sandusky,Vickery,72117,Volunteer,"Local (includes career, combination, and volunteer fire departments and fire districts)",1,0,30,0,,1
OH-73007,Valley Township Volunteer Fire Department,Township fire department,Scioto,Lucasville,73007,Volunteer,"Local (includes career, combination, and volunteer fire departments and fire districts)",1,0,30,0,,1
OH-73011,"Minford Volunteer Fire Department, Inc.",Volunteer fire department,Scioto,Minford,73011,Volunteer,"Local (includes career, combination, and volunteer fire departments and fire districts)",1,0,30,0,,2
OH-73013,New Boston Fire Department,Local fire department,Scioto,New Boston,73013,Career,"Local (includes career, combination, and volunteer fire departments and fire districts)",1,10,0,0,,0
OH-73017,Portsmouth Fire Department,Local fire department,Scioto,Portsmouth,73017,Career,"Local (includes career, combination, and volunteer fire departments and fire districts)",3,39,0,0,https://portsmouthohio.org/portsmouth-fire-department/,0
OH-73025,Washington Township Volunteer Fire Department,Township fire department,Scioto,West Portsmouth,73025,Volunteer,"Local (includes career, combination, and volunteer fire departments and fire districts)",1,0,30,0,,0
OH-73105,Rubyville Volunteer Fire Department,Volunteer fire department,Scioto,Portsmouth,73105,Volunteer,"Local (includes career, combination, and volunteer fire departments and fire districts)",1,0,17,0,,0
OH-73106,Rosemount Fire Department,Local fire department,Scioto,Portsmouth,73106,Volunteer,"Local (includes career, combination, and volunteer fire departments and fire districts)",1,0,23,0,,2
OH-73107,Green Township Volunteer Fire Department,Township fire department,Scioto,Franklin Furnace,73107,Volunteer,"Local (includes career, combination, and volunteer fire departments and fire districts)",2,0,24,0,,0
OH-73111,Jefferson Township Volunteer Fire Department,Township fire department,Scioto,Lucasville,73111,Volunteer,"Local (includes career, combination, and volunteer fire departments and fire districts)",1,0,25,0,,0
OH-73115,Morgan Township Volunteer Fire Department,Township fire department,Scioto,Lucasville,73115,Volunteer,"Local (includes career, combination, and volunteer fire departments and fire districts)",1,0,28,0,,1
OH-73117,Nile Township Volunteer Fire Department,Township fire department,Scioto,Stout,73117,Volunteer,"Local (includes career, combination, and volunteer fire departments and fire districts)",2,0,10,0,,0
OH-73119,Porter Township Fire Department,Township fire department,Scioto,Wheelersburg,73119,Mostly volunteer,"Local (includes career, combination, and volunteer fire departments and fire districts)",1,4,24,0,https://www.portertwp.com/new/fire-department/,0
OH-73121,Rarden Volunteer Fire Department,Volunteer fire department,Scioto,Rarden,73121,Volunteer,"Local (includes career, combination, and volunteer fire departments and fire districts)",1,0,30,0,,1
OH-73123,Rush Township Volunteer Fire Department,Township fire department,Scioto,McDermott,73123,Volunteer,"Local (includes career, combination, and volunteer fire departments and fire districts)",2,0,24,0,,0
OH-73125,Union Township Volunteer Fire Department,Township fire department,Scioto,McDermott,73125,Volunteer,"Local (includes career, combination, and volunteer fire departments and fire districts)",1,0,32,0,,0
OH-73129,Vernon Township Volunteer Fire Department,Township fire department,Scioto,Wheelersburg,73129,Volunteer,"Local (includes career, combination, and volunteer fire departments and fire districts)",2,0,17,0,https://vernonfd.com/,0
OH-74003,Bascom Joint Fire District,Fire district,Seneca,Bascom,74003,Volunteer,"Local (includes career, combination, and volunteer fire departments and fire districts)",3,0,50,0,,3
OH-74005,Bettsville Volunteer Fire Department,Volunteer fire department,Seneca,Bettsville,74005,Volunteer,"Local (includes career, combination, and volunteer fire departments and fire districts)",1,0,18,0,https://villageofbettsville.com/departments/fire/,0
OH-74009,Fostoria Fire Division,Local fire department,Seneca,Fostoria,74009,Career,"Local (includes career, combination, and volunteer fire departments and fire districts)",1,20,0,0,https://fostoriaohio.gov/fire,0
OH-74011,Green Springs Rural Volunteer Fire Department,Volunteer fire department,Seneca,Green Springs,74011,Volunteer,"Local (includes career, combination, and volunteer fire departments and fire districts)",2,0,27,0,https://www.greenspringsfire.com,0
OH-74013,New Riegel Fire Department,Local fire department,Seneca,New Reigel,74013,Mostly volunteer,"Local (includes career, combination, and volunteer fire departments and fire districts)",1,9,23,0,,0
OH-74015,Scipio-Republic Fire Department,Local fire department,Seneca,Republic,74015,Volunteer,"Local (includes career, combination, and volunteer fire departments and fire districts)",1,0,23,0,,0
OH-74017,Tiffin Fire/Rescue Division,Local fire department,Seneca,Tiffin,74017,Career,"Local (includes career, combination, and volunteer fire departments and fire districts)",2,37,0,0,,0
OH-74107,Clinton Township Volunteer Fire Department,Township fire department,Seneca,Tiffin,74107,Volunteer,"Local (includes career, combination, and volunteer fire departments and fire districts)",2,0,0,30,,0
OH-74115,Kansas Fire & Rescue,Private or industrial fire brigade,Seneca,Kansas,74115,Volunteer,Private or industrial fire brigade,2,0,22,0,,0
OH-74119,Old Fort Volunteer Fire Department,Volunteer fire department,Seneca,Old Fort,74119,Volunteer,"Local (includes career, combination, and volunteer fire departments and fire districts)",2,0,25,0,,3
OH-75001,Anna Fire Department,Local fire department,Shelby,Anna,75001,Volunteer,"Local (includes career, combination, and volunteer fire departments and fire districts)",1,0,0,29,,1
OH-75003,Botkins Fire Department,Local fire department,Shelby,Botkins,75003,Volunteer,"Local (includes career, combination, and volunteer fire departments and fire districts)",1,0,0,24,,0
OH-75007,Jackson Center Volunteer Fire Department,Volunteer fire department,Shelby,Jackson Center,75007,Volunteer,"Local (includes career, combination, and volunteer fire departments and fire districts)",1,0,0,25,,0
OH-75011,Lockington Volunteer Fire Department,Volunteer fire department,Shelby,Piqua,75011,Volunteer,"Local (includes career, combination, and volunteer fire departments and fire districts)",1,0,23,0,,0
OH-75015,Sidney Fire & Emergency Services,Local fire department,Shelby,Sidney,75015,Career,"Local (includes career, combination, and volunteer fire departments and fire districts)",2,38,0,0,https://www.sidneyoh.com/208/Fire-Emergency-Services,0
OH-75019,Maplewood Volunteer Fire Department,Volunteer fire department,Shelby,Maplewood,75019,Volunteer,"Local (includes career, combination, and volunteer fire departments and fire districts)",1,0,17,0,,1
OH-75205,"Fort Loramie Community Fire Company, Inc.",Private or industrial fire brigade,Shelby,Fort Loramie,75205,Volunteer,Private or industrial fire brigade,1,0,40,0,,2
OH-75209,Kettlersville Van Boren Township Volunteer Fire Department,Township fire department,Shelby,Kettlersville,75209,Volunteer,"Local (includes career, combination, and volunteer fire departments and fire districts)",1,0,34,0,,0
OH-75213,Port Jefferson Community Fire Company,Local fire department,Shelby,Port Jefferson,75213,Volunteer,"Local (includes career, combination, and volunteer fire departments and fire districts)",1,0,18,0,,1
OH-75219,Russia Community Fire Company,Local fire department,Shelby,Russia,75219,Volunteer,"Local (includes career, combination, and volunteer fire departments and fire districts)",1,0,26,0,,0
OH-75231,Houston Volunteer Fire Department,Volunteer fire department,Shelby,Houston,75231,Volunteer,"Local (includes career, combination, and volunteer fire departments and fire districts)",1,0,17,0,,0
OH-76001,Alliance Fire Department,Local fire department,Stark,Alliance,76001,Career,"Local (includes career, combination, and volunteer fire departments and fire districts)",2,30,0,0,https://www.cityofalliance.com/179/Fire,1
OH-76003,Beach City Fire & Rescue,Local fire department,Stark,Beach City,76003,Volunteer,"Local (includes career, combination, and volunteer fire departments and fire districts)",1,0,0,25,,2
OH-76005,Brewster Volunteer Fire Department,Volunteer fire department,Stark,Brewster,76005,Volunteer,"Local (includes career, combination, and volunteer fire departments and fire districts)",1,0,0,28,https://www.brewsterohio.com/index.asp?Type=B_BASIC&SEC=%7B9C3E6129-428D-42E2-AB81-37711EB5B12E%7D,0
OH-76007,Canal Fulton Fire Department,Local fire department,Stark,Canal Fulton,76007,Volunteer,"Local (includes career, combination, and volunteer fire departments and fire districts)",1,0,0,55,http://cityofcanalfulton-oh.gov/departments/fire-department/,0
OH-76009,Canton Fire Department,Local fire department,Stark,Canton,76009,Career,"Local (includes career, combination, and volunteer fire departments and fire districts)",8,154,0,0,https://cantonohio.gov/292/Fire,0
OH-76023,Louisville Fire Department,Local fire department,Stark,Louisville,76023,Volunteer,"Local (includes career, combination, and volunteer fire departments and fire districts)",2,0,0,26,,2
OH-76027,Massillon Fire Department,Local fire department,Stark,Massillon,76027,Career,"Local (includes career, combination, and volunteer fire departments and fire districts)",4,56,0,0,https://massillonohio.gov/fire-department/,0
OH-76033,Sandy Creek Joint Fire District,Fire district,Stark,Minerva,76033,Mostly volunteer,"Local (includes career, combination, and volunteer fire departments and fire districts)",1,12,0,15,https://minerva.oh.us/departments-services/sandy-creek-joint-fire-district/,6
OH-76037,North Canton Fire Department,Local fire department,Stark,North Canton,76037,Mostly volunteer,"Local (includes career, combination, and volunteer fire departments and fire districts)",2,4,0,41,https://www.northcantonfire.org,0
OH-76105,Jackson Township Fire Department,Township fire department,Stark,Massillon,76105,Mostly career,"Local (includes career, combination, and volunteer fire departments and fire districts)",5,72,0,35,https://www.jacksontwp.com,0
OH-76113,Marlboro Volunteer Fire Company,Volunteer fire department,Stark,Alliance,76113,Volunteer,"Local (includes career, combination, and volunteer fire departments and fire districts)",1,0,28,0,,0
OH-76121,Perry Township Fire Department,Township fire department,Stark,Massillon,76121,Mostly career,"Local (includes career, combination, and volunteer fire departments and fire districts)",3,22,0,8,https://www.perrytwp.com/departments/,0
OH-76133,Washington Township Volunteer Fire Department,Township fire department,Stark,Alliance,76133,Volunteer,"Local (includes career, combination, and volunteer fire departments and fire districts)",1,0,30,0,,0
OH-76135,Canton Township Fire Department,Township fire department,Stark,Canton,76135,Mostly career,"Local (includes career, combination, and volunteer fire departments and fire districts)",3,19,0,18,https://www.cantontwp-oh.gov/,9
OH-76140,Plain Township Fire and Rescue,Township fire department,Stark,Canton,76140,Mostly career,"Local (includes career, combination, and volunteer fire departments and fire districts)",4,36,0,4,https://plaintownshipstarkoh.gov/fireandrescue.aspx,0
OH-76144,"Osnaburg Township Fire Department, Governmental E",Township fire department,Stark,East Canton,76144,Volunteer,"Local (includes career, combination, and volunteer fire departments and fire districts)",1,0,0,15,,0
OH-76208,"Wilmot Fire & Rescue, Inc.",Local fire department,Stark,Wilmot,76208,Volunteer,"Local (includes career, combination, and volunteer fire departments and fire districts)",1,0,18,0,,5
OH-76209,"North Lawrence Volunteer Fire Department, Inc.",Private or industrial fire brigade,Stark,North Lawrence,76209,Mostly volunteer,Private or industrial fire brigade,1,3,35,0,https://pages.sssnet.com/nlvfd/,0
OH-76211,Lexington Township Volunteer Fire Department,Township fire department,Stark,Alliance,76211,Volunteer,"Local (includes career, combination, and volunteer fire departments and fire districts)",2,0,21,0,https://lexingtontwpstarkco.com/,0
OH-76213,"East Sparta Volunteer Fire Department, Inc.",Contract fire department,Stark,East Sparta,76213,Volunteer,Contract fire department,2,0,17,0,,2
OH-76215,"Greentown Volunteer Fire Department, Inc.",Contract fire department,Stark,Uniontown,76215,Mostly career,Contract fire department,1,37,2,0,https://greentownfire.com/,9
OH-76217,Hartville Fire Department,Local fire department,Stark,Hartville,76217,Mostly volunteer,"Local (includes career, combination, and volunteer fire departments and fire districts)",2,6,0,35,,0
OH-76219,Nimishillen Township Fire Department,Township fire department,Stark,Louisville,76219,Volunteer,"Local (includes career, combination, and volunteer fire departments and fire districts)",2,0,0,32,https://www.fire-ems.net/firedept/view/louisville2oh,0
OH-76225,"Volunteer Firemen of Magnolia, Inc.",Volunteer fire department,Stark,Magnolia,76225,Volunteer,"Local (includes career, combination, and volunteer fire departments and fire districts)",1,0,24,0,,0
OH-76245,Uniontown Fire Department,Local fire department,Stark,Uniontown,76245,Mostly volunteer,"Local (includes career, combination, and volunteer fire departments and fire districts)",1,6,6,22,https://www.uniontownfire.org/,5
OH-76246,Lawrence Township Fire Department,Township fire department,Stark,Canal Fulton,76246,Volunteer,"Local (includes career, combination, and volunteer fire departments and fire districts)",1,0,0,45,,0
OH-76248,Mohawk Valley Fire Department,Local fire department,Stark,Waynesburg,76248,Volunteer,"Local (includes career, combination, and volunteer fire departments and fire districts)",1,0,25,0,https://mvjfd.com/home/,0
OH-76249,Erie Valley Fire and Rescue Joint Fire District,Fire district,Stark,Navarre,76249,Volunteer,"Local (includes career, combination, and volunteer fire departments and fire districts)",1,0,0,34,http://www.erievalleyfire.org/,0
OH-77001,Akron Fire Department,Local fire department,Summit,Akron,77001,Career,"Local (includes career, combination, and volunteer fire departments and fire districts)",13,360,0,0,https://www.akronohio.gov/cms/akronfiredepartment/index.html,0
OH-77004,Barberton Fire Department,Local fire department,Summit,Barberton,77004,Career,"Local (includes career, combination, and volunteer fire departments and fire districts)",2,45,0,0,,0
OH-77009,Clinton Fire Department,Local fire department,Summit,Clinton,77009,Mostly volunteer,"Local (includes career, combination, and volunteer fire departments and fire districts)",2,1,0,17,,3
OH-77011,Cuyahoga Falls Fire Department,Local fire department,Summit,Cuyahoga Falls,77011,Career,"Local (includes career, combination, and volunteer fire departments and fire districts)",5,74,0,0,https://www.cityofcf.com/departments/fire,9
OH-77023,Lakemore Village Fire Department,Local fire department,Summit,Lakemore,77023,Mostly volunteer,"Local (includes career, combination, and volunteer fire departments and fire districts)",1,3,0,36,https://lakemoreohio.org/fire-safety-services.html,0
OH-77025,Macedonia Fire Department,Local fire department,Summit,Macedonia,77025,Mostly career,"Local (includes career, combination, and volunteer fire departments and fire districts)",3,30,0,20,https://www.macedonia.oh.us/departments/fire-department,4
OH-77027,Mogadore Fire Department,Local fire department,Summit,Mogadore,77027,Mostly volunteer,"Local (includes career, combination, and volunteer fire departments and fire districts)",1,1,0,19,,2
OH-77031,Munroe Falls Fire Department,Local fire department,Summit,Munroe Falls,77031,Mostly volunteer,"Local (includes career, combination, and volunteer fire departments and fire districts)",2,2,0,23,,0
OH-77033,Northfield Village Fire Department,Local fire department,Summit,Northfield,77033,Mostly volunteer,"Local (includes career, combination, and volunteer fire departments and fire districts)",1,6,0,36,,0
OH-77037,Valley Fire District,Fire district,Summit,Peninsula,77037,Mostly volunteer,"Local (includes career, combination, and volunteer fire departments and fire districts)",2,1,0,29,http://www.valleyfire.us/,8
OH-77039,Reminderville Fire Department,Local fire department,Summit,Reminderville,77039,Mostly volunteer,"Local (includes career, combination, and volunteer fire departments and fire districts)",1,3,0,35,https://reminderville.com/departments/fire/,0
OH-77041,Richfield Fire Department,Local fire department,Summit,Richfield,77041,Mostly volunteer,"Local (includes career, combination, and volunteer fire departments and fire districts)",1,15,0,18,https://www.richfieldvillageohio.org/190/Fire-Department,0
OH-77047,Stow Fire Department,Local fire department,Summit,Stow,77047,Career,"Local (includes career, combination, and volunteer fire departments and fire districts)",3,52,0,0,https://stowohio.org/176/FireEMS,0
OH-77049,Tallmadge Fire Department,Local fire department,Summit,Tallmadge,77049,Mostly volunteer,"Local (includes career, combination, and volunteer fire departments and fire districts)",2,23,0,27,https://tallmadge-ohio.org/188/Fire-Department,1
OH-77051,Twinsburg Fire Department,Local fire department,Summit,Twinsburg,77051,Career,"Local (includes career, combination, and volunteer fire departments and fire districts)",2,50,0,0,https://www.twinsburgfire.com,0
OH-77052,Fairlawn Fire Department,Other,Summit,Fairlawn,77052,Mostly volunteer,Other,1,14,0,33,https://www.fairlawn.us/57/Fire-EMS,0
OH-77101,Bath Fire Department,Local fire department,Summit,Akron,77101,Mostly volunteer,"Local (includes career, combination, and volunteer fire departments and fire districts)",2,16,0,21,https://www.bathtownship.org/government/departments_and_divisions/fire_department/index.php,3
OH-77105,Copley Township Fire Department,Township fire department,Summit,Copley,77105,Mostly career,"Local (includes career, combination, and volunteer fire departments and fire districts)",2,23,0,17,https://www.copley.oh.us/178/Fire,0
OH-77107,Coventry Township Fire Department,Township fire department,Summit,Akron,77107,Career,"Local (includes career, combination, and volunteer fire departments and fire districts)",1,17,0,0,https://coventrytownship.com/fire/,0
OH-77109,New Franklin Fire Department,Local fire department,Summit,New Franklin,77109,Career,"Local (includes career, combination, and volunteer fire departments and fire districts)",2,17,0,0,https://www.newfranklin.org/1184/Fire-EMS,0
OH-77111,City of Green Fire Department,Local fire department,Summit,North Canton,77111,Career,"Local (includes career, combination, and volunteer fire departments and fire districts)",2,43,0,0,https://www.cityofgreen.org/,0
OH-77123,Springfield Township Fire Department,Township fire department,Summit,Akron,77123,Mostly career,"Local (includes career, combination, and volunteer fire departments and fire districts)",1,22,0,19,https://www.springfieldtownship.us/219/Fire-Department,0
OH-77127,Norton Fire Division,Local fire department,Summit,Norton,77127,Mostly volunteer,"Local (includes career, combination, and volunteer fire departments and fire districts)",2,12,0,26,https://www.cityofnorton.org/155/Fire-Department,4
OH-77200,Hudson Fire Department,Local fire department,Summit,Hudson,77200,Mostly volunteer,"Local (includes career, combination, and volunteer fire departments and fire districts)",1,7,0,32,https://www.hudson.oh.us/101/Fire,0
OH-78015,Girard Fire Department,Local fire department,Trumbull,Girard,78015,Career,"Local (includes career, combination, and volunteer fire departments and fire districts)",1,13,0,0,https://www.cityofgirardoh.gov,0
OH-78016,Braceville Township Fire Department,Township fire department,Trumbull,Newton Falls,78016,Volunteer,"Local (includes career, combination, and volunteer fire departments and fire districts)",1,0,24,0,,0
OH-78021,Eagle Joint Fire District,Fire district,Trumbull,Hubbard,78021,Mostly volunteer,"Local (includes career, combination, and volunteer fire departments and fire districts)",1,7,0,28,https://hubbardejfd.com/,3
OH-78031,McDonald Fire Department,Local fire department,Trumbull,McDonald,78031,Volunteer,"Local (includes career, combination, and volunteer fire departments and fire districts)",1,0,0,22,,0
OH-78035,NF Joint Fire District,Fire district,Trumbull,Newton Falls,78035,Mostly volunteer,"Local (includes career, combination, and volunteer fire departments and fire districts)",2,1,0,39,https://ci.newtonfalls.oh.us/emergency-services/,4
OH-78037,Niles Fire Department,Local fire department,Trumbull,Niles,78037,Career,"Local (includes career, combination, and volunteer fire departments and fire districts)",2,30,0,0,,0
OH-78047,Warren City Fire Department,Local fire department,Trumbull,Warren,78047,Career,"Local (includes career, combination, and volunteer fire departments and fire districts)",1,60,0,0,,0
OH-78049,Mesopotamia Volunteer Fire Department,Volunteer fire department,Trumbull,Mesopotamia,78049,Volunteer,"Local (includes career, combination, and volunteer fire departments and fire districts)",1,0,14,0,,0
OH-78101,Bazetta Fire Department,Local fire department,Trumbull,Cortland,78101,Mostly career,"Local (includes career, combination, and volunteer fire departments and fire districts)",1,11,0,7,https://www.bazettatwp.org/?page_id=55,0
OH-78105,Bristol Fire Department,Local fire department,Trumbull,Bristolville,78105,Volunteer,"Local (includes career, combination, and volunteer fire departments and fire districts)",1,0,20,0,,0
OH-78107,Brookfield Township Division of Fire/EMS Firehouse 18,Township fire department,Trumbull,Brookfield,78107,Mostly volunteer,"Local (includes career, combination, and volunteer fire departments and fire districts)",3,10,4,10,https://brookfieldtwp.org/,0
OH-78109,Champion Township Fire Department,Township fire department,Trumbull,Warren,78109,Mostly volunteer,"Local (includes career, combination, and volunteer fire departments and fire districts)",1,7,0,23,,0
OH-78111,Farmington Township Fire Department,Township fire department,Trumbull,West Farmington,78111,Volunteer,"Local (includes career, combination, and volunteer fire departments and fire districts)",1,0,20,0,https://farmingtontwpohio.com/,0
OH-78113,Fowler Volunteer Fire Department,Volunteer fire department,Trumbull,Fowler,78113,Volunteer,"Local (includes career, combination, and volunteer fire departments and fire districts)",1,0,20,8,,4
OH-78117,Gustavus Township Volunteer Fire Department,Township fire department,Trumbull,Farmdale,78117,Volunteer,"Local (includes career, combination, and volunteer fire departments and fire districts)",1,0,11,0,,0
OH-78121,Howland Township Fire Department,Township fire department,Trumbull,Warren,78121,Mostly career,"Local (includes career, combination, and volunteer fire departments and fire districts)",3,27,2,8,https://www.howlandtownship.org/fire,0
OH-78125,Johnston Township Fire Department,Township fire department,Trumbull,Farmdale,78125,Volunteer,"Local (includes career, combination, and volunteer fire departments and fire districts)",1,0,13,23,,6
OH-78127,Kinsman Township Fire Department,Township fire department,Trumbull,Kinsman,78127,Volunteer,"Local (includes career, combination, and volunteer fire departments and fire districts)",1,0,20,0,https://www.kinsmantownship.org/fire-department,0
OH-78129,Liberty Township Fire Department,Township fire department,Trumbull,Youngstown,78129,Mostly volunteer,"Local (includes career, combination, and volunteer fire departments and fire districts)",2,16,0,16,,0
OH-78131,Lordstown Fire Department,Local fire department,Trumbull,Warren,78131,Mostly volunteer,"Local (includes career, combination, and volunteer fire departments and fire districts)",1,10,0,30,https://www.lordstown.com/fire-department/,0
OH-78133,Mecca Volunteer Fire Department,Volunteer fire department,Trumbull,Cortland,78133,Volunteer,"Local (includes career, combination, and volunteer fire departments and fire districts)",1,0,15,0,,0
OH-78139,Southington Volunteer Fire Department,Volunteer fire department,Trumbull,Southington,78139,Volunteer,"Local (includes career, combination, and volunteer fire departments and fire districts)",1,0,0,11,,0
OH-78141,Burghill Vernon Volunteer Fire Department,Private or industrial fire brigade,Trumbull,Kinsman,78141,Volunteer,Private or industrial fire brigade,1,0,6,1,https://www.burghillvernonfire.org/,1
OH-78143,Vienna Fire Department,Local fire department,Trumbull,Vienna,78143,Volunteer,"Local (includes career, combination, and volunteer fire departments and fire districts)",1,0,23,0,,0
OH-78145,Warren Township Fire Department,Township fire department,Trumbull,Leavittsburg,78145,Mostly volunteer,"Local (includes career, combination, and volunteer fire departments and fire districts)",3,1,40,0,,0
OH-78150,Greene Volunteer Fire & Rescue,Volunteer fire department,Trumbull,North Bloomfield,78150,Volunteer,"Local (includes career, combination, and volunteer fire departments and fire districts)",1,0,18,0,,0
OH-78200,Cortland City Fire Department,Local fire department,Trumbull,Cortland,78200,Mostly volunteer,"Local (includes career, combination, and volunteer fire departments and fire districts)",1,11,6,20,https://cityofcortland.org/departments/fire-dept/,0
OH-78201,Orangeville Volunteer Fire Department,Volunteer fire department,Trumbull,Orangeville,78201,Volunteer,"Local (includes career, combination, and volunteer fire departments and fire districts)",1,0,9,0,,0
OH-78202,Bloomfield Township Volunteer Fire Department,Township fire department,Trumbull,North Bloomfield,78202,Volunteer,"Local (includes career, combination, and volunteer fire departments and fire districts)",1,0,13,0,,0
OH-78300,Weathersfield Township Fire Department,Township fire department,Trumbull,Mineral Ridge,78300,Volunteer,"Local (includes career, combination, and volunteer fire departments and fire districts)",3,0,0,48,https://www.weathersfieldtwp.com/Fire/tabid/632/Default.aspx,0
OH-79003,Baltic Fire & Rescue,Local fire department,Tuscarawas,Baltic,79003,Volunteer,"Local (includes career, combination, and volunteer fire departments and fire districts)",1,0,0,23,,3
OH-79007,Dennison Fire Department,Local fire department,Tuscarawas,Dennison,79007,Mostly career,"Local (includes career, combination, and volunteer fire departments and fire districts)",2,20,8,0,,0
OH-79009,Dover Fire Department,Local fire department,Tuscarawas,Dover,79009,Career,"Local (includes career, combination, and volunteer fire departments and fire districts)",2,25,0,0,,0
OH-79017,Mineral City Volunteer Fire Department,Volunteer fire department,Tuscarawas,Mineral City,79017,Volunteer,"Local (includes career, combination, and volunteer fire departments and fire districts)",1,0,20,0,,0
OH-79023,Strasburg Volunteer Fire Department,Volunteer fire department,Tuscarawas,Strasburg,79023,Mostly volunteer,"Local (includes career, combination, and volunteer fire departments and fire districts)",1,1,0,26,,6
OH-79035,Sugarcreek Fire Department,Local fire department,Tuscarawas,Sugarcreek,79035,Volunteer,"Local (includes career, combination, and volunteer fire departments and fire districts)",1,0,0,22,,2
OH-79037,Warwick Township Volunteer Fire Department,Township fire department,Tuscarawas,Gnadenhutten,79037,Volunteer,"Local (includes career, combination, and volunteer fire departments and fire districts)",1,0,19,0,,0
OH-79041,"Zoar Volunteer Fire Department, Inc.",Volunteer fire department,Tuscarawas,Zoar,79041,Volunteer,"Local (includes career, combination, and volunteer fire departments and fire districts)",1,0,14,0,https://zoarfire.com/,1
OH-79042,Midvale Volunteer Fire Department,Volunteer fire department,Tuscarawas,Midvale,79042,Volunteer,"Local (includes career, combination, and volunteer fire departments and fire districts)",1,0,0,13,,0
OH-79043,New Philadelphia Fire Department,Local fire department,Tuscarawas,New Philadelphia,79043,Career,"Local (includes career, combination, and volunteer fire departments and fire districts)",1,23,0,0,,0
OH-79109,Fairfield Township Volunteer Fire Department,Township fire department,Tuscarawas,Somerdale,79109,Volunteer,"Local (includes career, combination, and volunteer fire departments and fire districts)",1,0,24,0,,0
OH-79141,Wayne Township Volunteer Fire Department,Township fire department,Tuscarawas,Dundee,79141,Volunteer,"Local (includes career, combination, and volunteer fire departments and fire districts)",1,0,20,0,,0
OH-79143,York Township Volunteer Fire Department,Township fire department,Tuscarawas,New Philadelphia,79143,Volunteer,"Local (includes career, combination, and volunteer fire departments and fire districts)",1,0,28,0,,0
OH-79200,Bolivar Volunteer Fire Department Inc.,Volunteer fire department,Tuscarawas,Bolivar,79200,Mostly volunteer,"Local (includes career, combination, and volunteer fire departments and fire districts)",1,4,0,30,https://bolivarfiredept.com/,4
OH-79201,Arrowhead Joint Fire District,Fire district,Tuscarawas,Gnadenhutten,79201,Volunteer,"Local (includes career, combination, and volunteer fire departments and fire districts)",1,0,0,33,,3
OH-79203,Delaware Valley Joint Fire District,Fire district,Tuscarawas,Port Washington,79203,Volunteer,"Local (includes career, combination, and volunteer fire departments and fire districts)",1,0,0,13,,1
OH-79204,Stone Creek Fire & Rescue,Local fire department,Tuscarawas,Stone Creek,79204,Volunteer,"Local (includes career, combination, and volunteer fire departments and fire districts)",1,0,20,0,,0
OH-79205,Uhrichsville Fire Department (City of Uhrichsville),Local fire department,Tuscarawas,Uhrichsville,79205,Mostly volunteer,"Local (includes career, combination, and volunteer fire departments and fire districts)",1,10,0,15,https://cityofuhrichsville.org,0
OH-80003,Marysville Fire Division,Local fire department,Union,Marysville,80003,Mostly career,"Local (includes career, combination, and volunteer fire departments and fire districts)",2,40,0,15,https://www.marysvilleohio.org/,0
OH-80009,Liberty Township Fire Department,Township fire department,Union,Raymond,80009,Mostly volunteer,"Local (includes career, combination, and volunteer fire departments and fire districts)",1,1,0,35,,0
OH-80011,Northern Union County Joint Fire & EMS District,Fire district,Union,Richwood,80011,Mostly volunteer,"Local (includes career, combination, and volunteer fire departments and fire districts)",1,1,1,48,,0
OH-80123,Union Township Fire Department,Township fire department,Union,Milford Center,80123,Volunteer,"Local (includes career, combination, and volunteer fire departments and fire districts)",1,0,5,20,,0
OH-80213,Leesburg Township Fire Department,Township fire department,Union,Magnetic Springs,80213,Volunteer,"Local (includes career, combination, and volunteer fire departments and fire districts)",1,0,28,0,,0
OH-80214,Jerome Township Division of Fire,Township fire department,Union,Plain City,80214,Career,"Local (includes career, combination, and volunteer fire departments and fire districts)",2,40,0,0,https://www.jerometownship.com/departments/fire,0
OH-80215,Allen Township Fire Department,Township fire department,Union,Marysville,80215,Mostly volunteer,"Local (includes career, combination, and volunteer fire departments and fire districts)",1,13,0,20,https://allentwp.org/fire-ems-page/,0
OH-80220,Pleasant Valley Joint Fire District,Fire district,Union,Plain City,80220,Mostly volunteer,"Local (includes career, combination, and volunteer fire departments and fire districts)",1,18,0,35,http://www.pleasantvalleyfire.com/,1
OH-81001,Convoy Fire & EMS,Local fire department,Van Wert,Convoy,81001,Volunteer,"Local (includes career, combination, and volunteer fire departments and fire districts)",1,0,19,0,https://convoyfireandems.com/,0
OH-81007,Middle Point Fire Department,Local fire department,Van Wert,Middle Point,81007,Volunteer,"Local (includes career, combination, and volunteer fire departments and fire districts)",2,0,0,36,,0
OH-81009,Ohio City Fire Department,Local fire department,Van Wert,Ohio City,81009,Volunteer,"Local (includes career, combination, and volunteer fire departments and fire districts)",1,0,25,0,,2
OH-81011,Scott Volunteer Fire Department,Volunteer fire department,Van Wert,Scott,81011,Volunteer,"Local (includes career, combination, and volunteer fire departments and fire districts)",1,0,0,25,,1
OH-81013,Van Wert Fire Department,Local fire department,Van Wert,Van Wert,81013,Mostly career,"Local (includes career, combination, and volunteer fire departments and fire districts)",1,19,0,5,https://vanwert.org/fire-department/,0
OH-81017,Willshire Fire Department,Local fire department,Van Wert,Willshire,81017,Volunteer,"Local (includes career, combination, and volunteer fire departments and fire districts)",1,0,17,0,,0
OH-81019,Wren Fire and EMS,Local fire department,Van Wert,Wren,81019,Volunteer,"Local (includes career, combination, and volunteer fire departments and fire districts)",1,0,16,0,,0
OH-82005,McArthur Fire Department,Local fire department,Vinton,McArthur,82005,Volunteer,"Local (includes career, combination, and volunteer fire departments and fire districts)",2,0,0,32,,0
OH-82011,Zaleski Volunteer Fire Department,Volunteer fire department,Vinton,Zaleski,82011,Volunteer,"Local (includes career, combination, and volunteer fire departments and fire districts)",1,0,22,0,,0
OH-82101,Harrison Township Fire Department,Township fire department,Vinton,Londonderry,82101,Volunteer,"Local (includes career, combination, and volunteer fire departments and fire districts)",1,0,16,0,,0
OH-82203,Hamden Volunteer Fire Department,Volunteer fire department,Vinton,Hamden,82203,Volunteer,"Local (includes career, combination, and volunteer fire departments and fire districts)",1,0,25,0,https://www.hamdenfd.org/,0
OH-82209,Wilkesville Volunteer Fire Department,Volunteer fire department,Vinton,Wilkesville,82209,Volunteer,"Local (includes career, combination, and volunteer fire departments and fire districts)",1,0,14,0,,0
OH-83003,Carlisle Fire Department,Local fire department,Warren,Carlisle,83003,Volunteer,"Local (includes career, combination, and volunteer fire departments and fire districts)",2,0,19,0,,0
OH-83007,Franklin Division of Fire & EMS,Local fire department,Warren,Franklin,83007,Mostly volunteer,"Local (includes career, combination, and volunteer fire departments and fire districts)",1,7,45,15,http://www.franklinohio.org/government/safety-department/fire-ems-division,0
OH-83013,Lebanon Fire Division,Local fire department,Warren,Lebanon,83013,Career,"Local (includes career, combination, and volunteer fire departments and fire districts)",2,31,0,0,https://www.lebanonohio.gov/departments/fire___ems/index.php,0
OH-83017,Hamilton Township Fire Rescue,Township fire department,Warren,Maineville,83017,Career,"Local (includes career, combination, and volunteer fire departments and fire districts)",2,45,0,0,https://hamilton-township.org/departments/fire/,2
OH-83019,City of Mason Fire Department,Local fire department,Warren,Mason,83019,Mostly career,"Local (includes career, combination, and volunteer fire departments and fire districts)",2,40,0,9,https://www.imaginemason.org/services/fire.cfm,0
OH-83023,Salem Morrow Fire Department,Local fire department,Warren,Morrow,83023,Mostly volunteer,"Local (includes career, combination, and volunteer fire departments and fire districts)",1,11,0,16,https://www.station71.com/,1
OH-83030,Deerfield Township Fire Rescue Department,Township fire department,Warren,Loveland,83030,Career,"Local (includes career, combination, and volunteer fire departments and fire districts)",4,74,0,0,https://www.choosedeerfield.com/government/fire-and-ems/,0
OH-83101,Clearcreek Fire District,Fire district,Warren,Springboro,83101,Career,"Local (includes career, combination, and volunteer fire departments and fire districts)",3,65,0,0,https://www.clearcreektownship.com/departments/fire-ems-2,9
OH-83105,Franklin Township Fire Department,Township fire department,Warren,Franklin,83105,Volunteer,"Local (includes career, combination, and volunteer fire departments and fire districts)",2,0,0,38,https://www.ftfd.org/,0
OH-83111,Massie Township Fire Department,Township fire department,Warren,Harveysburg,83111,Volunteer,"Local (includes career, combination, and volunteer fire departments and fire districts)",1,0,18,0,,0
OH-83115,Turtlecreek Township Fire Station 32,Township fire department,Warren,Lebanon,83115,Mostly career,"Local (includes career, combination, and volunteer fire departments and fire districts)",3,21,0,19,https://www.turtlecreektownship.org/departments/fire-department/,0
OH-83117,Union Township-South Lebanon Fire Department,Township fire department,Warren,South Lebanon,83117,Mostly volunteer,"Local (includes career, combination, and volunteer fire departments and fire districts)",1,3,0,28,http://www.utslfd.com/,0
OH-83121,Wayne Township Fire Department,Township fire department,Warren,Waynesville,83121,Mostly volunteer,"Local (includes career, combination, and volunteer fire departments and fire districts)",1,1,48,0,https://www.wtfire.org/,0
OH-83125,Harlan Township Fire and Rescue,Township fire department,Warren,Pleasant Plain,83125,Volunteer,"Local (includes career, combination, and volunteer fire departments and fire districts)",2,0,48,0,,0
OH-84015,Little Hocking Volunteer Fire Department,Volunteer fire department,Washington,Little Hocking,84015,Volunteer,"Local (includes career, combination, and volunteer fire departments and fire districts)",1,0,12,15,https://www.littlehockingfire.com/,3
OH-84023,Marietta Fire Department,Local fire department,Washington,Marietta,84023,Career,"Local (includes career, combination, and volunteer fire departments and fire districts)",3,35,0,0,,0
OH-84035,Oak Grove Fire and Rescue,Local fire department,Washington,Marietta,84035,Volunteer,"Local (includes career, combination, and volunteer fire departments and fire districts)",1,0,16,0,,1
OH-84105,Barlow Volunteer Fire Department,Volunteer fire department,Washington,Barlow,84105,Volunteer,"Local (includes career, combination, and volunteer fire departments and fire districts)",1,0,30,0,,2
OH-84207,Beverly Volunteer Fire Department,Volunteer fire department,Washington,Beverly,84207,Volunteer,"Local (includes career, combination, and volunteer fire departments and fire districts)",1,0,24,0,,0
OH-84211,Devola Volunteer Fire Company,Volunteer fire department,Washington,Marietta,84211,Volunteer,"Local (includes career, combination, and volunteer fire departments and fire districts)",1,0,21,0,https://www.devolavfc.50megs.com,0
OH-84217,L-A Fire & Rescue Association,Local fire department,Washington,Lowell,84217,Volunteer,"Local (includes career, combination, and volunteer fire departments and fire districts)",1,0,37,0,,0
OH-84225,Grandview Township Volunteer Fire Department,Township fire department,Washington,New Matamoras,84225,Volunteer,"Local (includes career, combination, and volunteer fire departments and fire districts)",1,0,15,0,,0
OH-84229,Salem Township Volunteer Fire Department,Township fire department,Washington,Lower Salem,84229,Volunteer,"Local (includes career, combination, and volunteer fire departments and fire districts)",1,0,38,0,,0
OH-84239,"Newport Volunteer Fire Department, Inc.",Volunteer fire department,Washington,Newport,84239,Volunteer,"Local (includes career, combination, and volunteer fire departments and fire districts)",1,0,20,0,,0
OH-84241,Reno Volunteer Fire Department,Volunteer fire department,Washington,Reno,84241,Volunteer,"Local (includes career, combination, and volunteer fire departments and fire districts)",2,0,35,0,,4
OH-84243,Warren Township Volunteer Fire Department,Township fire department,Washington,Marietta,84243,Volunteer,"Local (includes career, combination, and volunteer fire departments and fire districts)",2,0,32,0,,1
OH-84245,Watertown Volunteer Fire Department,Volunteer fire department,Washington,Waterford,84245,Volunteer,"Local (includes career, combination, and volunteer fire departments and fire districts)",1,0,23,0,,0
OH-84262,Belpre Volunteer Fire Department,Volunteer fire department,Washington,Belpre,84262,Volunteer,"Local (includes career, combination, and volunteer fire departments and fire districts)",2,0,40,0,,2
OH-84313,"Dunham Township Volunteer Fire Department, Inc.",Township fire department,Washington,Belpre,84313,Volunteer,"Local (includes career, combination, and volunteer fire departments and fire districts)",1,0,26,0,,0
OH-85001,Apple Creek East Union Township Fire Department,Township fire department,Wayne,Apple Creek,85001,Mostly volunteer,"Local (includes career, combination, and volunteer fire departments and fire districts)",1,1,0,25,https://www.applecreekfire.com/,0
OH-85003,Burbank Volunteer Fire Department,Volunteer fire department,Wayne,Burbank,85003,Volunteer,"Local (includes career, combination, and volunteer fire departments and fire districts)",1,0,30,0,,0
OH-85007,Canaan Township Fire Department,Township fire department,Wayne,Creston,85007,Mostly volunteer,"Local (includes career, combination, and volunteer fire departments and fire districts)",2,1,0,29,,1
OH-85013,South Central Fire District,Fire district,Wayne,Fredericksburg,85013,Mostly volunteer,"Local (includes career, combination, and volunteer fire departments and fire districts)",1,1,0,22,,0
OH-85019,Paint Township Fire Department,Township fire department,Wayne,Mount Eaton,85019,Mostly volunteer,"Local (includes career, combination, and volunteer fire departments and fire districts)",1,1,14,0,,11
OH-85021,Orrville Fire Department,Local fire department,Wayne,Orrville,85021,Mostly volunteer,"Local (includes career, combination, and volunteer fire departments and fire districts)",2,1,0,23,https://www.orrville.com/fire-dept,2
OH-85023,Rittman Fire and Rescue,Local fire department,Wayne,Rittman,85023,Volunteer,"Local (includes career, combination, and volunteer fire departments and fire districts)",1,0,0,36,,0
OH-85027,Central Fire District,Fire district,Wayne,Smithville,85027,Mostly volunteer,"Local (includes career, combination, and volunteer fire departments and fire districts)",2,8,0,16,,6
OH-85031,Wooster Division of Fire,Local fire department,Wayne,Wooster,85031,Career,"Local (includes career, combination, and volunteer fire departments and fire districts)",3,46,0,0,https://www.woosteroh.com/fire,0
OH-85109,Clinton Township Fire Department,Other,Wayne,Shreve,85109,Mostly volunteer,Other,1,1,0,27,,0
OH-85113,New Pittsburg Fire Department,Local fire department,Wayne,Wooster,85113,Volunteer,"Local (includes career, combination, and volunteer fire departments and fire districts)",1,0,31,0,,0
OH-85119,Sterling Fire District,Fire district,Wayne,Sterling,85119,Mostly volunteer,"Local (includes career, combination, and volunteer fire departments and fire districts)",1,1,2,26,www.miltonsterling.org,0
OH-85131,Wooster Township Fire Department,Township fire department,Wayne,Wooster,85131,Mostly volunteer,"Local (includes career, combination, and volunteer fire departments and fire districts)",1,8,0,35,https://www.woostertwpfire.org/,0
OH-85200,Chippewa Township Fire Department,Township fire department,Wayne,Doylestown,85200,Mostly volunteer,"Local (includes career, combination, and volunteer fire departments and fire districts)",1,5,0,27,,3
OH-85201,Kidron Volunteer Fire Department,Private or industrial fire brigade,Wayne,Kidron,85201,Volunteer,Private or industrial fire brigade,1,0,28,0,https://www.kidronfire.com/,0
OH-85202,Town & Country Fire District,Fire district,Wayne,West Salem,85202,Mostly volunteer,"Local (includes career, combination, and volunteer fire departments and fire districts)",2,4,0,25,,2
OH-85203,East Wayne Fire District,Fire district,Wayne,Dalton,85203,Volunteer,Other,2,0,0,32,http://eastwaynefd.com/,6
OH-86001,Alvordton-Millcreek Township Fire Department,Township fire department,Williams,Alvordton,86001,Volunteer,"Local (includes career, combination, and volunteer fire departments and fire districts)",1,0,30,0,,2
OH-86005,Bryan Fire Department,Local fire department,Williams,Bryan,86005,Mostly volunteer,"Local (includes career, combination, and volunteer fire departments and fire districts)",1,9,0,20,https://www.cityofbryan.com/fire-department/,0
OH-86007,Edgerton Fire Department,Local fire department,Williams,Edgerton,86007,Mostly volunteer,"Local (includes career, combination, and volunteer fire departments and fire districts)",2,1,0,35,https://edgerton-ohio.com/index.php/departments/fire-department,4
OH-86009,Florence Township Fire Department,Township fire department,Williams,Edon,86009,Volunteer,"Local (includes career, combination, and volunteer fire departments and fire districts)",1,0,27,0,,0
OH-86011,Montpelier Fire Department,Local fire department,Williams,Montpelier,86011,Volunteer,"Local (includes career, combination, and volunteer fire departments and fire districts)",1,0,0,23,https://montpelieroh.net/fire-department/,0
OH-86013,Pioneer Fire Department,Local fire department,Williams,Pioneer,86013,Volunteer,"Local (includes career, combination, and volunteer fire departments and fire districts)",1,0,0,23,,0
OH-86015,Springfield Township Stryker Fire Department,Township fire department,Williams,Stryker,86015,Volunteer,"Local (includes career, combination, and volunteer fire departments and fire districts)",1,0,0,30,https://www.villageofstryker.com/safety/,0
OH-86017,Brady Township Fire Department,Township fire department,Williams,West Unity,86017,Volunteer,"Local (includes career, combination, and volunteer fire departments and fire districts)",1,0,0,21,,2
OH-86111,Madison Township Kunkle Fire Department,Township fire department,Williams,Kunkle,86111,Volunteer,"Local (includes career, combination, and volunteer fire departments and fire districts)",1,0,0,15,,0
OH-86200,Northwest Fire and Rescue,Local fire department,Williams,Edon,86200,Volunteer,"Local (includes career, combination, and volunteer fire departments and fire districts)",1,0,10,0,,0
OH-87003,Bloomdale Fire Department & Rescue Squad,Local fire department,Wood,Bloomdale,87003,Volunteer,"Local (includes career, combination, and volunteer fire departments and fire districts)",1,0,24,0,,0
OH-87005,Bowling Green Fire Division,Local fire department,Wood,Bowling Green,87005,Career,"Local (includes career, combination, and volunteer fire departments and fire districts)",2,56,0,0,https://www.bgohio.org/287/Fire-Division,0
OH-87007,Bradner Fire Department,Local fire department,Wood,Bradner,87007,Volunteer,"Local (includes career, combination, and volunteer fire departments and fire districts)",1,0,28,0,,0
OH-87011,Cygnet Volunteer Fire Department,Volunteer fire department,Wood,Cygnet,87011,Volunteer,"Local (includes career, combination, and volunteer fire departments and fire districts)",1,0,6,27,,0
OH-87015,Grand Rapids Township Fire Department,Township fire department,Wood,Grand Rapids,87015,Volunteer,"Local (includes career, combination, and volunteer fire departments and fire districts)",1,0,33,0,,0
OH-87019,Hoytville & Jackson Township Fire Department,Township fire department,Wood,Hoytville,87019,Volunteer,"Local (includes career, combination, and volunteer fire departments and fire districts)",1,0,0,14,,0
OH-87027,Milton Township Fire District,Fire district,Wood,Milton Center,87027,Volunteer,"Local (includes career, combination, and volunteer fire departments and fire districts)",1,0,30,0,,0
OH-87031,Northwood Fire Department,Local fire department,Wood,Northwood,87031,Volunteer,"Local (includes career, combination, and volunteer fire departments and fire districts)",2,0,0,42,http://www.northwoodfire.com/,0
OH-87033,Pemberville-Freedom Fire Department,Local fire department,Wood,Pemberville,87033,Volunteer,"Local (includes career, combination, and volunteer fire departments and fire districts)",1,0,0,40,,1
OH-87035,Perrysburg Fire Division,Local fire department,Wood,Perrysburg,87035,Mostly career,"Local (includes career, combination, and volunteer fire departments and fire districts)",2,33,0,2,https://www.ci.perrysburg.oh.us/fire/index.php,0
OH-87037,Central Joint Fire District,Fire district,Wood,Portage,87037,Volunteer,"Local (includes career, combination, and volunteer fire departments and fire districts)",1,0,30,0,https://cjfd.org/,1
OH-87039,Risingsun Volunteer Fire Department,Volunteer fire department,Wood,Risingsun,87039,Volunteer,"Local (includes career, combination, and volunteer fire departments and fire districts)",1,0,17,0,,0
OH-87041,Rossford Fire & Rescue Department,Local fire department,Wood,Rossford,87041,Mostly volunteer,"Local (includes career, combination, and volunteer fire departments and fire districts)",1,1,0,23,https://www.rossfordohio.com/departments/fire_ems/index.php,0
OH-87047,Lake Township Fire Department,Township fire department,Wood,Millbury,87047,Mostly volunteer,"Local (includes career, combination, and volunteer fire departments and fire districts)",2,6,0,26,www.laketwpfd.org,2
OH-87049,Wayne Volunteer Fire Department,Volunteer fire department,Wood,Wayne,87049,Volunteer,"Local (includes career, combination, and volunteer fire departments and fire districts)",1,0,30,0,http://www.waynefire.net/,0
OH-87103,Center Township Fire Department,Township fire department,Wood,Bowling Green,87103,Volunteer,"Local (includes career, combination, and volunteer fire departments and fire districts)",1,0,22,0,,0
OH-87117,Middleton Township Fire Department,Township fire department,Wood,Bowling Green,87117,Volunteer,"Local (includes career, combination, and volunteer fire departments and fire districts)",3,0,0,42,,0
OH-87125,Perrysburg Township Fire Department,Township fire department,Wood,Perrysburg,87125,Mostly career,"Local (includes career, combination, and volunteer fire departments and fire districts)",1,25,0,10,https://www.perrysburgtownship.us/departments/fireems/,4
OH-87131,Troy Township Volunteer Fire Department,Township fire department,Wood,Luckey,87131,Volunteer,"Local (includes career, combination, and volunteer fire departments and fire districts)",1,0,38,0,,0
OH-87133,Washington Township Volunteer Fire Department,Township fire department,Wood,Tontogany,87133,Volunteer,"Local (includes career, combination, and volunteer fire departments and fire districts)",1,0,0,24,,0
OH-88001,Carey/Crawford Township Volunteer Fire Department,Township fire department,Wyandot,Carey,88001,Volunteer,"Local (includes career, combination, and volunteer fire departments and fire districts)",1,0,0,28,,0
OH-88007,Marseilles Volunteer Fire Department,Volunteer fire department,Wyandot,La Rue,88007,Volunteer,"Local (includes career, combination, and volunteer fire departments and fire districts)",1,0,15,0,,0
OH-88009,Wyandot East Fire District,Fire district,Wyandot,Nevada,88009,Volunteer,"Local (includes career, combination, and volunteer fire departments and fire districts)",1,0,28,0,,0
OH-88011,Sycamore Volunteer Fire and Rescue,Volunteer fire department,Wyandot,Sycamore,88011,Volunteer,"Local (includes career, combination, and volunteer fire departments and fire districts)",2,0,36,0,,0
OH-88013,Upper Sandusky Fire Department,Local fire department,Wyandot,Upper Sandusky,88013,Mostly volunteer,"Local (includes career, combination, and volunteer fire departments and fire districts)",1,3,0,33,,0
OH-88015,Wharton-Richland Township Fire Department,Township fire department,Wyandot,Wharton,88015,Volunteer,"Local (includes career, combination, and volunteer fire departments and fire districts)",1,0,21,0,,0
OH-88115,Pitt Township Volunteer Fire Department,Township fire department,Wyandot,Harpster,88115,Volunteer,"Local (includes career, combination, and volunteer fire departments and fire districts)",1,0,0,15,,0
OH-L1003,Defense Supply Center Columbus Fire and Emergency Services,Federal government,Franklin,Columbus,L1003,Career,Federal government (Department of Defense fire department),1,26,0,0,,0
OH-X-GM-POWERTRAIN-FIRE-BRIGADE-DEFIANCE,GM Powertrain Fire Brigade,Private or industrial fire brigade,Defiance,Defiance,,Volunteer,Private or industrial fire brigade,1,0,130,0,,0
OH-X-PORTS-FIRE-SERVICES-PPPO-PORTSMOUTH-SITE-PIKETON,PORTS Fire Services - PPPO Portsmouth Site,Private or industrial fire brigade,Pike,Piketon,,Career,Private or industrial fire brigade,1,49,0,0,,0
OH-X-VETERANS-AFFAIRS-FIRE-DEPARTMENT-CHILLICOTHE,Veterans Affairs Fire Department,Federal government,Ross,Chillicothe,,Career,Federal government (Executive branch agency fire department),1,15,0,0,,0
