name_key,vendor,category,confidence,spend,agencies
NA,N/A,placeholder,low,292863325.21,46
OHIO POLICE AND FIRE PENSION FUND,Ohio Police & Fire Pension Fund,payroll,low,122820268.53,58
NANA,N/A..N/A,placeholder,low,59323667.75,1
PAYCHEX,Paychex,payroll,low,41298107.55,4
MADISON TOWNSHIP EMPLOYEES,Madison Township Employees,payroll,low,36098498.79,1
JP MORGAN CHASE BANK NA,JPMorgan Chase Bank (payroll),payroll,medium,34733297.69,1
JACKSON TOWNSHIP PAYROLL,Jackson Township Payroll,payroll,low,34384269.68,1
JEFFERSON HEALTH PLAN,Jefferson Health Plan,payroll,low,33990138.85,17
HEARTLAND BANK,Heartland Bank (payroll),payroll,medium,33845085.77,2
PAYROLL VENDOR,Payroll Vendor,payroll,low,25559469.96,13
OHIO POLICE AND FIRE PENSION FUND 0480F,Ohio Police & Fire Pension Fund,payroll,low,20190781.31,1
ATLANTIC EMERGENCY SOLUTIONS,Atlantic Emergency Solutions,apparatus,low,18848883.03,92
PAYCOR PAYROLL PROCESSING VENDOR,Paycor,payroll,low,18289771.07,1
CITY OF SPRINGDALE PAYROLL AC,City Of Springdale Payroll A/C,payroll,low,18147078.76,1
MEDICAL MUTUAL OF OHIO,Medical Mutual of Ohio,payroll,low,17120211.17,17
CITY OF PARMA EMPLOYEE HEALTH CARE AND,City Of Parma-Employee Health Care And,payroll,low,14803010.73,1
ADP PAYROLL SERVICES,ADP Payroll Services,payroll,low,13721140.17,1
HUNTINGTON BANK,Huntington Bank,payroll,low,13170787.77,6
M TRENT WILLIAMS AUD TREAS,City auditor-treasurer (payroll),payroll,low,12822971.65,1
US BANK TRUST,U.S. Bank Trust Company,finance,low,12142106.52,1
SUTPHEN,Sutphen Corporation,apparatus,low,12008237.81,41
HR BUTLER,Hr Butler Llc,payroll,low,11994972.22,2
PAYROLL ONLY,Payroll Only,payroll,low,11454224.67,1
OH POLICE AND FIRE PENSION FUND,Ohio Police & Fire Pension Fund,payroll,low,10909350.81,4
CITY OF EASTLAKE PAYROLL,City Of Eastlake Payroll,payroll,low,10639198.20,1
CITY OF MONTGOMERY PAYROLL,City Of Montgomery - Payroll,payroll,low,10544322.35,1
CITY OF DOVER PAYROLL,City Of Dover - Payroll,payroll,low,10148355.07,1
VOGELPOHL FIRE EQUIPMENT,Vogelpohl Fire Equipment,fire-equipment,high,9668081.17,31
FAIRFIELD TOWNSHIP PAYROLL,Fairfield Township Payroll,payroll,low,9647944.10,1
PAYCHEX OF NEW YORK,Paychex,payroll,low,8841958.27,2
OHIO POLICE AND FIRE PENSION,Ohio Police & Fire Pension Fund,payroll,high,8538388.89,9
COHCC HUNTINGTON BANK,Huntington Bank (payroll and benefits),payroll,medium,8361423.53,1
OHIO POLICE AND FIRE,Ohio Police & Fire Pension Fund,payroll,low,8037473.57,3
STARK COUNTY SCHOOLS,Stark County Schools Council of Governments (health benefits),payroll,medium,7825841.92,1
THOMARIOS,Thomarios,construction,medium,6683530.53,1
PAYROLL GROSS VOUCHER,Payroll Gross Voucher,payroll,low,6675122.01,1
PAYROLL,Payroll,payroll,high,6154575.86,3
BOUND TREE MEDICAL,Bound Tree Medical,ems-supplies,high,6108351.49,71
PAYCOR,Paycor,payroll,low,6050358.65,7
SCIOTO TOWNSHIP PAYROLL,Scioto Township Payroll,payroll,low,5709679.08,1
MEDICAL MUTUAL,Medical Mutual of Ohio,payroll,low,5656952.03,19
ANTHEM BLUE CROSS BLUE SHIELD,Anthem Blue Cross Blue Shield,payroll,low,5630900.59,9
911 FLEET AND FIRE EQUIPMENT HOLDINGS,911 Fleet & Fire Equipment,fire-equipment,medium,5567563.34,5
KEY BANK FEDERAL TAXES,KeyBank (payroll taxes),payroll,medium,5531786.49,1
BRUMBAUGH CONSTRUCTION,Brumbaugh Construction Inc,construction,low,5528934.30,2
FIFTH THIRD BANK,Fifth Third Bank,finance,high,5500628.77,11
POLICE AND FIREMENS DISABILITY,Ohio Police & Fire Pension Fund,payroll,low,5328489.42,2
FIRE PEN EMPLOYE,Ohio Police & Fire Pension Fund,payroll,medium,5202662.56,1
STRYKER SALES,Stryker,ems-equipment,high,4927744.36,53
SUMMIT CONSTRUCTION,Summit Construction Company,construction,low,4898204.33,1
1104 JEFFERSON HEALTH PLAN,Jefferson Health Plan,payroll,low,4865858.79,1
OHIO PUBLIC EMPLOYEES DEFERRED,Ohio Public Employees Deferred Compensation,payroll,low,4696480.24,2
VILLAGE OF LOCKLAND PAYROLL ACCOUNT,Village of Lockland Payroll Account,payroll,low,4685417.48,1
CONCORD PAYROLL,Concord Payroll,payroll,low,4573038.58,1
MOTOROLA SOLUTIONS,Motorola Solutions,radios,high,4503480.07,62
INTERNAL REVENUE SERVICE,Internal Revenue Service,payroll,high,4458727.40,19
PFUND SUPERIOR SALES,Pfund Superior Sales,apparatus,medium,4244802.40,18
CITY OF NILES,City of Niles (health self-insurance),payroll,low,4186912.99,1
CITY OF READING,City of Reading (payroll),payroll,low,4095685.62,2
CHANGE HEALTHCARE,Change Healthcare,ems-billing,medium,3985477.31,9
ASURE TOLEDO,Asure - Toledo,payroll,low,3762894.25,1
US TREASURY,Internal Revenue Service,payroll,medium,3756382.91,6
OHIO POLICE AND FIRE PENSION FD,Ohio Police & Fire Pension Fund,payroll,low,3753969.50,2
OTARMA,OTARMA,insurance,low,3726929.46,17
DUKE ENERGY OHIO,Duke Energy,utilities,high,3637270.94,1
UNIVERSITY OF CINCINNATI PHYSICIANS,UC Physicians,professional,medium,3620909.18,6
POLICE AND FIRE PENSION FUND,Ohio Police & Fire Pension Fund,payroll,low,3554474.91,2
ELFORD,Elford Inc.,construction,medium,3553540.10,1
PHOENIX SAFETY OUTFITTERS,Phoenix Safety Outfitters,fire-equipment,low,3526873.77,44
BUREAU OF WORKERS COMPENSATION,Ohio Bureau of Workers' Compensation,insurance,low,3526114.50,36
ANTHEM BLUE CROSS LIFE AND HEALTH INSURANCE,Anthem Blue Cross Blue Shield,payroll,low,3457690.26,1
380 OHIO POLICE AND FIRE PENSION FUND,Ohio Police & Fire Pension Fund,payroll,low,3349875.42,1
GALLS,Galls,uniforms,high,3231778.54,39
HORTON EMERGENCY VEHICLES,Horton Emergency Vehicles,apparatus,low,3146852.54,23
OHIO POLICE AND FIRE PENSION FND,Ohio Police & Fire Pension Fund,payroll,low,3103642.46,1
PAYROLL CITY OF WAPAKONETA,Payroll - City Of Wapakoneta,payroll,low,3048862.49,1
C,C,placeholder,low,3028925.60,1
UNITED HEALTHCARE,UnitedHealthcare,payroll,low,2972293.76,8
HUNTINGTON NATIONAL BANK,Huntington National Bank,finance,low,2971360.74,20
PENN CARE,PennCare,ambulance,medium,2843964.40,38
FIRE SAFETY SERVICES,Fire Safety Services,apparatus,low,2756862.94,53
OHIO BUREAU OF WORKERS COMPENSATION,Ohio Bureau of Workers' Compensation,insurance,low,2738524.88,34
JEFFERSON TOWNSHIP BOARD OF TRUSTEES,Jefferson Township Board Of Trustees,government,low,2721185.46,1
BERLIN TOWNSHIP,Berlin Township,government,low,2701454.54,1
PNC EQUIPMENT FINANCE,PNC Equipment Finance,finance,high,2691955.09,5
HAMMOND CONSTRUCTION,"Hammond Construction, Inc",construction,low,2605238.28,1
STRYKER,Stryker,ems-equipment,high,2508380.64,15
PAYROLL SELECT SERVICE,Payroll Select Service LLC,payroll,low,2464944.20,1
AULTCARE,Aultcare,payroll,low,2461218.32,3
ESO SOLUTIONS,ESO Solutions,rms,high,2449101.43,77
IRS,Internal Revenue Service,payroll,high,2443815.20,9
ROBERTSON CONSTRUCTION,Robertson Construction,construction,low,2424530.75,1
ROSENBAUER SOUTH DAKOTA,Rosenbauer,apparatus,high,2332642.64,6
HENRY SCHEIN,Henry Schein,ems-supplies,high,2295679.59,10
PAYROLL GROSS VENDOR,Payroll Gross Vendor,payroll,low,2255205.03,1
OGBC CONSORTIUM,Ohio Government Benefit Cooperative,payroll,medium,2205778.72,1
SUMMIT COUNTY FISCAL OFFICE,Summit County Fiscal Office,government,low,2202617.20,4
AETNA,Aetna,payroll,medium,2150682.64,5
US BANK,Us Bank,finance,low,2150056.23,15
OH POLICE FIRE PENSION FUND,Oh Police/Fire Pension Fund,payroll,low,2119799.08,1
PLAIN TOWNSHIP,Plain Township (payroll and benefits),payroll,low,2089558.00,1
CITY OF DOVER HEALTH,City of Dover (health plan),payroll,low,2037625.00,1
POLICE AND FIRE DISABILITY AND PENSION FUND,Ohio Police & Fire Pension Fund,payroll,low,2027197.38,1
US BANK NATIONAL ASSN,U S Bank National Assn,finance,low,2004521.01,1
OHIO PUBLIC EMPLOYEES RETIREMENT SYSTEM,Ohio Public Employees Retirement System,payroll,low,1984892.94,37
HSA SAVINGS,Hsa Savings,payroll,low,1981130.75,1
LOGIC,LOGIC (regional dispatch),dispatch,medium,1978975.50,1
WARREN FIRE EQUIPMENT,"Warren Fire Equipment,Inc.",fire-equipment,low,1973699.89,37
ANTHEM BLUE CROSS AND BLUE SHIELD,Anthem Blue Cross Blue Shield,payroll,low,1936734.28,9
CIGNA HEALTH AND LIFE INSURANCE,Cigna Health and Life Insurance Company,payroll,low,1932574.13,2
CITY OF BEAVERCREEK,City Of Beavercreek,government,low,1884624.56,1
APP ARCHITECTURE,App Architecture Inc,construction,low,1858030.91,6
CITY PAYROLL ACCOUNT,City Payroll Account,payroll,low,1846768.20,1
HERITAGE FIRE EQUIPMENT,Heritage Fire Equipment LLC,fire-equipment,low,1820391.51,47
POLICE AND FIRE PENSION FUND OHIO,Ohio Police & Fire Pension Fund,payroll,low,1814940.64,1
CITY OF DUBLIN OHIO,City of Dublin Ohio,government,low,1803919.00,1
POLICE AND FIREMENS,Police & Firemen's,payroll,low,1801722.83,2
US BANK NA,U.S. Bank,finance,high,1782204.66,1
PERIGON SOLUTIONS,Perigon Solutions,it,low,1752517.08,1
FEDERAL,Federal,payroll,low,1704398.18,1
BAINBRIDGE TOWNSHIP PAYROLL,Bainbridge Township Payroll,payroll,low,1684578.93,1
KEY BANK MEDICARE,KeyBank (payroll taxes),payroll,medium,1653390.92,1
HOWELL RESCUE SYSTEMS,Howell Rescue Systems,fire-equipment,medium,1621562.93,58
DELTA DENTAL,Delta Dental,payroll,low,1619984.29,16
JAY CAR CONSTRUCTION,Jay-Car Construction Inc.,construction,low,1617449.75,1
CIGNA HEALTH AND LIFE INS,Cigna Health And Life Ins Co.,payroll,low,1576824.43,2
MUNICIPAL EMERGENCY SERVICES,Municipal Emergency Services,fire-equipment,high,1570284.32,44
WESTERHEIDE CONSTRUCTION,Westerheide Construction Co,construction,low,1545381.60,1
120 FERRARA FIRE APPARATUS,- Ferrara Fire Apparatus Inc,apparatus,low,1545052.00,1
JOHNSONS EMERGENCY,Johnson's Fire Equipment,fire-equipment,low,1527759.89,1
SUTPHEN TOWERS,Sutphen Corporation,apparatus,low,1512919.35,6
BWC STATE INSURANCE FUND,Ohio Bureau of Workers' Compensation,insurance,low,1459661.48,15
CITY OF PARMA DIVISION OF TAX,City Of Parma - Division Of Tax,government,low,1438660.21,1
CHERYL BROOKS SULLIVAN FRANKLIN COUNTY TREAS,"Cheryl Brooks Sullivan, Franklin County Treas",government,low,1426109.46,1
POLICE AND FIREMENS PENSION FUND,Police & Firemens Pension Fund,payroll,low,1420155.05,1
VERIZON WIRELESS,Verizon,telecom,high,1408274.93,76
AMERICAN ELECTRIC POWER,AEP Ohio,utilities,low,1398394.79,27
MECC REGIONAL COUNCIL OF GOVERNMENT,MECC Regional Council of Governments (dispatch),dispatch,medium,1386332.00,1
NO VENDOR,No Vendor,placeholder,low,1369624.33,1
ALL AMERICAN FIRE EQUIPMENT,All American Fire Equipment,fire-equipment,low,1338860.01,31
POLICE AND FIREMENS DISABILITY AND,Ohio Police & Fire Pension Fund,payroll,low,1322641.04,1
KEY BANK STATE TAXES,KeyBank (payroll taxes),payroll,medium,1288821.94,1
OHIO DEFERRED COMPENSATION,Ohio Public Employees Deferred Compensation,payroll,low,1285236.30,11
OHIO PUBLIC EMPLOYEES DEFERRED COMP,Ohio Public Employees Deferred Compensation,payroll,low,1254348.50,2
LIFE FORCE MANAGEMENT,Life Force Management,ems-billing,low,1250106.91,11
OH POLICE AND FIRE PENSION FUND OP AND F,Ohio Police & Fire Pension Fund,payroll,low,1220714.88,1
CITY OF GROVE CITY,City Of Grove City,government,low,1217424.63,2
FORGE AND FIRE,Forge and Fire,fire-equipment,low,1215512.00,1
MBI MED I BANK,Med-I-Bank (benefit accounts),payroll,medium,1186781.46,1
ANTHEM BCBS,Anthem Blue Cross Blue Shield,payroll,low,1168362.05,3
ANTHEM,Anthem Blue Cross Blue Shield,payroll,low,1156796.37,2
CITY OF BELLEFONTAINE,City of Bellefontaine (payroll),payroll,low,1156418.90,1
ADP PAYROLL,ADP Payroll,payroll,low,1153921.78,1
COMMUNITY FIRST NATIONAL BANK,Community First National Bank,finance,high,1139397.57,7
JOHNSONS FIRE EQUIPMENT,Johnson's Fire Equipment Company,fire-equipment,low,1133275.40,16
US BANCORP GOVERNMENT LEASING,Us Bancorp Government Leasing,finance,low,1070738.16,2
SANTANDER BANK NA,"Santander Bank, N.A.",finance,low,1069702.91,4
ZOLL MEDICAL,Zoll Medical,ems-equipment,high,1055247.80,20
HUNTINGTON PUBLIC CAPITAL,Huntington Public Capital,finance,medium,1054581.52,3
STARK COUNTY AUDITOR,Stark County Auditor,government,low,1054309.52,2
406,Payroll (payee code 406),payroll,low,1053572.39,1
JACKSON TWP CENTRAL MAINT,Jackson Township Central Maintenance (internal charge),government,low,1048049.16,1
911 FLEET AND FIRE EQUIPMENT,Fleet And Fire Equipment,fire-equipment,low,1034563.24,15
VINTON COUNTY NATIONAL BANK,Vinton County National Bank,finance,low,1015014.50,5
TAX EXEMPT LEASING,Tax-Exempt Leasing Corp.,finance,low,1006848.96,1
WORLD FUEL SERVICES,World Fuel Services Inc,fleet,low,1004472.84,9
DUKE ENERGY,Duke Energy,utilities,low,991145.07,12
FIRST NATIONAL BANK EFTPS,Internal Revenue Service,payroll,low,989410.30,1
CITY OF SANDUSKY,City Of Sandusky,government,low,988090.64,1
WEX BANK,WEX,fleet,high,981183.22,22
OHIO CONFERENCE OF TEAMSTERS AND INDUSTRY HEALT,Ohio Conference of Teamsters & Industry Healt,training,low,975259.04,1
MERCHANTS NATIONAL BANK,Merchants National Bank (payroll),payroll,low,962528.53,1
LAKE COUNTY BOARD OF COMMISSIONERS,Lake County Board Of Commissioners,government,low,949463.66,1
HUMANA HLTH PLAN OHIO,Humana Hlth Plan Ohio,payroll,low,947389.99,1
WW GRAINGER,Grainger,general,high,933009.15,6
TREASURER STATE OF OHIO,Treasurer of State of Ohio,government,high,930521.37,96
OHIO EDISON,Ohio Edison,utilities,low,912836.16,24
POLICE AND FIRE PENSION FUN,Ohio Police & Fire Pension Fund,payroll,low,912295.64,1
LEXIPOL,Lexipol,training-software,high,907534.83,46
PUBLIC ENTITIES POOL OF OHIO,Public Entities Pool of Ohio,insurance,high,900201.88,19
FINLEY FIRE EQUIPMENT,"Finley Fire Equipment Co, Inc",fire-equipment,low,899271.50,29
OH PUBLIC EMPLOYEES DEF COMP PROG,OH Public Employees Def Comp Prog,payroll,low,898427.97,1
POLICE AND FIREMEN PENSION AND,Police & Firemen Pension &,payroll,low,888160.05,1
FRANKLIN AUDITOR,Franklin Co Auditor,government,low,886103.28,1
UNITEDHEATLTHCARE INSURANCE,UnitedHealthcare,payroll,medium,884351.14,1
QUANTA,Quanta Llc,payroll,low,877489.81,2
FRANKLIN COUNTY TREAS,Franklin County Treas.,government,low,876116.95,1
MOTOROLA,Motorola Solutions,radios,high,860461.90,14
IRS EFTPS,Internal Revenue Service,payroll,low,855598.07,1
SALARY,Salary,payroll,low,837260.55,1
HALCORE GROUP,"Halcore Group, Inc",ambulance,low,835730.81,3
HUNTINGTON PUBLIC CAP,Huntington Public Capital,finance,medium,835062.88,2
UNITED HEALTHCARE INSURANCE,UnitedHealthcare,payroll,low,826262.02,5
PEOPLES BANK,Peoples Bank,finance,low,816577.28,1
BURGESS HEARSE AND AMBULANCE,Burgess Hearse & Ambulance,ambulance,low,809763.45,4
DIGITECH COMPUTER,Digitech,ems-billing,high,807557.05,2
MEDICOUNT MANAGEMENT,Medicount Management,ems-billing,low,807219.32,18
HOWMEDICA OSTEONICS,Stryker,ems-equipment,medium,807078.70,3
OHIO POLICE AND FIRE PENSION FUN,Ohio Police & Fire Pension Fund,payroll,low,793723.36,2
FIRST NATIONAL BANK OF PA,First National Bank (payroll),payroll,low,788567.00,1
ENTERPRISE FM TRUST,Enterprise Fleet Management,fleet,medium,785518.55,3
CHASE,JPMorgan Chase (debt service),finance,low,783808.53,2
SWSCOG,Swscog,payroll,low,774442.58,1
GREENE COUNTY AUDITOR,Greene County Auditor,government,low,764909.25,3
FIRE APPARATUS SERVICE,Fire Apparatus Service,apparatus,low,764857.16,1
BREATHING AIR SYSTEMS,Breathing Air Systems,scba,high,764254.75,48
HUMANA HEALTH PLAN OHIO,Humana Health Plan Ohio,payroll,low,760861.35,1
ILLUMINATING,The Illuminating Company,utilities,high,756742.49,8
STRYKER SALES CORPORATON,Stryker,ems-equipment,low,754841.33,1
PENNCARE,PennCare,ambulance,medium,742252.32,14
CLEVELAND COMMUNICATIONS,Cleveland Communications,radios,medium,736497.77,4
OHIO POLICE AND FIREMENS PENSION FUND,Ohio Police & Fire Pension Fund,payroll,low,733778.64,1
CITY OF HUBER HEIGHTS,City Of Huber Heights,government,low,729779.71,1
COUNTRYSIDE TRUCK SERVICE,Countryside Truck Service,fleet,low,729407.38,8
SANDUSKY CITY OF,"Sandusky, City Of",government,low,721104.22,1
AMAZON CAPITAL SERVICES,Amazon,general,high,719837.90,33
OHIO POLICE AND FIRE RETIREMENT SYSTEM,Ohio Police & Fire Pension Fund,payroll,low,715048.93,1
VASU COMMUNICATIONS,Vasu Communications,radios,medium,701568.35,20
POLICE FIRE DISABILITY AND PENSION FUND,Police/Fire Disability And Pension Fund,payroll,low,685945.34,1
BYERS CHEVROLET,"Byers Chevrolet, LLC",fleet,low,680831.50,6
CINCINNATI UNITED CONTRACTORS,Cincinnati United Contractors Llc,construction,low,678745.85,3
SUMMIT FIRE APPARATUS,Summit Fire Apparatus,apparatus,low,677517.04,2
347 ZOLL MEDICAL,ZOLL Medical,ems-equipment,low,675827.94,1
MEDMUTUAL LIFE,MedMutual Life,payroll,low,670157.60,5
OHIO GOVERNMENT BENEFIT COOPERATIVE,Ohio Government Benefit Cooperative,payroll,medium,668114.13,1
STRYKER MEDICAL,Stryker,ems-equipment,high,657558.38,13
COLUMBIA GAS,Columbia Gas of Ohio,utilities,low,649011.93,14
KS STATEBANK,KS StateBank,finance,medium,646519.03,2
ROSENBAUER,Rosenbauer,apparatus,high,645000.00,1
TRION GROUP A MARSH AND MCLENNAN AGENCY,Trion Group (benefits),payroll,low,643724.33,1
ERIE COUNTY SHERIFF,Erie County Sheriff,government,low,641449.73,4
SUMMIT COUNTY FISCAL OFFICER,Summit County Fiscal Officer*,government,low,637343.14,7
FIRE APPARATUS SERVICE AND REPAIR,Fire Apparatus Service & Repair,apparatus,low,629337.30,4
FIRE FORCE,Fire Force,fire-equipment,medium,628612.55,28
ELECTRONIC FEDERAL TAX PAYMENT SYSTEM,Internal Revenue Service,payroll,low,625640.74,2
MILLSTONE MANAGEMENT GROUP,Millstone Management Group,construction,low,624355.35,1
OHIO BWC,Ohio Bureau of Workers' Compensation,insurance,low,623868.16,4
ERIE BANK,Erie Bank (payroll),payroll,medium,623247.22,1
SEAGRAVE FIRE APPARATUS,"Seagrave Fire Apparatus, Llc",apparatus,low,617228.00,1
HASTINGS AIR ENERGY CONTROL,Hastings Air Energy Control,facilities,medium,612624.62,13
BEAVERCREEK TOWNSHIP,Beavercreek Township,government,low,611267.98,1
OTARMA SERVICE CENTER,OTARMA,insurance,low,595858.07,7
142 HOWELL RESCUE SYSTEMS,- Howell Rescue Systems,payroll,low,594447.25,1
B AND C COMMUNICATIONS,B&C Communications,radios,medium,593534.20,28
OHIO FIRST RESPONDER GRANTS,Ohio First Responder Grants (grant writing),professional,low,593042.53,14
KEY GOVERNMENT FINANCE,Key Government Finance,finance,medium,591324.80,3
DEFERRED COMP,Deferred Comp,payroll,low,590590.32,1
FALLSWAY EQUIPMENT,Fallsway Equipment,fleet,low,589074.93,21
CITY OF SANDUSKY INSURANCE PREM,City Of Sandusky-Insurance Prem,government,low,588978.60,1
SOUTHEAST APPARATUS,Southeast Apparatus,apparatus,high,585540.00,1
SQUARED CONSTRUCTION,Squared Construction,construction,low,581800.00,1
MOBILCOMM,MobilComm,radios,high,581138.47,17
STARK COUNTY TREASURER,Stark County Treasurer,government,low,579662.59,4
STRYKER EMS EQUIPMENT,Stryker,ems-equipment,low,578193.82,7
OHIO TOWNSHIP ASSOC RISK MANAGEMENT AUTHORITY,OTARMA,insurance,high,576711.20,1
OPERS,Ohio Public Employees Retirement System,payroll,low,575621.06,8
TREASURER OF STATE OF OHIO,Treasurer Of State Of Ohio,government,low,567730.77,28
HOWELL RESCUE SYS,Howell Rescue Systems,fire-equipment,high,566595.20,1
OHIO CHILD SUPPORT PAYMENT CENTRAL,Ohio Child Support Payment Central,payroll,low,562313.76,14
US BANCORP GOVERNMENT,U.S. Bancorp Government,finance,low,555062.57,1
STRYKER FLEET FINANCIAL,Stryker,ems-equipment,low,553697.29,1
TREASURY GENERAL ACCT 941,Treasury General Acct-941,payroll,low,544427.24,1
USDA RURAL DEVELOPMENT,USDA Rural Development (loan),finance,medium,543945.30,1
GROSS PAYROLL VENDOR,Gross Payroll Vendor,payroll,low,535848.08,2
AT AND T MOBILITY,AT&T,telecom,high,535236.17,33
EMPOWER,Empower,payroll,low,528870.63,1
NIMISHILLEN TOWNSHIP FIRE DEPARTMENT,Nimishillen Township Fire Department,government,low,527823.00,1
AT AND T,AT&T,telecom,high,527472.76,36
SAFEWARE,Safeware,fire-equipment,medium,519397.16,9
VOYA,Voya,payroll,low,516558.86,1
MEDICAL MUTUAL OF OHIO HEALTH INSURANCE,Medical Mutual of Ohio,payroll,low,515678.84,1
OHIO PUBLIC EMPLOYEES,Ohio Public Employees,payroll,low,515180.74,6
WW WILLIAMS,W.W. Williams,fleet,medium,513284.64,24
BURGESS HEARSE AND AMBULANCE SALES,Burgess Hearse & Ambulance Sales,ambulance,low,512224.76,3
ALADTEC,Aladtec,staffing-software,high,512088.33,37
AH STURGILL ROOFING,Ah Sturgill Roofing Inc,construction,low,510580.00,1
COLUMBIA GAS OF OHIO,Columbia Gas of Ohio,utilities,low,507955.27,26
KINGSTON NATIONAL BANK,Kingston National Bank (HSA),payroll,low,507604.17,1
OHIO TREASURER OF STATE,Ohio Treasurer Of State,government,low,506047.99,31
219 OHIO TOWNSHIP ASSOCIATION RISK MGT AUTHORITY,OTARMA,insurance,high,504525.66,1
DUKE ENERGY PAYMENT PROCESSING,Duke Energy,utilities,low,504439.55,2
SUPERFLEET MASTERCARD PROGRAM,Superfleet (fuel card),fleet,medium,501273.43,9
REGIONAL INCOME TAX AGENCY,Regional Income Tax Agency,payroll,low,500180.93,10
VANDENBOS CONSULTING,Vandenbos Consulting Llc,professional,low,500000.00,1
WELLERS PLUMBING AND HEATING,Wellers Plumbing & Heating Inc.,facilities,low,499271.21,1
AKRON UNIFORMS,Akron Uniforms,uniforms,low,498202.04,8
SUMMACARE,SummaCare,payroll,medium,495906.59,2
OHIO BUREAU OF WORKERS COMP,Ohio Bureau of Workers' Compensation,insurance,low,489838.01,8
AETNA LIFE INSURANCE,Aetna Life Insurance Company,payroll,low,471532.54,1
CITY OF NORTH CANTON INTERNAL,City Of North Canton-Internal,government,low,468628.07,1
HIGHTOWERS PETROLEUM,Hightowers Petroleum Co.,fleet,low,466428.93,3
PARMA PROFESSIONAL FIREFIGHTERS LOCAL 639,"Parma Professional Firefighters, Local 639",payroll,low,464422.53,1
1215 PATH MASTER,Path Master,fleet,low,461631.00,1
EMPLOYEE BENEFIT SERVICE CENTER,Employee Benefit Service Center,payroll,low,458355.57,1
JACKSON TWP TRUSTEES,Jackson Township (internal charge),government,low,456230.30,1
PUBLIC EMPLOYEES RETIREMENT SYSTEM,Ohio Public Employees Retirement System,payroll,low,454766.23,15
CHARTER COMMUNICATIONS,Spectrum,telecom,low,447445.95,41
TARGETSOLUTIONS LEARNING,Vector Solutions,training-software,high,445035.31,7
ALPHA LAND TITLE AGENCY,Alpha Land Title Agency,construction,low,442325.94,1
OPTUMHEALTH BANK,Optum Bank (HSA),payroll,medium,442250.00,1
TOM DEW EXCAVATING,Tom Dew Excavating Inc.,construction,low,439626.28,1
MES SERVICE,Municipal Emergency Services,fire-equipment,high,437471.93,22
PROFESSIONAL AWARDS SERVICE IN,Professional Awards Service,uniforms,low,429952.62,1
OHIO DEPARTMENT OF TAXATION,Ohio Department of Taxation,payroll,low,429380.59,19
CHANGE HEALTHCARE HOLDCO,Change Healthcare,ems-billing,medium,426914.40,1
KEMBA CREDIT UNION,KEMBA Credit Union (payroll deductions),payroll,low,426471.60,4
PRUDENTIAL,Prudential,payroll,low,424220.00,2
OH FIRE PENSION PAYROLL,OH Fire Pension - Payroll,payroll,low,423077.36,1
OHIO BUREAU OF WORKERS COMP BWC,Ohio Bureau of Workers' Compensation,insurance,low,420198.01,1
LAKE CENTRAL COMMUNICATIONS,Lake Central Communications,radios,low,419613.94,1
AFLAC,Aflac,payroll,high,414819.44,22
CITY OF PARMA HSA CONTRIBUTIONS,City of Parma-HSA Contributions,payroll,low,413887.87,1
OHIO PUBLIC EMPLOYEES RETIREMENT SYSTEM OPERS,Ohio Public Employees Retirement System,payroll,low,413462.65,1
ADVANTECH SERVICE AND PARTS,Advantech Service & Parts,fleet,medium,412089.73,11
760 WEX BANK,WEX,fleet,medium,408138.89,1
UC HEALTH,UC Health,ems-supplies,medium,407859.58,3
ROSSMAN ENTERPRISES,Rossman Enterprises,facilities,low,405917.39,7
363 DUKE ENERGY,Duke Energy,utilities,low,403992.49,1
MANN PARSONS GRAY ARCHITECTS,"Mann Parsons Gray Architects, Inc",construction,low,403930.03,1
SHELL CREDIT PLAN,Shell Credit Plan,fleet,low,403824.08,1
BMO HARRIS BANK NA,BMO Harris Bank,finance,low,402549.76,1
MOTOROLA CREDIT,Motorola Solutions,radios,low,401897.80,1
FUELMAN,Fuelman,fleet,medium,399862.22,4
BUREAU WORKERS COMPENSATION,Ohio Bureau of Workers' Compensation,insurance,low,399344.72,1
ALLIED BENEFIT SYSTEMS,"Allied Benefit Systems, Inc.",payroll,low,397622.78,1
ARROW INTL,Teleflex,ems-supplies,medium,396994.68,1
TELEFLEX,Teleflex,ems-supplies,high,395954.94,41
REDD PUBLIC SAFETY EQUIPMENT,Redd Public Safety Equipment,fire-equipment,low,395419.61,11
MISCELLANEOUS,No vendor named,placeholder,high,393659.73,1
BURGESS AMBULANCE SALES,"Burgess Ambulance Sales, Inc.",ambulance,low,390011.68,3
AES OHIO,AES Ohio,utilities,low,388425.32,10
ROSENBAUER OF SOUTH DAKOTA,"Rosenbauer Of South Dakota, Llc",apparatus,low,388060.00,1
MUNICIPAL EMERGENCY SVCS,Municipal Emergency SVCS,fire-equipment,low,387363.97,9
1ST NATL BANK OF SW OHIO,1St Nat'L Bank Of S.W. Ohio,finance,low,387326.83,1
IMAGETREND,ImageTrend,rms,high,384433.96,5
P AND R COMMUNICATIONS SERVICE,P & R Communications Service,radios,low,383050.97,6
CUMMINS BRIDGEWAY,"Cummins Bridgeway, Llc",facilities,low,382472.12,19
FIRST NATIONAL BANK,First National Bank,payroll,low,374666.52,6
CITIZENS NATIONAL BANK,Citizens National Bank (payroll),payroll,low,374213.62,1
ALEGEUS TECHNOLOGIES,Alegeus (benefit accounts),payroll,medium,372753.79,1
11,11,payroll,low,370639.32,1
SUPERIOR DENTAL CARE,Superior Dental Care,payroll,low,363834.32,7
NAVIA BENEFIT SOLUTIONS,Navia Benefit Solutions,payroll,low,362624.12,4
VECTREN ENERGY SERVICES,Vectren Energy Services Corp,utilities,low,360141.00,1
PUBLIC EMPLOYEES DEFERRED COMP PROGRAM,Ohio Public Employees Deferred Compensation,payroll,low,358880.00,1
CHASE BANK FOR FEDERAL WITHHOLDING,Chase Bank For Federal Withholding,payroll,low,358394.68,1
PFUND,Pfund Superior Sales,apparatus,medium,358311.00,1
1238 HAMILTON TOWNSHIP INACTIVE DO NOT USE,- Hamilton Township Inactive Do Not Use,government,low,357291.50,1
JEFFREY R VARGA,Jeffrey R Varga,payroll,low,357083.92,1
WDC GROUP,WDC Group,construction,low,356662.08,1
FIRST FINANCIAL BANK,First Financial Bank,finance,low,356641.94,6
OHIO VALLEY BANK,Ohio Valley Bank,finance,low,355402.31,2
OHIO FIRE CHIEFS ASSOCIATION,Ohio Fire Chiefs' Association,training,low,355018.94,76
50 BOUND TREE MEDICAL,Bound Tree Medical,ems-supplies,low,354900.99,1
HOME DEPOT CREDIT SERVICES,Home Depot,facilities,high,354060.85,23
TECHNICON DESIGN GROUP,"Technicon Design Group, Inc.",construction,low,352826.97,1
SOMERS BOAT WORKS,Somers Boat Works,apparatus,low,350889.00,1
EXPENSE ADJUSTMENT,Expense Adjustment,payroll,low,350325.78,1
INTEGRATED SUP AND SERV,Integrated Supply & Services,facilities,medium,349484.18,1
HAMILTON COUNTY AUDITOR,Hamilton County Auditor,government,low,348991.46,1
FNB EQUIPMENT FINANCE,F.N.B. Equipment Finance,finance,low,347656.71,2
BEEMS BP DISTRIBUTING,Beem's BP Distributing Inc.,fleet,low,347600.05,1
PARR PUBLIC SAFETY EQUIPMENT,Parr Public Safety Equipment,fire-equipment,low,347379.84,24
PREMIER BANK,Premier Bank,finance,low,346893.66,6
KNOX,Knox Company,fire-equipment,high,343923.22,39
WILLIAM T SMART,William T. Smart,payroll,low,343921.04,1
OP AND F,Op&F,payroll,low,342991.00,1
JS SOAP AND SUPPLY,J.S. Soap & Supply,facilities,medium,342655.33,1
MEDICARE MATCHING,Medicare Matching,payroll,low,341188.87,3
DAVID M GASAWAY,David M. Gasaway,payroll,low,340760.14,1
SUPERFLEET,Superfleet,fleet,low,339815.15,4
DAYTON POWER AND LIGHT,AES Ohio,utilities,low,339469.38,10
POLICE AND FIREMENS INSURANCE ASSOC,Police & Firemen's Insurance Association,payroll,low,335986.55,1
HUNTINGTON CREDIT CARD,Huntington Credit Card,finance,low,334350.22,1
SANTANDER LEASING,Santander Leasing,finance,high,334137.24,2
OHIO DEPT OF TAXATION,Ohio Department of Taxation,payroll,low,332331.37,4
FARMERS NATIONAL BANK,Farmers National Bank,finance,low,331998.97,2
MATRIX TRUST,Matrix Trust (retirement plan),payroll,low,330484.50,1
CITY OF EUCLID,City Of Euclid,government,low,330219.21,2
OHIO PUBLIC EMPLOYEES DEFERRED COMP PROG,Ohio Public Employees Deferred Compensation,payroll,low,329242.76,2
KRIEGER FORD,Krieger Ford Inc.,fleet,low,328824.18,5
ADAM R ROCKICH,Adam R Rockich,payroll,low,327912.67,1
4061,4061,payroll,low,326820.90,1
TIM LALLY CHEVROLET,Tim Lally Chevrolet Inc,fleet,low,324814.05,9
MICHAEL KAMP,Michael Kamp,payroll,low,323734.14,1
TURNOUTS,Turnouts LLC,ppe,medium,322891.59,24
HRA PAYMENTS,HRA Payments,payroll,low,322050.58,1
WRIGHT PATT CREDIT UNION,Wright Patt Credit Union,payroll,low,320970.00,1
GOVERNMENT LEASING AND FINANCE,"Government Leasing And Finance, Inc.",finance,low,319839.30,1
SELF INSURANCE FUND 6102,Self-insurance fund (health),payroll,low,319369.50,1
ERIC D PEARSON,Eric D. Pearson,payroll,low,319358.30,1
186 MEDICOUNT MANAGEMENT,Medicount Management,ems-billing,low,318314.97,1
ACCUMED BILLING,Accumed Billing Inc.,ems-billing,low,317491.99,1
CLASSICAL CONSTRUCTION,Classical Construction,construction,low,315552.15,2
MELZERS FUEL SERVICE,Melzer'S Fuel Service Inc.,fleet,low,314320.41,4
SOUTH CENTRAL POWER,South Central Power,utilities,high,314271.32,5
CHUCK D WISE,Chuck D Wise,payroll,low,313678.04,1
OHIO BILLING,"Ohio Billing, Inc",ems-billing,low,313524.00,4
GANLEY CHEVROLET OF AURORA,Ganley Chevrolet Of Aurora Llc,fleet,low,312489.00,4
CENTERPOINT ENERGY,CenterPoint Energy,utilities,low,312036.59,7
CHARLES W WYGLE,Charles W. Wygle,payroll,low,311931.09,1
THOMAS E STEELE,Thomas E. Steele,payroll,low,311486.22,1
MUNICIPAL EMERGENCY SERVICES DEPOSITORY ACCT,Municipal Emergency Services,fire-equipment,low,311073.53,6
GREAT LAKES PETROLEUM,Great Lakes Petroleum Co,fleet,low,309324.34,2
BEEMS BP DISTR,Beem's BP Distr. Inc.,fleet,low,309314.73,1
DELL MARKETING LP,Dell Technologies,it,high,308348.04,18
TASC,TASC (benefit accounts),payroll,medium,308245.21,1
1121 OSWALD,Oswald Companies,professional,low,307457.16,1
STANDARD PLUMBING AND HEATING,Standard Plumbing & Heating Co,facilities,low,306694.25,2
BOWLING GREEN STATE UNIVERSITY,Bowling Green State University,training,medium,305352.60,43
MEDICARE EMPLOYER,Medicare (employer tax),payroll,medium,303796.97,1
SOUTH SUMMIT COUNCIL OF GOVERNMENT,South Summit Council Of Government,payroll,low,302406.00,1
LYKINS OIL,Lykins Oil Company,fleet,low,299644.93,8
JOHN D BARRICKMAN III,John D Barrickman Iii,payroll,low,299064.35,1
SUTHPEN,Sutphen Corporation,apparatus,medium,298088.30,2
PHILIP R LUCARELL JR,Philip R Lucarell Jr,payroll,low,297693.39,1
JEREMY D DETSCH,Jeremy D Detsch,payroll,low,296433.60,1
DAVID A MURPHY,David A. Murphy,payroll,low,295800.37,1
VISA HEARTLAND BANK,Visa - Heartland Bank,finance,low,295609.28,1
KYLE E MILLER,Kyle E. Miller,payroll,low,295372.49,1
CIVISTA BANK,Civista Bank,finance,low,294452.71,1
COMUUNITY FIRST NATIONAL BANK,Comuunity First National Bank,finance,low,294102.48,1
ADVANTAGE EQUIPMENT,Advantage Equipment,fire-equipment,low,293875.52,25
PORTS PETROLEUM,Ports Petroleum,fleet,low,293674.83,5
DEVON S MAAVICH,Devon S Maavich,payroll,low,293588.86,1
AULTCARE INSURANCE,AultCare,payroll,medium,293219.67,1
CHARLES W SHALENBERGER,Charles W Shalenberger,payroll,low,292755.65,1
KEY BANK HSA,Key Bank - Hsa,payroll,low,292000.00,1
RONNIE M SIMONE,Ronnie M Simone,payroll,low,291347.06,1
EON A OSBORN,Eon A Osborn,payroll,low,288865.05,1
BYERS FORD,"Byers Ford, LLC",fleet,low,286765.00,2
BRENT H BRONNER,Brent H. Bronner,payroll,low,284227.17,1
KANSAS STATE BANK,Kansas State Bank,finance,low,284046.23,2
KS BANK,KS Bank,finance,low,284026.32,1
COLUMBUS CITY TREASURER,Columbus City Treasurer,government,low,283513.86,8
US BANCORP GOVERNMENT LEASING AND FINANCE,Us Bancorp Government Leasing And Finance Inc,finance,low,282566.32,2
OPEDC,Opedc,payroll,low,282560.67,1
MOUNT CARMEL OCCUPATIONAL HEALTH,Mount Carmel Occupational Health,medical-exams,low,282224.66,7
ERIC W SCOTT,Eric W. Scott,payroll,low,282211.85,1
HORTON EMERGENCY VEHICLE,Horton Emergency Vehicle Co,apparatus,low,281917.24,1
CHASE CARDMEMBER SERVICES,Chase Card Services,finance,medium,281849.79,2
BOARD OF COUNTY COMMISSIONERS,Board Of County Commissioners,government,low,281842.45,6
GLOBAL EMERGENCY VEHICLES,"Global Emergency Vehicles, Inc",apparatus,low,281250.00,1
LOCAL 2507,Local 2507,payroll,low,280027.88,1
PRUDENTIAL INSURANCE OF AMERICA,The Prudential Insurance Company of America,payroll,low,279122.84,2
USDA,USDA Rural Development (loan),finance,medium,279030.11,2
ACROSS STREET PRODUCTIONS,Across the Street Productions,training,medium,278768.48,16
WARREN COUNTY AUDITOR,Warren County Auditor,government,low,277140.16,2
ROBERT J WILSON,Robert J Wilson,payroll,low,276899.55,1
BREATHING AIR SYSTEMS DIVISION,Breathing Air Systems,scba,high,274314.47,23
CHANGE HEALTHCARE PRACTICE,Change Healthcare Practice,ems-billing,low,273792.25,1
DAVID E REA,David E. Rea,payroll,low,272727.18,1
FIRST STATE BANK,First State Bank,finance,low,272084.50,2
OHIO DEFERRED COMP,Ohio Public Employees Deferred Compensation,payroll,low,271341.68,2
TIMOTHY L HOLMAN,Timothy L. Holman,payroll,low,271191.50,1
PAYLOCITY,Paylocity Corporation,payroll,low,270881.82,2
DELTA DENTAL PLAN OF OHIO,Delta Dental Plan of Ohio Inc.,payroll,low,270674.46,6
SCIOTO TOWNSHIP,Scioto Township,government,low,269633.92,1
CT ELECTRIC,CT Electric,utilities,low,269478.85,1
231 PHOENIX SAFETY OUTFITTERS,Phoenix Safety Outfitters,fire-equipment,low,269422.41,1
JAUERT AND BURTON,Jauert & Burton,construction,low,269327.34,2
WELLS FARGO,Wells Fargo,finance,high,268259.49,2
NORTHWEST SAVINGS BANK,Northwest Savings Bank (payroll),payroll,medium,268044.97,1
BRYX,Bryx,dispatch,medium,266650.00,5
BRADLEY F BAER,Bradley F. Baer,payroll,low,265543.55,1
160 KINGS FORD,- Kings Ford,fleet,low,262540.96,1
ERIE COUNTY AUDITOR,Erie County Auditor,government,low,261988.06,2
PLAIN TOWNSHIP TRUSTEES,Plain Township Trustees,government,low,261979.82,1
PAUL MONTAVON JR,Paul Montavon Jr,payroll,low,261062.65,1
TYLER B BOOTH,Tyler B Booth,payroll,low,260622.04,1
PUBLIC ENTITIES RISK SERVICES OF OHIO,Public Entities Risk Services of Ohio,insurance,medium,260472.90,1
LUCAS COUNTY 911 RCOG,Lucas County 911 RCOG,ems-equipment,low,260072.81,2
BOUNDTREE MEDICAL,Bound Tree Medical,ems-supplies,high,259917.71,15
AIRGAS USA,Airgas,ems-supplies,high,259844.57,26
ROBERT STREET,Robert Street,payroll,low,259318.23,1
STRYKER FLEX FINANCIAL,Stryker,ems-equipment,low,258238.18,6
BUCKEYE POWER SALES,Buckeye Power Sales,utilities,low,255231.90,26
DELHI TOWNSHIP TRUSTEES,Delhi Township Trustees,government,low,255000.00,1
BEJAMIN W MAGEE,Bejamin W Magee,payroll,low,254389.27,1
WEXONLINE,WEX,fleet,medium,252889.07,1
TOWNSHIP OF ASHTABULA TRUSTEES,Township of Ashtabula Trustees,government,low,251114.80,1
MARTIN J NEARY,Martin J Neary,payroll,low,251027.54,1
JAMES E LOGSDON,James E Logsdon,payroll,low,250093.62,1
KRIS FREPPON,Kris Freppon,payroll,low,248981.76,1
BRIAN K MCCLELLAN,Brian K. Mcclellan,payroll,low,248694.76,1
NICHOLAS R RYMER,Nicholas R Rymer,payroll,low,248386.22,1
ALTAFIBER,altafiber,telecom,low,248015.35,8
CITY OF HILLIARD,City Of Hilliard,government,low,247223.50,1
MEDICAL PRIORITY CONSULTANTS,Medical Priority Consultants Inc,professional,low,245894.00,3
ROY TAILORS UNIFORM,Roy Tailors Uniform Co.,uniforms,low,245443.27,4
JOHNNY K OWEN,Johnny K. Owen,payroll,low,245050.38,1
MAGNEGRIP GROUP,MagneGrip Group,facilities,medium,244937.09,2
EMPOWER FINANCIAL SERVICES,Empower Financial Services,payroll,low,244570.00,1
SCOTT M REYNOLDS,Scott M Reynolds,payroll,low,244341.30,1
JONATHAN P SMITH,Jonathan P Smith,payroll,low,243844.04,1
MEDICAL CLAIMS ASSISTANCE,Medical Claims Assistance,ems-billing,medium,243642.76,1
STEPHEN R BLASDEL,Stephen R Blasdel,payroll,low,243540.80,1
STANDARD INSURANCE,The Standard,payroll,medium,243218.28,13
ANDREW B AYOUP,Andrew B Ayoup,payroll,low,242492.36,1
HUDSON COMMUNICATIONS,Hudson Communications,radios,low,242023.82,6
JEFFREY KOHN,Jeffrey Kohn,payroll,low,240809.88,1
KENNETH R ROBERTS,Kenneth R. Roberts,payroll,low,240053.23,1
JEREMY SCALESE,Jeremy Scalese,payroll,low,239690.49,1
WEX,WEX,fleet,high,239128.73,3
PAUL A SCHERER,Paul A. Scherer,payroll,low,239107.66,1
AUSTIN PAPNER,Austin Papner,payroll,low,238843.11,1
HYLANT,Hylant,insurance,medium,238428.39,4
JOHN BONERT,John Bonert,payroll,low,238160.80,1
WILLIAM J LAFENE,William J. Lafene,payroll,low,237909.62,1
TODD R PRICE,Todd R. Price,payroll,low,237599.10,1
RICHARD C CRAIG,Richard C. Craig,payroll,low,236965.58,1
JOE YANKO,Joe Yanko,payroll,low,236794.22,1
SUPERIOR UNIFORM SALES,Superior Uniform Sales,uniforms,low,236788.67,13
NIKOLAS P GEMMELL,Nikolas P Gemmell,payroll,low,236488.07,1
BRIAN C LACEY,Brian C. Lacey,payroll,low,235674.59,1
OPERS HOURLY EMPLOYEE,Ohio Public Employees Retirement System,payroll,low,235477.69,1
MONTGOMERY SHERIFFS OFFICE,Montgomery County Sheriff (dispatch),dispatch,medium,235345.00,1
MONTROSE FORD,"Montrose Ford, LLC",fleet,low,234597.53,4
STATE OF OHIO TAX,State Of Ohio Tax,government,low,234298.71,1
CHAD W KENDZERSKI,Chad W Kendzerski,payroll,low,233993.92,1
JEFF D EMORY,Jeff D Emory,payroll,low,233779.61,1
ELIJAH WILLIAMS,Elijah Williams,payroll,low,233749.88,1
LEVI R SOULE,Levi R Soule,payroll,low,231867.40,1
ANDREW M BYLER,Andrew M Byler,payroll,low,231075.45,1
AXA EQUITABLE,Axa Equitable,payroll,low,230449.16,2
JOEL S GLADYSZ,Joel S Gladysz,payroll,low,229902.61,1
SCOTT DUNIGAN,Scott Dunigan,payroll,low,229208.57,1
BURNHAM AND FLOWER INSURANCE GROUP,Burnham & Flower Insurance Group,payroll,low,228867.89,1
DEBT SERVICE VENDOR,Debt service,finance,medium,228712.81,1
CHAGRIN VALLEY DISPATCH,Chagrin Valley Dispatch,dispatch,high,227848.34,4
DILIGENCE CONSTRUCTION,Diligence Construction,construction,low,227757.00,1
ROBERT W EMBRY,Robert W Embry,payroll,low,227566.67,1
ERIC S WIEDLEBACHER,Eric S Wiedlebacher,payroll,low,227121.46,1
PUBLIC ENTITIES POOL,Public Entities Pool of Ohio,insurance,high,227030.57,4
BARBARA BOWYER CANTRELL,Barbara Bowyer Cantrell,uniforms,low,226584.49,1
BOUND TREE PARR,Bound Tree Medical,ems-supplies,low,226219.47,1
GARLAND DBS,Garland/DBS,construction,medium,225826.00,1
ENTERPRISE FLEET MANAGEMENT,Enterprise Fleet Management,fleet,low,225549.33,1
HOWARD E HERSHBERGER,Howard E Hershberger,payroll,low,225544.93,1
BRYAN I BRACE,Bryan I. Brace,payroll,low,225436.77,1
ROBERT S RAMEY,Robert S Ramey,payroll,low,225417.14,1
US BANK VISA,Us Bank (Visa),finance,low,225334.82,3
CARL R WATERFIELD,Carl R Waterfield,utilities,low,224362.32,1
GOV CONNECTION,GovConnection,it,high,224326.79,2
ZACHARY JB TAYLOR,Zachary Jb Taylor,payroll,low,222153.13,1
JONATHAN C DAWSON,Jonathan C. Dawson,payroll,low,221956.24,1
MICHAEL S PFLIEGER,Michael S. Pflieger,payroll,low,221805.15,1
MICHAEL HILL,Michael Hill,payroll,low,220968.83,1
JAMES M RUSSELL,James M Russell,payroll,low,220832.33,1
ANGELO M TRIANA,Angelo M. Triana,payroll,low,220744.62,1
ANDREW LONG,Andrew Long,payroll,low,220596.66,1
CHRIS L BOWER,Chris L Bower,payroll,low,220591.64,1
BRIAN D IRVAN,Brian D Irvan,payroll,low,220524.00,2
PENN OHIO ELECTRICAL,Penn Ohio Electrical Company,utilities,low,220000.00,1
815 911 FLEET AND FIRE EQUIPMENT,- 911 Fleet And Fire Equipment,fire-equipment,low,219865.93,1
DANIEL J HEYOB,Daniel J Heyob,payroll,low,219796.03,1
JCM MAINTENANCE,JCM Maintenance,facilities,low,219359.02,1
WILLIAM TYLER SPITZNAGEL,William Tyler Spitznagel,payroll,low,219249.09,1
JOSHUA W SHORT,Joshua W Short,payroll,low,219017.70,1
TODD L METZENDORF,Todd L Metzendorf,payroll,low,218863.79,1
SPEER MECHANICAL,Speer Mechanical,facilities,low,218792.79,1
WILLIAM E REED,William E Reed,payroll,low,217915.76,1
COUNTRY VIEW CONSTRUCTION,Country View Construction,construction,low,217659.00,1
ALBERT RIVALSKY JR,Albert Rivalsky Jr,payroll,low,217261.34,1
ADAM B REARDON,Adam B Reardon,payroll,low,216940.51,1
MATTHEW E GRAY,Matthew E Gray,payroll,low,216555.44,1
OHIO POLICE AND FIRE DIS PENSION FUND,Ohio Police & Fire Pension Fund,payroll,low,216379.67,1
KARINA D EMORY,Karina D Emory,payroll,low,215690.16,1
ANSER ADVISORY MANAGEMENT,Anser Advisory,construction,low,215686.50,1
BRANDON R OGDEN,Brandon R Ogden,payroll,low,215630.86,1
SELECT PEST CONTROL,Select Pest Control,facilities,high,215080.00,1
BRIAN ALLEN LANGENEK,Brian Allen Langenek,payroll,low,215027.22,1
BRIAN D MARTIN,Brian D Martin,payroll,low,214846.64,1
PINNACLE CONSTRUCTION AND DEV GROUP,"Pinnacle Construction & Dev. Group, Inc",construction,low,214618.00,1
BUCKEYE BODY AND EQUIPMENT,Buckeye Body & Equipment,fleet,low,214188.04,1
HOPE COZAD,Hope Cozad,payroll,low,213834.04,1
SHELLY L LACEY,Shelly L Lacey,fleet,low,213831.74,1
PETER AKERS,Peter Akers,payroll,low,213671.81,1
PATRICK L DALES,Patrick L Dales,payroll,low,213646.71,1
FIRE LINE EQUIPMENT,Fire Line Equipment,fire-equipment,high,213636.32,2
LOCUTION SYSTEMS,Locution Systems,dispatch,medium,213576.25,5
CHAD R WILMS,Chad R. Wilms,payroll,low,213469.36,1
BACHMANS,Bachman's,facilities,low,213142.26,1
MONTGOMERY COUNTY,Montgomery County,government,medium,213108.65,4
CITY OF PARMA FLEX SAVE,City Of Parma-Flex Save,government,low,213050.98,1
ANTHEM BLUE,Anthem Blue Cross Blue Shield,payroll,low,212306.24,1
RITA,Rita,payroll,low,212295.21,11
NICHOLAS BOMSKE,Nicholas Bomske,payroll,low,211961.45,1
OHIO BENEFITS COOPERATIVE,Ohio Benefits Cooperative,payroll,medium,211925.10,1
GALLIPOLIS CITY PAYROLL,Gallipolis City Payroll,payroll,low,211879.74,1
OHIO PUBLIC ENTITY CONSORTIUM,Ohio Public Entity Consortium,payroll,low,211412.92,3
MICHAEL P DEFAZIO,Michael P. Defazio,payroll,low,211069.18,1
STEPHEN F FUCHS JR,"Stephen F Fuchs, Jr",payroll,low,210913.63,1
JOSEPH P KIEFFER,Joseph P Kieffer,payroll,low,209815.57,1
WAYNE D LOMAS,Wayne D. Lomas,payroll,low,209798.10,1
TIME WARNER CABLE,Spectrum,telecom,high,209462.26,33
BRIAN F CASPER,Brian F. Casper,payroll,low,209300.70,1
BEEMS PETROLEUM,Beem'S Petroleum,fleet,low,209210.37,1
CHANGE HEALTHCARE TECH ENABLED,Change Healthcare Tech Enabled,ems-billing,low,209193.38,1
DOMINION EAST OHIO,Enbridge Gas Ohio,utilities,low,208888.48,15
JOHN HARPER,John Harper,payroll,low,208448.14,1
JEFF J WAGNER,Jeff J Wagner,payroll,low,207961.36,1
WILLIAM J SHAW,William J Shaw,payroll,low,207790.29,1
TANNER MALTBIE,Tanner Maltbie,payroll,low,206611.46,1
CAMERON B MARTIN,Cameron B Martin,payroll,low,205593.72,1
RONALD M DIFRANCESCO,Ronald M Difrancesco,payroll,low,205325.28,1
BRITTANY R RIGGS,Brittany R Riggs,payroll,low,205080.69,1
COX BUSINESS,Cox Business,telecom,high,204968.30,1
POLICE AND FIRE DISABILITY PENSION,Ohio Police & Fire Pension Fund,payroll,low,204726.78,1
KRISTEN SCALISE SUMMIT COUNTY FISCAL OFFICER,"Kristen Scalise, Summit County Fiscal Officer",government,low,204017.84,1
BETHESDA HEALTHCARE,Bethesda Healthcare,medical-exams,low,204010.27,7
JOSEPH N DEFAZIO III,Joseph N. Defazio Iii,payroll,low,203972.35,1
THOMAS TOMCIK,Thomas Tomcik,payroll,low,203842.37,1
THOMAS SCOTT HUSTON,Thomas Scott Huston,payroll,low,203225.74,1
BURNHAM AND FLOWER,Burnham & Flower Insurance Group,insurance,medium,202990.69,3
JOSEPH M THEIL,Joseph M Theil,payroll,low,202850.67,1
BRADLEY R ZIEBER,Bradley R. Zieber,payroll,low,202535.32,1
SCOTT P YANA,Scott P Yana,payroll,low,202115.20,1
STEPHEN J ASH,Stephen J Ash,payroll,low,202111.19,1
JUSTIN M MCNEIL,Justin M. McNeil,payroll,low,201948.58,1
ALEXANDER M HYLTON,Alexander M Hylton,payroll,low,201472.43,1
CDW GOVERNMENT,CDW Government,it,high,201381.76,20
CORNERSTONE REAL ESTATE TITLE,Cornerstone Real Estate Title,construction,low,201054.53,1
CITIZENS FIRST FIRE TRAINING,Citizens First Fire Training Llc,training,low,200982.91,9
BROSIUS JOHNSON AND GRIGGS,"Brosius, Johnson & Griggs",professional,medium,200458.79,4
WITMER PUBLIC SAFETY GROUP,Witmer Public Safety Group,fire-equipment,high,200217.35,30
BUREAU OF WORKERS COMPENSATIO,Ohio Bureau of Workers' Compensation,insurance,low,200184.79,1
SEAN K FINNEGAN,Sean K. Finnegan,payroll,low,200161.26,1
AT AND T MOBILITY II,AT&T,telecom,high,199758.13,9
KYLE R NUSSBAUM,Kyle R Nussbaum,payroll,low,198505.30,1
LOGAN P HENKEL,Logan P Henkel,payroll,low,198437.71,1
SUB AQUATICS,Sub-Aquatics,fire-equipment,medium,198404.65,20
ANDREW HOWELL,Andrew Howell,payroll,low,198241.29,1
UNITED FIRE APPARATUS,United Fire Apparatus Corporation,apparatus,low,197930.70,10
WILLIAM S BOWER,William S Bower,payroll,low,197799.36,1
AARON J KAUTH,Aaron J Kauth,payroll,low,197773.54,1
GUARDIAN LIFE ALTERNATE FUNDING,Guardian Life Alternate Funding,payroll,low,197730.50,1
KEITH J EASTMAN,Keith J. Eastman,payroll,low,197573.31,1
DANIEL J SHARPE,Daniel J Sharpe,payroll,low,197319.60,1
HYLANT ADMINISTRATIVE SERVICES,Hylant,insurance,medium,197119.49,6
JAMES D JOHNSON,James D. Johnson,payroll,low,197103.56,1
CUMMINS SALES AND SERVICE,Cummins,facilities,low,196437.50,19
ADAM R PARKS,Adam R. Parks,payroll,low,196360.86,1
SEDGWICK,Sedgwick,insurance,medium,195862.15,30
DANIEL J VENTURA,Daniel J Ventura,payroll,low,195518.28,1
KYLE D JOHNSON,Kyle D Johnson,payroll,low,194558.53,1
BENJAMIN C GOTSCHALL,Benjamin C. Gotschall,payroll,low,194280.13,1
TRAVIS KING,Travis King,payroll,low,193376.13,1
MICHAEL T EVANS,Michael T Evans,payroll,low,193359.98,1
KYLE J ALBERT,Kyle J Albert,payroll,low,193277.71,1
FRAZER,Frazer Ltd,ambulance,medium,193002.64,1
TROY S BARKER,Troy S. Barker,payroll,low,192525.67,1
ROSS P WYMER,Ross P Wymer,payroll,low,192394.19,1
COPLEY AKRON JEDD,Copley-Akron Jedd,payroll,low,192123.52,1
PAUL B WEIGAND,Paul B Weigand,payroll,low,192098.97,1
DANIEL L JAROS,Daniel L Jaros,payroll,low,192051.98,1
HAMILTON COUNTY,Hamilton County,government,high,191690.76,1
B AND K CONCRETE CONSTRUCTION AND,B&K Concrete Construction &,construction,low,191550.00,1
WAYNE M CONROY JR,"Wayne M Conroy, Jr",payroll,low,191490.24,1
JEFFREY J MAILLE,Jeffrey J. Maille,payroll,low,190855.53,1
INSURANCE TRUST,Insurance Trust,finance,low,190781.27,1
ANDREW J SKOLMUTCH,Andrew J Skolmutch,payroll,low,190719.16,1
ADAM W FARLEY,Adam W Farley,payroll,low,190672.13,1
FEDERAL TAX PAYEE,Internal Revenue Service,payroll,low,190243.96,3
BROC A MINNE,Broc A Minne,payroll,low,189672.20,1
ADAM CHRISTOPHER BISTREK,Adam Christopher Bistrek,payroll,low,189566.33,1
FEDERAL 941 DEPOSIT,Federal 941 Deposit,payroll,low,189528.84,1
GUARDIAN PREMIUMS,GUARDIAN (premiums),payroll,low,189379.71,1
DAVID W MCCONNELL,David W. McConnell,payroll,low,189357.91,1
STEVEN N JOKI,Steven N Joki,payroll,low,189209.29,2
PFUND SUPERIOR SALES COMP,Pfund Superior Sales,apparatus,medium,189206.00,1
COREY M SPITZNAGEL,Corey M Spitznagel,payroll,low,189048.44,1
ANTHONY P WESCH,Anthony P Wesch,payroll,low,188605.98,1
DEVIN BRANDT,Devin Brandt,payroll,low,188569.31,1
HYLANT GROUP,Hylant,insurance,medium,188475.04,6
SPECIALTY TRUCK REPAIR,"Specialty Truck Repair, Inc.",fleet,low,188420.55,6
AVALON BENEFIT SERVICES,Avalon Benefit Services,payroll,low,188349.23,1
DANIEL J YOST,Daniel J. Yost,payroll,low,188345.60,1
HALL PUBLIC SAFETY UPFITTERS,Hall Public Safety Upfitters,fleet,medium,188280.96,7
MIDWAY ELECTRONICS,Midway Electronics Inc,payroll,low,187630.00,1
ALERT ALL,Alert-All,professional,low,187244.29,33
OHIO CAT,Ohio CAT,facilities,medium,187171.61,23
IGS ENERGY,IGS Energy,utilities,low,186843.22,4
NATIONAL CHURCH RESIDENCES CARE COORDINATION,National Church Residences,medical-exams,low,186335.17,1
DIVISION OF WATER,Division Of Water,utilities,low,186180.39,2
SOFTWARE SOLUTIONS,"Software Solutions, Inc.",it,low,185377.15,4
DOMINION ENERGY OHIO,Enbridge Gas Ohio,utilities,low,185275.81,11
RUSH TRUCK CENTERS OF OHIO,"Rush Truck Centers Of Ohio, Inc.",fleet,low,184911.27,4
CARDMEMBER SERVICE,Cardmember Service (credit card),finance,medium,184288.20,8
LOCAL 3558 UNION DUES,Local 3558 Union Dues,payroll,low,184219.48,1
CONNER BOWELL,Conner Bowell,payroll,low,184106.75,1
SBH MEDICAL,SBH Medical,ems-supplies,medium,183988.72,11
CHRISTOPHER PAPNER,Christopher Papner,payroll,low,183946.18,1
LINCOLN INVESTMENT PLANNING,Lincoln Investment (retirement plan),payroll,medium,182803.55,2
FEDERAL SOCIAL SECURITY ADMIN,Federal Social Security Admin,payroll,low,181699.39,1
JAMES F SHAMEL II,James F. Shamel II,payroll,low,181482.32,1
RICHARD SIMMONS,Richard Simmons,payroll,low,180694.73,1
PATRICK S MARTINEZ,Patrick S Martinez,payroll,low,180315.27,1
JOHN D DOLENSKY,John D Dolensky,payroll,low,180296.50,1
AIRGAS,Airgas,ems-supplies,high,180069.56,2
ERIC K KEAGY,Eric K Keagy,payroll,low,179894.92,1
RYAN A JONES,Ryan A Jones,payroll,low,179701.17,1
BEN O HERSHBERGER JR,"Ben O Hershberger, Jr",payroll,low,179480.93,1
LAKE BOARD OF COMMISSIONERS,Lake Co. Board Of Commissioners,payroll,low,179167.16,1
CROGHAN COLONIAL BANK,Croghan Colonial Bank,finance,low,177905.89,1
HUEBNER CHEVROLET SUBARU,Huebner Chevrolet Subaru,fleet,low,177553.91,1
BOB SUMEREL TIRE,Bob Sumerel Tire Company,fleet,low,176985.63,17
SELECTUS CONSULTING,"Selectus Consulting, Llc",professional,low,176834.07,1
CATHERINE LOUISE MACCHIONE,Catherine Louise Macchione,payroll,low,176736.26,1
AETNA LIFE INS,Aetna Life Ins Company,payroll,low,176684.30,2
JONATHAN ZABALA,Jonathan Zabala,payroll,low,176166.50,1
PENN CARE MEDICAL PRODUCTS,PennCare,ems-supplies,medium,175314.72,3
JOEL M WILL,Joel M. Will,payroll,low,174557.15,1
MT CARMEL CORPORATE HEALTH AND WELLNESS,Mt. Carmel Corporate Health & Wellness,medical-exams,low,174201.34,1
AARON RENSING,Aaron Rensing,payroll,low,173453.76,1
LOGWEAR,LogWear,uniforms,medium,172908.72,4
GREENE COUNTY SHERIFFS OFFICE,Greene County Sheriff'S Office,government,low,172675.00,2
MIAMI TOWNSHIP,Miami Township,government,low,171288.86,1
CHANGE HEALTHCARE TECHNOLOGY ENABLED SERVICES,Change Healthcare Technology Enabled Services,ems-billing,low,171039.36,1
JEFFREY C PIERPONT,Jeffrey C Pierpont,payroll,low,170740.15,1
FITZGIBBONS ARNOLD AND AGENCY,Fitzgibbons Arnold & Company Agency,insurance,medium,170577.73,1
HUFFMAN KELLEY BECKER AND BROCK,Huffman Kelley Becker & Brock,construction,low,170575.82,1
BARRY G PODWEL,Barry G. Podwel,payroll,low,170508.67,1
ALEXANDER E DERLICH,Alexander E Derlich,payroll,low,170107.72,1
GTA FLEET SOLUTIONS,Gta Fleet Solutions Inc,fleet,low,170060.00,1
CORE AND MAIN LP,Core & Main,fire-equipment,low,170025.14,12
KARMYN KNOX,Karmyn Knox,payroll,low,169824.81,1
UHS PREMIUM BILLING,Uhs Premium Billing,ems-billing,low,169823.33,4
PARKER TRUCK AND TRAILER,Parker Truck and Trailer,fleet,low,169534.13,3
EMSAR MEDICAL REPAIR,EMSAR,ems-equipment,medium,169389.83,22
ROBERT J LAWRENCE,Robert J Lawrence,payroll,low,169346.27,1
CLARK COUNTY TREASURER,Clark County Treasurer,government,low,169031.00,2
VERIZON,Verizon,telecom,high,168532.35,10
HSA EMPLOYER,HSA - Employer,payroll,low,168470.74,1
NEO DIGITAL,NEO Digital,it,low,168454.41,1
CITY OF ENGLEWOOD,City Of Englewood,government,low,168358.51,2
OHIO TWP ASSN RISK MANAGEMENT AUTHORITY,Ohio Twp. Assn Risk Management Authority,insurance,low,168002.85,1
MG TRUST FBO JACKSON TWP 457 PLAN,Mg Trust Company Fbo Jackson Twp. 457 Plan,finance,low,167802.16,1
LEPI ENTERPRISES,Lepi Enterprises,construction,low,167790.00,1
MATTHEW C COLLINS,Matthew C Collins,payroll,low,167496.59,1
BRANDON T MACKALL,Brandon T Mackall,payroll,low,167337.33,1
WILLIAM C OPSITNIK,William C Opsitnik,payroll,low,167103.06,1
KEYTEL SYSTEMS,Keytel Systems,telecom,medium,165603.53,1
JEREMY L GUENTHER,Jeremy L Guenther,payroll,low,164887.90,1
RYAN J CLEVENGER,Ryan J Clevenger,payroll,low,164829.99,1
BRIAN G HACKENBURG,Brian G. Hackenburg,payroll,low,164311.15,1
OHIO STATE BANK,The Ohio State Bank,finance,low,163638.85,1
JD JOHNSON SALES AND SERVICE,J.D. Johnson Sales & Service,fire-equipment,low,163571.17,4
VISION SERVICE PLAN OH,Vision Service Plan-(OH),payroll,low,163402.38,10
IAFF LOCAL 3412,Iaff Local #3412,payroll,low,163171.54,1
UNION TOWNSHIP FSA,Union Township-Fsa,government,low,163117.63,1
JONES AND BARTLETT LEARNING,Jones & Bartlett Learning,training,high,162982.09,13
CENTER POINT ENERGY,Center Point Energy,utilities,low,162754.92,2
RYAN S CARON,Ryan S Caron,payroll,low,162515.72,1
UNITED STATE TREASURY,United State Treasury,payroll,low,162458.37,1
INTERSTATE GAS,Interstate Gas,utilities,low,162144.18,1
KEITH D KILLINGSWORTH,Keith D Killingsworth,payroll,low,161948.74,1
STEVE G MILLER,Steve G Miller,payroll,low,161835.05,1
MATTHEW D BECK,Matthew D Beck,payroll,low,161230.40,1
FIRE CATT,FireCatt,fire-equipment,high,161015.41,16
LINDE GAS AND EQUIPMENT,Linde Gas & Equipment,ems-supplies,medium,160499.80,9
AIS RENOVATIONS,AIS Renovations,construction,low,160490.45,1
CINTAS FIRE 636525,Cintas,uniforms,low,160343.71,3
CLEAN AIR CONCEPTS,Clean Air Concepts,facilities,medium,160272.15,6
CROSSROADS BANK,Crossroads Bank,finance,low,159054.19,2
VICKI L BELLAMY LLOYD,Vicki L Bellamy-Lloyd,payroll,low,158753.42,1
312 VOGELPOHL FIRE EQUIPMENT,Vogelpohl Fire Equipment,fire-equipment,low,157450.89,1
THOMAS L SIPOS,Thomas L Sipos,payroll,low,157014.02,1
SOUTHWEST OHIO COMPUTER ASSOCIATION,Southwest Ohio Computer Association,it,low,156815.25,1
LAKE COUNTY CENTRAL COMMUNICATIONS,Lake County Central Communications,dispatch,low,156247.56,1
CITY OF HUDSON,City Of Hudson,government,low,156224.48,2
BARBS EMBROIDERY,Barb's Embroidery,uniforms,medium,155907.46,2
COVENTRY TOWNSHIP,Coventry Township,government,low,155238.55,1
PERRY LOCAL SCHOOLS,Perry Local Schools,training,low,154989.10,1
ADVANTECH,Advantech Service & Parts,fleet,low,154080.74,2
MICHAEL RICHARD STARKEY,Michael Richard Starkey,payroll,low,154017.26,1
BASIC,Basic,payroll,low,153499.97,1
STALEY TECHNOLOGIES,Staley Technologies Inc,it,low,152716.12,5
CITY OF GREEN,City Of Green,government,low,152639.34,1
LOUDONVILLE FIRE DEPARTMENT,Loudonville Fire Department,government,medium,152522.38,1
FORGE FIRE AND,Forge and Fire,fire-equipment,low,152390.39,3
EPS,EPS,construction,low,152056.78,1
ABIGAIL S BUDAY,Abigail S Buday,payroll,low,151899.03,1
CLAYTON T FANNIN,Clayton T Fannin,payroll,low,151748.75,1
COLUMBUS FIRE DIVISION,Columbus Division of Fire,government,medium,151485.00,2
GRAINGER,Grainger,general,high,151469.13,43
TRENT R HARRELL,Trent R Harrell,payroll,low,151440.51,1
AUSTIN CB STEINDL,Austin Cb Steindl,payroll,low,151275.90,1
TAFT STETTINIUS AND HOLLISTER,Taft Stettinius & Hollister,professional,high,151187.20,3
WENNING STRENGTH DEPOT,Wenning Strength Depot,medical-exams,low,150700.00,1
HOME DEPOT,Home Depot,facilities,high,150381.84,18
VALLEY FORD,Valley Ford,fleet,low,150370.54,4
ROBERT W HOLM,Robert W Holm,payroll,low,150261.01,1
ADVANTECH SERVICES AND PARTS,Advantech Service & Parts,fleet,medium,150000.00,1
GREENE COUNTY SANITARY ENGINEER,Greene County Sanitary Engineer,construction,low,149874.55,2
KYLE L MILLIGAN,Kyle L Milligan,payroll,low,149857.84,1
MCINTOSH OIL,Mcintosh Oil Co Inc,fleet,low,149253.48,2
CITY OF XENIA,City Of Xenia,government,low,147614.69,4
FP ALLEGA CONCRETE CONSTRUCTION,F.P. Allega Concrete Construction Corp.,construction,low,147337.00,1
ANTHEM BCBS OH GROUP,Anthem Blue Cross Blue Shield,payroll,low,146125.30,2
DIVINE ROOFING,Divine Roofing,construction,low,145842.15,1
TAYLOR TIRE,Taylor Tire Company,fleet,low,145421.07,2
US BANCORP,Us Bancorp,finance,low,145332.16,3
BRICKER GRAYDON,Bricker Graydon,professional,high,145303.33,4
MCMANN SMOOT RIDDLE AGENCY,McMann Smoot Riddle Agency,insurance,medium,145158.75,1
GREENE SHERIFFS OFFICE,Greene County Sheriff,government,medium,144439.38,1
GREAT LAKES BILLING ASSOC,Great Lakes Billing Assoc.,ems-billing,low,144439.25,1
MEDBEN MEDICAL PAYMENTS,Medben Medical Payments,payroll,low,144391.53,1
STATEWIDE EMERGENCY PRODUCTS,Statewide Emergency Products,fleet,medium,144279.28,7
ANDREW NAGY,Andrew Nagy,payroll,low,143938.70,1
OHIO TOWNSHIP ASSOCIATION RISK MGMT AUTHORITY,OTARMA,government,low,143896.49,2
JB DOPPES SONS LUMBER,J.B. Doppes Sons Lumber,facilities,high,143528.74,1
PRO AIR MIDWEST,Pro Air Midwest,facilities,low,143517.05,16
OHIO PUBLIC EMPLOYEES DEFERRED COMPENSATION,Ohio Public Employees Deferred Compensation,payroll,low,143477.55,2
NORTH CANTON COMMUNITY IMPROVEMENT,North Canton Community Improvement Corporation,government,low,143126.02,1
PARK NATIONAL BANK,Park National Bank,finance,low,142923.34,3
MOBILE CONCEPTS BY SCOTTY,Mobile Concepts by Scotty,apparatus,medium,142452.00,1
DELTA DENTAL OF OHIO,Delta Dental of Ohio,payroll,low,141774.93,1
HOWELL RESCUE,Howell Rescue Systems,fire-equipment,medium,141549.25,4
ROBERT A RHODES,Robert A. Rhodes,payroll,low,141246.32,1
GATCHELL GRANT RESOURCES,Gatchell Grant Resources,professional,medium,140950.72,24
MICHAEL A WHITBY,Michael A Whitby,payroll,low,140930.10,1
WICHERT INS SERVICES,Wichert Insurance,insurance,medium,140878.91,1
ASHLEY BECK,Ashley Beck,payroll,low,140572.84,1
ROBERT K ROWLAND,Robert K. Rowland,payroll,low,140395.38,1
CHASE CARD SERVICES,Chase Card Services,finance,medium,139549.69,5
BANK OF MAGNOLIA,Bank Of Magnolia,finance,low,139530.00,1
KERRY FORD,Kerry Ford Inc,fleet,low,139337.40,1
MICHAEL MCGOWAN,Michael McGowan,payroll,low,139044.66,1
BURNHAM AND FLOWER GROUP,Burnham & Flower Group,payroll,low,138940.39,2
BRIAN R CYPHERT,Brian R. Cyphert,payroll,low,138823.92,1
HALL PUBLIC SAFETY,Hall Public Safety Upfitters,fleet,medium,138189.59,13
PURVIS SYSTEMS,Purvis Systems,fire-equipment,low,138011.45,1
EMPLOYEE STATE LOCAL AND SCHOOL TAXES,"Employee State, Local & School Taxes",payroll,low,138010.65,1
TANNER J PATTERSON,Tanner J. Patterson,payroll,low,137886.37,1
CENTRAL OHIO CONSORTIUM,Central Ohio Health Care Consortium,payroll,medium,137721.16,1
METROPOLITAN LIFE INSURANCE,MetLife,payroll,medium,137665.73,4
JOHN A BILLSON,John A Billson,payroll,low,137130.82,1
MICHAEL A PACKARD,Michael A. Packard,payroll,low,136922.12,1
TITAN TECH,Titan Tech,it,low,136908.96,1
CHRISTOPHER G JOHNS,Christopher G Johns,payroll,low,136720.32,1
LOREN L TUTTLE,Loren L. Tuttle,payroll,low,136422.23,1
MITCHELL RUEHL,Mitchell Ruehl,payroll,low,135363.14,1
VOYA INSTITUTIONAL TRUST,Voya Institutional Trust Company,finance,low,135223.66,2
MONTGOMERY COUNTY SHERIFF,Montgomery County Sheriff,government,low,135029.56,2
CHANGE HEALTHCARE TECHNOLOGY,Change Healthcare Technology,ems-billing,low,134892.64,1
NATHANIEL S DEVIS,Nathaniel S Devis,payroll,low,134768.46,1
MATHESON TRI GAS,Matheson Tri-Gas Inc.,utilities,low,134727.90,9
EMERGENCY MEDICAL PRODUCTS,"Emergency Medical Products, Inc",ems-supplies,low,134716.32,8
CINTAS,Cintas,uniforms,medium,133734.17,13
WITHHOLDINGS EMPLOYEE,Withholdings Employee,payroll,low,133694.91,1
OHIO TOWNSHIP ASSOCIATION RISK MANAGEMENT,OTARMA,insurance,low,133171.53,1
STEPHEN ANTHONY MEYER,Stephen Anthony Meyer,payroll,low,132971.09,1
HUNTI50 HUNTINGTON BANK,Hunti50 (Huntington Bank),finance,low,132926.43,1
SOPHIA M MINOR,Sophia M Minor,payroll,low,132907.22,1
EMERGENCY NETWORKING,Emergency Networking LLC,it,low,132616.65,10
JOHN J FORBERG,John J Forberg,payroll,low,132459.34,1
NEXTIVA,Nextiva,telecom,medium,131853.68,1
SATURN ELECTRIC,Saturn Electric Inc,utilities,low,131718.89,2
EXERCISE AND LEISURE EQUIP,Exercise & Leisure Equipment,medical-exams,medium,131546.00,1
EMS MANAGEMENT AND CONSULTANTS,Ems Management & Consultants Inc,ems-billing,low,131338.05,2
LOWES,Lowe's,facilities,high,130858.94,22
ROBERT WW BRUNER,Robert Ww Bruner,payroll,low,130495.40,1
ACCUMED GROUP,AccuMed,ems-billing,medium,129712.81,4
RICHARD E WILSON,Richard E. Wilson,payroll,low,129520.49,1
PETTIBONE CONSTRUCTION,Pettibone Construction Inc.,construction,low,128905.75,1
LEE T ROSENGARTEN,Lee T. Rosengarten,payroll,low,128491.27,1
JOSEPH L KITCHEN,Joseph L Kitchen,payroll,low,128481.06,1
STRYKER MED,Stryker,ems-equipment,low,128264.72,1
FCN BANK NA,"Fcn Bank, N.A.",finance,low,127999.29,1
JASON D SPIERS,Jason D Spiers,payroll,low,127664.30,1
DOUGLAS A WOODYARD,Douglas A Woodyard,payroll,low,127444.47,1
INTERSTATE BILLING SERVICE,"Interstate Billing Service, Inc",ems-billing,low,127275.47,10
LUCKY STONE PROMOTIONS,Lucky Stone Promotions,uniforms,low,127251.01,6
PETE MARTIN PAINTING,Pete Martin Painting,facilities,medium,126425.00,1
SENSIBLE PRODUCTS,Sensible Products,fleet,low,126342.13,19
MIAMI VALLEY FIRE EMS ALLIANCE,Miami Valley Fire/EMS Alliance,training,medium,126313.24,6
UC PHYSICIANS,Uc Physicians,professional,low,126179.69,1
FIRE MISC,Fire miscellaneous (no vendor named),placeholder,low,126106.80,1
WESBANCO,Wesbanco,payroll,low,125956.55,3
MURPHY SUPPLY,Murphy Supply,facilities,medium,125786.80,3
AMERITAS LIFE INSURANCE,Ameritas,payroll,medium,125765.57,2
SHUTTLERS UNIFORM,Shuttler'S Uniform Inc.,uniforms,low,125134.09,5
JAMES D CROOKS,James D Crooks,payroll,low,125031.64,1
KINGDOM TITLE SOLUTIONS,Kingdom Title Solutions,construction,low,124814.83,1
SILCO FIRE AND SECURITY,Silco Fire & Security,facilities,medium,124713.10,13
MATCHING MEDICARE,Medicare (employer tax),payroll,medium,124670.64,1
LAURA K MEISSNER,Laura K Meissner,payroll,low,124651.77,1
ONSOLVE,OnSolve,software,medium,124509.93,2
MCNEIL AND,McNeil & Company,insurance,high,124481.94,1
LOCALITY MEDIA,First Due,rms,high,124459.50,5
JOSEPH M MCVEY II,Joseph M Mcvey Ii,payroll,low,124243.72,1
LEVINSONS UNIFORMS,Levinson'S Uniforms,uniforms,low,123995.51,6
OFFICE FURNITURE SOURCE,Office Furniture Source,general,medium,123780.60,4
JEFF KUYKENDALL,Jeff Kuykendall,payroll,low,123694.23,1
MICHAEL JONES,Michael Jones,payroll,low,123414.23,1
AMY J HOHENBERGER,Amy J Hohenberger,payroll,low,123216.96,1
BORMA,Borma,payroll,low,123090.78,1
ENBRIDGE GAS OHIO,Enbridge Gas Ohio,utilities,low,122929.78,18
BE SOLUTIONS,Be Solutions Llc,payroll,low,122549.32,1
FLEETCOR TECHNOLOGIES,"Fleetcor Technologies, Inc.",fleet,low,122326.08,2
ANTHONY LIPPS,Anthony Lipps,payroll,low,122265.71,1
MICHELLE M RUSU,Michelle M Rusu,payroll,low,121748.11,1
CHAPTER 13 TRUSTEE,Chapter 13 Trustee,payroll,low,121655.22,1
UPSTATE WHOLESALE SUPPLY,Upstate Wholesale Supply,it,medium,121421.25,2
OHIO CHILD SUPPORT,Ohio Child Support,payroll,low,121227.35,2
MICHAEL S GIBSON,Michael S Gibson,payroll,low,121064.95,1
CITY OF CORTLAND,City Of Cortland,government,low,121025.00,2
HUNTINGTON TRUST,Huntington Trust Company,finance,low,120951.30,1
JACAOB THOMAS,Jacaob Thomas,payroll,low,120727.07,1
LEBANON FORD,"Lebanon Ford,Inc.",fleet,low,120002.07,5
ELAN FINANCIAL SERVICES,Elan Financial Services (credit card),finance,medium,119919.59,2
CHAD SWANK,Chad Swank,payroll,low,119757.97,1
ROBERT SHAPE,Robert Shape,payroll,low,119734.48,1
JOSEPH D SANTANGELO,Joseph D Santangelo,payroll,low,119097.82,1
PATH MASTER,Path Master,fleet,low,118795.00,7
JASON W BECKETT,Jason W. Beckett,payroll,low,118688.76,1
HAMILTON COUNTY TREASURER,Hamilton County Treasurer,government,low,118637.78,2
JOSHUA T BALL,Joshua T Ball,payroll,low,118069.96,1
ASSURED PARTNERS OF OHIO,AssuredPartners,insurance,medium,117836.39,1
1186 DURBIN INTERIOR AND EXTERIOR LANDSCAPING,- Durbin Interior & Exterior Landscaping,facilities,low,117682.00,1
GREGORY OSBURN,Gregory Osburn,payroll,low,117519.35,1
489 MOBILCOMM,MobilComm,radios,medium,117475.55,1
DCA COMMERCIAL ROOFING,Dca Commercial Roofing,construction,low,117450.00,1
BENJAMIN FELDMAN,Benjamin Feldman,payroll,low,117442.82,1
SKINNER DIESEL SERVICE,Skinner Diesel Service,fleet,medium,117354.50,3
SECURITY BENEFITS,Security Benefits,payroll,low,117305.47,1
SEVERANCE,Severance pay,payroll,medium,117232.80,1
HOWELL RESCUE SYSTEM,Howell Rescue Systems,fire-equipment,medium,117134.55,2
SAFETY COMPLIANCE INSPECTIONS,Safety Compliance Inspections,fire-equipment,low,116907.00,1
STATE INDUSTRIAL PRODUCTS,State Industrial Products,facilities,medium,116780.18,11
KADEN E MOUNTAIN,Kaden E Mountain,payroll,low,116736.35,1
SCOTT HINSON,Scott Hinson,payroll,low,116546.92,1
ERIC GODBY,Eric Godby,payroll,low,116395.25,1
EQUITABLE FINANCIAL LIFE INSURANCE,Equitable Financial Life Insurance,payroll,low,116232.63,2
KEVIN M BROWN,Kevin M Brown,payroll,low,116232.04,1
GENERATOR SYSTEMS,"Generator Systems, Llc",facilities,low,115975.75,12
TRI COUNTY FUELS,Tri County Fuels,fleet,medium,115405.72,1
WALNUT TWSP TRUSTEES,Walnut Township,government,medium,115391.16,1
BEST ONE TIRE AND SERVICE,Best One Tire & Service,fleet,low,115331.45,5
ULLMAN OIL,"Ullman Oil, Inc.",fleet,low,115258.95,1
GENERAL FACTORY SUPPLIES,General Factory Supplies,facilities,medium,115183.86,1
RODERICK LINTON BELFANCE,Roderick Linton Belfance,professional,high,114741.47,1
SPECTRUM,Spectrum,telecom,low,114575.31,15
OHIO PUBLIC EMPLOYEE DEFERRED COMPENSATN,Ohio Public Employee Deferred Compensatn,payroll,low,114476.62,1
SPEEDWAY,Speedway,fleet,high,114275.16,3
PILLAR INSURANCE,Pillar Insurance,insurance,medium,113691.11,2
SHELL FLEET PLUS,Shell Fleet Plus,fleet,low,113203.53,2
BUCKEYE EMERGENCY VEHICLE PRODUCTS,Buckeye Emergency Vehicle Products,apparatus,low,113112.25,2
GREENLEAF ENVIRONMENTAL SERVICES,Greenleaf Environmental Services,utilities,medium,113068.96,1
COLUMBUS SUPPLY,Columbus Supply,fire-equipment,low,112961.11,16
STOLLY INSURANCE GROUP,Stolly Insurance Group,insurance,medium,112921.39,4
TARGET SOLUTIONS LEARNING,Vector Solutions,training-software,high,112552.27,8
DOUGLAS ALLAN THEOBALD,Douglas Allan Theobald,payroll,low,112416.24,1
MELLON TRUST OF NEW ENGLAND N,"Mellon Trust Of New England, N",finance,low,112197.58,1
CHANGE HEALTHCARE PRACTICE MGMT SOLUTIONS,Change Healthcare Practice Mgmt Solutions Inc,ems-billing,low,112034.17,1
BEECHMONT FORD,Beechmont Ford,fleet,low,111833.98,3
CHRISTOPHER MORRISON,Christopher Morrison,payroll,low,111775.40,1
UNIFIED BANK,Unified Bank,finance,low,111545.03,1
JOHN J SCHIMMOELLER,John J. Schimmoeller,payroll,low,111467.33,1
P AND R COMMUNICATIONS,P&R Communications,radios,medium,111209.30,9
STEPHEN G THOM,Stephen G. Thom,payroll,low,111207.62,1
FIRST MERIT,First Merit,payroll,low,110882.53,1
NATHAN S CLARK,Nathan S. Clark,payroll,low,110851.31,1
BENJAMIN C MEDDLES,Benjamin C. Meddles,payroll,low,110844.16,1
ZIEGLER TIRE AND SUPPLY,The Ziegler Tire & Supply Co Inc,fleet,low,110834.81,10
MUTUAL OF OMAHA,Mutual of Omaha,payroll,medium,110661.02,3
VISION SERVICE PLAN OF OHIO,Vision Service Plan Of Ohio,payroll,low,110656.22,1
SHRI RAM PARTNERSHIP,Shri Ram Partnership,facilities,low,110534.36,1
SUB AQUAUTUS,Sub-Aquatics,fire-equipment,medium,110462.77,1
RILEY O ROSPERT,Riley O Rospert,payroll,low,109873.31,1
CUMMINS,Cummins,facilities,low,109785.95,10
SEDGWICK CLAIMS MANAGEMENT SERVICES,"Sedgwick Claims Management Services, Inc",payroll,low,109712.30,14
NOAH J WEAVER,Noah J Weaver,payroll,low,109453.17,1
BRETT SHOOK,Brett Shook,payroll,low,109380.04,1
NAPA AUTO PARTS,NAPA Auto Parts,fleet,high,109136.14,39
USBANCORP,Usbancorp,finance,low,109012.56,1
HUNTINGTON BANK CREDIT CARD,Huntington Bank-Credit Card,finance,low,108614.84,1
WORK HEALTH,Work Health,medical-exams,medium,108595.81,1
LANG TRUCK AND TRAILER,Lang Truck & Trailer,fleet,low,108521.41,1
CANTON REGIONAL CHAMBER HEALTH FUND,Canton Regional Chamber Health Fund,payroll,low,108333.31,1
VALLEY MOTOR CITY,Valley Motor City,government,low,108162.00,1
TRENT M SAPPER,Trent M Sapper,payroll,low,108142.19,1
MARATHON,Marathon,fleet,low,107843.63,1
PRINCIPAL LIFE INSURANCE,Principal Life Insurance,payroll,medium,107745.70,4
AKRON FIRE POLICE CREDIT UNION,Akron Fire Police Credit Union,payroll,low,107250.00,1
GUARDIAN,Guardian,payroll,low,107183.70,5
COMFORT ENVIRONMENTAL,Comfort Environmental,facilities,low,106869.75,1
LOVE INSURANCE AGENCY,Love Insurance Agency,insurance,low,106834.60,4
TYLER RUHE,Tyler Ruhe,payroll,low,105910.12,1
BRUCE R MORITZ,Bruce R Moritz,payroll,low,105862.53,1
MIDWEST RESCUE PRODUCTS,Midwest Rescue Products,fire-equipment,medium,105716.43,3
DENTAL CARE PLUS,Dental Care Plus,payroll,medium,105361.23,4
JERROD MATHEW COOPER,Jerrod Mathew Cooper,payroll,low,105260.39,1
KEYBANK,Keybank,payroll,low,105179.62,2
AFLAC FLEX ONE,Aflac/Flex-One,payroll,low,105023.21,1
BRIAN E THOMAS,Brian E Thomas,payroll,low,104927.51,1
JOHNSON LAUX CONSTRUCTION,"Johnson-Laux Construction, LLC",construction,low,104787.78,1
ROOF CONNECT,Roof Connect,construction,low,104734.00,1
CODY RATLIFF,Cody Ratliff,payroll,low,104677.92,1
COPLEY TOWNSHIP,Copley Township,government,low,104443.06,2
PAYROLL NET,Payroll - Net,payroll,low,104294.85,1
CLEMANS NELSON AND ASSOCIATES,"Clemans, Nelson & Associates, Inc.",training,low,104161.09,11
ADAM CHARLES WAY,Adam Charles Way,payroll,low,104005.52,1
KELLY M CORBIN,Kelly M Corbin,payroll,low,103828.49,1
GEER GAS,Geer Gas Corporation,utilities,low,103806.39,11
LESLIE C GARDONE,Leslie C Gardone,payroll,low,103752.17,1
HELIX BENEFIT SOLUTIONS,Helix Benefit Solutions,payroll,low,103622.61,1
SARCHIONE CHEVROLET,"Sarchione Chevrolet, Inc.",fleet,low,103615.00,2
BOSTON MUTUAL LIFE INS,Boston Mutual Life,payroll,medium,103555.15,1
SARCHIONE CHRYSLER DODGE JEEP RAM,Sarchione Chrysler Dodge Jeep Ram,fleet,low,103266.07,2
AMAZON BUSINESS,Amazon,general,high,103146.64,4
RUMPKE SANITARY LANDFILL,Rumpke,utilities,high,103106.05,1
GREGORY E BEEGLE,Gregory E Beegle,payroll,low,102962.49,1
ESO,ESO Solutions,rms,high,102698.51,9
MEDICOUNT MGMT,Medicount Management,ems-billing,low,102427.96,1
AFSCME CARE PLAN,AFSCME Care Plan,payroll,medium,102195.50,1
POLICE AND FIREMENS INSURANCE ASSOCIATION,Police and Firemen's Insurance Association,training,low,102065.67,4
PUBLIC ENTITIES POOL OF OHIO PEP,Public Entities Pool Of Ohio (Pep),insurance,low,101934.60,3
CINCINNATI STATE COLLEGE,Cincinnati State College,training,low,101844.18,4
J AND K COMMUNICATIONS,J&K Communications,radios,medium,101742.60,3
BUD HERBERT MOTORS,Bud Herbert Motors,fleet,medium,101669.07,3
EMSAR,EMSAR,ems-equipment,medium,101627.66,17
CEMENTECH,Cementech,construction,low,101502.00,1
JOHN B HILL,John B. Hill,payroll,low,101084.32,1
CLEVES NAPA,Cleves Napa,fleet,low,101083.71,1
MEDBEN ADMINISTRATORS INSURANCE AGENCY,Medben Administrators Insurance Agency,insurance,low,100978.45,1
MO TREASURER,Mo Co Treasurer,government,low,100932.48,1
FIRE AND MARINE,Fire & Marine,fire-equipment,low,100602.77,4
KAYLEE HAGGARD,Kaylee Haggard,payroll,low,100566.71,1
BRETT D KNEPPER,Brett D. Knepper,payroll,low,100491.62,1
PRADCO,PRADCO,professional,medium,100460.00,10
VACATIONLAND FEDERAL CREDIT UNION LOCAL 1953,Vacationland Federal Credit Union (Local 1953,payroll,low,100337.55,1
BAINBRIDGE TOWNSHIP,Bainbridge Township,government,low,100000.00,1
RD HOLDER,R.D. Holder Oil,fleet,medium,99931.82,4
CINCINNATI SAFETY UPFITTERS,Cincinnati Safety Upfitters,fleet,medium,99832.34,4
MICHAEL L SPITZNAGEL,Michael L Spitznagel,payroll,low,99760.23,1
MASSILLON CABLE TV,Massillon Cable TV,telecom,high,99343.54,2
PROSOURCE,ProSource,it,medium,99173.12,5
JONATHAN SICKLES,Jonathan Sickles,payroll,low,99089.79,1
AUSTIN T GIROSKI,Austin T Giroski,payroll,low,99071.04,1
TREASURER OF STATE,Treasurer Of State,government,low,99030.24,17
JARED M KITT,Jared M Kitt,payroll,low,98897.95,1
KEVIN MARK EDINGTON,Kevin Mark Edington,payroll,low,98634.33,1
BOYLE MECHANICAL SOLUTIONS,Boyle Mechanical Solutions Llc,facilities,low,98545.25,2
ATLANTIC EMERGENCY SOLUTIONS I,Atlantic Emergency Solutions,apparatus,low,98478.36,1
JAMIE DUSTIN HOBSON,Jamie Dustin Hobson,payroll,low,98474.78,1
PLAIN TWP FF ASSOC ACCT 4594,Plain Twp FF Assoc Acct 4594,training,low,98176.03,1
ADVANTAGE CONCRETE COATINGS,Advantage Concrete Coatings,construction,low,98070.86,1
SECURITY BENEFIT,Security Benefit (retirement plan),payroll,medium,97433.18,4
CRAFTY ELECTRIC,Crafty Electric Co,utilities,low,97356.91,1
GALLS AN ARAMARK,Galls,uniforms,low,97073.33,5
NEW YORK LIFE,New York Life,payroll,low,97062.79,1
NICHOLAS J ANGIE,Nicholas J Angie,payroll,low,96931.10,1
JOHN C CORMAN,John C Corman,payroll,low,96875.27,1
PNC BENEFIT PLUS,PNC Benefit Plus,payroll,medium,96875.00,1
PUBLIC EMPLOYEES RETIREMENT,Ohio Public Employees Retirement System,payroll,low,96770.84,2
VIOLET TOWNSHIP FIRE LOCAL 3558,Violet Township Fire Local 3558,payroll,low,96424.26,1
FRANKLIN COUNTY ENGINEER,Franklin County Engineer,government,low,96368.95,3
DIVE RESCUE INTERNATIONAL,Dive Rescue International,training,medium,95987.37,14
COMPRODUCTS,ComProducts,radios,low,95885.15,3
IMAGE TREND,ImageTrend,rms,high,95838.05,1
AT AND T FIRST NET,AT&T FirstNet,telecom,high,95619.15,1
BRIAN ABBOTT,Brian Abbott,payroll,low,95304.59,1
FIRST COMMUNICATIONS,First Communications,telecom,medium,95135.88,3
DARRIN J HOLLENBAUGH,Darrin J Hollenbaugh,payroll,low,95126.33,1
GROSS PLUMBING,Gross Plumbing Inc,facilities,low,95004.37,1
JOHN E RONGYOS III,John E Rongyos Iii,payroll,low,94942.21,1
LUCKEY FARMERS,Luckey Farmers,fleet,low,94776.97,1
OHIO TOWNSHIP ASS RISK MANAGEMENT AUTH,Ohio Township Ass. Risk Management Auth.,insurance,low,94206.13,1
US BANK EQUIPMENT FINANCE,US Bank Equipment Finance,finance,low,93994.11,13
KEY BANK,KeyBank,finance,high,93821.12,6
AT AND T IL,AT&T,telecom,high,93637.69,1
BRYAN C COX,Bryan C Cox,payroll,low,93588.43,2
DREAMSEATS,DreamSeats,facilities,medium,93486.23,10
SIGN PRO WRAPS,"Sign Pro Wraps, Llc",facilities,low,93452.21,1
MES I ACQUISITION,Municipal Emergency Services,fire-equipment,low,93345.88,5
MEDICARE,Medicare,payroll,low,93210.64,2
CHASE INK,Chase Ink (credit card),finance,medium,93013.12,1
OH FIRE PENSION,OH Fire Pension,payroll,low,93010.13,1
COMFORT SYSTEMS USA,Comfort Systems USA,facilities,medium,92925.69,2
MURRAY DISPLAY FIXTURES,Murray Display Fixtures,facilities,low,92910.00,1
MCCLUSKEY CHEVROLET,Mccluskey Chevrolet Inc*,fleet,low,92895.34,3
OHIO HEALTH WORKHEALTH,Ohio Health/Workhealth,payroll,low,92688.93,1
JAMES J VALVODA,James J Valvoda,payroll,low,92595.14,1
KOI AUTO PARTS,Koi Auto Parts,fleet,low,92418.77,9
FIRE MANUFACTURING INNOVATIONS,Fire Manufacturing Innovations,fire-equipment,low,92404.40,5
FIRE DEPARTMENT TRAINING NETWORK,Fire Department Training Network,it,low,92270.00,11
JOHN D GUIFFRE II,John D Guiffre Ii,payroll,low,92185.92,1
TYLER S UTLEY,Tyler S Utley,payroll,low,91960.92,1
NATIONAL AUTO FLEET GROUP,National Auto Fleet Group,fleet,high,91959.70,1
WRIGHT STATE UNIVERSITY,Wright State University,training,low,91898.46,1
TOLEDO EDISON,Toledo Edison,utilities,low,91804.74,4
TEAM CYCLING AND FITNESS,Team Cycling & Fitness,medical-exams,medium,91325.58,1
JEFFREY D HARBAUGH,Jeffrey D. Harbaugh,payroll,low,91263.60,1
LINCOLN NATIONAL LIFE INSURANCE,The Lincoln National Life Insurance Company,payroll,low,91239.65,3
CORY A VANKANEGAN,Cory A Vankanegan,payroll,low,91145.72,1
STATE OF OHIO,State Of Ohio,government,low,91124.56,15
MONTGOMERY COUNTY FLEET SERVICES,Montgomery County Fleet Services,fleet,low,90981.35,1
J AND L DOOR SERVICE,J&L Door Service,facilities,low,90950.00,3
MICHAEL MARIAS,Michael Marias,payroll,low,90789.30,1
RICHARD MEYERS,Richard Meyers,payroll,low,90358.79,1
COLTON A AKERS,Colton A Akers,payroll,low,90354.67,1
OHIO,Ohio,payroll,low,90274.86,1
DANIEL A TERRERI AND SONS,Daniel A. Terreri & Sons,construction,medium,90204.80,1
KEVIN BARTCHY,Kevin Bartchy,payroll,low,90164.71,1
755 PERFECTION GROUP,Perfection Group,facilities,medium,89758.83,1
KOORSEN FIRE AND SECURITY,Koorsen Fire & Security,facilities,low,89711.07,15
OHIO TOWNSHIP ASSN RISK MGMT AUTHORITY,Ohio Township Assn Risk Mgmt Authority,government,low,89668.00,1
WILLAM BREWER,Willam Brewer,payroll,low,89532.16,1
MYERS GARAGE DOOR,Myers Garage Door,facilities,low,89080.00,1
NORTH CANTON TRUCK CTR,North Canton Truck Ctr Inc,fleet,low,88997.19,1
FIRE PENSION,Ohio Police & Fire Pension Fund,payroll,low,88962.72,2
RANDY SCHAEFER,Randy Schaefer,payroll,low,88875.23,1
CANTON FLOORS,Canton Floors,facilities,medium,88799.63,1
ANNA M TOMIC,Anna M Tomic,payroll,low,88680.82,2
HICKSVILLE BANK,Hicksville Bank,finance,low,88613.84,1
BRENTON SHANK,Brenton Shank,payroll,low,88299.27,1
COREY WILLIAM TEMPLE,Corey William Temple,payroll,low,88255.08,1
294 DENTAL CARE PLUS,Dental Care Plus,payroll,medium,88223.76,1
RANDY MOORE PETROLEUM DIST,Randy Moore Petroleum Dist. LLC,fleet,low,88180.11,1
OTARMA SERCICE CENTER,OTARMA,insurance,low,87577.74,1
OHIO TAXATION,Ohio Taxation,payroll,low,87436.75,1
CHASE BANK,Chase Bank,finance,low,87274.37,1
PAUL BROMWELL,Paul Bromwell,payroll,low,87168.17,1
PLAIN TWP,Plain Twp,payroll,low,86893.77,1
LOWES COMPANIES,Lowe's,facilities,low,86881.06,10
SYMTECH FIRE,Symtech Fire,training,medium,86850.00,1
WS ELECTRONICS,W.S. Electronics,radios,medium,86832.03,6
AIR FORCE ONE,"Air Force One, Inc.",apparatus,low,86669.67,2
JAMES E MCMAHON,James E. McMahon,payroll,low,86370.94,1
QUALITY MASONRY,Quality Masonry,construction,low,86230.00,2
OHIO TOWNSHIP ASSOCIATION,Ohio Township Association,government,low,86131.30,6
SPECIALTY TRUCK SALES AND SERVICE,Specialty Truck Sales And Service,fleet,low,86063.28,2
WICHERT INSURANCE,Wichert Insurance,insurance,medium,86045.33,3
REDACTED ORC 149 43,Payee redacted by the source (ORC 149.43),placeholder,high,85989.98,1
YOUR FLEETCARD PROGRAM,Your FleetCard Program,fleet,low,85851.49,1
CAROLANA GALBRAITH,Carolana Galbraith,payroll,low,85599.72,1
TRIOTECH,Triotech,it,low,85565.96,2
METLIFE,MetLife,payroll,medium,85564.07,3
LUKE K WOLFGRAM EVANS,Luke K. Wolfgram Evans,payroll,low,85373.81,1
CARL W SCHNEIDER,Carl W. Schneider,payroll,low,85284.77,1
MONTGOMERY COUNTY AUDITORS OFFICE,Montgomery County Auditor'S Office,government,low,85196.33,1
PERRY TOWNSHIP,Perry Township,government,low,85012.50,1
REIMBURSEMENTS,Reimbursements (no vendor named),placeholder,low,84991.60,1
CINCINNATI BELL,Cincinnati Bell,telecom,low,84749.12,7
GERALD WARGELIN,Gerald Wargelin,payroll,low,84725.23,1
TOPLINE DESIGNS,Topline Designs,payroll,low,84643.50,1
AMBULANCE MAINTENANCE,Ambulance Maintenance Company Inc,ambulance,low,84439.38,7
BENJAMIN VOSSEBERG,Benjamin Vosseberg,payroll,low,84426.57,1
BRIAN DESLER,Brian Desler,payroll,low,84268.11,1
PINPOINT BEHAVIORAL HEALTH,Pinpoint Behavioral Health,medical-exams,medium,84150.00,2
STATEWIDE FORD LINCOLN,Statewide Ford Lincoln,fleet,low,84136.00,2
DOUGLAS A REINSCHELL,Douglas A. Reinschell,payroll,low,84023.26,1
CHAPPELLE ROOFING,Chappelle Roofing,construction,low,84000.00,1
ONSITE THERAPY RESOURCES,Onsite Therapy Resources,medical-exams,medium,84000.00,1
MONTGOMERY CTY ENVIRONMENTAL S,Montgomery County Environmental Services,utilities,medium,83992.23,1
RALPH E MCMAHAN JR,Ralph E Mcmahan Jr,payroll,low,83991.56,1
STELLAR,Stellar,fire-equipment,low,83975.82,1
MATTHEW A DYER,Matthew A Dyer,payroll,low,83945.58,1
SHELL FLEET PLUS CARD,Shell Fleet Plus Card,fleet,low,83850.32,1
BUTLER COUNTY AUDITOR TAX SETTLEMENT,Butler County Auditor Tax Settlement,government,low,83829.61,1
WILLIAM R LOVETT,William R Lovett,payroll,low,83697.61,1
CITY OF HAMILTON,City Of Hamilton,government,low,83434.58,1
WILLIAM K CLARK IV,William K Clark IV,payroll,low,83245.52,1
PAIGE E SUGALSKI,Paige E Sugalski,payroll,low,83030.99,1
MSA,Msa,fire-equipment,low,82969.20,3
WILLIAM HETZEL,William Hetzel,payroll,low,82841.17,2
KYLE B LALICH,Kyle B Lalich,payroll,low,82822.44,1
388 ANNA MARIA COLLEGE,- Anna Maria College,training,low,82812.48,1
MAGNEGRIP,MagneGrip Group,facilities,medium,82784.02,10
DIRECT ENERGY BUSINESS,Direct Energy Business,utilities,low,82782.32,1
UNUM LIFE INSURANCE,Unum,payroll,medium,82752.00,1
WALL BEDS MANUFACTURING,Wall Beds Manufacturing,facilities,medium,82750.00,1
941 TAXES,Taxes,payroll,low,82656.60,1
WALTER JW RITCHIE,Walter Jw Ritchie,payroll,low,82608.61,1
BRADLEY PAYNE,Bradley Payne,professional,low,82606.63,2
MATTHEW ROSS WOLLETT,Matthew Ross Wollett,payroll,low,82472.87,1
NATIONAL HEALTH INSURANCE,National Health Insurance Company,payroll,low,82368.14,1
294 DENTAL CARE PLUS GROUP,- Dental Care Plus Group,payroll,low,82186.97,1
GOODYEAR COMM TIRE AND SERV CENT,Goodyear Comm Tire & Serv Cent,fleet,low,82143.93,1
KEY2BUSINESS CREDIT CARD,Key2Business Credit Card,finance,low,82028.20,1
STRYKER EMS EQUIPMENT SALES,Stryker,ems-equipment,low,81741.47,1
BATH TOWNSHIP,Bath Township,government,low,81705.23,1
CITY OF PARMA EYE CARE BUDGET,City Of Parma-Eye Care Budget,government,low,81561.43,1
CODY SMITH,Cody Smith,payroll,low,81465.73,1
CANAL WINCHESTER LOCAL SCHOOLS,Canal Winchester Local Schools,training,low,81367.87,1
CRYSTAL CLEAN MAID SERVICE,Crystal Clean Maid Service,facilities,medium,81280.00,1
COMMERCIAL COMMUNICATIONS,Commercial Communications,radios,low,81091.86,2
NICHOLAS E STERNAD,Nicholas E Sternad,payroll,low,81040.82,1
GREENE COUNTY SERVICES,Greene County,government,low,81027.60,1
CLARK COUNTY SHERIFF,Clark County Sheriff,government,low,81007.50,2
ATWELLS POLICE AND FIRE,Atwell's Police & Fire Equipment,uniforms,medium,80956.20,1
TROY JACOB FRIES,Troy Jacob Fries,payroll,low,80589.21,1
CURTIS YETMAN,Curtis Yetman,payroll,low,80567.73,1
RT HAMPTON PLUMB AND HEAT,R T Hampton Plumb & Heat Inc,facilities,low,80502.54,1
SKYLINE ROOFING AND EXTERIORS,Skyline Roofing & Exteriors,construction,low,80420.59,1
COUNTY OF SUMMIT,County Of Summit*,government,low,80379.74,2
JERRYS TRUCK AND DIESEL REPAIR,Jerry'S Truck & Diesel Repair,fleet,low,80263.30,1
CITY OF CUYAHOGA FALLS,City Of Cuyahoga Falls,government,low,80209.87,2
STRYKER EMS,Stryker,ems-equipment,low,80115.22,1
ATWELLS POLICE AND FIRE EQUIPMENTS,Atwell'S Police & Fire Equipments,fire-equipment,low,80092.06,1
TABLET COMMAND,Tablet Command,software,high,80065.00,5
CODY M BLAIR,Cody M Blair,payroll,low,79977.90,1
JARED L CASTEEL,Jared L Casteel,payroll,low,79928.68,1
RAPTOR DESIGN AND ENGINEERING,Raptor Design and Engineering,construction,low,79829.09,1
JASON SCOTT AGOSTON,Jason Scott Agoston,payroll,low,79732.05,1
SPECIFIC WASTE INDUSTRIES,Specific Waste Industries,utilities,medium,79701.50,1
LONDON CITY SCHOOLS,London City Schools,government,low,79676.82,1
NATIONAL HOSE TESTING,National Hose Testing,fire-equipment,medium,79441.15,5
RD HOLDER OIL,R.D. Holder Oil Company,fleet,low,79352.30,8
FAIRFIELD TOWNSHIP FIREFIGHTERS ASSOC,Fairfield Township Firefighters Assoc.,government,low,79331.85,1
INNOVATIVE OFFICE SOLUTIONS,Innovative Office Solutions,general,low,78986.74,1
1290 ROSS OCCUPATIONAL HEALTH,- Ross Occupational Health,medical-exams,low,78936.00,1
STATE OF OHIO DEPT OF TAXATION,Ohio Department of Taxation,payroll,low,78917.33,1
ALLEN COUNTY SHERIFFS OFFICE,Allen County Sheriff'S Office,government,low,78642.36,1
CITY OF DAYTON,City Of Dayton,government,low,78632.67,2
ADENA OCCUPATIONAL HEALTH,Adena Occupational Health,medical-exams,low,78563.50,1
TYLER TECHNOLOGIES,Tyler Technologies,software,low,78377.11,9
OHIO DEFFERRED COMPENSATION,Ohio Defferred Compensation,payroll,low,78330.00,1
ALEXIS FIRE EQUIPMENT,Alexis Fire Equipment,fire-equipment,low,78296.00,1
LUCAS PARMELEE,Lucas Parmelee,ems-equipment,low,78277.53,1
MORGAN H MASON,Morgan H Mason,payroll,low,78202.96,1
FISHEL DOWNEY ALBRECHT AND RIEPENHOFF,Fishel Downey Albrecht & Riepenhoff,professional,high,78096.85,3
ALLEN COUNTY BOARD OF COMMISSIONERS,Allen County Board Of Commissioners,government,low,77984.86,1
JOHN J WOLLETT,John J. Wollett,payroll,low,77910.35,1
JK MEURER,J.K. Meurer,construction,medium,77910.00,1
JEFFREY D REICHELDERFER,Jeffrey D. Reichelderfer,payroll,low,77896.01,1
ETC TECHSOLUTIONS,ETC TechSolutions,it,low,77878.88,1
ANTHONY K WHITT,Anthony K Whitt,payroll,low,77470.55,1
GOLDSTAR CONSTRUCTION GROUP,"Goldstar Construction Group, Llc",construction,low,77304.69,1
1066 CINCINNATI SAFETY UPFITTERS VALOR OUTFITTERS,Cincinnati Safety Upfitters,fleet,medium,77126.33,1
357 CDW GOVERNMENT,- Cdw Government,it,low,77088.36,1
BILBREY CONSTRUCTION,Bilbrey Construction Inc,construction,low,76937.64,1
MONTGOMERY COUNTY TREASURER,Montgomery County Treasurer,government,low,76908.84,3
VECTREN ENERGY DELIVERY OF OHIO,"Vectren Energy Delivery Of Ohio, Inc.",utilities,low,76720.52,2
MATTHEW SINOPOLI,Matthew Sinopoli,payroll,low,76675.70,1
WICHERT INSURANCE SERVICES,Wichert Insurance,insurance,medium,76616.28,4
AUGUST F BIRCH JR,August F Birch Jr.,payroll,low,76500.84,2
OVERHEAD DOOR OF COVINGTON,Overhead Door,facilities,high,76486.60,2
FEAZEL ROOFING,"Feazel Roofing, Llc",construction,low,76483.00,1
STANDARD LIFE AND ACCIDENT INS,Standard Life and Accident Insurance,payroll,medium,76475.44,1
CUYAHOGA LANDMARK,Cuyahoga Landmark,fleet,medium,76451.27,1
CHRISTIE M KERBY,Christie M Kerby,payroll,low,76451.16,1
FNB COMMERCIAL CREDIT CARD,Fnb Commercial Credit Card,finance,low,76398.97,3
JEFF A RALSTON,Jeff A Ralston,payroll,low,76340.82,1
INDEPENDENCE HEALTH EMPLOYER SERVICES,Independence Health,medical-exams,medium,76315.50,3
STEPHEN P MARQUIS,Stephen P Marquis,payroll,low,76132.48,1
NFPA,NFPA,training,high,76081.56,30
TRUMBULL COUNTY AUDITOR,Trumbull County Auditor,government,low,76019.96,1
TRUMBULL COUNTY 911,Trumbull County 911,dispatch,high,75844.08,1
PRUDENTIAL RETIREMENT,Prudential Retirement,payroll,low,75698.00,1
AUSTINTOWN TOWNSHIP PRE TAX PREMIUM,Austintown Township/Pre-Tax Premium,government,low,75663.20,1
PHOENIX FIRE SERVICE,Phoenix Fire Service,fire-equipment,low,75636.98,1
MNJ TECHNOLOGIES DIRECT,Mnj Technologies Direct Inc,it,low,75585.41,5
JOHN DSUBAN SPRING SERVICE,John D. Suban Spring Service,fleet,medium,75481.64,6
ARI PHOENIX,ARI Phoenix,fleet,low,75420.50,2
SHANNON VALERIO,Shannon Valerio,payroll,low,75210.66,1
NORTH VALLEY BANK,North Valley Bank,finance,low,75146.30,1
SMYTH AUTOMOTIVE,Smyth Automotive Inc.,fleet,low,75039.57,2
JD JOHNSON SALES AND SERVICES,J.D. Johnson Sales & Service,fire-equipment,low,75021.00,1
STRYKER SALES STRYKER MEDICAL,Stryker,ems-equipment,low,74958.63,1
SUPERIOR PETROLEUM EQUIPMENT,"Superior Petroleum Equipment, Llc",fleet,low,74893.39,5
BRIDGET E MARTIN,Bridget E Martin,payroll,low,74741.48,1
LEANNA M CLUXTON,Leanna M Cluxton,payroll,low,74555.46,1
UNIV OF CINTI PHYSICIANS,Univ Of Cinti Physicians,professional,low,74550.00,2
OHD LLLP,OHD,scba,medium,74388.30,11
KYLE ZIMMERLY,Kyle Zimmerly,payroll,low,74365.78,1
SCIOTO SHOE MART,Scioto Shoe Mart,uniforms,medium,74283.88,3
PERFORMANCE CONCRETE,Performance Concrete,construction,medium,74249.68,1
63 CAPITAL ELECTRIC LINE BUILDERS,"- Capital Electric Line Builders, Inc",utilities,low,74243.71,1
CFS INSPECTIONS,CFS Inspections,fire-equipment,low,74176.15,15
BRANDON M PENDERGRASS,Brandon M Pendergrass,payroll,low,74161.02,1
OH BUREAU OF WORKERS COMP,Ohio Bureau of Workers' Compensation,insurance,low,74148.78,1
CHANDLER J HEPPERT,Chandler J Heppert,payroll,low,73988.04,1
PHILIP M GAMMIE,Philip M Gammie,payroll,low,73946.39,1
CONSOLIDATED FLEET SERVICES,Consolidated Fleet Services,fleet,high,73886.50,15
OPEDC ROTH,Opedc Roth,payroll,low,73692.12,1
FIFTH THIRD BANK MASTERCARD,Fifth Third Bank-Mastercard,finance,low,73629.07,1
BUTLER TECHNOLOGY AND CAREER DEVELOPMENT SCHOOL,Butler Technology & Career Development School,it,low,73622.00,1
ACH DEBITS TO FEDERAL GOVERNMENT,Ach Debits To Federal Government,payroll,low,73594.22,1
ERIK LYSZAZ,Erik Lyszaz,payroll,low,73577.79,1
STOOPS FREIGHTLINER,Stoops Freightliner,fleet,medium,73516.35,2
DANIELLE R WARTMAN,Danielle R Wartman,payroll,low,73403.44,1
1290 TRIHEALTH H ROSS OCCUPATIONAL HEALTH,"- Trihealth H, Llc Dba Ross Occupational",medical-exams,low,73295.00,1
VINCENT KAPSANDY,Vincent Kapsandy,payroll,low,73207.18,1
GEORGE WAIKEM FORD,George Waikem Ford,fleet,low,73201.35,1
INDIANA DEPT OF REVENUE,Indiana Dept. Of Revenue,payroll,low,73024.31,1
ANTHONY F YASH,Anthony F. Yash,payroll,low,72945.72,1
SCOTT A JACKSON,Scott A Jackson,payroll,low,72914.09,1
BESTDRIVE COLUMBUS,BestDrive,fleet,medium,72777.26,1
JOHN DEERE FINANCIAL,John Deere Financial,fleet,low,72475.33,12
COLLIERS ENGINEERING AND DESIGN,Colliers Engineering & Design Inc,construction,low,72426.00,1
FIRST COMMONWEALTH BANK CREDIT CARD DEPT,First Commonwealth Bank Credit Card Dept,finance,low,72031.01,1
PUBLIC SAFETY HEALTH SYSTEMS,Public Safety Health Systems,medical-exams,medium,72016.00,1
775 CINCINNATI BELL TELEPHONE ALTAFIBER,- Cincinnati Bell Telephone Co. Dba Altaf,telecom,low,71966.28,1
CINTAS 009,Cintas,uniforms,low,71817.47,1
TRAVIS M SWEARINGEN,Travis M Swearingen,payroll,low,71805.99,1
CAPITAL ONE TRADE CREDIT,Capital One Trade Credit,finance,low,71800.05,6
PROFESSIONAL DIVING RESOURCES,Professional Diving Resources,fire-equipment,medium,71725.70,5
STATE BANK AND TRUST,The State Bank & Trust,finance,low,71682.54,1
STATE OF OHIO DEPARTMENT OF TAXATION,Ohio Department of Taxation,payroll,low,71669.78,2
GRACYN ELIZABETH NICKERSON,Gracyn Elizabeth Nickerson,payroll,low,71515.32,1
JODY D LONGBERRY,Jody D. Longberry,payroll,low,71326.85,1
MADDISON B WEAVER,Maddison B. Weaver,payroll,low,71261.91,1
LUCAS TRUCK SALES,"Lucas Truck Sales, Inc.",ems-equipment,low,71250.04,1
HERBERT K SCARBOROUGH,Herbert K Scarborough,payroll,low,71238.00,1
AEP,AEP Ohio,utilities,low,71039.11,4
THOMAS C HADDING,Thomas C. Hadding,payroll,low,70907.61,1
MICHAEL J VORNHAGEN,Michael J Vornhagen,payroll,low,70760.03,1
ALL SAFE INDUSTRIES,All Safe Industries,fire-equipment,medium,70726.92,8
122 FIFTH THIRD BANK,- Fifth Third Bank,finance,low,70626.85,1
997 BOB SUMEREL TIRE,- Bob Sumerel Tire Co Inc,fleet,low,70592.69,1
JARED A MORRIS,Jared A Morris,payroll,low,70554.70,1
TRISTATE PREVENTIVE HEALTH CONSULTANTS,Tristate Preventive Health Consultants Llc,professional,low,70532.00,1
CHANGE HEALTHCARE TECH ENABLED SERVICE,Change Healthcare Tech Enabled Service,ems-billing,low,70500.61,1
HOUSE OF SECURITY,House of Security,facilities,medium,70490.64,1
EMPLOYEE,Employee,payroll,low,70449.11,1
CARDMEMBER SERVICES,Cardmember Service (credit card),finance,medium,70405.98,4
FIFTH THIRD BANK CARD CENTER,Fifth Third Bank/Card Center,finance,low,70275.33,1
RUMPKE,Rumpke,utilities,low,70200.52,7
CENTRAL OHIO FARMERS OP,Central Ohio Farmers Co-op,fleet,low,70160.98,2
OHIO AFSCME CARE PLAN,AFSCME Care Plan,payroll,medium,70141.15,3
FIRE STORE,Witmer Public Safety Group,fire-equipment,high,70112.36,6
BILLY D ESTES OIL,"Billy D. Estes, Oil",fleet,low,69873.15,1
TRISHS STITCHES,Trish's Stitches,uniforms,medium,69853.93,3
MATTHEW L LEVITT,Matthew L Levitt,payroll,low,69849.99,1
SAMS CLUB,Sam's Club,general,high,69787.15,20
NEIL C CLINE,Neil C Cline,payroll,low,69770.21,1
CUSTIS INSURANCE SERVICE,Custis Insurance,insurance,medium,69645.14,1
ATWELLS POLICE AND FIRE EQUIPMENT,Atwell'S Police & Fire Equipment Co,fire-equipment,low,69603.03,3
ZOLL MEDICAL GPO,ZOLL Medical,ems-equipment,low,69229.94,2
DAMSCHRODER ROOFING,Damschroder Roofing Inc,construction,low,69123.50,2
CHARTER COMMUNICATIONS HOLDINGS,Spectrum,telecom,low,68975.79,6
TOMAS BILSON,Tomas Bilson,payroll,low,68754.88,1
AMERICAN UNITED LIFE INSURANCE,American United Life Insurance Company,payroll,low,68542.17,3
ALEXANDER O BECKER,Alexander O. Becker,payroll,low,68499.99,1
GROVE CITY GARAGE DOOR,"Grove City Garage Door, Inc.",government,low,68456.00,1
232,LOGIC (regional dispatch),dispatch,low,68428.00,1
JOHN A PEZZENTE,John A Pezzente,payroll,low,68400.50,1
EXECUTIVE COMPUTER MANAGEMENT SOLUTIONS,"Executive Computer Management Solutions, Inc",it,low,68364.64,1
JARED G VINKLER,Jared G Vinkler,payroll,low,68318.70,1
PUBLI55 PUBLIC ENTITIES POOL OF OHIO,Public Entities Pool of Ohio,insurance,high,68187.93,1
SAMS CLUB DIRECT,Sam'S Club Direct,general,low,68171.34,8
AARON M WALTERS,Aaron M Walters,payroll,low,68126.23,1
KATIE RAVENNA,Katie Ravenna,uniforms,low,68070.27,1
DUNCAN OIL,Duncan Oil Company,fleet,low,68063.08,3
ON DUTY EQUIPMENT,On Duty Equipment,fire-equipment,medium,68060.00,3
LK CONCRETE CONSTRUCTION,"LK Concrete Construction, LLC",construction,low,68050.00,1
COBLENTZ ROOFING,Coblentz Roofing Llc,construction,low,68040.00,1
BROOKLYN R YOUNGBLOOD,Brooklyn R Youngblood,payroll,low,68024.60,1
LOWES CREDIT,Lowe's,facilities,low,67948.06,1
DOERING LEASING,Doering Leasing Co,finance,low,67860.00,1
FRED MARCUM,Fred Marcum,payroll,low,67843.82,1
CITY OF SHAKER HEIGHTS,The City Of Shaker Heights,government,low,67800.00,3
ROSS OCCUPATIONAL HEALTH,Ross Occupational Health,medical-exams,low,67615.78,3
CITY OF MONTGOMERY,City Of Montgomery,government,low,67560.26,1
MISTRAS GROUP,Mistras Group,fire-equipment,low,67487.04,16
DAVID A SCHERTZER JR,David A. Schertzer Jr.,payroll,low,67057.78,1
AKRON FIRE CREDIT UNION,Akron Fire Credit Union Inc,payroll,low,66885.49,1
KEVIN J STRAKA,Kevin J Straka,payroll,low,66811.93,1
ANDREW R FROST III,Andrew R. Frost III,payroll,low,66800.31,1
BENTON C PETERS,Benton C Peters,payroll,low,66746.18,1
ULINE,Uline,general,high,66635.93,24
JOSHUA AD RAMOS,Joshua Ad Ramos,payroll,low,66632.18,1
ROB GIBSON,Rob Gibson,payroll,low,66577.16,1
FLOOR COVERINGS INTERNATIONAL,Floor Coverings International,facilities,medium,66568.42,2
ISABEL M SCHORS,Isabel M Schors,payroll,low,66484.25,1
CHRISTOPHER MARK SCHLECHT,Christopher Mark Schlecht,payroll,low,66426.27,1
NATIONAL BUSINESS FURNITURE,National Business Furniture,general,medium,66361.59,4
RONALD A OYSTER,Ronald A Oyster,payroll,low,66337.61,1
CDW GOVERMENT,"Cdw Goverment, Inc.",it,low,66331.95,1
STIGLER SUPPLY,Stigler Supply,general,low,66192.97,11
PREMIER SAFETY,Premier Safety,scba,medium,66186.21,15
MONTGOMERY COUNTY HUMAN RESOURCES,Montgomery County (health plan),payroll,low,66145.00,1
BAKER DUBLIKAR,Baker Dublikar,professional,high,66000.00,1
STARK CTY SANITARY ENGINEERING,Stark Cty Sanitary Engineering,construction,low,65978.20,1
CARDMEMBER SERVICES SECURITY BANK,Cardmember Services (Security Bank),finance,low,65859.36,1
JEFFREY S DAWSON,Jeffrey S Dawson,payroll,low,65850.63,1
BANK CAPITAL SERVICES,Bank Capital Services Llc,finance,low,65836.58,1
AARON J WHALEY,Aaron J Whaley,payroll,low,65823.92,1
RED HOT FIRE EQUIPMENT,Red Hot Fire Equipment Co,fire-equipment,low,65760.16,1
DMC TECHNOLOGY,"Dmc Technology, Inc.",it,low,65728.25,1
HOLMES COUNTY SHERIFF,Holmes County Sheriff,government,low,65714.65,1
LOG WEAR,LogWear,uniforms,medium,65690.00,2
DAVID DOWELL,David Dowell,payroll,low,65676.67,1
JUSTIN S GALLOWAY,Justin S Galloway,payroll,low,65673.48,1
STATEWIDE FORD LINCOLN MERCURY,Statewide Ford Lincoln Mercury,fleet,low,65644.00,1
STEVEN R HILL,Steven R Hill,payroll,low,65468.86,1
OHIO TREASURER OF STATE DEPT OF ADMINISTRATIVE SERVICES,Ohio Treasurer Of State-Dept Of Administrativ,government,low,65417.50,1
FRONTIER,Frontier,telecom,low,65413.11,10
JACKSON SERVICE CENTER,Jackson Service Center,payroll,low,65328.95,1
CLASSIC CHEVROLET,Classic Chevrolet,fleet,low,65243.24,4
NEOTERIC HOVERCRAFT,Neoteric Hovercraft,fire-equipment,medium,65242.16,1
BRANDON W MARTIN,Brandon W Martin,payroll,low,65122.33,1
HAAS ALERT,HAAS Alert,software,medium,65077.73,7
ALL HANDS FIRE EQUIPMENT,All Hands Fire Equipment,fire-equipment,high,64993.88,9
ELIZA RAE JONES,Eliza Rae Jones,payroll,low,64987.80,1
MIKE MAIORANA,Mike Maiorana,payroll,low,64910.42,1
G AND G FITNESS EQUIPMENT,G&G Fitness Equipment,facilities,medium,64529.51,6
SUPRACRETE,Supracrete,construction,low,64500.00,1
EVAN STROPES,Evan Stropes,payroll,low,64499.28,1
ARIC J ANDERSON,Aric J Anderson,payroll,low,64406.34,1
JOHN A RAGAN,John A Ragan,payroll,low,64309.10,1
ORKIN,Orkin,facilities,high,64224.90,3
HARTFORD VOLUNTEER FIRE DEPARTMENT,Hartford Volunteer Fire Department,government,medium,64183.72,1
CITY OF CLEVELAND DIVISION OF WATER,City Of Cleveland Division Of Water,utilities,low,64135.76,1
RICHARD L BOWEN AND ASSOCIATES,Richard L Bowen & Associates Inc,training,low,64100.00,1
ALLIED ROOFING,"Allied Roofing, Inc",construction,low,63838.00,1
TRUCK MD,Truck Md,fleet,low,63836.31,3
RUSSELL TAYLOR,Russell Taylor,payroll,low,63458.36,1
CURRY ELECTRIC,"Curry Electric, Inc",utilities,low,63425.00,1
AINSLEY OIL,Ainsley Oil,fleet,low,63369.57,1
UNIVERSITY HOSPITALS OCCUPATIONAL HEALTH,University Hospitals Occupational Health,medical-exams,low,63154.00,4
JOHN R GORDON,John R. Gordon,payroll,low,63034.58,1
FIRE SYSTEMS PROFESSIONALS,Fire Systems Professionals,facilities,medium,62931.35,2
KEVIN R LEE,Kevin R Lee,payroll,low,62922.52,1
HOWELL RESCUE SYSEMS,Howell Rescue Systems,fire-equipment,medium,62696.00,1
PEDIATRIC EMERGENCY STANDARDS,Pediatric Emergency Standards,ems-supplies,medium,62681.05,9
BREATHING AIR SYSTEM,Breathing Air Systems,scba,high,62573.39,2
1441 SUN LIFE ASSURANCE OF CANADA,Sun Life,payroll,medium,62413.26,1
DAVID W ELLIOTT,David W Elliott,payroll,low,62406.35,1
BRADLEY D RAETZKE MD,Bradley D. Raetzke MD (medical direction),professional,medium,62000.00,1
WHW ENTERPRISES,WHW Enterprises,fire-equipment,low,62000.00,1
ASHTABULA COUNTY SHERIFF,Ashtabula County Sheriff,government,low,61996.78,1
JP MORGAN CHASE,JPMorgan Chase (credit card),finance,low,61981.48,3
MARK COLLINGS,Mark Collings,payroll,low,61971.68,1
MAGIC GARAGE DOOR,Magic Garage Door Inc,facilities,low,61969.25,5
MICHAEL L SMITH,Michael L Smith,payroll,low,61897.61,1
AMERICAN WELDING AND GAS,American Welding & Gas Inc.,utilities,low,61895.18,6
NICK P HEITZER,Nick P Heitzer,payroll,low,61845.12,1
FRANK C VIRANT JR,Frank C Virant Jr,payroll,low,61768.33,1
BETHESDA HEALTH CARE,Bethesda Healthcare,medical-exams,low,61680.25,2
BUREAU 0F WORKERS COMPENSATION,Ohio Bureau of Workers' Compensation,insurance,low,61491.93,1
CHARTER COMMUNICATIONS SPECTRUM,Spectrum,telecom,low,61435.83,1
KEVIN DRAPER,Kevin Draper,uniforms,low,61424.59,1
VILLAGE OF MT ORAB,Village Of Mt Orab,government,low,61385.33,1
PEP SERVICE CENTER,Pep Service Center,insurance,low,61310.51,1
CURTIS A FREEZE,Curtis A. Freeze,payroll,low,61279.30,1
T MOBILE USA,T-Mobile,telecom,high,61180.21,2
COLUMBIANA DODGE,Columbiana Dodge Inc,fleet,low,61175.28,1
DB3 SOLUTIONS,DB3 Solutions,facilities,medium,61098.00,1
BELENKY,Belenky,fire-equipment,low,60949.36,12
JOHN MOORE,John Moore,payroll,low,60921.38,1
ERIC A SIMON,Eric A Simon,payroll,low,60875.00,1
BRIAN L TATMAN,Brian L Tatman,payroll,low,60846.53,1
MARCUS RAYMOND SANTOLI,Marcus Raymond Santoli,payroll,low,60691.25,1
CHERRY LYNNE POTEET ESQ,Cherry Lynne Poteet (attorney),professional,medium,60650.48,1
TRI STATE PUBLIC SAFETY,Tri-State Public Safety,fleet,low,60596.52,5
OH PUBLIC EMPLOYEES RETIREMENT SYSTEM OPERS,Ohio Public Employees Retirement System,payroll,low,60575.02,1
BRIAN M HELMIG,Brian M. Helmig,payroll,low,60552.96,1
LYONS LP GAS,"Lyons Lp Gas Co., Inc.",utilities,low,60460.26,1
CHARDON OIL,Chardon Oil Co Inc,fleet,low,60406.27,2
STANDARD INSURANCE RE,Standard Insurance Company RE,payroll,low,60308.60,1
VERIZON WIRELESS GREAT LAKES,Verizon,telecom,low,60306.71,1
DECCAN INTERNATIONAL,Deccan International,software,medium,60200.00,1
CRONIN FORD,Cronin Ford Inc,fleet,low,60110.69,3
QUILL,Quill,general,high,60080.58,16
974 DEGREE LAWN AND LANDSCAPE,- Degree Lawn & Landscape,facilities,low,60073.66,1
THOMAS S OHARA,Thomas S. O'Hara,payroll,low,60045.35,1
JOSEPH G DANKS,Joseph G Danks,payroll,low,59887.30,1
KELSEY MUSCH,Kelsey Musch,payroll,low,59637.19,1
1345 LOCUTION SYSTEMS,Locution Systems,dispatch,medium,59605.00,1
THOMAS YUNKER,Thomas Yunker,payroll,low,59551.73,1
JOHN NITON,John Niton,payroll,low,59546.93,1
GREGORY D WALKER,Gregory D. Walker,payroll,low,59505.62,1
DANIEL L HAYES,Daniel L. Hayes,payroll,low,59293.88,1
ERIC A NETHERO,Eric A Nethero,payroll,low,59274.86,1
CENTRAL OHIO HYDRANT REPAIR AND INSTALLATION,Central Ohio Hydrant Repair and Installation,facilities,medium,59272.05,2
OE MEYER,O.E. Meyer,ems-supplies,medium,59271.51,12
AFLAC INSURANCE,AFLAC Insurance,payroll,low,59244.02,1
SINCLAIR COMMUNITY COLLEGE,Sinclair Community College,training,low,59199.48,11
SOUTHERN OHIO MEDICAL CENTER,Southern Ohio Medical Center,medical-exams,low,59195.00,1
TONY DANGEL,Tony Dangel,payroll,low,59137.96,1
AIMEE M ADAMS,Aimee M Adams,payroll,low,58945.00,1
GALLS ROY TAILORS UNIFORMS,Galls,uniforms,low,58913.72,3
MUNICIPAL EMERGENCY SERVICES MES,Municipal Emergency Services,fire-equipment,low,58892.77,1
MCPC,MCPC,it,medium,58831.87,3
TONY DANIEL ALBERTINI,Tony Daniel Albertini,payroll,low,58803.29,1
DYLAN J WILLARD,Dylan J Willard,payroll,low,58773.20,1
SPENCER J BENNETT,Spencer J. Bennett,payroll,low,58728.80,1
172 LOWES,Lowe's,facilities,low,58671.36,1
KYLE L KERR,Kyle L Kerr,payroll,low,58664.60,1
AMAZON COM,Amazon,general,high,58600.48,8
MARION CITY INCOME TAX,Marion City Income Tax,payroll,low,58442.40,1
CRASH COURSE VILLAGE,Crash Course Village Inc,government,low,58410.00,16
HM,H-M Company,general,low,58362.46,11
JONATHAN E HART,Jonathan E Hart,payroll,low,58353.16,1
ANTHEM BC BS,Anthem Blue Cross Blue Shield,payroll,low,58350.96,1
MOUNT CARMEL HEALTHPROVIDERS,"Mount Carmel Healthproviders, Inc.",medical-exams,low,58350.52,1
DANIEL J SCHRAND,Daniel J Schrand,payroll,low,58049.17,1
US BANK CREDIT CARD,Us Bank (Credit Card)*,finance,low,58011.77,1
THOMAS NEFF,Thomas Neff,payroll,low,57993.48,1
DANIEL WELKER,Daniel Welker,payroll,low,57828.46,1
SUN LIFE FINANCIAL DENTAL,Sun Life Financial / Dental,payroll,low,57805.33,1
LAKE COUNTY AUDITOR,Lake County Auditor,government,low,57743.47,2
UNIVERSAL OIL,Universal Oil Inc,fleet,low,57737.74,3
GRACYN ELIZABETH LEEP,Gracyn Elizabeth Leep,payroll,low,57726.57,1
THOMAS V METZINGER,Thomas V Metzinger,payroll,low,57585.55,1
GMELECTRIC,"Gmelectric, Inc",utilities,low,57511.44,1
LIGHTHOUSE UNIFORM,Lighthouse Uniform Company,uniforms,high,57258.11,3
ANDREW C MOONEY,Andrew C Mooney,payroll,low,57133.77,1
TRAVIS E BONAR,Travis E Bonar,payroll,low,57116.68,1
KYLE M CORNETTE,Kyle M Cornette,payroll,low,57105.81,1
DONALD W BRADFORD,Donald W Bradford,payroll,low,57105.45,1
CDW GOVERNMENT CDW GOVERNMENT,"Cdw Government Llc, Cdw Government",it,low,57087.41,1
SUMMIT FEDERAL CREDIT UNION,Summit Federal Credit Union,payroll,low,57019.04,1
92 CUMMINS BRIDGEWAY,- Cummins Bridgeway Llc,facilities,low,56958.80,1
E AND H HARDWARE,E&H Hardware,facilities,low,56947.56,1
SALLI L MEHALL,Salli L Mehall,payroll,low,56905.90,1
FIRST FED,First Fed,payroll,low,56819.59,1
TOMAS BILSON JIMENEZ,Tomas Bilson-Jimenez,payroll,low,56685.20,1
LIBERTY TOWNSHIP,Liberty Township,government,low,56637.84,2
JACOB D GREEN,Jacob D Green,payroll,low,56582.64,1
FIRST INSURANCE GROUP,First Insurance Group,payroll,low,56550.00,1
KEVIN MARKWARD,Kevin Markward,payroll,low,56491.64,1
CLEVELAND CITY DIV OF WATER,Cleveland City Div Of Water,utilities,low,56460.45,1
JACOB M WILLFORD,Jacob M Willford,payroll,low,56437.72,1
MARK CAREY,Mark Carey,payroll,low,56378.95,1
JOSEPH L HARTMAN,Joseph L. Hartman,payroll,low,56225.20,1
RYAN R ZAPORA,Ryan R Zapora,payroll,low,56141.48,1
CMC RESCUE,CMC Rescue,fire-equipment,high,56024.28,2
MICHAEL SMITH,Michael Smith,payroll,low,55968.17,1
JACOB D BARBER,Jacob D Barber,payroll,low,55943.96,1
WESBANCO BANK,Wesbanco Bank Inc,finance,low,55822.48,1
AFSCME DENTAL,Afscme Dental,payroll,low,55819.50,1
ROBIN ANN GRANT,Robin Ann Grant,payroll,low,55802.14,1
ARGUS GROUP HOLDINGS,Argus Group Holdings,fire-equipment,low,55662.04,1
SCIOTO TOWNSHIP TRUSTEES,Scioto Township Trustees,government,low,55600.00,2
NICHOLAS SCOTT ALVIS,Nicholas Scott Alvis,payroll,low,55550.20,1
BRANDON J WIRTZ,Brandon J Wirtz,payroll,low,55544.95,1
STANDING STONE NATIONAL BANK,Standing Stone National Bank,finance,low,55527.12,1
VSP,Vsp,payroll,low,55381.86,2
TREASURER SCIOTO TWP IAFF LOCAL 4000,"Treasurer, Scioto Twp. IAFF Local 4000",payroll,low,55380.00,1
AE DOOR,AE Door,facilities,low,55181.33,1
BUREAU OF WORKERSCOMPENSATION,Ohio Bureau of Workers' Compensation,insurance,low,55123.03,3
MATTHEW J DECOSTA,Matthew J Decosta,payroll,low,55052.09,1
SUPERIOR PAVING AND MATERIALS,Superior Paving & Materials,construction,low,55013.81,1
ERICA SEWELL,Erica Sewell,payroll,low,55000.00,1
OVERHEAD DOOR OF PIKE COUNTY,Overhead Door Of Pike County,facilities,low,54987.38,1
ALEC M COMAN,Alec M Coman,payroll,low,54915.14,1
OHIO BWC STATE INSURANCE FUND,Ohio Bureau of Workers' Compensation,insurance,low,54764.03,1
BRITE COMPUTERS,Brite Computers,it,low,54666.59,3
BEST ONE TIRE AND SERVICE OF,Best One Tire & Service Of,fleet,low,54581.07,1
POSITIVE PROMOTIONS,Positive Promotions,general,medium,54492.23,19
FOUR COUNTY CAREER CENTER,Four County Career Center,training,low,54410.20,6
YARK CHEVROLET,Yark Chevrolet,fleet,low,54300.00,1
LISA A REEVES,Lisa A Reeves,payroll,low,54277.37,1
436 OHIO PUBLIC EMPLOYEES RETIREMENT,Ohio Public Employees Retirement System,payroll,low,54216.25,1
PUBLIC EMPLOYEES RET SYSTEM,Public Employees Ret. System,payroll,low,54134.14,1
OVERHEAD DOOR OF NORTHERN KY,Overhead Door Co Of Northern Ky,facilities,low,54019.55,2
ANDREW OBERT,Andrew Obert,payroll,low,54014.75,1
PAUL D BROMWELL,Paul D Bromwell,payroll,low,54007.74,1
NICHOLAS S WENTZ,Nicholas S. Wentz,payroll,low,53952.47,1
ANTHONY REDA,Anthony Reda,payroll,low,53808.62,1
YOUNG FREIGHTLINER,Young Freightliner,fleet,low,53673.06,1
COMMUNICATIONS SERVICE,Communications Service,radios,low,53633.95,5
STAPLES ADVANTAGE,Staples Advantage,general,low,53633.39,14
MES WARREN FIRE EQUIPMENT,Municipal Emergency Services,fire-equipment,low,53584.32,3
CG CONSTRUCTION,C. G. Construction,construction,low,53559.80,1
KEGAN J CAMPBELL,Kegan J. Campbell,payroll,low,53551.14,1
CARANFA FORD,Caranfa Ford,fleet,low,53522.00,1
LARSON HEATING AND COOLING,Larson Heating & Cooling,facilities,low,53455.57,1
LAINEY M BOWEN,Lainey M Bowen,payroll,low,53451.20,1
OREILLY AUTO PARTS,O'Reilly Auto Parts,fleet,high,53396.71,23
CHESROWN,Chesrown,fleet,low,53285.00,1
DELTADENTAL,Deltadental,payroll,low,53255.30,1
ALLEN COUNTY TREASURER,Allen County Treasurer,government,low,53174.32,2
CITY OF UPPER ARLINGTON,City Of Upper Arlington,government,low,52882.36,2
GARAGE DOOR SERVICE,Garage Door Service,facilities,low,52854.26,3
GREVE CHRYSLER JEEP DODGE OF,Greve Chrysler Jeep Dodge Of,fleet,low,52809.00,1
BRIDGES EXCAVATING,Bridges Excavating LLC,construction,low,52756.12,1
OHIO PUBLIC EMPLOYEES DEFERRED COMPENSATION P,Ohio Public Employees Deferred Compensation,payroll,low,52750.00,1
CHRISTOPHER I TREXLER,Christopher I. Trexler,payroll,low,52708.44,1
OHIO SCHOOL DISTRICT INCOME TAX,Ohio School District Income Tax,payroll,low,52570.98,8
OVERHEAD DOOR,Overhead Door,facilities,low,52454.60,6
NICHOLAS E FOARD,Nicholas E Foard,payroll,low,52292.27,1
FAITH JEANNE LLOYD,Faith Jeanne Lloyd,payroll,low,52197.63,1
TIMOTHY ALAN HINES,Timothy Alan Hines,payroll,low,52175.09,1
STAPLES,Staples,general,high,52145.36,16
JESSICA LYNN WILLIAMS,Jessica Lynn Williams,payroll,low,52123.20,1
CINCINNATI COPIERS,Cincinnati Copiers,it,medium,52074.73,2
AMBULANCE BILLING NETWORK,Ambulance Billing Network,ambulance,low,52061.52,1
GOODYEAR TIRE AND RUBBER,Goodyear Tire & Rubber Company,fleet,low,52058.19,5
POWELL PRINTS,Powell Prints,uniforms,low,51959.00,1
PEOPLES STATE BANK,Peoples State Bank,finance,low,51918.25,1
TOWNE CONSTRUCTION SERVICES,Towne Construction Services,construction,low,51898.00,1
TIMOTHY HEITZER,Timothy Heitzer,payroll,low,51824.84,1
JOSCELIN MANGAS,Joscelin Mangas,payroll,low,51762.57,1
WILLIAM C ALLISON JR,William C Allison Jr,payroll,low,51715.96,1
OHIO FIRE AND EMERGENCY SERVICES FOUNDATION,Ohio Fire & Emergency Services Foundation,training,low,51675.00,10
HARRY AND TIM ROOFING,Harry & Tim Roofing Llc,construction,low,51500.00,1
TATUM A SEDILLO,Tatum A Sedillo,payroll,low,51439.25,1
RON MARHOFER CHEVROLET,Ron Marhofer Chevrolet Inc,fleet,low,51388.85,1
RORY SKOLNIK,Rory Skolnik,payroll,low,51327.14,1
RYAN E SEDLOCK,Ryan E Sedlock,payroll,low,51326.02,1
DUKE,Duke,utilities,low,51314.69,1
FRONT LINE ROOFING AND RESTORATION,Front Line Roofing and Restoration,construction,low,51280.06,1
NATASHA N MYERS,Natasha N Myers,payroll,low,51262.64,1
VALLEY FORD TRUCK SALES,Valley Ford Truck Sales,fleet,low,51210.00,1
GREAT LAKES BILLING ASSOCIATES,Great Lakes Billing Associates,ems-billing,low,51209.76,2
JADA MURPHY,Jada Murphy,payroll,low,51194.96,2
ERIC S SCHAUB,Eric S Schaub,payroll,low,51106.33,1
CRACKERJACK TECHNOLOGY SERVICES,Crackerjack Technology Services LLC,it,low,51097.50,1
RINEHART WALTERS DANNER AND ASSOC INS,Rinehart-Walters-Danner & Assoc Ins,training,low,51011.00,1
MARC SHERRIFF,Marc Sherriff,payroll,low,50951.09,1
CERNI MOTORS PAINESVILLE,CERNI MOTORS - Painesville,fleet,low,50924.70,2
JASON O EVANS,Jason O Evans,payroll,low,50924.30,1
BUREAU OF WORKMANS COMPENSATION,Bureau Of Workmans Compensation,payroll,low,50825.59,1
ANDREW I FOLLAS,Andrew I. Follas,payroll,low,50767.95,1
BRIAN CHRISTOPHER BURTON,Brian Christopher Burton,payroll,low,50699.84,1
FIRST COMMONWEALTH BANK,First Commonwealth Bank,finance,low,50695.53,2
MECHANICAL OPTIMERS OF CINCINNATI,Mechanical Optimers of Cincinnati,facilities,low,50621.48,1
ADESSA M HARRIS,Adessa M Harris,payroll,low,50536.52,1
MATTHEW SCHUMANN,Matthew Schumann,payroll,low,50514.37,1
OHIO FIRE CHIEFS ASSOC,Ohio Fire Chiefs Assoc,training,low,50439.00,19
NAPA COLUMBUS OH,"NAPA, Inc.-Columbus, OH",fleet,low,50430.50,6
NICHOLAS REED,Nicholas Reed,payroll,low,50410.82,1
ROSS D EMANS,Ross D Emans,payroll,low,50365.57,1
SAMUEL K WASEM,Samuel K. Wasem,payroll,low,50308.53,1
CITY OF CLEVELAND,City Of Cleveland,government,low,50303.04,1
RICHARD MILLIRON,Richard Milliron,payroll,low,50281.35,1
WILLIAM R BLAND,William R Bland,payroll,low,50240.99,1
GALLS ROY TAILORS,Galls,uniforms,low,50240.90,1
LYDEN OIL,Lyden Oil Company,fleet,low,50177.07,6
STOOPS FREIGHTLINER DAYTON,Stoops Freightliner - Dayton,fleet,low,50156.34,1
EMERGENCY SERVICE CONSULTING INTERNATIONAL,Emergency Service Consulting International,professional,low,50118.00,1
ANTHONY J HUFFMAN,Anthony J Huffman,payroll,low,50046.73,1
ADVANTAGE HOMES,Advantage Homes Llc,construction,low,49990.00,1
KENNETH H MEYER,Kenneth H Meyer,payroll,low,49893.03,1
JOHN S DUBER,John S. Duber,payroll,low,49832.89,1
UNIVERSITY OF CINCINNATI,University Of Cincinnati,training,low,49725.00,3
BLUEPRINT CYBERENGINEERING,Blueprint Cyberengineering,construction,low,49722.20,1
MIKE PETERS,Mike Peters,payroll,low,49719.45,1
WILLIAM BUSSEY JR,William Bussey Jr.,payroll,low,49695.02,1
PRINCIPAL FINANCIAL GROUP,Principal Financial Group,payroll,low,49579.21,2
WITMER ASSOCIATES,"Witmer Associates, Inc",training,low,49522.35,5
PAYROLL MEDICARE AND FICA,Payroll Medicare & Fica,payroll,low,49506.14,1
NATHAN M MCCLURE,Nathan M. McClure,payroll,low,49498.47,1
DIEHL AUTOMOTIVE OF MASSILLON,Diehl Automotive Of Massillon,fleet,low,49441.16,1
CHASE D PORTER,Chase D Porter,payroll,low,49235.42,1
OHIO PUBLIC EMPLOYEES RETIRE SYS,Ohio Public Employees Retire Sys,payroll,low,49233.14,1
JG LUKE MOCCASIN CREEK TACTICAL,Jg Luke Llc Dba Moccasin Creek Tactical,payroll,low,49090.50,1
OLINGER LANDSCAPES,Olinger Landscapes Llc,facilities,low,49005.34,1
AMAZON ACCOUNT,Amazon,general,low,48962.96,1
BUTLER COUNTY AUDITOR,Butler County Auditor,government,low,48959.30,1
JOSEPH WILLIAM MAHAFFEY,Joseph William Mahaffey,payroll,low,48837.35,1
CABINET,The Cabinet Co.,construction,low,48825.43,1
JAMES PAULETT,James Paulett,payroll,low,48742.40,1
SHANE FISK ROOFING,Shane Fisk Roofing Inc,construction,low,48725.00,1
JAMES M PICKLESIMER,James M. Picklesimer,payroll,low,48655.05,1
AMERICAN NATIONAL FLEET SERVICE,American National Fleet Service,fleet,low,48565.81,1
CLERMONT COUNTY TREASURER,Clermont County Treasurer,government,low,48537.81,1
DAVID L MARIS,David L Maris,payroll,low,48529.40,1
941 IRS WITHHOLDING,Internal Revenue Service,payroll,low,48478.00,1
JOSEPH DATTOMA,Joseph D'Attoma,payroll,low,48423.49,1
RYAN COPE,Ryan Cope,payroll,low,48412.77,1
LIFE EXTENSION CLINICS,Life Extension Clinics,medical-exams,low,48378.00,1
MICHAEL R HEBEBRAND,Michael R Hebebrand,payroll,low,48356.49,1
EMILY SUZANNE ABBATE,Emily Suzanne Abbate,payroll,low,48342.95,1
MENARDS,Menard'S,facilities,low,48325.25,12
KEN NEYER PLUMBLING,Ken Neyer Plumbling,facilities,low,48298.90,1
ERIC L HAINES,Eric L Haines,payroll,low,48271.39,1
HUNTINGTON NATL BANK FIRE,Huntington Nat'L Bank - Fire,finance,low,48196.09,1
BSMH EMPLOYER SERVICES,"Bsmh Employer Services, Llc",medical-exams,low,48196.00,2
775 ALTAFIBER,- Altafiber,telecom,low,48173.45,1
BRANDON BARLAGE,Brandon Barlage,payroll,low,48161.89,1
TRITECH SOFTWARE SYSTEMS,TriTech Software Systems,rms,high,48149.67,3
PICKAWAY ROSS CAREER AND TECHNOLOGY CENTER,Pickaway-Ross Career And Technology Center,it,low,48092.00,1
GEORGE W BAKER,George W Baker,payroll,low,48069.70,1
BLAKE JAMES NEU,Blake James Neu,payroll,low,48027.44,1
ACCENT COMMUNICATION SERVICES,"Accent Communication Services, Inc.",radios,low,47993.67,1
NICHOLAS J SEBASTIAN,Nicholas J. Sebastian,payroll,low,47899.57,1
MIAMI TOWNSHIP IAFF LOCAL 3906,Miami Township Iaff Local 3906,payroll,low,47809.00,1
COON RESTORATION AND SEALANTS,Coon Restoration & Sealants,facilities,low,47789.50,1
NORTHWEST AREA STRIKE TEAM,Northwest Area Strike Team,training,low,47750.00,3
AEROCLAVE,Aeroclave,ems-equipment,high,47739.00,2
CHESTER TOWNSHIP,Chester Township,government,low,47713.98,3
FICA MATCHING,Fica Matching,payroll,low,47632.80,1
CHARLES RIEDEL,Charles Riedel,payroll,low,47598.77,1
NORTH SIDE BANK VISA,North Side Bank Visa,finance,low,47593.85,1
RIVER CITY FURNITURE RCF GROUP,River City Furniture,facilities,medium,47530.51,1
LAKE COUNTY IT DEPARTMENT,Lake County It Department,it,low,47518.76,1
CSA SERVICE SOLUTIONS EMSAR,EMSAR,ems-equipment,high,47441.05,1
CODY DOUGLAS NIXON,Cody Douglas Nixon,payroll,low,47397.00,1
AUTO AND TRUCK OF WILLIAMSBURG,Auto & Truck Of Williamsburg,fleet,low,47280.89,1
DOUGLAS P HUFFMAN,Douglas P Huffman,payroll,low,47241.42,1
AUMAN MAHAN AND FURRY A LEGAL PROFESSIONAL ASSOCIATION,Auman Mahan & Furry A Legal Professional Asso,training,low,46980.83,1
310 VERIZON WIRELESS,Verizon,telecom,low,46842.48,1
AMANDA ANN EVERETT,Amanda Ann Everett,payroll,low,46742.44,1
JONATHAN HOFSTETTER,Jonathan Hofstetter,payroll,low,46636.10,1
BRUCE YOUNG,Bruce Young,payroll,low,46553.37,1
ELEVATED INTEGRITY CONSTRUCTION SERVICES,Elevated Integrity Construction Services Llc,construction,low,46521.00,1
EFTPS,Internal Revenue Service,payroll,low,46475.12,2
KELLY LEE HINES,Kelly Lee Hines,payroll,low,46420.74,1
WILHELM JAMES,"Wilhelm, James",payroll,low,46365.76,1
MATTHEW E BRIGGS,Matthew E Briggs,payroll,low,46291.50,2
PRECISION OVERHEAD DOOR,Precision Overhead Door,facilities,low,46124.50,3
JANET IVERSON,Janet Iverson,payroll,low,46056.86,1
STARK METROPOLITAN SEWER DISTRICT,Stark Co Metropolitan Sewer District,utilities,low,46006.74,1
CMP CONSTRUCTION,"Cmp Construction, Llc",construction,low,45947.00,1
MELCO GROUP,Melco Group,facilities,low,45710.36,1
1069 TRIHEALTH G ROSS OCCUPATIONAL HEALTH,"- Trihealth G, Dba Ross Occupational Hea",medical-exams,low,45646.92,1
DENTAL CARE PLUS GROUP,Dental Care Plus Group,payroll,low,45508.39,2
LOWES HOME IMPROVEMENT,Lowe's,facilities,low,45439.02,2
WOOD COUNTY SHERIFFS OFFICE,Wood County Sheriff'S Office,government,low,45420.21,1
NICHOLAS J CURRIER,Nicholas J. Currier,payroll,low,45414.22,1
BRIAN M LEISING,Brian M Leising,payroll,low,45364.47,1
GROVEPORT ACE HARDWARE,Groveport Ace Hardware,facilities,low,45321.33,1
KEY CHRYSLER,Key Chrysler,fleet,low,45301.94,1
SARA E ANTON,Sara E Anton,payroll,low,45264.15,1
EHOVE CAREER CENTER,Ehove Career Center,training,low,45233.40,7
HANNAH ELIZABETH CONLEY,Hannah Elizabeth Conley,payroll,low,45205.41,1
418 KZF DESIGN,- Kzf Design Inc,professional,low,45075.50,1
207 NIXCO PLUMBING,"- Nixco Plumbing, Inc",facilities,low,45034.66,1
BRIAN E MILLER,Brian E. Miller,payroll,low,45015.35,1
PILLAR INSURANCE AGENCY,"Pillar Insurance Agency, Inc",insurance,low,45014.00,1
CHAGRIN FALLS SUBURBAN VOLUNTEER FIREMANS ASSN,Chagrin Falls Suburban Volunteer Fireman'S As,training,low,45000.00,1
CRONIN FORD KIA,Cronin Ford Kia,fleet,low,44832.29,1
NICHOLAS P SHADY,Nicholas P Shady,payroll,low,44743.12,1
CITY OF SOUTH EUCLID,City Of South Euclid,government,low,44694.91,1
STERTIL KONI USA,Stertil-Koni,fleet,medium,44601.11,1
DAVE WILTROUT ROOFING,"Dave Wiltrout Roofing, Inc.",construction,low,44600.00,1
490 HOLTMEIER PAINTING,- Holtmeier Painting,payroll,low,44591.00,1
CIVICPLUS,CivicPlus,software,high,44585.25,4
US BANK INSTITUTIONAL CUSTODY,Us Bank Institutional Custody,finance,low,44487.23,1
ALAN STOCK,Alan Stock,payroll,low,44447.67,1
ACTIVE911,Active911,software,medium,44408.97,26
VINCENT J ROMAN,Vincent J Roman,payroll,low,44405.63,1
JEFF C PATTON,Jeff C. Patton,payroll,low,44339.68,1
FIRST ARRIVING IO,First Arriving,software,high,44323.00,7
OREILLY AUTOMOTIVE,O'Reilly Auto Parts,fleet,high,44321.46,16
SAMUEL ADAMS MEANEY,Samuel Adams Meaney,payroll,low,44279.44,1
SUMMIT COUNTY,Summit County,government,high,44256.10,1
AIRGASS USA,"Airgass Usa,Llc",ems-supplies,low,44235.15,1
CHASE J CHAPMAN,Chase J Chapman,payroll,low,44214.69,1
LANDON DUHAMEL,Landon Duhamel,payroll,low,44178.03,1
AUBURN CAREER CENTER,Auburn Career Center,training,low,44169.20,12
CINTAS 003,Cintas,uniforms,low,44142.54,1
BEN SCHNEIDER,Ben Schneider,payroll,low,44105.38,1
ABBOTT ELECTRIC,Abbott Electric Inc,utilities,low,44092.76,2
TODD C BRAMLEE,Todd C Bramlee,payroll,low,43997.77,1
JAKE SWEENEY CHRYSLER JEEP DODGE,Jake Sweeney Chrysler Jeep Dodge,fleet,low,43936.00,1
IAFF LOCAL 2710,I.A.F.F. Local #2710,payroll,low,43920.00,1
SUPERFLEET MASTER CARD,Superfleet Master Card,fleet,low,43908.70,1
TANNER J ROTH,Tanner J Roth,payroll,low,43809.47,1
306 UNIVERSITY OF CINCINNATI PHYSICIANS,- University Of Cincinnati Physicians Com,training,low,43788.00,1
FIRE APPARATUS SALES AND SERVICE,Fire Apparatus Sales & Service,apparatus,low,43714.87,1
PATRICK MCDONOUGH,Patrick Mcdonough,payroll,low,43675.01,1
CASSANDRA M BLADOS,Cassandra M Blados,payroll,low,43661.08,1
RITA REGIONAL INCOME TAX AGENCY,RITA-Regional Income Tax Agency,payroll,low,43649.53,1
ROBBY L ADAMS,Robby L. Adams,payroll,low,43545.06,1
S3 TECHNOLOGIES,S3 Technologies Llc,it,low,43480.35,1
JASON L KUHN,Jason L Kuhn,payroll,low,43437.43,1
US BANCORP EQUIP FINANCE,"Us Bancorp Equip. Finance, Inc",finance,low,43433.52,1
COREY ALAN SCHRIER,Corey Alan Schrier,payroll,low,43402.59,1
LION GROUP,"Lion Group, Inc",fire-equipment,low,43342.99,1
ERICA L GEDRIDGE,Erica L Gedridge,payroll,low,43203.68,2
RUSTYS TOWING SERVICE,Rusty's Towing Service,fleet,low,43160.23,2
TAC COMPUTER,T A C Computer,it,low,43137.26,6
CATHERINE T ANSON,Catherine T Anson,payroll,low,43135.98,1
123 FIREHOUSEDECALS,"- Firehousedecals, Inc",fire-equipment,low,43072.00,1
EDWARDS EQUIPMENT SERVICE,Edwards Equipment Service Llc,fleet,low,43053.25,1
MATTHEW BLAKE SCHUMANN,Matthew Blake Schumann,payroll,low,43030.51,1
GREENE COUNTY,Greene County,payroll,low,43005.12,1
ONIX NETWORKING,Onix Networking Corporation,it,low,42998.14,2
92 CUMMINS CUMMINS SALES AND SERVICE,- Cummins Inc Dba Cummins Sales & Service,facilities,low,42837.74,1
DOUGLAS ALLEN THEOBALD,Douglas Allen Theobald,payroll,low,42828.74,1
CENTER FOR RESILIENCE AND WELLNESS,"Center for Resilience & Wellness, LLC",medical-exams,low,42750.00,3
RICHARD D KNOWLTON,Richard D. Knowlton,payroll,low,42719.62,1
BENJAMIN E BINDOKAS,Benjamin E Bindokas,payroll,low,42684.79,1
PNC BANK,PNC Bank,finance,low,42585.53,4
OHIO PUBLIC RISK INSURANCE AGENCY,"Ohio Public Risk Insurance Agency, Inc.",insurance,low,42574.00,4
TERRY M SOUTHARD,Terry M Southard,payroll,low,42525.25,1
92 CUMMINS SALES AND SERVICE,- Cummins Sales & Service,facilities,low,42403.95,1
MICROSOFT,Microsoft,software,high,42368.18,7
CAROLYN M HARRINGTON,Carolyn M Harrington,payroll,low,42366.05,1
CLARION EVENTS,Clarion Events,training,high,42270.35,5
LUKE HO YUNG SORENSEN,Luke Ho Yung Sorensen,payroll,low,42266.21,1
LINTON RANDY,"Linton, Randy",construction,low,42175.02,1
JEFFREY PAUL SCANLAN,Jeffrey Paul Scanlan,payroll,low,42164.64,1
GEORGE S FLANAGAN,George S. Flanagan,payroll,low,42122.62,1
VECTOR SOLUTIONS,Vector Solutions,training-software,high,42110.21,3
ISIMULATE,iSimulate,ems-equipment,medium,42014.08,3
MC B PAVING,Mc B PAVING,construction,low,42000.00,1
NATHAN D KUHLWEIN,Nathan D Kuhlwein,payroll,low,41949.71,1
FIRE SAFETY SERVICE,Fire Safety Service Inc,apparatus,low,41852.90,4
306 UNIVERSITY OF CINCINNATI,- University Of Cincinnati Pc,training,low,41780.00,1
TIMOTHY R SALAS,Timothy R Salas,payroll,low,41757.84,1
NORTHGATE TIRE,"Northgate Tire Co., Inc.",fleet,low,41735.93,3
SHAWNEE STATE UNIVERSITY,Shawnee State University,training,low,41668.76,2
ALLISON M BROWN,Allison M Brown,payroll,low,41589.49,1
RICORE INVESTMENT MANAGEMENT SPECIAL ASSETS,RICORE Investment Management,facilities,low,41542.53,1
WILLIAM T CARTER JR,William T. Carter Jr.,payroll,low,41212.84,1
VISION SERVICE PLAN CT,Vision Service Plan - (Ct),payroll,low,41176.83,1
DEREK R PETERS,Derek R. Peters,payroll,low,41042.66,1
EFTPS IRS,Internal Revenue Service,payroll,low,41007.54,1
US BANK CARDMEMBER SERVICE,Us Bank Cardmember Service,finance,low,40992.87,1
JVS GARAGE DOOR,Jvs Garage Door,facilities,low,40906.62,3
OHIO POWER TOOL,Ohio Power Tool Inc,utilities,low,40879.99,6
HILSCHER CLARKE ELECTRIC,Hilscher Clarke Electric,utilities,low,40873.70,2
COURTNEY LAUREN DERSCH,Courtney Lauren Dersch,payroll,low,40871.10,1
OHIO GAS,Ohio Gas Company,utilities,low,40781.70,4
RICKY E MANNING,Ricky E Manning,payroll,low,40754.95,1
SUPERIOR FLOOR COATINGS,Superior Floor Coatings,facilities,low,40700.00,2
AIR COMFORT,Air Comfort Inc,construction,low,40689.42,2
VFIS OF OHIO,VFIS of Ohio,payroll,low,40616.00,6
ZACHARY A JARRETT,Zachary A Jarrett,payroll,low,40584.61,1
NICK A SANVIDO,Nick A Sanvido,payroll,low,40571.90,1
WILLIAM K BLACK,William K Black,payroll,low,40541.41,1
BERGER CHEVROLET,Berger Chevrolet Inc,fleet,low,40534.00,1
JARED D JENKINS,Jared D Jenkins,payroll,low,40509.36,1
TRISTATE PREVENTIVE HEALTH CONSULTA,Tristate Preventive Health Consulta,professional,low,40444.00,1
ZACHARY A HEISA,Zachary A Heisa,payroll,low,40411.81,1
DONALD SNIDER,Donald Snider,payroll,low,40406.05,1
SOUTHERN OHIO RISK MANAGEMENT,Southern Ohio Risk Management,insurance,low,40387.21,1
STAPLES BUSINESS ADVANTAGE,Staples Business Advantage,general,low,40295.78,16
HOME DEPOT FIRE,Home Depot,facilities,low,40157.19,1
JOANNA S GILLMAN,Joanna S Gillman,payroll,low,40082.04,1
LUKE HARTMAN,Luke Hartman,payroll,low,40065.32,1
MENTALLY TOUGHER,Mentally Tougher,training,medium,40000.00,1
ROGUE FITNESS,Rogue Fitness,medical-exams,high,39901.84,7
UNIVERSITY OF AKRON,University Of Akron,training,low,39900.00,13
RICHARD S KELLY,Richard S. Kelly,payroll,low,39668.24,1
SAMUEL J LUCURELL,Samuel J Lucurell,payroll,low,39647.43,1
JOSEPH A ROCKEY,Joseph A Rockey,payroll,low,39575.97,1
LOWES BUSINESS ACCOUNT,Lowe's,facilities,low,39546.97,6
GROOVER ROOFING AND SIDING,Groover Roofing & Siding,construction,low,39450.00,1
FRANKLIN HEATING AND COOLING,Franklin Heating & Cooling,facilities,low,39386.27,1
SHUTTLERS PARMA,Shuttler'S (Parma),uniforms,low,39383.67,1
TRAVIS A FILLHART,Travis A Fillhart,payroll,low,39378.95,1
WHISLER PLUMBING AND HEATING,Whisler Plumbing & Heating Inc,facilities,low,39371.65,2
JEFFREY E COPE JR,Jeffrey E Cope Jr,payroll,low,39318.09,1
OLD FORT BANK,Old Fort Bank,finance,low,39291.91,1
PNC BANK CC,Pnc Bank C.C.,finance,low,39191.00,1
MINOR INSURANCE,Minor Insurance,fleet,low,38946.00,1
SERPENTINI CHEVROLET,Serpentini Chevrolet,fleet,low,38937.00,1
WAUGHS LANDSCAPE MAINTENANCE,Waugh's Landscape Maintenance,facilities,low,38914.58,1
MUNICIPAL EMERGENCY SERV DEPOSITORY ACCT,Municipal Emergency Serv. depository acct,fire-equipment,low,38889.68,1
ALEXIS MCCOY,Alexis Mccoy,payroll,low,38874.86,1
ANTHONY JAMES ROTHGERY,Anthony James Rothgery,payroll,low,38847.73,1
JESIE EHRMAN,Jesie Ehrman,payroll,low,38844.77,1
1169 ATLANTIC EMERGENCY SOLUTIONS,Atlantic Emergency Solutions,apparatus,low,38829.32,1
JOHNSON DOPPLER LUMBER,Johnson Doppler Lumber,facilities,high,38740.38,1
JOSHUA R ECKLEY,Joshua R Eckley,payroll,low,38731.06,1
BRANDON E RICHARDSON,Brandon E. Richardson,payroll,low,38709.04,1
VOGELPOHL FIRE EQ,Vogelpohl Fire Equipment,fire-equipment,low,38656.33,2
LIFE ASSIST,Life-Assist,ems-supplies,high,38614.20,8
HOWARD TRUCK REPAIR SERVICE,Howard Truck Repair Service,fleet,low,38509.11,1
JACOB SCHNEIDER,Jacob Schneider,payroll,low,38509.02,1
AMERICAN FLEET SERVICE,American Fleet Service,fleet,low,38482.99,2
HANS FREIGHTLINER,Hans' Freightliner,fleet,low,38474.45,3
JERRY M GANDEE,Jerry M Gandee,payroll,low,38464.67,1
BENISTAR HARTFORD 6795,Benistar/Hartford-6795,payroll,low,38447.74,1
JAMES A HESS,James A Hess,payroll,low,38389.66,1
BUREAU OF WORKERS COMP,Ohio Bureau of Workers' Compensation,insurance,low,38247.28,5
PUBLIC EMPLOYEES DEFERRED COMP,Ohio Public Employees Deferred Compensation,payroll,low,38230.00,1
SHELLY,The Shelly Company,fleet,low,38166.33,2
STEVEN NICHOLAS EDGE,Steven Nicholas Edge,payroll,low,38135.39,1
CITY OF PARMA FIRE GARNISHMENTS,City of Parma-Fire Garnishments,government,low,38125.00,1
RICHARD A SCOTT,Richard A. Scott,payroll,low,38105.71,1
FERNO WASHINGTON,Ferno,ems-equipment,high,38053.74,4
HUMANA INSURANCE,Humana Insurance Co.,payroll,low,38053.04,3
MUNICIPAL EMERGENCY SERVICES DEPOSITORY ACCOU,Municipal Emergency Services,fire-equipment,low,37977.59,1
JEFFREY A ACOMB,Jeffrey A Acomb,payroll,low,37798.69,1
ADVANCE AUTO PARTS,Advance Auto Parts,fleet,high,37791.08,19
KEY BANK CREDIT CARD,Key Bank Credit Card,finance,low,37735.06,1
TELEFLEX FUNDING,Teleflex,ems-supplies,high,37730.92,4
NICHOLAS R TINGLEY,Nicholas R Tingley,payroll,low,37640.85,1
SUBURBAN PROPANE,Suburban Propane,utilities,low,37624.24,2
LIBERTY FIREFIGHTERS,Liberty Firefighters,payroll,low,37580.03,1
ALE TRUCK BEDS,Ale Truck Beds,fleet,low,37540.19,1
JOHNSONS EMERGENCY VEHICLE,Johnsons Emergency Vehicle,apparatus,low,37511.50,1
1317 COLUMBIA SOUTHERN UNIVERSITY,- Columbia Southern University,training,low,37499.50,1
CENDOCO CENTRAL DOOR SYSTEMS,Cendoco LLC DBA Central Door Systems,facilities,low,37496.81,1
GARLAND,The Garland Company,construction,low,37436.00,1
COMMUNITY FIRST CREDIT UNION,Community First Credit Union,payroll,low,37415.00,1
JOHN JONES AUTOMOTIVE DEALERSHIPS,"John Jones Automotive Dealerships, Inc.",fleet,low,37408.00,1
BODMER AND HANNAH,Bodmer & Hannah,facilities,low,37380.00,1
SCOTT M HILLMAN,Scott M. Hillman,payroll,low,37341.62,1
EMERGENCY REPORTING,Emergency Reporting,rms,high,37262.29,12
TIMOTHY ROBERT GERDEL,Timothy Robert Gerdel,payroll,low,37252.68,1
EMERGENCY MEDICINE PHYSICIANS OF FRANKLIN,Emergency Medicine Physicians Of Franklin Co,professional,low,37249.83,1
OHIO DEPARTMENT OF JOB AND FAMILY SERVICES,Ohio Department of Job & Family Services,government,low,37205.52,8
RONALD P STENGER,Ronald P Stenger,payroll,low,37192.09,2
FIRST FINANCIAL CREDIT CARD,First Financial Credit Card,finance,low,37189.23,1
BELMONT PETROLEUM,Belmont Petroleum Corp,fleet,low,37154.89,1
DART AUTOMOTIVE,D.A.R.T. Automotive,fleet,low,37128.01,2
RUSSELL W HELLINGER,Russell W Hellinger,payroll,low,37122.72,2
INTERIOR SERVICES ENRICHING SPACES,Enriching Spaces,facilities,medium,37113.00,1
ALLIANCE FUEL,Co-Alliance Fuel,fleet,low,37109.24,1
OTIS ELEVATOR,Otis Elevator Company,facilities,low,37082.96,2
GREAT OAK CONSTRUCTION,Great Oak Construction Inc,construction,low,37075.90,1
JOSEPH COIL,Joseph Coil,payroll,low,37025.34,1
BENNINGTON TOWNSHIP,Bennington Township,government,low,36894.02,1
FISHER AUTO PARTS,Fisher Auto Parts Inc,fleet,low,36890.65,10
CRASHCOURSE VILLAGE,Crashcourse Village Inc.,government,low,36870.00,6
OHIO HEALTH EMERGENCY MEDICAL SERVICES,Ohio Health Emergency Medical Services,training,low,36823.40,2
ALEXIS S BECKER,Alexis S Becker,payroll,low,36806.59,1
LORAIN COUNTY DATA,Lorain County Data Llc,it,low,36743.13,1
KALEB A FILADELFO,Kaleb A Filadelfo,payroll,low,36742.81,1
JONATHAN E HAVEL,Jonathan E Havel,payroll,low,36721.51,1
22ND CENTURY TECHNOLOGIES,22nd Century Technologies,professional,medium,36638.55,1
CANTON DATA PRINT,Canton Data Print,it,low,36628.17,1
AMERICAN UNITED LIFE INS,American United Life Ins,payroll,low,36593.36,1
TAYLOR E SCOTT,Taylor E Scott,payroll,low,36513.89,1
BP,Bp,fleet,low,36470.16,5
DOMINION EAST OHIO GAS,Enbridge Gas Ohio,utilities,low,36429.55,3
GREATER CINCINNATI WATER WORKS,Greater Cincinnati Water Works,utilities,low,36425.27,1
327 WARREN COUNTY WATER AND SEWER DEPARTMENT,- Warren County Water & Sewer Department,utilities,low,36352.84,1
SPRINGFIELD OVERHEAD DOOR,Springfield Overhead Door,facilities,low,36335.00,1
A AND M TOWING AND ROAD SERVICE,A And M Towing & Road Service,fleet,low,36329.20,1
STERICYCLE,Stericycle,utilities,medium,36325.50,11
JAYMAC BODY AND FRAME,"Jaymac Body & Frame, Inc.",fleet,low,36313.30,1
JERROD E COOK,Jerrod E Cook,payroll,low,36302.18,1
ALL AMERICAN FIRE EQUIPMENT IN,All-American Fire Equipment In,fire-equipment,low,36295.06,2
CLARKE POWER SERVICES,"Clarke Power Services, Inc.",utilities,low,36274.11,5
TRUCKPRO HOLDING,TruckPro Holding Corp.,fleet,low,36240.57,1
BEST ONE TIRE AND SVC OF COLUMBUS,Best One Tire & SVC of Columbus,fleet,low,36204.01,1
VERATHON,Verathon,ems-equipment,high,36194.08,4
PERS,Ohio Public Employees Retirement System,payroll,low,36129.90,5
RILEY PETROLEUM PRODUCTS,Riley Petroleum Products LLC,fleet,low,36128.29,2
MARK WAHLBERG CHEVROLET WORTHINGTON,Mark Wahlberg Chevrolet Worthington,fleet,low,36058.15,1
ELITE COMPUTERS,Elite Computers,it,low,36030.50,3
HINDS LAWN CARE AND LANDSCAPING,Hinds Lawn Care & Landscaping LLC,facilities,low,36000.00,1
GREAT LAKES TRUCK CENTER,Great Lakes Truck Center,fleet,low,35935.09,1
CARDINAL CREDIT UNION,Cardinal Credit Union,payroll,low,35928.58,1
ASHTABULA COUNTY MEDICAL CENTER,Ashtabula County Medical Center,medical-exams,low,35903.90,1
SEELEY SAVIDGE EBERT AND GOURASH LPA,"Seeley, Savidge, Ebert & Gourash, Co. Lpa",professional,low,35900.00,1
VS BECK INSURANCE AGENCY,V. S. Beck Insurance Agency,insurance,low,35894.39,1
MES OHIO,Municipal Emergency Services,fire-equipment,low,35859.43,1
MATTHEW S GORDON,Matthew S Gordon,payroll,low,35844.30,1
ROBERT MEADOWS,Robert Meadows,payroll,low,35791.35,2
CONNOR D HOSTETLER,Connor D Hostetler,payroll,low,35770.44,1
SOUTHWAY FENCE,Southway Fence Co,facilities,low,35768.16,2
RUMPKE CONSOLIDATED COMPANIES,Rumpke Consolidated Companies,utilities,low,35698.12,3
MRO EXPRESS,MRO Express,facilities,medium,35675.27,1
SCOTT R MILLER,Scott R Miller,payroll,low,35576.97,1
CUYAHOGA COMMUNITY COLLEGE,Cuyahoga Community College,training,low,35570.00,11
ACTIVE 911,Active911,software,medium,35567.84,25
BRIANNIAN B MEEK,Briannian B. Meek,payroll,low,35536.69,1
JACOB A RUBECK,Jacob A Rubeck,payroll,low,35503.12,1
LION CREATIVE STUDIOS,* Lion Creative Studios Llc,fire-equipment,low,35500.00,1
HILL INTERNATIONAL TRUCKS,Hill International Trucks Llc,fleet,low,35342.62,3
OHIO PUBLIC EMPLOYEE RETIREMENT SYSTEM,Ohio Public Employee Retirement System,payroll,low,35284.54,1
BLAKE L ROCKEY,Blake L Rockey,payroll,low,35249.74,1
GALLS PARENT HOLDINGS,Galls,uniforms,low,35246.95,3
PUBLIC EMPLOYEES DEFERRED COMPENSATION,Ohio Public Employees Deferred Compensation,payroll,low,35198.60,1
FOREMOST PROMOTIONS,Foremost Promotions,general,medium,35181.76,8
SMITHS DETECTION EDGEWOOD,Smiths Detection,fire-equipment,medium,35175.00,1
BRAD R LEE,Brad R Lee,payroll,low,35162.36,1
KENNETH W JONES,Kenneth W Jones,payroll,low,35049.76,1
BACKDRAFT OPCO,Emergency Reporting,rms,medium,35036.17,9
LEANNA M WHALEY,Leanna M Whaley,payroll,low,35002.89,1
PUBLIC CONSULTING GROUP,Public Consulting Group,professional,high,35000.00,1
CRYSTAL M PLUMPE,Crystal M Plumpe,payroll,low,34997.34,1
DUNCAN OIL PROPANE,Duncan Oil - Propane,fleet,low,34993.06,1
DRUANN K SIMON,Dru'Ann K Simon,payroll,low,34929.64,1
CSUTEST COM,CSUtest.com,training,low,34925.00,21
COLIN J SCHWARTZ,Colin J Schwartz,payroll,low,34922.33,1
WILLIAM MCCARTNEY,William McCartney,payroll,low,34887.61,1
ACT ADVANCED CLEANING TECH,A.C.T. Advanced Cleaning Tech,facilities,low,34837.64,1
OHIO PUBLIC EMPLOYEES DEFERRED COMPENSAT,Ohio Public Employees Deferred Compensation,payroll,low,34803.13,2
DOLLAR BANK CREDIT CARD OPER,Dollar Bank Credit Card Oper.,finance,low,34782.35,1
RELIABLE METAL BUILDING,Reliable Metal Building Llc,facilities,low,34712.96,1
JEFFERY JON FEDERICO JR,Jeffery Jon Federico Jr.,payroll,low,34704.29,1
CITY OF PARMA LIFE INSURANCE,City Of Parma-Life Insurance,government,low,34692.07,1
BUCK RUN COMMERCIAL DOORS AND HARDWARE,Buck Run Commercial Doors & Hardware Inc,facilities,low,34605.00,1
GBEX,GBEX,facilities,low,34581.78,1
FIRST IN LAST OUT FIRE AND SAFETY EQUIPMENT,First In-Last Out Fire & Safety Equipment Llc,fire-equipment,low,34501.65,2
SAMUEL G FRONDORF,Samuel G Frondorf,payroll,low,34454.00,1
DAYTON DOOR SALES,"Dayton Door Sales, Inc",facilities,low,34451.16,7
JARED BRADLEY,Jared Bradley,payroll,low,34439.27,1
WALTON CONSTRUCTION,Walton Construction,construction,low,34434.00,1
GUARDIAN APPLETON DENTAL,Guardian-Appleton (Dental),payroll,low,34429.38,1
DIGITECH,Digitech,ems-billing,low,34382.87,1
UNITED PROPANE,United Propane,utilities,low,34362.64,1
UNITEDHEALTHCARE INSURANCE,UnitedHealthcare,payroll,low,34157.46,1
SECURITY BENEFIT613979000,Security Benefit613979000,payroll,low,34112.45,1
PNC BANK BUSINESS CARD,Pnc Bank Business Card,finance,low,34061.80,2
DELILLE OXYGEN,Delille Oxygen Company,ems-supplies,low,34059.63,7
HORIZON,Horizon,telecom,low,34038.72,1
MODERN LEASING,Modern Leasing,finance,low,34002.14,4
AUGUSTINE CONSULTING,Augustine Consulting,professional,low,33965.31,1
KAYLA M REUSS,Kayla M Reuss,payroll,low,33928.81,1
BOB BOYD FORD,Bob-Boyd Ford Inc.,fleet,low,33882.84,1
AMC ROOFING,Amc Roofing Llc.,construction,low,33875.00,1
BRIAN CUMMINS,Brian Cummins,facilities,low,33723.81,2
SHAWN PATRICK WURZELBACHER,Shawn Patrick Wurzelbacher,payroll,low,33722.16,1
SUBURBAN NATURAL GAS,Suburban Natural Gas,utilities,low,33690.34,1
OHIO POLICE AND FIRE PENSIO,Ohio Police & Fire Pension Fund,payroll,low,33687.36,2
DEFERRED COMPENSATION,Deferred Compensation,payroll,low,33650.00,1
AMERICAN FIDELITY ASSURANCE,American Fidelity Assurance Company,payroll,low,33581.26,1
KEY CHYSLER PLYMOUTH,"Key Chysler Plymouth, Inc.",fleet,low,33526.97,1
GREGORY A WIRTH,Gregory A. Wirth,payroll,low,33462.69,1
MATHESON TRI GAS VALLEY,Matheson Tri Gas Dba Valley,utilities,low,33354.99,2
HEALTH EQUITY,HealthEquity,payroll,high,33344.75,3
AUSTIN TRUITT,Austin Truitt,payroll,low,33335.52,1
EMS TECHNOLOGY SOLUTIONS,EMS Technology Solutions LLC,it,low,33309.12,4
NEED A DOOR AND MORE,"Need A Door & More, Llc",facilities,low,33300.00,1
BRADLEY C JONES,Bradley C Jones,payroll,low,33267.25,1
JEROD S WRIGHT,Jerod S Wright,payroll,low,33174.73,1
RICHARD C SMITH,Richard C Smith,payroll,low,33130.06,1
DELLAPENNA CONSTRUCTION,DellaPenna Construction,it,low,33125.00,1
HELMLING EXCAVATING,"Helmling Excavating, Llc",construction,low,33100.00,1
773 OREILLY AUTO PARTS,- O'Reilly Auto Parts,fleet,low,33098.87,1
JOSEPH PAVILONIS,Joseph Pavilonis,payroll,low,33067.48,1
BACHMANS HVAC SOLUTIONS,Bachman's HVAC Solutions,facilities,low,32989.34,1
BUTLER COUNTY EMERGENCY,Butler County Emergency,government,low,32981.00,1
COMPTON OVERHEAD DOORS,Compton Overhead Doors,facilities,low,32953.00,2
ROBERT S DILLE,Robert S. Dille,payroll,low,32927.43,1
GEO SCI,Geo Sci,construction,low,32926.00,1
MORGAN WIMER,Morgan Wimer,payroll,low,32885.82,1
EXCALIBUR AUTO BODY,"Excalibur Auto Body, Inc.",fleet,low,32726.47,2
ERICA L SEWELL,Erica L. Sewell,payroll,low,32702.39,1
DARBY CREEK EXCAVATING,"Darby Creek Excavating, Inc.",construction,low,32600.00,1
MICHAEL HUDSON,Michael Hudson,payroll,low,32506.42,1
CLEVELAND DIVISION OF WATER,Cleveland Division Of Water,utilities,low,32424.52,1
GARRETT SCOTT BEAM,Garrett Scott Beam,payroll,low,32423.52,1
PUBLIC EMPLOYEES RETIREMENT SYSTEMS,Ohio Public Employees Retirement System,payroll,low,32413.02,1
NEIL W PERKO,Neil W Perko,payroll,low,32396.61,1
CDW G,Cdw-G,it,low,32389.48,4
PHILIPS ELECTRON N AMER,Philips,ems-equipment,medium,32336.50,1
CEE B GLASS,Cee B Glass Inc,facilities,low,32265.00,1
PHILLIP S CLAYTON,Phillip S Clayton,payroll,low,32245.79,1
NICHOLAS EZZIE,Nicholas Ezzie,payroll,low,32220.10,1
JACOB CHRISTOPHER HINES,Jacob Christopher Hines,payroll,low,32211.23,1
BUTLER TECHNOLOGY AND CAREER DEV SCHOOL,Butler Technology & Career Dev. School,it,low,32173.00,1
RUSH TRUCK CENTERS,Rush Truck Centers,fleet,low,32161.06,1
BEN BROERING,Ben Broering,payroll,low,32146.05,1
CHANGE HEALTHCARE PRACTICE MGT SOLUTIONS,Change Healthcare Practice Mgt Solutions Inc,ems-billing,low,32124.48,1
CHRISTOPHER J ARNOLD,Christopher J Arnold,payroll,low,32099.80,1
VISION SERVICES PLAN OH,Vision Services Plan - (OH),payroll,low,32087.16,1
EMILY D BASSETT,Emily D. Bassett,payroll,low,32057.47,1
PAULS CAR CARE,"Paul'S Car Care, Llc",fleet,low,32054.04,1
JACOB P LEVINGS,Jacob P Levings,payroll,low,32004.11,1
DND UNIFORMS,"D N D Uniforms, Inc.",uniforms,low,31970.82,2
KYLE J DENNISON,Kyle J Dennison,payroll,low,31865.59,1
735 STRYKER SALES,Stryker,ems-equipment,low,31859.30,1
PENN CREDIT,Penn Credit,ems-billing,medium,31846.15,1
CHAD P TEMPLE JR,Chad P Temple Jr,payroll,low,31812.82,1
KEITH E MOORE,Keith E Moore,payroll,low,31793.05,1
WAPAKONETA MUNICIPAL UTILITIES,Wapakoneta Municipal Utilities,utilities,low,31783.55,1
IAFF LOCAL 2134,I.A.F.F. Local 2134,payroll,low,31733.24,1
MICHAEL C HAUGHEY,Michael C. Haughey,payroll,low,31733.24,1
ROBERT G HENDERSON JR,Robert G Henderson Jr,payroll,low,31726.64,1
REINEKE FORD OF FINLEY,Reineke Ford Of Finley,fleet,low,31724.00,1
WENDELL AYALA,Wendell Ayala,it,low,31679.60,1
COGENT BANK,Cogent Bank,finance,low,31675.45,1
MYERS AUTOMOTIVE AND PERFORMANCE,Myers Automotive & Performance,fleet,low,31626.63,1
VILLAGE OF MARIEMONT,Village of Mariemont,government,low,31500.00,1
AULTWORKS OCCUPATIONAL HEALTH SERVICES,Aultworks Occupational Health Services,medical-exams,low,31479.11,2
WESTNET,Westnet,radios,medium,31474.65,1
EMPOLYER TAX EMPLOYER,Empolyer Tax Employer,payroll,low,31403.92,1
ANDREW M FLANNERY,Andrew M Flannery,payroll,low,31381.20,1
1ST NATIONAL COMMUNITY BANK,1St National Community Bank,finance,low,31339.72,1
HOME DEPOT PRO,Home Depot,facilities,low,31314.47,1
JOSHUA P PUSKAR,Joshua P Puskar,payroll,low,31292.09,1
RD JONES EXCAVATING,R.D. Jones Excavating,construction,low,31200.00,1
BEST ONE TIRE SERVICE,Best One Tire Service,fleet,low,31166.43,1
EMBROIDERY WEARHOUSE AND SCREENPRINTING,Embroidery Wearhouse & Screenprinting Llc,general,low,31155.50,1
KEVIN P KROSS,Kevin P Kross,payroll,low,31143.05,1
HSA EMPLOYER MATCH WELLNESS,Hsa - Employer Match/Wellness,payroll,low,31132.00,1
CANTON CITY UTILITIES,Canton City Utilities,government,low,31130.19,2
MATTHEW NOZAR,Matthew Nozar,payroll,low,31078.80,1
ALPHA ENERGY SOLUTIONS,Alpha Energy Solutions,utilities,low,31019.99,1
SPECTRUM BUSINESS,Spectrum,telecom,low,30959.80,6
GIRARD AND ASSOCIATED,Girard and Associated,training,low,30925.00,1
WAYNE LOCAL SCHOOLS,Wayne Local Schools,training,low,30921.21,1
TIRE AND WHEEL AUTO SERVICE CENTER,Tire And Wheel Auto Service Center,fleet,low,30776.64,1
CODY PAUL DOTSON,Cody Paul Dotson,payroll,low,30717.22,1
OHIO TREASURER STATE OF,"Ohio, Treasurer State Of",government,low,30655.00,1
CUMMINS INTERSTATE POWER,"Cummins Interstate Power, Inc.",utilities,low,30646.50,1
CHRISTOPHER J MCCLAIN,Christopher J Mcclain,payroll,low,30618.20,1
AIRGAS GREAT LAKES,Airgas Great Lakes,ems-supplies,low,30554.48,2
NAPA AUTO PARTS BROOKLYN,Napa Auto Parts Brooklyn,fleet,low,30523.72,1
RINEHART WALTERS DANNER AND ASSOC,Rinehart-Walters-Danner & Assoc,training,low,30491.12,1
CITY OF EAST LIVERPOOL,City Of East Liverpool,government,low,30451.49,1
BENTLEY L CONLEY,Bentley L Conley,payroll,low,30387.63,1
MCKESSON,McKesson,ems-supplies,low,30327.84,1
BROADBAND RESOURCES,"Broadband Resources, LLC",general,low,30300.00,1
MIKE ALBERT LEASING,Mike Albert Fleet Solutions,fleet,medium,30282.96,1
VISA,Visa,finance,low,30269.09,4
JONATHON P GIFFORD,Jonathon P Gifford,payroll,low,30259.32,1
LOGAN N SURLS,Logan N. Surls,payroll,low,30249.09,1
SAVINGS BANK,"Savings Bank, The",finance,low,30222.25,1
POLICE AND FIREMENS INSURANCE ASSOC PFIA,Police & Firemen'S Insurance Assoc(Pfia),training,low,30215.08,1
CURTIS M BITTNER,Curtis M Bittner,payroll,low,30213.14,1
KYE A STEVENS,Kye A Stevens,payroll,low,30188.94,1
HUDSON CITY OF,"Hudson, City Of",government,low,30127.09,1
LEAKE OIL,Leake Oil Co.,fleet,low,30103.48,1
MARS ELECTRIC,Mars Electric,utilities,low,30043.94,9
AMERICAN NATL FLEET SVC,"American Natl Fleet Svc, Inc",fleet,low,30036.66,1
CITY OF BLUE ASH,City Of Blue Ash,government,low,30000.00,1
FAIRFIELD TOWNSHIP BOARD OF TRUSTEES,Fairfield Township Board Of Trustees,government,low,30000.00,1
TIMOTHY HUDSON,Timothy Hudson,telecom,low,30000.00,1
ON TARGET,On-Target,general,low,29990.40,1
MITCHELL D KING,Mitchell D King,payroll,low,29973.43,1
COUGHLIN CARS,Coughlin Cars,fleet,low,29955.71,1
OHIO DEPT OF COMMERCE ASHLEY CAMPBELL,Ohio Dept. Of Commerce C/O Ashley Campbell,government,low,29900.00,1
BIRKLEY CONSULTING,Birkley Consulting,professional,medium,29809.66,7
BAMBI L PAULCHEL,Bambi L. Paulchel,payroll,low,29752.46,1
LAWMENS AND SHOOTERS SUPPLY,Lawmen's & Shooters' Supply,general,medium,29707.94,1
SUNRISE OP,Sunrise Co-Op,fleet,low,29680.42,1
EQUITABLE,Equitable,payroll,low,29640.18,2
ANDREW W PARK,Andrew W Park,payroll,low,29627.56,1
CARSON M DRACH,Carson M Drach,payroll,low,29621.20,1
CITY OF AKRON,City Of Akron,government,low,29565.55,8
JASMINE M PIERCE,Jasmine M Pierce,apparatus,low,29544.76,1
TYLER J CARNES,Tyler J Carnes,payroll,low,29469.13,1
OHIO EDISON CITY ELEC BILLS,Ohio Edison,utilities,low,29446.85,1
MONTGOMERY COUNTY PURCHASING DEPARTMENT,Montgomery County Purchasing Department,payroll,low,29441.93,1
FLYERS ENERGY,Flyers Energy LLC,utilities,low,29356.31,1
DYLAN J CAMPBELL,Dylan J Campbell,payroll,low,29353.63,1
APOLLO PROPANE,"Apollo Propane, Inc.",utilities,low,29326.44,1
SYLVESTER TRUCK AND TIRES,Sylvester Truck & Tires,fleet,low,29291.83,1
DONOVAN R FERGUSON,Donovan R Ferguson,payroll,low,29090.32,1
BLASENHAUER PLUMBING AND HEATING,Blasenhauer Plumbing & Heating,facilities,low,29072.08,1
TYLER M NEWBERRY,Tyler M Newberry,payroll,low,29051.85,1
UNUM INSURANCE OF AM,UNUM Insurance Co of Am,payroll,low,29046.66,1
US BANK EQUIPMENT FINANCING,"US Bank Equipment Financing, Inc",finance,low,29023.90,1
RUSH TRUCK CENTER AKRON INTL,Rush Truck Center Akron Intl,fleet,low,29018.41,1
KYLE W STECHSCHULTE,Kyle W. Stechschulte,payroll,low,29014.02,1
HAROLD M HORNYAK,Harold M. Hornyak,payroll,low,28906.24,1
NATHAN KIDWELL,Nathan Kidwell,payroll,low,28905.70,1
FIRELANDS ELECTRIC,"Firelands Electric, Inc",utilities,low,28881.84,2
GYPSY WAGON PRINT,Gypsy Wagon Print,uniforms,low,28874.01,1
LIMA RADIO HOSPITAL,"Lima Radio Hospital, Inc.",radios,low,28871.79,6
JACOB SCOTT,Jacob Scott,payroll,low,28870.26,1
JUSTIN M NEFF,Justin M Neff,payroll,low,28849.93,1
TRUCKPRO,Truckpro,fleet,low,28842.09,9
MELISSA A LAMB,Melissa A. Lamb,payroll,low,28824.85,1
WESTERN OHIO TRUCK AND FIRE,Western Ohio Truck And Fire Llc,fleet,low,28796.39,1
MAINES COLLISION REPAIR AND BODY SHOP,Maines Collision Repair & Body Shop Inc,fleet,low,28777.64,2
ZACHARY MICHAEL TIMMONS,Zachary Michael Timmons,payroll,low,28765.55,1
LINDA J PEIFFER,Linda J Peiffer,payroll,low,28714.75,1
ROY TAILOR UNIFORM,Roy Tailor Uniform,uniforms,low,28674.44,3
COHEN AND ASSOCIATES,Cohen & Associates,training,low,28665.00,1
ERIE COUNTY EMERGENCY,Erie County Emergency,government,low,28576.32,2
WHOLE HOUSE COUNSELING AND CONSULTATION,Whole House Counseling and Consultation,medical-exams,low,28525.00,1
AES,Aes,utilities,low,28485.56,1
COSE HEALTH AND WELLNESS TRUST,COSE Health and Wellness Trust,finance,low,28455.57,1
VISIONARY SIGNS,Visionary Signs,facilities,low,28441.22,4
TYLER J WHITE,Tyler J. White,payroll,low,28429.17,1
CITY OF LIMA UTILITIES,City Of Lima - Utilities,government,low,28387.25,2
MNJ TECHNOLOGIES PUBLIC SECTOR,Mnj Technologies Public Sector,it,low,28378.14,1
BRIAN S HUSTON,Brian S. Huston,payroll,low,28349.10,1
HEALTHIEST YOU,Healthiest You,payroll,low,28340.76,5
CONNOR S BACHMANN,Connor S Bachmann,payroll,low,28231.40,1
MATTHEW REED,Matthew Reed,payroll,low,28231.36,1
TAYLOR J DRYDEN,Taylor J Dryden,payroll,low,28196.77,1
1292 BUCKEYE POWER SALES,"- Buckeye Power Sales Co., Inc.",utilities,low,28172.34,1
PUBLIC EMPLOYEES RETIREMNT SYS,Public Employees Retiremnt Sys,payroll,low,28115.48,1
COLUMBUS SIGNWORKS,Columbus Signworks,facilities,low,28057.00,5
VERDA TEL BECKER,Verda Tel Becker,payroll,low,28050.62,1
BEST ONE TIRE AND SERVICE OF MID AMEICA,"Best One Tire and Service of Mid Ameica, Inc.",fleet,low,28049.33,1
PIERSON GRANT,Pierson Grant,payroll,low,28041.35,1
MID OHIO GENERATORS,Mid-Ohio Generators,facilities,low,28034.00,1
VAN WERT FIRE EQUIPMENT,Van Wert Fire Equipment Co.,fire-equipment,low,27972.20,5
GEM CITY TIRE,Gem City Tire,fleet,low,27943.28,3
STEVEN B GROVES,Steven B Groves,payroll,low,27918.67,1
ERIC S GLAZER,Eric S. Glazer,payroll,low,27902.88,1
KIRK M FISHER,Kirk M Fisher,payroll,low,27894.93,1
MEGAN A RUTHERFORD,Megan A Rutherford,payroll,low,27875.52,1
704 LEXIPOL,- Lexipol Llc,training-software,low,27805.80,1
CARLI C CAREY,Carli C Carey,payroll,low,27804.25,1
JACK BERKOWITZ,Jack Berkowitz,payroll,low,27779.07,1
KOLSOM TIRES,Kolsom Tires,fleet,low,27693.56,3
OH CHILD SUPPORT PAYMENT CENTRAL,Oh Child Support Payment Central,payroll,low,27674.60,1
ROCK N RESCUE,Rock-N-Rescue,fire-equipment,high,27670.48,9
ES CONSULTING,"E.S. Consulting, Inc.",professional,low,27545.80,1
BATTERIES PLUS,Batteries Plus,general,high,27528.80,16
937 INK,Ink Llc,uniforms,low,27468.14,2
OH PUBLIC EMPLOYEE DEFERRED COMP PROGRAM,Oh Public Employee Deferred Comp Program,payroll,low,27460.00,1
ETHAN B SECOY,Ethan B Secoy,payroll,low,27377.62,1
BERNEKER BROTHERS ROOFING,Berneker Brothers Roofing,construction,low,27302.00,1
CINCINNATI WATER WORKS,Cincinnati Water Works,utilities,low,27295.92,1
KINDERS INSURANCE AGENCY,Kinders Insurance Agency,insurance,low,27200.00,1
AQUA OHIO,"Aqua Ohio, Inc.",utilities,low,27193.83,3
WATERWAY,Waterway Inc.,fire-equipment,low,27143.88,6
PONY POWERSPORTS GROUP,"Pony Powersports Group, LLC",fleet,low,27142.96,1
CARSON KAZEE,Carson Kazee,payroll,low,27141.26,2
WELLS FARGO FINANCIAL LEASING,Wells Fargo Financial Leasing,finance,low,27126.15,6
JOHN D PREUER AND ASSOCIATES,"John D. Preuer & Associates, Inc",training,low,27099.95,22
GUMPSTER FLEET SERVICE,Gumpster Fleet Service,fleet,low,27060.40,1
ADAM EVE PLUMBING AND DRAIN SERVICE,"Adam Eve Plumbing & Drain Service, Inc.",facilities,low,27005.14,1
WOOD COUNTY SHERIFF,Wood County Sheriff,government,low,27003.46,2
T ROWEPRICE,T.RowePrice,payroll,low,26979.88,1
KLABEN FORD LINCOLN OF WARREN,Klaben Ford Lincoln Of Warren Inc.,fleet,low,26922.79,2
JASON WILSON,Jason Wilson,payroll,low,26916.98,1
ADVANCED SERVICES OF GALLIPOLI,Advanced Services Of Gallipoli,facilities,low,26861.46,1
JR SBROCCO PLUMBING,J.R. Sbrocco Plumbing Inc.,facilities,low,26820.41,2
CORNERSTONE ARCHITECTURE,Cornerstone Architecture,construction,low,26777.53,1
POWERLINE ENGINE,Powerline Engine,fleet,low,26718.55,2
ANTHONY J MARIOLA,Anthony J Mariola,payroll,low,26714.51,1
GOUGE QUALITY ROOFING,Gouge Quality Roofing Llc,construction,low,26668.00,1
497 WARREN COUNTY CAREER CENTER FIRE TRAINING,- Warren County Career Center (Fire Train,training,low,26650.00,1
WATERWORKS,Waterworks,utilities,low,26641.00,1
VFIS,Vfis,payroll,low,26588.00,6
JOSHUA D HALVERSON,Joshua D Halverson,payroll,low,26497.84,2
RINEHART WALTERS DANNER AND ASSOCIATES,"Rinehart,Walters,Danner & Associates",training,low,26452.77,1
1462 BAYCOM,- Baycom Inc,payroll,low,26423.25,1
AARON J CUNNINGHAM,Aaron J. Cunningham,payroll,low,26422.01,1
LUBE DEPOT AND TIRE,Lube Depot & Tire,fleet,low,26407.63,1
COLTON TAYLOR LEWIS,Colton Taylor Lewis,payroll,low,26398.73,1
R AND T YODER ELECTRIC,"R & T Yoder Electric, Inc.",utilities,low,26386.26,1
UH EMS INSTITUTE,UH EMS Institute,training,low,26317.00,3
CANON FINANCIAL SERVICES,Canon,it,medium,26308.12,4
MS CONSULTANTS,"Ms Consultants, Inc.",professional,low,26292.00,1
ALEX BARTFAI,Alex Bartfai,payroll,low,26282.80,1
KINETIC BUSINESS BY WINDSTREAM,Kinetic Business By Windstream,telecom,low,26267.47,1
REDMONDS PARTS AND PAINT,Redmonds Parts & Paint,fleet,low,26248.13,2
SKYLER EADS,Skyler Eads,payroll,low,26224.25,2
BRYAN WALTER SIMPSON,Bryan Walter Simpson,payroll,low,26201.04,1
OHIO PUB EMPL DEFERRED COMP PROG,Ohio Pub Empl Deferred Comp Prog,payroll,low,26195.43,1
652 REPUBLIC SERVICES,"- Republic Services, Inc.",utilities,low,26069.81,1
CLARK SCHAEFER HACKETT AND,"Clark, Schaefer, Hackett & Co",professional,low,26064.68,2
VERIZON TIME WARNER,Verizon,telecom,low,26056.76,1
COMCAST,Comcast,telecom,high,26041.61,5
CALLAHAN J HENDERSON,Callahan J. Henderson,payroll,low,26004.57,1
RELIANCE STANDARD LIFE INS,Reliance Standard Life Ins.Co,payroll,low,26003.53,2
ANKURA CONSULTING GROUP,Ankura Consulting Group,professional,low,25987.53,1
LUKE JOSEPH NEIKIRK,Luke Joseph Neikirk,payroll,low,25987.12,1
RUSH TRUCK CENTER CLEVELAND,"Rush Truck Center, Cleveland",fleet,low,25935.87,1
ADVANCED GAS AND WELDING SOLUTIONS,Advanced Gas & Welding Solutions,utilities,low,25902.74,2
RIGHT STUFF SOFTWARE,Right Stuff Software Corporation,it,low,25819.99,3
SAMS CLUB SYNCHRONY BANK,Sam'S Club / Synchrony Bank,finance,low,25759.80,2
INSURANCE SPECIALISTS GROUP,"Insurance Specialists Group, Inc",payroll,low,25722.27,1
MORGAN POWERS,Morgan Powers,payroll,low,25701.04,1
ADAM BUSH,Adam Bush,payroll,low,25669.40,2
ELISABETH EVE HIRTZINGER,Elisabeth Eve Hirtzinger,payroll,low,25625.10,1
AMERICAN FAMILY LIFE ASSURANCE,American Family Life Assurance Company,payroll,low,25475.10,1
HIGH RISK TRAINING,"High Risk Training, Llc",training,low,25474.72,1
WADE ALLEN BEAM,Wade Allen Beam,payroll,low,25469.45,1
IRON CITY PIPE,Iron City Pipe,government,low,25416.75,1
HILLIARD TIRE AND AUTO CENTER,Hilliard Tire & Auto Center,fleet,low,25385.13,1
AUTOMATIC FIRE PROTECTION SYST,Automatic Fire Protection Syst,facilities,low,25380.50,1
COLE W OWENS,Cole W. Owens,payroll,low,25363.02,1
TREVOR A WILLOUGHBY,Trevor A Willoughby,payroll,low,25342.55,1
DAUGHERTY CONSTRUCTION,"Daugherty Construction, Inc.",construction,low,25330.00,1
CITY OF DOVER DENTAL INS,City Of Dover Dental Ins,government,low,25309.50,1
AMERICAN HEART ASSOCIATION,American Heart Association,training,high,25309.44,7
MECC REGIONAL COUNCIL OF GOVERNMENTS,Mecc Regional Council Of Governments,government,low,25250.00,2
NATHANIAL MILLER,Nathanial Miller,payroll,low,25238.07,1
NATIONAL TESTING NETWORK,National Testing Network,it,low,25201.36,14
MICHAEL METZGER,Michael Metzger,payroll,low,25199.40,1
JMY LAW,JMY Law,professional,low,25163.00,1
OHIO FIRE AND EMERGENCY SERV FOUNDATION,Ohio Fire & Emergency Serv. Foundation,training,low,25145.00,2
AUSTIN J MAHAM,Austin J Maham,payroll,low,25104.51,1
SCHOOL DISTRICT INCOME TAX,School District Income Tax,payroll,low,25077.59,8
AFFORDABLE AIR HEATING AND COOLING,Affordable Air Heating & Cooling,facilities,low,25072.50,1
EASTON TELECOM SERVICES,"Easton Telecom Services,LLC",telecom,low,25032.96,2
DOMINIC J BRUNO,Dominic J Bruno,payroll,low,25019.94,1
HICKSVILLE TOWNSHIP,Hicksville Township,government,low,25000.00,1
ALEXANDER ALBERT ZAJAC,Alexander Albert Zajac,payroll,low,24997.85,1
CLEARPOINT TECHNOLOGY AND DESIGN,Clearpoint Technology & Design Llc,it,low,24985.89,1
126 FLEETPRIDE,- Fleetpride Inc,fleet,low,24949.00,1
BEST ONE TIRE AND SERVICE OF MID AMERICA,Best One Tire & Service Of Mid America,fleet,low,24837.29,5
JOE R BULLINGER,Joe R. Bullinger,payroll,low,24832.33,1
KELLY ELIZABETH WEEKS,Kelly Elizabeth Weeks,payroll,low,24765.96,2
MCKNIGHT AND HOSTERMAN ARCHITECTS,McKNIGHT & HOSTERMAN ARCHITECTS INC.,construction,low,24755.39,1
DANIEL P GREEN,Daniel P Green,payroll,low,24705.35,1
POLARIS SALES,Polaris,fleet,high,24695.61,1
KEITH KANNER,Keith Kanner,payroll,low,24643.49,1
NATHAN I CRAM,Nathan I. Cram,payroll,low,24556.94,1
JUSTIN N BORGHESE,Justin N. Borghese,payroll,low,24548.44,1
LINDSAY WELLS,Lindsay Wells,payroll,low,24540.82,1
TYLER S SAMS,Tyler S Sams,payroll,low,24496.89,1
LITTLER MENDELSON,"Littler Mendelson, P.C.",professional,low,24495.00,1
MICHAEL T KAMP,Michael T Kamp,payroll,low,24462.42,1
FIRELANDS REGIONAL MEDICAL CENTER,Firelands Regional Medical Center,medical-exams,low,24437.47,3
SMYLIE ONE HEATING AND COOLING,Smylie One Heating & Cooling,apparatus,low,24420.00,1
STATE CHEMICAL SOLUTIONS,State Chemical Solutions,facilities,low,24374.13,4
MOBILE RADIO COMMUNICATIONS,Mobile Radio Communications Llc,radios,low,24344.50,1
ALLSTATE,Allstate,payroll,low,24335.29,1
STANDARD,The Standard,payroll,low,24333.20,2
HENSEL ASPHALT MAINTENANCE,Hensel Asphalt Maintenance,facilities,low,24300.00,1
TRANE US,Trane U.S. Inc.,facilities,low,24290.06,2
TECHNIQUE ROOFING SYSTEMS,"Technique Roofing Systems, Llc",construction,low,24260.00,1
GEOTECHNOLOGY,Geotechnology Inc.,it,low,24244.22,2
D AND W DIESEL,"D & W Diesel, Inc.",fleet,low,24241.44,4
TYLER ERIC CASTLE,Tyler Eric Castle,payroll,low,24202.63,1
STACK HEATING AND COOLING,"Stack Heating & Cooling, Llc",facilities,low,24085.00,1
CRAIG A MOLEDOR,Craig A Moledor,payroll,low,24008.58,1
BARDZ CONCRETE AND LANDSCAPE,Bardz Concrete & Landscape,facilities,low,24000.00,1
EMERGENCY MEDICINE PHYSICIANS OF FRANKLIN CTY,Emergency Medicine Physicians of Franklin Cty,professional,low,24000.00,1
BUTLER COUNTY SHERIFF,Butler County Sheriff,government,low,23961.37,1
DAVID RYAN HOLLINGSWORTH,David Ryan Hollingsworth,payroll,low,23954.06,1
KAIDEN P WEYER,Kaiden P Weyer,payroll,low,23923.70,1
BRETT KNEPPER,Brett Knepper,payroll,low,23902.88,1
WESLEY J MOSS,Wesley J Moss,payroll,low,23898.26,2
WADE GARRETT DAVIS,Wade Garrett Davis,payroll,low,23895.24,1
REPUBLIC SERVICES,Republic Services,utilities,high,23882.61,4
GOODYEAR COMMERICAL TIRE AND SVC CTRS,Goodyear Commerical Tire & Svc Ctrs,fleet,low,23880.09,1
SUMMIT FIRE AND SECURITY,Summit Fire & Security,facilities,medium,23871.93,8
THOMAS GAS SERVICE,"Thomas Gas Service, Inc.",utilities,low,23858.19,1
ROSS AUTO PARTS,Ross Auto Parts,fleet,low,23843.17,2
MICHAEL STEPHEN ALLEN,Michael Stephen Allen,payroll,low,23829.85,1
SUSAN K CABOT,Susan K Cabot,payroll,low,23802.53,1
NICHOLAS W STELZER,Nicholas W Stelzer,payroll,low,23760.58,1
UNIVERSITY HOSPITAL HEALTH SYSTEMS,University Hospital Health Systems Inc,medical-exams,low,23695.00,1
MATTHEW R MUMMA,Matthew R. Mumma,payroll,low,23550.17,1
RELIABLE BUSINESS SOLUTIONS,Reliable Business Solutions,utilities,low,23531.91,1
HOME NATIONAL BANK,Home National Bank,finance,low,23486.80,1
POWERDMS,PowerDMS,training-software,high,23455.39,3
VECTREN CASS,Vectren/Cass,utilities,low,23441.56,1
EMBRACE HEALTHCARE,Embrace Healthcare,ems-supplies,low,23432.40,1
MASON MECHANICAL,Mason Mechanical,facilities,low,23431.00,1
NEW CARLISLE FEDERAL MC VISA ACCT,New Carlisle Federal -M/C Visa Acct,finance,low,23421.42,1
WARREN COUNTY CAREER CENTER,Warren County Career Center,training,low,23415.00,7
CHESTER TOWNSHIP FIREFIGHTERS ASSOCIATION,Chester Township Firefighters Association,government,low,23413.00,1
149 JK MEURER,- J. K. Meurer,facilities,low,23400.00,1
JOSEPH R BULLINGER,Joseph R. Bullinger,payroll,low,23386.94,1
629 WALDORF UNIVERSITY,- Waldorf University,training,low,23368.50,1
P AND R COMMUNICATIONS SERVICES,P&R Communications Services,radios,low,23364.47,2
KEITH CLONCH,Keith Clonch,payroll,low,23346.13,1
ELIZABETH J SHERIDAN,ELIZABETH J Sheridan,payroll,low,23321.42,1
JAKE DURHAM,Jake Durham,payroll,low,23293.18,1
PROTECH SECURITY,Protech Security Inc,facilities,low,23261.18,2
MIDDLEFIELD BANK,Middlefield Bank,finance,low,23204.45,1
DEREK R KUBA,Derek R Kuba,payroll,low,23193.59,1
CODE CREDIT UNION,Code Credit Union,payroll,low,23160.65,1
NAVIGATOR CONSTRUCTION,"Navigator Construction, Llc",construction,low,23138.73,1
NELBUD SERVICES,Nelbud Services,facilities,medium,23135.51,1
APPLE,Apple Inc,it,low,23122.25,4
MATTHEW J ESTRIDGE,Matthew J Estridge,payroll,low,23106.04,1
DELL,Dell,it,low,23104.32,5
BALEIGH EVANS,Baleigh Evans,payroll,low,23101.11,1
400 EAST APPAREL,East Apparel,uniforms,low,23096.48,2
FIRELANDS CORPORATE HEALTH CENTER,Firelands Corporate Health Center,medical-exams,low,23090.30,1
KEMBRA CREDIT UNION,Kembra Credit Union,payroll,low,23050.34,1
JOHN COIL,John Coil,payroll,low,23011.17,1
COUGHLIN FORD,"Coughlin Ford, Inc.",fleet,low,22996.02,2
SHI INTERNATIONAL,SHI International,it,high,22984.71,4
JULIAN R DILLARD,Julian R Dillard,payroll,low,22980.90,1
BOWLING GREEN STATE UNIV,Bowling Green State Univ,training,low,22974.00,3
MASON J PIERPONT,Mason J Pierpont,payroll,low,22971.19,1
ATLANTIC EMERGENCY SOLUTI,Atlantic Emergency Solutions,apparatus,low,22955.42,2
SCOTT D DEITCH,Scott D. Deitch,payroll,low,22952.29,1
ZORNS HEATING AND COOLING,Zorns Heating & Cooling,facilities,low,22880.00,1
LINCOLN NATIONAL LIFE INS,The Lincoln National Life Ins.,payroll,low,22786.22,2
KREIGER FORD,Kreiger Ford Inc.,fleet,low,22772.23,1
CHARLES E HARRIS AND ASSOCIATES,Charles E Harris & Associates Inc,training,low,22753.72,7
CURTIS C YETMAN,Curtis C Yetman,payroll,low,22713.57,1
PHILIPPE J SOCHA,Philippe J Socha,payroll,low,22687.25,1
MICAH SWANSON,Micah Swanson,payroll,low,22617.79,2
1063 CHARTER COMMUNICATIONS SPECTRUM ENTERPRISE,Spectrum,telecom,low,22581.26,1
KEVIN N WARNIMENT,Kevin N. Warniment,payroll,low,22551.22,1
SYNCHRONY BANK,Synchrony Bank,finance,low,22548.31,2
GIANFRANCO SERPONE,GianFranco Serpone,payroll,low,22539.11,1
INTL ASSOC OF FIRE FIGHTERS,Intl Assoc Of Fire Fighters,training,low,22500.00,1
TERRACON CONSULTANTS,Terracon,construction,high,22478.77,1
DALTON M JONES,Dalton M Jones,payroll,low,22473.11,1
1350 BEECHMONT FORD,- Beechmont Ford,fleet,low,22466.08,1
ETHAN JACOB TAVNER,Ethan Jacob Tavner,payroll,low,22419.43,1
LEANNE H SPENCER,Leanne H Spencer,payroll,low,22381.95,1
RESCUE DIRECT,Rescue Direct,fire-equipment,medium,22379.19,3
DANE G JOHNSON,Dane G Johnson,payroll,low,22298.79,1
WATERWAY OF SOUTHWEST PA,"Waterway Of Southwest Pa, Llc",fire-equipment,low,22292.75,3
CPR DRAIN CLEANING,CPR Drain Cleaning,facilities,low,22245.00,2
AMAZON,Amazon,general,high,22241.12,6
MICHAEL S KING,Michael S King,payroll,low,22212.71,1
CHILD SUPPORT PAYMENT CENTRAL,Child Support Payment Central,payroll,low,22203.45,2
GREENFIELD PLANT FARM,GreenField Plant Farm,construction,low,22199.20,1
ALEX WEBER,Alex Weber,payroll,low,22180.46,1
EAGLE ENGRAVING,Eagle Engraving,uniforms,high,22159.05,12
JAMESON MEEK,Jameson Meek,payroll,low,22085.31,1
ADVANCED GAS AND WELDING,Advanced Gas & Welding,utilities,low,22062.90,1
JENNIFER L CAMPBELL,Jennifer L Campbell,payroll,low,22039.28,1
JACK PITZEN,Jack Pitzen,payroll,low,22038.21,1
ROSS EMANS,Ross Emans,payroll,low,22015.70,2
CITY OF SHARONVILLE FIRE DEPARTMENT,City of Sharonville Fire Department,government,low,22002.50,1
COMPLETE TRUCK SERVICE,Complete Truck Service,fleet,low,21956.02,1
BWC,Ohio Bureau of Workers' Compensation,insurance,low,21937.10,3
NEOFPA,Neofpa,training,low,21931.49,15
TANNER L BAKER,Tanner L Baker,payroll,low,21928.01,1
JASON A DONALDSON,Jason A Donaldson,payroll,low,21913.92,1
GUARDIAN APPLETON,Guardian-Appleton,payroll,low,21913.50,2
BRENDA M MEYER,Brenda M Meyer,payroll,low,21910.36,1
LOCAL 4020,Local 4020,payroll,low,21897.74,1
INDIANA OXYGEN,Indiana Oxygen,ems-supplies,low,21875.14,2
COPLEY FIREFIGHTERS ACCT 40069,Copley Firefighters Acct #40069,payroll,low,21869.73,1
CLARK STATE COMMUNITY COLLEGE,Clark State Community College,training,low,21864.14,5
CODY BLAIR,Cody Blair,payroll,low,21854.92,2
GRANITE TELECOMMUNICATIONS,Granite Telecommunications,telecom,low,21779.45,2
ANDREW S PINDOR,Andrew S Pindor,payroll,low,21771.32,1
INDIANA STATE TREASURER,Indiana State Treasurer,government,low,21731.32,1
AIRGAS GAS USA,"Airgas Gas Usa, Llc",ems-supplies,low,21720.01,1
ASHLEY PROFFITT,Ashley Proffitt,payroll,low,21694.22,1
WILLIAM H BROWN,William H Brown,payroll,low,21689.82,1
BARBARA E STANLEY,Barbara E. Stanley,facilities,low,21664.00,1
NATIONAL FIRE PROTECTION ASSOC,National Fire Protection Assoc,training,low,21653.61,7
FIRE CODE ACADEMY,Fire Code Academy,training,low,21621.27,21
BELLS CUSTOM CONCRETE,Bells Custom Concrete Llc,facilities,low,21620.00,2
TREASURER STATE OF OHIO DAS,Ohio Department of Taxation,government,low,21615.00,2
HERITAGE CRYSTAL CLEAN,Heritage Crystal Clean,facilities,low,21581.74,4
EYRE TURF SERVICES,Eyre Turf Services Llc,facilities,low,21575.00,1
SECURITY AND POLYGRAPH CONSULTANTS,"Security & Polygraph Consultants, Inc",professional,low,21575.00,5
SHERREE K LIMING,Sherree K. Liming,payroll,low,21570.18,1
RALPH S COON TRUST RENE GROUNDS,Ralph S Coon Trust c/o Rene Grounds,finance,low,21554.61,1
SAMUEL W FABBRO,Samuel W Fabbro,payroll,low,21549.84,1
ELIZABETH M ROBINSON,Elizabeth M Robinson,payroll,low,21540.59,1
BROCK A YINGLING,Brock A Yingling,payroll,low,21537.49,1
1511 MEDICAL MUTUAL,Medical Mutual of Ohio,payroll,low,21516.84,1
SHAWN RICHTER,Shawn Richter,payroll,low,21455.41,1
COLUMBUS CITY TREAS FIRE,Columbus City Treas/Fire,government,low,21440.00,1
STARK COUNTY METROPOLITAN SEWER DISTRICT,Stark County Metropolitan Sewer District,utilities,low,21433.78,1
GOLDEN WEST INDUSTRIAL SUPPLY,Golden West Industrial Supply,general,high,21417.72,4
AUSTINTOWN TOWNSHIP,Austintown Township,government,low,21323.00,2
BUTCHER AND SON,Butcher & Son,construction,low,21320.00,1
BEAVERCREEK TOWNSHIP FIRE DEPARTMENT,Beavercreek Township Fire Department,government,low,21287.70,1
FIRST IN LAST OUT FIRE EZUIPMENT AND TRAINING,First In-Last Out Fire Ezuipment & Training,training,low,21256.00,1
CREWSENSE,Crewsense,staffing-software,high,21238.98,1
GUTTMAN ENERGY,"Guttman Energy, Inc.",utilities,low,21183.69,1
STARK STATE COLLEGE,Stark State College,training,low,21150.00,5
DANIEL M ROBINSON,Daniel M Robinson,payroll,low,21129.51,1
MEGEN CONSTRUCTION,Megen Construction,construction,high,21115.00,1
LAKE COUNTY DOOR,Lake County Door,facilities,low,21104.99,2
DEL WATER,"Del-Co Water Co., Inc.",utilities,low,21054.04,1
JUSTIN G YOUNG,Justin G Young,payroll,low,21038.79,1
RICART AUTOMOTIVE,Ricart Automotive,fleet,low,21025.77,2
SPEEDWAY SUPERAMERICA,Speedway Superamerica,fleet,low,21015.25,1
BRENT BENCAR,Brent Bencar,payroll,low,21012.80,1
POLY TECH ASSOCIATES,Poly-Tech Associates,training,low,21003.00,4
BELL MEDICAL SERVICES,Bell Medical Services Inc.,telecom,low,20982.95,1
RYAN FOWLER,Ryan Fowler,payroll,low,20959.50,1
GAUMARD SCIENTIFIC,Gaumard Scientific,training,medium,20955.00,1
HANNAH M AUGUST,Hannah M August,payroll,low,20917.42,1
JUSTIN THOMAS COMER,Justin Thomas Comer,payroll,low,20908.92,1
ALMUR CONSTRUCTION,Almur Construction,construction,low,20860.90,1
TRUCRAFT ROOFING,Trucraft Roofing Llc,construction,low,20852.66,1
OHIO POWER,Ohio Power Company,utilities,low,20848.73,1
FURBAY MANSFIELD ELECTRIC,Furbay/Mansfield Electric,utilities,low,20844.71,2
ACE HARDWARE,Ace Hardware,facilities,high,20771.15,4
CITY OF CINCINNATI,City of Cincinnati,government,high,20764.95,2
S AND G PAINTING CONTRACTORS,"S&G Painting Contractors, Inc.",construction,low,20705.00,1
FRANK TRIANA,Frank Triana,payroll,low,20693.30,1
CLAIRE M SCHRAMM,Claire M Schramm,payroll,low,20691.52,1
DENNIS B CABLE,Dennis B Cable,payroll,low,20690.06,1
WITHHOLDINGS PAYROLL,Withholdings - Payroll,payroll,low,20689.87,1
GEORGE D BURBA,George D Burba,payroll,low,20668.46,1
AMAZON CREDIT PLAN,Amazon,general,low,20659.31,1
NORTHERN SAFETY,Northern Safety,uniforms,low,20648.71,3
JOHN R GREENE,John R Greene,payroll,low,20588.15,1
TIFFANY L KRONENBERGER,Tiffany L. Kronenberger,payroll,low,20562.17,1
HOME APPLIANCE,Home Appliance Co,facilities,low,20559.42,2
CAPITAL ONE,Capital One,finance,high,20535.23,6
ZIMCOM,Zimcom,utilities,low,20514.60,1
REBECCA N MATHES,Rebecca N. Mathes,payroll,low,20463.74,1
MITCHELL W ALT,Mitchell W Alt,payroll,low,20444.02,1
KENT STATE UNIVERSITY,Kent State University,training,low,20393.25,1
EMERGENCY VEHICLE PRODUCTS,"Emergency Vehicle Products, Inc.",apparatus,low,20386.80,3
DEREK B SANDOR,Derek B Sandor,payroll,low,20383.94,1
MID OHIO REGIONAL PLANNING COMM,Mid-Ohio Regional Planning Comm,training,low,20381.25,1
TITAN GRAPHICS,Titan Graphics,uniforms,low,20373.74,2
D AND TPM AND TRUCK REPAIR,D & T P M & Truck Repair Llc,fleet,low,20373.40,4
WINDSTREAM,Windstream,telecom,low,20356.64,6
KENTUCKY TAX,Kentucky Tax,payroll,low,20352.80,1
PAYCHEX FEES,Paychex,payroll,low,20346.81,1
AXA,Axa,payroll,low,20342.64,1
CORTLAND FIREFIGHTERS,Cortland Firefighters,payroll,low,20340.00,1
JOHN R DILLON JR,John R Dillon Jr,payroll,low,20325.17,1
TESSCO,Tessco,radios,medium,20313.24,1
HOME DEPOT CRC,Home Depot,facilities,low,20312.67,2
KENNETH HERBERT PLUMBING,Kenneth Herbert Plumbing,facilities,low,20312.14,1
OHIO FIRE AND EMERGENCY SERVICES,Ohio Fire & Emergency Services,training,low,20310.00,6
OMNIGO SOFTWARE,Omnigo Software,it,low,20185.88,1
FIRE DEPT TRAINING NETWORK,Fire Dept Training Network,it,low,20175.00,2
ESO SOULTIONS,Eso Soultions Inc,rms,low,20144.04,1
PUBLIC EMPLOYEES RETIREMENT SY,Ohio Public Employees Retirement System,payroll,low,20078.28,1
DANIEL J WHEELER,Daniel J Wheeler,payroll,low,20042.58,1
NORTH DIXIE TRUCK AND TRAILER,North Dixie Truck & Trailer Inc,fleet,low,20041.43,2
ZACHARY POTKANOWICZ,Zachary Potkanowicz,payroll,low,20034.97,1
KAITLYN SCAGGS,Kaitlyn Scaggs,payroll,low,20015.89,1
ROCKMILL FINANCIAL CONSULTING,Rockmill Financial Consulting LLC,professional,low,20000.00,1
SAMUEL J GRACI,Samuel J. Graci,payroll,low,19996.67,1
SYMETRA LIFE INSURANCE,Symetra Life Insurance Company,payroll,low,19950.48,2
STAR2STAR COMMUNICATIONS,Star2Star Communications,telecom,low,19943.75,2
CHASE M LINNENKUGEL,Chase M Linnenkugel,payroll,low,19941.09,1
VILLAGE OF DENNISON INCOME TAX DEPT,Village Of Dennison Income Tax Dept.,payroll,low,19929.99,1
PK PRESSURE KLEEN,PK Pressure Kleen,facilities,medium,19920.00,1
CODY A SMELTZER,Cody A Smeltzer,payroll,low,19911.64,1
BRONDES FORD,Brondes Ford,fleet,low,19910.54,1
ATLANTIC EMERGENCY,Atlantic Emergency Solutions,apparatus,low,19894.13,2
DANIEL A MOORE,Daniel A Moore,payroll,low,19892.27,1
BURNHAM AND FLOWERS INSURANCE GROUP,Burnham & Flowers Insurance Group,payroll,low,19880.50,1
AGILE NETWORK BUILDERS,"Agile Network Builders, LLC",it,low,19800.00,1
LOUISVILLE CITY,Louisville City,government,low,19783.83,1
RYAN M LUCAS,Ryan M Lucas,ems-equipment,low,19774.93,1
41 BEST ONE TIRE AND SERVICE,- Best One Tire & Service,fleet,low,19762.91,1
JAY PETROLEUM,"Jay Petroleum, Inc.",fleet,low,19746.42,1
PHOENIX OUTFITTERS,Phoenix Outfitters,uniforms,low,19675.00,1
GRAINGER WW,"Grainger, W.W., Inc.",general,low,19635.52,2
FIRST NET,AT&T,telecom,high,19628.68,1
DOWSCO,Dowsco Inc.,general,low,19612.28,1
NORTH SIDE BANK AND TRUST VISA,North Side Bank & Trust Visa,finance,low,19578.53,1
CUSTOM ELECTRIC SERVICE,"Custom Electric Service, Inc.",utilities,low,19574.00,3
MCTV,Mctv,utilities,low,19557.32,1
CHASE D ABDUL,Chase D Abdul,payroll,low,19556.48,1
HEARTLAND BANK MASTERCARD,Heartland Bank Mastercard,finance,low,19555.06,1
1287 DRY MAXX OHIO,- Dry Maxx Ohio Inc,facilities,low,19545.22,1
TELESYSTEM,Telesystem,telecom,low,19527.39,2
KEY BANK KEY2PURCHASE,Key Bank- Key2Purchase,finance,low,19497.67,1
CONNER MCKIRGAN,Conner Mckirgan,payroll,low,19496.60,1
JOHN A STERNAD,John A. Sternad,payroll,low,19489.11,1
CONCRETE FLOORING SOLUTIONS OF OHIO,Concrete Flooring Solutions Of Ohio,construction,low,19483.95,1
RICHARD L BOWEN AND ASSOC,"Richard L. Bowen & Assoc, Inc",training,low,19471.67,1
WILLIAM W HEITKER,William W Heitker,payroll,low,19471.29,1
MID CITY ELECTRIC,Mid-City Electric Co,utilities,low,19420.01,1
JUSTIN DILSAVER,Justin Dilsaver,payroll,low,19396.28,1
FIREHOUSE FABRICATORS,Firehouse Fabricators,training,medium,19359.60,4
MICHAEL A THOMAS,Michael A Thomas,payroll,low,19347.25,1
TREASURER OF STATE ODADAS,Treasurer Of State- Odadas,government,low,19330.00,1
CHRISTOPHER L SANDER,Christopher L Sander,payroll,low,19329.77,1
MES LIFE SAFETY,Municipal Emergency Services,fire-equipment,low,19326.37,3
JESSE HEFNER,Jesse Hefner,payroll,low,19319.37,1
2648,2648,facilities,low,19302.97,1
TRUCK SHOP,The Truck Shop,fleet,low,19285.00,2
AT AND T MOBILITY CC,At & T Mobility - Cc,telecom,low,19281.33,2
ORANGE TOWNSHIP FIRE DEPARTMENT,Orange Township Fire Department,government,low,19278.46,1
JOSHUA B STAMPER,Joshua B. Stamper,payroll,low,19275.55,1
SUBURBAN PROPANE AR CTR,Suburban Propane - A/R Ctr,utilities,low,19239.50,1
NATHANIEL BATCHELOR,Nathaniel Batchelor,payroll,low,19239.45,1
BIG E AND SONS CONSTRUCTION,Big E & Sons Construction,construction,low,19200.00,1
ZIEGLER TIRE,Ziegler Tire,fleet,low,19175.26,3
PENSERV,PenServ,payroll,low,19120.00,1
786 UNIVERSITY OF CINCINNATI,- University Of Cincinnati,training,low,19108.47,1
ROCKI HUDDLESTON,Rocki Huddleston,payroll,low,19015.51,1
PRINCETON TIRE,Princeton Tire Co,fleet,low,19008.08,3
TREAS ST OF OHIO,Treas St Of Ohio,government,low,18991.97,1
WASHINGTON NATIONAL INSURANCE,Washington National Insurance Co,payroll,low,18946.50,1
DETROIT TIRE,Detroit Tire Inc.,fleet,low,18932.22,1
KEVIN B REYNOLDS,Kevin B Reynolds,payroll,low,18924.64,1
LOWES BUSINESS ACCOUNT SYNCB,Lowe's,facilities,low,18893.56,2
UNIVERSITY HOSPITAL OCCUPATIONAL HEALTH,University Hospital Occupational Health,medical-exams,low,18879.60,2
GALLIA COUNTY AUDITOR,Gallia County Auditor,government,low,18849.91,1
LIBERTY FORD LINCOLN MERCURY,Liberty Ford Lincoln Mercury Inc,fleet,low,18814.61,2
E AND H HARDWARE GROUP,"E & H Hardware Group, LLC",facilities,low,18809.55,8
HD SUPPLY FORMERLY HOME DEPOT PRO,HD SUPPLY Formerly Home Depot Pro,facilities,low,18797.80,1
SAND TECHNOLOGICS,Sand Technologics Llc,it,low,18789.30,1
INNOVATIVE HYDRUALIC,Innovative Hydrualic,fleet,low,18787.98,1
DONALD BUCHANAN III,Donald Buchanan III,facilities,low,18750.00,1
FIRST CHOICE TRUCK AND TRAILER,First Choice Truck & Trailer Ltd,fleet,low,18749.11,1
GREAT OAKS,Great Oaks,training,low,18735.00,5
VISUAL EDGE IT,"Visual Edge It, Inc",it,low,18731.17,6
SPARTAN ARMOR SYSTEMS,Spartan Armor Systems,apparatus,low,18688.06,3
DRG PLUMBING,Drg Plumbing,facilities,low,18679.59,1
AMAZON CAPITAL SERVICES NC,Amazon,general,low,18659.79,1
MICHAEL G GARDONE,Michael G. Gardone,payroll,low,18625.10,1
LINIFORM LINEN AND UNIFORM SERVICE,Liniform Linen & Uniform Service,uniforms,low,18609.57,1
SCHAEFFER IT ENTERPRISES,Schaeffer It Enterprises,it,low,18608.15,1
PATRICK A HARRINGTON,Patrick A. Harrington,payroll,low,18590.61,1
SAUBER EMS PHYSICIANS LCC,"Sauber EMS Physicians, LCC",professional,low,18575.00,1
UNIVERSITY HOSPITALS HEALTH SYSTEM,"University Hospitals Health System, Inc.",medical-exams,low,18575.00,3
MARVIN P HOFFMAN,Marvin P Hoffman,payroll,low,18519.34,1
NICHOLS PAPER AND SUPPLY,Nichols Paper & Supply Company,facilities,low,18466.72,4
GREENE COUNTY BOARD OF COMMISSIONERS,Greene County Board Of Commissioners,government,low,18447.28,1
GPD ASSOCIATES,Gpd Associates,training,low,18439.40,1
SHILLINGBURG RALPH,"Shillingburg, Ralph",payroll,low,18424.75,1
GABRIEL LAWSON,Gabriel Lawson,payroll,low,18419.94,1
ROBERT J GEISELMAN JR,Robert J Geiselman Jr,payroll,low,18401.97,1
MILLER DOOR SOLUTIONS,Miller Door Solutions,facilities,low,18366.92,1
RICHARD E MANNING,Richard E Manning,payroll,low,18342.49,1
ROUSH FORD,Roush Ford,fleet,low,18325.54,2
METROPOLITAN OFFICE,Metropolitan Office,payroll,low,18317.58,1
HALL PUBLIC SAFETY OUTFITTERS,Hall Public Safety Outfitters,fire-equipment,low,18294.74,2
ALEXANDRIA J BROWN,Alexandria J Brown,payroll,low,18257.12,1
JANI AUTO PARTS,Jani Auto Parts*,fleet,low,18221.79,3
134 GRAINGER,- Grainger,general,low,18209.41,1
HOUCK ASPHALT MAINTENANCE,Houck Asphalt Maintenance,facilities,low,18203.00,1
DANIEL J RIEMAN,Daniel J. Rieman,payroll,low,18182.73,1
ASHLEY N SCHROEDER,Ashley N Schroeder,payroll,low,18182.64,1
ZACK MCAVOY,Zack Mcavoy,payroll,low,18175.73,1
COMMERCIAL TRUCK AND TRAILER,Commercial Truck & Trailer,fleet,low,18159.01,2
FRONTIER COMMUNICATIONS,Frontier Communications Company,telecom,low,18150.84,2
DAYTON FIRE PROTECTION,Dayton Fire Protection Inc,facilities,low,18135.00,1
MACS AUTO PARTS,Mac's Auto Parts Co.,fleet,low,18088.89,2
TREASURER OF STATE UAN,Treasurer Of State - Uan,government,low,18067.87,2
HOME DEPOT GECF,Home Depot,facilities,low,18062.91,1
MAXWELL K TISDALE,Maxwell K Tisdale,payroll,low,18050.43,1
FIDELITY SECURITY LIFE INS,Fidelity Security Life Ins Co,payroll,low,18046.33,2
TRUSTEES OF ASHTABULA TOWNSHIP,Trustees Of Ashtabula Township,government,low,18025.63,1
LARRY WILSON,Larry Wilson,facilities,low,18025.00,1
GABRIELLE E THORNTON,Gabrielle E. Thornton,payroll,low,18015.72,1
VALLEY FIREFIGHTERS,Valley Firefighters Inc.,payroll,low,18015.00,1
ATWATER FIRE DEPARTMENT,Atwater Fire Department,utilities,low,18000.00,1
INTERNATIONAL ASSOCIATION OF FIRE FIGHTERS,International Association Of Fire Fighters,training,low,18000.00,2
NORTHEAST OHIO REGIONAL SEWER DISTRICT,Northeast Ohio Regional Sewer District,utilities,low,17982.55,1
OHIO PUBLIC RISKS INSURANCE AGENCY,"Ohio Public Risks Insurance Agency, Inc.",insurance,low,17969.00,3
MARIO D DAMICO,Mario D D'Amico,payroll,low,17955.66,1
CLEANING SUPPLIES,Cleaning Supplies Company,facilities,low,17880.13,2
CHESTER TOWNSHIP PROFESSIONAL FIREFIGHTERS,Chester Township Professional Firefighters,government,low,17850.00,1
DR SAUBER EMS PHYSICIANS,"Dr. Sauber, EMS Physicians, LLC",professional,low,17800.00,1
CHAGRIN RIVER WATERSHED,Chagrin River Watershed,utilities,low,17790.00,1
WHP TRAININGTOWERS,WHP Trainingtowers,training,low,17787.20,1
PREVENTIVE MAINTENANCE,Preventive Maintenance,facilities,low,17767.74,1
MICHAEL CAREY,Michael Carey,payroll,low,17758.70,1
AUDITOR OF STATE,Auditor Of State,government,low,17750.15,2
MONTGOMERY COUNTY ENVIRONMENTAL SERVICES,Montgomery County Environmental Services,utilities,low,17729.13,2
OFFICE DEPOT,Office Depot,general,high,17723.44,15
OASIS LAWN CARE,Oasis Lawn Care,facilities,low,17716.50,1
GREATWAVE,GreatWave,telecom,low,17713.56,1
STEVEN M SOBLOSKY,Steven M Soblosky,payroll,low,17694.97,1
106 E TECHNOLOGIES GROUP,- E-Technologies Group Llc,it,low,17688.68,1
MUNICIPAL EMERGENCY SERVICE,Municipal Emergency Service,fire-equipment,low,17687.61,3
JOSHUA D CARTER,Joshua D. Carter,payroll,low,17684.20,1
ANDREW VALENTI,Andrew Valenti,payroll,low,17664.08,1
ELITE,Elite,fleet,low,17646.52,1
SAMUEL M HEIMKREITER,Samuel M Heimkreiter,payroll,low,17620.69,1
MUHA CONSTRUCTION,Muha Construction Inc,construction,low,17617.00,1
AUTOZONE COMMERCIAL,Autozone Commercial,fleet,low,17615.84,1
MEGAN GOEHRING,Megan Goehring,payroll,low,17614.50,1
AUTOZONE,AutoZone,fleet,high,17603.51,11
DANIEL R BEAUCHENE,Daniel R Beauchene,payroll,low,17596.03,1
MIAMI TOWNSHIP HOUSE FUND,Miami Township House Fund,government,low,17569.23,1
ORANGE TOWNSHIP,Orange Township,government,low,17563.96,1
SEVEN SEVENTEEN CREDIT UNION,"Seven Seventeen Credit Union, Inc.",payroll,low,17550.00,2
PARMA MUNICIPAL COURT 2,Parma Municipal Court #2,government,low,17536.50,1
PRICE CONSULTATION SERVICES,"Price Consultation Services, Llc",professional,low,17500.00,3
BENJAMIN S ROBERTS,Benjamin S Roberts,payroll,low,17491.60,1
BHM CPA GROUP,"BHM CPA Group, Inc.",professional,low,17481.83,3
CORNERSTONE IT LOGICALLY,Cornerstone It Dba Logically,it,low,17465.67,1
MAYER PLUMBING,Mayer Plumbing,facilities,low,17456.50,1
CITY OF COLUMBIANA UTILITIES,City Of Columbiana (Utilities),government,low,17441.27,1
PUBLIC EMPLOYEES RETIRE SYSTEM,Public Employees Retire System,payroll,low,17430.74,1
ENGINE ENERGY AND AUTOMATION,Engine Energy & Automation Llc,utilities,low,17424.09,1
1213 AMAZON CAPITAL SERVICES,Amazon,general,low,17413.00,1
RELIANCE STANDARD LIFE,Reliance Standard Life,payroll,low,17393.73,1
LUCAS S WELSH,Lucas S Welsh,ems-equipment,low,17387.14,1
GREAT GARAGE DOORS,Great Garage Doors,facilities,low,17386.00,2
MCE ELECTRIC,Mce Electric,utilities,low,17382.46,1
NORTHERN MOBILE ELECTRIC,Northern Mobile Electric,utilities,low,17352.31,4
DESIREE B ARN,Desiree B Arn,payroll,low,17339.27,1
ROLLNRACK,RollNRack,fire-equipment,medium,17335.00,4
VECTREN ENERGY DELIVERY,Vectren Energy Delivery,utilities,low,17332.13,6
AUSTIN R PAUL,Austin R Paul,payroll,low,17328.58,1
HAZMATOHIO,HazMatOhio LLC,training,low,17300.00,1
MOTOROLA SOLUTIONS CREDIT,Motorola Solutions,radios,low,17282.50,1
VSP VISION SERVICE PLAN,Vsp/Vision Service Plan,payroll,low,17274.87,1
SHANE STELK,Shane Stelk,payroll,low,17270.87,1
STARK MATERIALS,"Stark Materials, Inc",facilities,low,17237.69,1
REPUBLIC WASTE SERVICES,Republic Waste Services,utilities,low,17216.60,1
EMH ENTERPRISES,EMH Enterprises LLC,facilities,low,17207.28,1
ENTERPRISE TECHNOLOGY SERVICES,Enterprise Technology Services,it,low,17202.61,1
1158 EXTREME MICROBIAL TECHNOLOGIES,- Extreme Microbial Technologies,it,low,17198.00,1
WW WILLIAMS TOLEDO,W.W. Williams (Toledo),facilities,low,17172.54,2
BUTLER TECH,Butler Tech,training,low,17168.00,3
TYLER ANDERSON,Tyler Anderson,payroll,low,17142.31,1
CHANGE HEALTHCARE TECH ENABLED SERV,"Change Healthcare Tech. Enabled Serv., LLC",ems-billing,low,17112.89,1
A AND B TIRE SERVICE,A&B Tire Service,fleet,low,17107.00,1
PLEASANT TOWNSHIP FIRE DEPT,Pleasant Township Fire Dept.,government,low,17100.00,1
WELLSTON FIRE DEPARTMENT TRAINING ACADEMY,Wellston Fire Department Training Academy,training,low,17100.00,3
CENTURY EQUIPMENT,Century Equipment,fleet,medium,17085.08,1
GERBER COLLISION AND GLASS WILMINGTON,Gerber Collision & Glass- Wilmington,fleet,low,17082.44,1
APPLIED MECHANICAL SYSTEMS,Applied Mechanical Systems Inc,facilities,low,17072.72,2
HALL LAW FIRM,Hall Law Firm,professional,low,17055.97,1
JOSEPH J PETE SR,Joseph J. Pete Sr.,payroll,low,17023.49,1
EDISON STATE COMMUNITY COLLEGE,Edison State Community College,utilities,low,17010.00,1
ERIC J SIEFKER,Eric J. Siefker,payroll,low,17000.14,1
1221 MARK SPAULDING CONSTRUCTION,- Mark Spaulding Construction Co.,construction,low,17000.00,1
CLEVELAND PSYCHOLOGICAL TESTING,"Cleveland Psychological Testing, LLC",medical-exams,low,17000.00,2
ANASTACIO L RODRIGUEZ,Anastacio L Rodriguez,payroll,low,16989.78,1
US DEPARTMENT OF TREASURY,U.S. Department of the Treasury,payroll,low,16987.14,1
SCHWARZ UNIFORM,Schwarz Uniform Corporation,uniforms,low,16985.50,1
OHIO FIRE AND EMERGENCY SERVICES FND,Ohio Fire & Emergency Services Fnd,training,low,16980.00,1
TOMAS JIMENEZ,Tomas Jimenez,payroll,low,16969.06,1
KYLE MATTHEW VINCENT,Kyle Matthew Vincent,payroll,low,16948.91,1
CS ENTERPRISES,"Cs Enterprises, Inc.",uniforms,low,16894.38,1
FIDELITY SECURITY LIFE INSURANCE,Fidelity Security Life Insurance Company,payroll,low,16889.58,2
BRAD M SCHWERTNER,Brad M Schwertner,payroll,low,16848.68,1
MICHAEL BROOKS,Michael Brooks,payroll,low,16830.81,1
CINTAS 011,Cintas,uniforms,low,16825.29,1
US TREASURY IRS,Internal Revenue Service,payroll,low,16794.48,1
SOUTHERN OHIO DOOR CONTROLS,Southern Ohio Door Controls,facilities,low,16787.00,1
BRANDON L SPARKS,Brandon L Sparks,payroll,low,16766.98,1
AMES PAINTING AND MORE,"Ames Painting & More, Inc.",facilities,low,16753.23,1
KELLER PLUMBING,Keller Plumbing Llc,facilities,low,16734.00,1
VERIZON WIRELESS FIRE,Verizon,telecom,low,16733.64,1
COLUMBUS DOOR SALES,"Columbus Door Sales, LLC",facilities,low,16721.75,1
KEITH W BRICKNER,Keith W. Brickner,payroll,low,16711.87,1
PLUNKETT COONEY,Plunkett Cooney,professional,low,16709.50,1
PAMELA L WATKINS,Pamela L. Watkins,payroll,low,16683.35,1
FINDLAY FLEET REPAIR AND WELDING,Findlay Fleet Repair & Welding LLC,fleet,low,16671.24,1
WATERWAYS OF SOUTHWEST PA,"Waterways of Southwest PA, LLC",fire-equipment,low,16659.08,3
FARMERS AND MERCHANTS BANK,The Farmers And Merchants Bank,finance,low,16656.25,2
652 REPUBLIC SERVICES 798,- Republic Services #798,utilities,low,16624.96,1
ZUBER SAFETY AND SECURITY,"Zuber Safety & Security, Llc",construction,low,16614.50,1
ADAM SMITH,Adam Smith,uniforms,low,16594.27,1
497 WARREN CTY CAREER CENTER FIRE TRAINING,- Warren Cty Career Center (Fire Training,training,low,16560.00,1
PUBLIC EMPLOYEES RETIRMENT SYSTEM,Public Employees Retirment System,payroll,low,16526.95,1
POWER DMS,Power Dms,utilities,low,16514.57,2
NATHAN TWINING,Nathan Twining,payroll,low,16500.84,1
1238 HAMILTON TOWNSHIP BOARD OF TRUSTEES,- Hamilton Township Board Of Trustees,government,low,16500.00,1
PARMA COMMUNITY GENERAL HOSPITAL ASSOCIATION,The Parma Community General Hospital Associat,medical-exams,low,16500.00,1
PLATINUM RESTORATION CLEANING,Platinum Restoration Cleaning Inc,facilities,low,16466.59,2
BROCK J SCHROEDER,Brock J Schroeder,payroll,low,16445.43,1
811 SUPER LAUNDRY EQUIPMENT,- Super Laundry Equipment Corporation,payroll,low,16421.40,1
LAUREN KELLEY,Lauren Kelley,payroll,low,16416.15,1
EVAN T SEELEY,Evan T Seeley,payroll,low,16388.04,1
SUPERIOR SPRING,Superior Spring Inc,fleet,low,16387.96,4
NATIONAL FIRE PROTECTION ASSN,National Fire Protection Assn,training,low,16358.02,2
575 KE ROSE,- K. E. Rose Company Ltd,fleet,low,16350.00,1
COOKS PAINTING,Cooks Painting,facilities,low,16350.00,1
WILLIAM W STIPPICH,William W Stippich,payroll,low,16344.42,1
PLANET TECHNOLOGIES,Planet Technologies,it,low,16319.27,1
OREILLY AUTOMOTIVE STORES,O'Reilly Automotive Stores Inc,fleet,low,16307.62,1
PREMIER OCCUPATIONAL HEALTH,Premier Occupational Health,medical-exams,low,16301.06,4
BINEGAR BUILDERS,Binegar Builders,construction,low,16300.00,1
SUPERFLEET MASTERCARD,Superfleet Mastercard,fleet,low,16294.98,1
JOHN M KRONENBERGER,John M Kronenberger,payroll,low,16254.67,1
LAKE SHORE OVER HEAD DOOR,Lake Shore Over Head Door,facilities,low,16202.00,1
ADVANCED MECHANICAL SERVICES,"Advanced Mechanical Services, Inc",facilities,low,16189.00,1
MICHAEL P SNELL,Michael P Snell,payroll,low,16172.60,1
MARK C FLOWERS II,Mark C Flowers Ii,payroll,low,16169.37,1
WESTERN BROWN LOCAL SCHOOL DISTRICT,Western Brown Local School District,government,low,16142.08,1
GARY A MARTIN III,Gary A Martin Iii,payroll,low,16109.50,1
OHIO PERS,Ohio Pers,payroll,low,16102.04,1
CUMMINS BRIDGEWAY LCC,"Cummins Bridgeway, Lcc",facilities,low,16081.33,1
INTERNATIONAL ASSOC ARSON INV,International Assoc Arson Inv,training,low,16067.00,1
ANDREW RATERMAN,Andrew Raterman,payroll,low,16057.81,1
GEAUGA CTY AUTOMATIC DATA PROCESSING BOARD,Geauga Cty Automatic Data Processing Board,it,low,16029.06,1
BELINDA K EMORY,Belinda K Emory,payroll,low,16027.08,1
MIAMI VALLEY EDUCATION COMPUTER ASSOCIATION,Miami Valley Education Computer Association,it,low,16017.15,1
JUDD M RADOVIC,Judd M Radovic,payroll,low,15978.20,1
KATHERINE E BOYD,Katherine E Boyd,payroll,low,15970.00,1
HIGHFIELD DOOR SALES,Highfield Door Sales Llc,facilities,low,15965.00,2
RICH HOLTHAUS PLUMBING,Rich Holthaus Plumbing Co,facilities,low,15956.50,1
ALLSTATE INSURANCE,Allstate Insurance,payroll,low,15953.20,2
BLING IT ON APPAREL,"Bling It On Apparel, Llc",it,low,15938.35,2
KONKUS MARBLE AND GRANITE,Konkus Marble & Granite,construction,low,15930.00,1
CHASE T GREEN,Chase T Green,payroll,low,15915.43,1
AMERITAS LIFE INS OF NEW YORK,Ameritas Life Ins.Corp.of New York,payroll,low,15890.51,1
CONTRACTORS DESIGN ENGINEERING,"Contractors Design Engineering, Ltd.",construction,low,15870.00,1
1247 LEACH PAINTING CONTRACTORS,"- Leach Painting Contractors, Llc",construction,low,15855.00,1
OVERHEAD DOOR OF GREATER CINTI,Overhead Door Of Greater Cinti,facilities,low,15847.32,1
WAYNE GARAGE DOOR SALES AND,Wayne Garage Door Sales &,facilities,low,15846.16,1
ANTHONY M SHROYER,Anthony M Shroyer,payroll,low,15841.40,1
TRUCKPRO COLUMBUS,TruckPro-Columbus,fleet,low,15804.66,1
GAGE C REMY,Gage C Remy,payroll,low,15785.18,1
SUN LIFE FINANCIAL,Sun Life,payroll,medium,15782.65,1
AMERICAN HERITAGE LIFE INSURANCE COMP,American Heritage Life Insurance Comp,payroll,low,15754.48,1
BRYAN BRACE,Bryan Brace,payroll,low,15696.68,2
MIKE CASTRUCCI FORD,Mike Castrucci Ford Inc,fleet,low,15689.52,2
RELIABLE HEATING AND COOLING,Reliable Heating & Cooling,facilities,low,15688.08,2
JOINT TWP DIST MEM HOSPITAL,Joint Twp Dist Mem Hospital,medical-exams,low,15688.00,1
LONGWORTH PROPERTY SERVICES,Longworth Property Services Llc,construction,low,15667.90,1
CUSTOM DESIGN BENEFITS,Custom Design Benefits,payroll,low,15659.86,1
FIRST IN LAST OUT FIRE EQUIPMENT,First In Last Out Fire Equipment,fire-equipment,low,15650.50,1
BOOT COUNTRY,"Boot Country, Inc",uniforms,low,15645.47,1
OAKES DOOR SERVICE,Oakes Door Service,facilities,low,15641.85,2
OHIO PUBLIC EMPLOYEES RETIRE,Ohio Public Employees Retire,payroll,low,15640.31,1
COLLIN DALES,Collin Dales,payroll,low,15624.65,1
BRIAN B KESSEL,Brian B. Kessel,payroll,low,15593.48,1
TARA A SMITH,Tara A Smith,payroll,low,15578.67,1
OEN KITCHEN AND BATH,Oen Kitchen & Bath,facilities,low,15576.43,1
OKLAHOMA STATE UNIVERSITY,Oklahoma State University,training,high,15573.80,2
OHIO DEPARTMENT OF JOB AND FAMIL,Ohio Department Of Job & Famil,government,low,15573.09,1
JUSTIN MICHAEL BENTLEY,Justin Michael Bentley,payroll,low,15565.69,1
BUTLER COUNTY SHERIFFS OFFICE,Butler County Sheriff'S Office,government,low,15545.00,2
RACHEL E SALISBURY,Rachel E Salisbury,payroll,low,15518.03,1
629 MAYES EDUCATION WALDORF COLLEGE,- Mayes Education Inc Dba Waldorf College,training,low,15516.00,1
FIRSTNET AT AND T MOBILITY II,FIRSTNET AT&T Mobility II LLC,telecom,low,15485.73,1
OHIO DEPARTMENT OF COMMERCE,Ohio Department Of Commerce,government,low,15480.12,29
TREASUREER OF STATE OF OHIO,Treasureer of State of Ohio,government,low,15473.70,1
HOLTHAUS PLUMBING,Holthaus Plumbing Company,facilities,low,15448.50,1
JONATHON PATTERSON,Jonathon Patterson,payroll,low,15448.02,1
OHIO PUBLIC RISK INSURANCE AGENCY VFIS,Ohio Public Risk Insurance Agency DBA VFIS,insurance,low,15436.00,1
EAK AUTO PARTS,Eak Auto Parts Inc.,fleet,low,15435.89,1
REBECCA HARRIS,Rebecca Harris,payroll,low,15419.79,1
RAMSDELLS GARAGE,Ramsdell's Garage Inc.,it,low,15394.60,1
MATTHEW H MELONE,Matthew H Melone,payroll,low,15375.65,1
MAXIM ROOFING,Maxim Roofing Co.,construction,low,15375.31,2
WESTERN RESERVE PSYCHOLOGICAL,Western Reserve Psychological,medical-exams,low,15375.00,1
POWER TOOL AND SUPPLY,Power Tool & Supply,utilities,low,15374.99,3
TOWPATH CREDIT UNION,Towpath Credit Union,payroll,low,15340.00,1
EDWARD T BROWN,Edward T. Brown,payroll,low,15336.95,1
S3D PUBLIC SAFETY CONSULTANTS,S3D Public Safety Consultants Llc,professional,low,15312.50,2
HOMELAND TECHNOLOGY GROUP,Homeland Technology Group,it,low,15299.16,1
LIBERTY TOWNSHIP FIRE DEPT,Liberty Township Fire Dept.,government,low,15241.58,3
PRODIGY EMS,"Prodigy EMS, Inc",training,low,15240.00,1
AUTO ZONE,"Auto Zone, Inc",fleet,low,15238.00,12
WESTERN FIRE SUPPLY,Western Fire Supply,fire-equipment,medium,15237.11,4
HEATHER JOHNSTON,Heather Johnston,payroll,low,15219.31,1
MITCHELL A DOUGLAS,Mitchell A Douglas,payroll,low,15215.78,1
JACOB C HAINRIHAR,Jacob C. Hainrihar,payroll,low,15208.25,1
TRUCKSIDE ADVERTISING,Truckside Advertising Inc,fleet,low,15200.00,1
ANDREW J ROBINSON,Andrew J Robinson,payroll,low,15187.98,1
FIRST IN LAST OUT FIRE EQUIP AND TRAINING,First In-Last Out Fire Equip. & Training LLC,training,low,15176.90,1
MUNICIPAL EMERGENCY SERVICES DEPOSIT ACCT,Municipal Emergency Services,fire-equipment,low,15176.87,1
DRUANN K PLETCHER,Dru'Ann K Pletcher,payroll,low,15176.67,1
ADAM L GRINE,Adam L Grine,payroll,low,15171.72,1
AXON ENTERPRISE,Axon,it,medium,15151.16,2
COAEMSP,CoAEMSP,training,low,15150.00,1
FORESTRY SUPPLIERS,Forestry Suppliers,wildland,high,15121.76,1
LARRY MOORE TROPHIES AND SPORTS,Larry Moore Trophies & Sports,uniforms,low,15120.00,1
ABRAHAM MILLER EXCAVATING,"Abraham Miller Excavating, Llc",construction,low,15076.00,1
PNEU MATIC ENGINEERING,"Pneu-Matic Engineering, Inc.",construction,low,15070.44,4
GLENWOOD ENERGY OF OXFORD,Glenwood Energy of Oxford,utilities,low,15050.42,1
AEP OHIO,AEP Ohio,utilities,low,15046.55,1
PK SAFETY SUPPLY,Pk Safety Supply,fire-equipment,low,15033.73,4
WENDY WAISNER,Wendy Waisner,payroll,low,15031.37,1
ERIE COUNTY SHERIFFS DEPT,Erie County Sheriff'S Dept.,government,low,15028.20,1
12,12,payroll,low,15003.51,1
CITY OF HURON,City Of Huron,government,low,15000.00,1
CITY OF MARYSVILLE,City of Marysville,government,low,15000.00,1
CITY OF MARYSVILLE OH,"City Of Marysville, Oh",government,low,15000.00,1
GLOBAL TRAINING ACADEMY,"Global Training Academy, Inc",training,low,15000.00,1
HIGHLANDTOWN VOLUNTEER FIRE DEPT,Highlandtown Volunteer Fire Dept,fleet,low,15000.00,1
R AND J CHASE ENTERPRISES,R&J Chase Enterprises,construction,low,15000.00,1
WRECK A MENDED COLLISION,Wreck-A-Mended Collision,fleet,low,15000.00,1
WESTFIELD BANK,Westfield Bank,finance,low,14998.17,1
ALLIED CAR WASH,"Allied Car Wash, Inc.",fleet,low,14977.42,1
PATRICK PHILLIPS,Patrick Phillips,training,low,14971.34,1
KIST ELECTRIC,Kist Electric,utilities,low,14956.74,1
OHIO PUB EMP DEFERRED COMP EMP,Ohio Pub Emp Deferred Comp-Emp,payroll,low,14939.14,1
MNJ TECHNOLOGIES,Mnj Technologies,it,low,14937.85,2
SHANKLIN HEATING AND AIR CONDITIONING,Shanklin Heating & Air Conditioning LLC,facilities,low,14936.00,1
RHONDA J STABLER,Rhonda J Stabler,payroll,low,14932.59,1
BRIANNA PLATS,Brianna Plats,payroll,low,14926.80,1
1094 CRASHCOURSE VILLAGE,- Crashcourse Village Inc.,government,low,14900.00,1
O REILLY AUTO PARTS,O Reilly Auto Parts,fleet,low,14898.38,1
HAYWOOD ELECTRIC,Haywood Electric Inc,utilities,low,14896.71,1
WARREN COUNTY WATER AND SEWER,Warren County Water & Sewer,utilities,low,14892.94,1
AMERISSA C MINOR,Amerissa C Minor,payroll,low,14869.88,1
HAYLEE JO HAMILTON,Haylee Jo Hamilton,payroll,low,14848.45,1
STATE TAX PAYEE,State Tax Payee,payroll,low,14837.26,3
FIRST IN SOFTWARE,First in Software,it,low,14800.00,1
MIGUEL C HALL TACKETT,Miguel C Hall-Tackett,payroll,low,14786.48,1
ANR ELECTRIC,Anr Electric,utilities,low,14778.97,2
MICHAEL A COX,Michael A Cox,payroll,low,14776.36,1
JOSHUA RUETSCH,Joshua Ruetsch,training,low,14768.29,1
WEST VIRGINIA SIGNAL AND LIGHT,West Virginia Signal & Light Inc,facilities,low,14750.50,1
KAREN A MOLETERNO,Karen A Moleterno,payroll,low,14720.81,1
RICHARD T BURNS,Richard T. Burns,payroll,low,14719.68,1
R AND T YODER,R & T Yoder,construction,low,14707.21,1
DAILEY TIRE,Dailey Tire,fleet,low,14699.69,1
CENTRAL AUTO PARTS,Central Auto Parts,fleet,low,14663.20,1
STEPHENS PUBLISHING,Stephens Publishing,professional,low,14649.48,3
IT MADE REAL,It Made Real Llc,it,low,14628.89,3
CINCINNATI STATE TECHNICAL AND COMM COLLEGE,Cincinnati State Technical & Comm College,training,low,14627.82,1
ADAM SOLUTIONS,A.D.A.M. Solutions Llc,facilities,low,14618.10,1
JAMES D HARRIS,James D. Harris,payroll,low,14610.23,1
ROSS TOWNSHIP,Ross Township,government,low,14596.44,1
3937,3937,facilities,low,14582.83,1
OHIO EDISON ELECTRIC,Ohio Edison,utilities,low,14559.36,1
MATTHEW J SCHULTE,Matthew J. Schulte,payroll,low,14542.21,1
10,10,payroll,low,14498.00,1
PREMIER COMPANIES,Premier Companies,fleet,low,14487.98,1
LORA SPENCER,Lora Spencer,payroll,low,14437.71,1
GRANT CAREER CENTER,Grant Career Center,training,low,14425.00,2
MATTHEW A KAMANN,Matthew A. Kamann,payroll,low,14415.48,1
OHIO HEATING AND REFRIGERATION,Ohio Heating & Refrigeration,facilities,low,14410.59,1
SCIOTO VALLEY HOT TUBS AND SPAS,"Scioto Valley Hot Tubs & Spas, Inc.",construction,low,14400.15,1
REDSTONE ARCHITECTS,"Redstone Architects, Inc",construction,low,14398.58,1
CROPPER PLUMBING,Cropper Plumbing Llc,facilities,low,14387.80,1
SCHERZINGER TERMITE AND PEST,Scherzinger Termite & Pest,facilities,low,14382.52,1
BUTLER HEATING AND AIR CONDITIONING,Butler Heating & Air Conditioning,facilities,low,14379.75,1
IACOBONI RONALD,"Iacoboni, Ronald",training,low,14358.00,1
MITCHEL WIETHORN,Mitchel Wiethorn,payroll,low,14349.35,1
KEITH FABER AUDITOR OF STATE,Keith Faber Auditor of State,government,low,14345.22,1
SUMMITT FIRE APPARATUS,Summitt Fire Apparatus,apparatus,low,14337.00,1
ALETHA JOY FRIESEN,Aletha Joy Friesen,payroll,low,14334.95,1
TRISTAN R TIMMERS,Tristan R Timmers,payroll,low,14329.10,1
CHOICE ONE,Choice One,apparatus,low,14320.00,1
ETHAN J HULL,Ethan J Hull,payroll,low,14297.76,1
ASHLYNN STAMPER,Ashlynn Stamper,payroll,low,14290.51,1
NATIONAL HOSE TEST SPECIALTIES,National Hose Test Specialties,payroll,low,14279.10,1
SUNSHINE PRINTING,Sunshine Printing,general,low,14258.54,1
TYLER SINDLE,Tyler Sindle,payroll,low,14222.55,1
GANLEY FORD,Ganley Ford Inc,fleet,low,14193.06,4
P FLEET,P-Fleet,fleet,low,14187.12,1
SCASSA TIRE LANEY TIRE,Scassa Tire/Laney Tire,fleet,low,14179.00,1
MALACHI SWANSON,Malachi Swanson,payroll,low,14178.07,2
RESILIENCE COUNSELING AND CONSULTATION,Resilience Counseling & Consultation,medical-exams,low,14170.00,2
LEGACY HEATING AND COOLING,Legacy Heating And Cooling,facilities,low,14151.27,1
CORPORATE INTELLIGENCE CONSULTANTS,Corporate Intelligence Consultants,professional,low,14131.65,1
ALLEN COUNTY SHERIFF DEPT,Allen County Sheriff Dept.,government,low,14112.00,1
BUTLER COUNTY WATER AND SEWER DEPT,Butler County Water & Sewer Dept.,utilities,low,14103.96,1
BEN FRANKLIN PLUMBING,Ben Franklin Plumbing,facilities,low,14103.00,1
PAUL HARTSCHUH,Paul Hartschuh,payroll,low,14094.59,1
WALTER S DONITZEN JR,Walter S. Donitzen Jr.,payroll,low,14061.54,1
NATHAN P WRIGHT,Nathan P Wright,payroll,low,14013.10,1
MILLIKIN AND FITTON LAW FIRM,Millikin & Fitton Law Firm,professional,low,14012.50,1
GOODYEAR COMMERCIAL TRUCK,Goodyear Commercial Truck,fleet,low,14006.24,1
CHAGRIN SE COUNCIL OF GOVERNMENTS,Chagrin /Se Council Of Governments,government,low,14000.00,1
IIA LIFTING SERVICES,IIA Lifting Services,apparatus,medium,13994.47,3
TR SNYDER CONSTRUCTION,T R Snyder Construction Inc,construction,low,13984.95,1
QUENCH USA,Quench,facilities,medium,13976.56,4
MARKER CONSTRUCTION,Marker Construction Co,construction,low,13964.96,1
SUPERFLEET MASTERCARD PRO,Superfleet Mastercard Pro,fleet,low,13958.89,1
CDW GOVERNMENT IND,"Cdw Government, Ind.",it,low,13952.12,1
PRO ART SIGNS,Pro-Art Signs Llc,facilities,low,13950.56,4
EQS MECHANICAL,EQS Mechanical Inc.,facilities,low,13950.00,1
JARROD W GRIMM,Jarrod W Grimm,payroll,low,13917.64,1
OHIO PUBLIC RETIREMENT SYSTEM,Ohio Public Retirement System,payroll,low,13916.32,1
SCOTT M FITZSIMMONS,Scott M. Fitzsimmons,payroll,low,13914.66,1
POWERHOUSE OUTDOOR EQUIPMENT,Powerhouse Outdoor Equipment,facilities,low,13905.67,1
FARMER TOWNSHIP,Farmer Township,government,low,13878.03,1
BRIAN K LOFTUS,Brian K Loftus,payroll,low,13837.19,1
CASEY R BREWER,Casey R Brewer,payroll,low,13813.41,1
BANC WH MEDICARE EMPLOYER,Banc W-H Medicare Employer,payroll,low,13803.22,1
CAPITOL ALUMINUM AND GLASS,Capitol Aluminum & Glass Corp,facilities,low,13800.00,1
ASECU,A.S.E.C.U.,payroll,low,13780.00,1
141 HORTON EMERGENCY VEHICLES,- Horton Emergency Vehicles,apparatus,low,13760.21,1
JOHN HARBAUGH,John Harbaugh,payroll,low,13733.49,1
YMCA OF CENTRAL STARK COUNTY,Ymca Of Central Stark County,payroll,low,13718.45,1
AGILE NETWORKS,Agile Networks,it,low,13716.25,1
GREAT LAKES ELECTRIC,Great Lakes Electric,utilities,low,13695.00,2
FERNO,Ferno,ems-equipment,low,13692.38,2
1ST RESPONSE FLEET SERVICE,1St Response Fleet Service,fleet,low,13692.15,1
PORTAGE LAKES AUTOMOTIVE,Portage Lakes Automotive,fleet,low,13690.04,1
STAPLES CREDIT PLAN,Staples,general,high,13688.27,11
TEENA L WYLIE,Teena L Wylie,payroll,low,13687.40,1
PRAXAIR DISTRIBUTION,Praxair Distribution Inc,ems-supplies,low,13682.33,6
DANIEL S PRICE,Daniel S. Price,payroll,low,13667.74,1
TRAE AMEND,Trae Amend,payroll,low,13661.81,1
1137 SEAGRAVE FIRE APPARATUS,"- Seagrave Fire Apparatus, Llc",apparatus,low,13641.60,1
JAM BEST ONE TIRE AND SERVICE OF AMHERST,Jam Best One Tire & Service Of Amherst,fleet,low,13604.58,1
BRANDON CIRESI,Brandon Ciresi,payroll,low,13595.41,1
STAR 2 STAR COMMUNICATIONS,"Star 2 Star Communications, Llc",telecom,low,13556.57,1
JMR PLUMBING SERVICES,Jmr Plumbing Services Llc,facilities,low,13554.00,1
MIRACLE CLEAN SERVICES,Miracle Clean Services,facilities,low,13550.00,1
LOEB ELECTRIC,Loeb Electric,utilities,low,13547.21,4
WAYNE A TARVIN,Wayne A Tarvin,payroll,low,13539.53,1
JOSEPH W MULLIKIN,Joseph W Mullikin,payroll,low,13509.51,1
GEOTECHNICAL CONSULTANTS,"Geotechnical Consultants, Inc.",professional,low,13500.00,1
JACOB D JAYNES,Jacob D Jaynes,payroll,low,13494.62,1
VICTORIA WEBSTER,Victoria Webster,payroll,low,13465.72,1
MERRILEES HARDWARE,Merrilees Hardware,facilities,low,13445.85,1
BCT ALARM,Bct Alarm,facilities,low,13441.69,1
WHALY BOATS USA,Whaly Boats Usa,construction,low,13406.48,1
12 AIRGAS USA,- Airgas Usa Llc,ems-supplies,low,13400.86,1
COMPANIES BY DESIGN,Companies By Design,facilities,low,13392.50,1
BILL SPADE ELECTRIC,Bill Spade Electric Inc,utilities,low,13387.96,1
OH PUBLIC EMPLOYERS RETIREMENT SYSTEM,Oh Public Employers Retirement System,payroll,low,13385.67,1
WAYNE COUNTY REGIONAL TRAINING FACILITY,Wayne County Regional Training Facility,training,low,13371.00,3
JAYLEE N WILLIAMS,Jaylee N Williams,payroll,low,13369.21,1
ROBERT WALKER,Robert Walker,payroll,low,13355.37,1
SYNCB AMAZON,Amazon,general,high,13349.43,2
CITY OF PERRYSBURG,City Of Perrysburg,government,low,13333.00,2
COLUMBIANA COUNTY AUDITOR,Columbiana County Auditor,government,low,13297.91,2
STAPLES BUSINESS CREDIT,Staples,general,high,13273.03,4
FLEET MASTERS,Fleet Masters,fleet,low,13272.08,1
CUYAHOGA COUNTY COMMON PLEAS COURT,Cuyahoga County Common Pleas Court,government,low,13270.72,1
JACOB E MITCHEM,Jacob E Mitchem,payroll,low,13220.78,1
CROSS RADIO SERVICE,Cross Radio Service,radios,low,13218.99,1
CERNI MOTORS,Cerni Motors,fleet,low,13218.66,2
94 DAUM AND ASSOCIATES,- Daum & Associates,training,low,13200.00,1
IMS SOLUTIONS GROUP,IMS Solutions Group,professional,low,13173.14,1
NATIONAL FIRE PROTECTION ASSOCIATION,NFPA,training,high,13131.25,11
OHIO DEPT MENTAL HEALTH,Ohio Dept Mental Health,government,low,13100.91,1
SCOTT ALAN BROWN,Scott Alan Brown,payroll,low,13057.88,1
DEPARTMENT OF TAXATION,Department Of Taxation,payroll,low,13056.50,2
SOUTHERN COMPUTER WAREHOUSE,"Southern Computer Warehouse, Inc",it,low,13043.01,4
TSC MECHANICAL SERVICES,Tsc Mechanical Services,facilities,low,13025.71,1
LANE BERLIN,Lane Berlin,training,low,13001.10,1
CLEAN SLATE LANDSCAPES,Clean Slate Landscapes Llc,facilities,low,13000.00,1
WOODS HARDWARE,Woods Hardware,facilities,low,12991.89,2
MATTHEW TERRELL,Matthew Terrell,training,low,12968.38,1
ALEX MARCUM,Alex Marcum,training,low,12947.08,1
CUMMINS OHIO,Cummins Ohio Inc.,facilities,low,12936.89,1
CLIA LABORATORY PROGRAM,CLIA Laboratory Program,government,high,12930.41,34
KIMBERLY A KONCZ,Kimberly A. Koncz,payroll,low,12926.96,1
VILLAGE OF WELLSVILLE,Village of Wellsville,government,low,12915.57,1
HASENSTAB ARCHITECTS,Hasenstab Architects Inc,construction,low,12900.00,1
MCCULLOUGH HYDE MEMORIAL HOSPITAL,Mccullough Hyde Memorial Hospital,medical-exams,low,12897.65,1
WAYNE A GARABRANDT,Wayne A Garabrandt,payroll,low,12896.69,1
ETHAN MICHAEL RANDALL,Ethan Michael Randall,payroll,low,12887.37,1
LAKE COUNTY FIRE CHIEFS ASSOC,Lake County Fire Chiefs' Assoc.,training,low,12883.83,2
ADAM E NELSON,Adam E Nelson,payroll,low,12880.33,1
COMDOC LEASING,Comdoc Leasing,finance,low,12875.80,2
AMERICAN EXPRESS,American Express,finance,low,12858.82,1
SPECKMAN AUTOMOTIVE,"Speckman Automotive, Inc",fleet,low,12858.20,2
MUNICIPAL EMERGENCY SRVCS,Municipal Emergency Srvcs,fire-equipment,low,12830.73,1
STOCK ENTERPRISES,"Stock Enterprises, LLC",facilities,low,12816.00,1
EMILY J PHELPS,Emily J Phelps,payroll,low,12811.82,1
BUBBLE BOY CLEANING,Bubble Boy Cleaning Llc,facilities,low,12810.00,1
ZACHARY P SHIER,Zachary P Shier,payroll,low,12796.24,1
PATRICK A DAVIDSON,Patrick A Davidson,payroll,low,12786.63,1
TIME WARNER SPECTRUM,Time Warner - Spectrum,telecom,low,12776.48,1
ALLIED,Allied Corporation,facilities,low,12762.31,1
NICHOLAS LANSINGER,Nicholas Lansinger,payroll,low,12723.86,1
DOOR GUYS,The Door Guys,facilities,low,12710.78,1
BUTLER COUNTY SHERIFFS DEPT,Butler County Sheriff'S Dept.,government,low,12678.63,2
STATION AUTOMATION,PSTrax,rms,medium,12676.25,2
FIRE STATION FURNITURE,Fire Station Furniture,facilities,high,12632.81,2
OPTUM BANK,Optum Bank,finance,low,12600.00,1
GIOVAMBATTISTA MELIA,Giovambattista Melia,payroll,low,12578.66,1
ROY TAILORS UNIFORM OF COLUMBUS,"Roy Tailors Uniform Co. of Columbus, Inc",uniforms,low,12570.10,1
SUN LIFE FINANCIAL POLICY 214802,Sun Life Financial Policy 214802,payroll,low,12551.24,1
CADE M TATUM,Cade M Tatum,payroll,low,12526.20,1
CITY OF FAIRBORN,City Of Fairborn,government,low,12524.96,2
MUTTERS LAWN SERVICE,Mutters Lawn Service,facilities,low,12516.00,1
AFLAC BUSINESS SERVICES,Aflac Business Services,payroll,low,12510.18,1
SCOTT MICHAEL REYNOLDS,Scott Michael Reynolds,payroll,low,12509.99,1
MAYFIELD VILLAGE,Mayfield Village,government,low,12500.00,1
3697,3697,uniforms,low,12491.96,1
JP MORGAN CHASE BANK,Jp Morgan Chase Bank,finance,low,12470.63,1
NUWAVE TECHNOLOGY,Nuwave Technology Inc.,it,low,12452.53,1
OWENS COMMUNITY COLLEGE,Owens Community College,training,low,12447.00,4
THOMAS W KUHLMAN,Thomas W. Kuhlman,payroll,low,12445.68,1
SENSIT TECHNOLOGIES,Sensit Technologies Llc,it,low,12439.95,11
OHIO PUBLIC EMPLOYEE RETIREMENT SYSTEM EMPLOYER,Ohio Public Employee Retirement System - Empl,payroll,low,12439.15,1
JASON MILLER,Jason Miller,training,low,12437.18,1
BERLIN TWP PROFESSIONAL FIRE,Berlin Twp Professional Fire,payroll,low,12432.00,1
H LULL CONSTRUCTION,H. Lull Construction Co,construction,low,12426.50,1
1063 CHARTER COMMUNICATIONS,Spectrum,telecom,low,12425.79,1
BOEKE AND SONS,Boeke & Sons,fleet,low,12423.33,1
MONCLOVA TOWNSHIP PROFESSIONAL FF LOCAL 5450,Monclova Township Professional FF Local 5450,payroll,low,12420.00,1
HURON COUNTY AUDITOR,Huron County Auditor,government,low,12405.47,1
KATELYN GREINER,Katelyn Greiner,payroll,low,12377.88,1
ZAYZOON,Zayzoon,payroll,low,12373.00,1
KOLSOM TIRES SALES AND SERVICES,Kolsom Tires Sales & Services,fleet,low,12368.95,1
LOGICALIS,"Logicalis, Inc.",construction,low,12344.41,2
SPARTAN TOOL SUPPLY,Spartan Tool Supply,apparatus,low,12340.05,2
POLY TECH AND ASSOCIATES,"Poly-Tech & Associates, Inc.",training,low,12337.00,1
ALBERTS MENS SHOP,Albert'S Men'S Shop*,uniforms,low,12324.25,2
JASON ROESCH,Jason Roesch,payroll,low,12311.06,1
ROGER HETZEL,Roger Hetzel,payroll,low,12300.37,1
BOUNDTREE,Bound Tree Medical,ems-supplies,low,12293.63,1
DANIEL F HYMES,Daniel F. Hymes,payroll,low,12281.75,1
GFC LEASING,G F C Leasing,finance,low,12264.75,1
HOLLY A RECKER,Holly A. Recker,payroll,low,12255.23,1
WALMART,Walmart,general,high,12246.61,6
TAYLOR BOVE KOENINGER,Taylor Bove-Koeninger,uniforms,low,12200.33,1
FULLY PROMOTED OF CANTON,Fully Promoted Of Canton,uniforms,low,12198.97,1
GAGE PARIS,Gage Paris,payroll,low,12195.40,2
JUST ADD WATER DIVING STORE,Just Add Water Diving Store,utilities,low,12167.25,1
NORTHCOAST TWO WAY RADIO,Northcoast Two-Way Radio,radios,low,12162.00,1
OPG 3,Opg 3,telecom,low,12130.00,1
TRUCK SERVICE INTERSTATE BILLING SERVICE,TRUCK SERVICE INC C/O Interstate Billing Serv,ems-billing,low,12106.47,1
ALL TRAFFIC SOLUTIONS,All Traffic Solutions,general,low,12095.00,1
FIRE SAFETY USA,Fire Safety USA,fire-equipment,medium,12085.10,4
SWICKARD GAS,Swickard Gas Co,utilities,low,12049.03,1
SUMMER C BURR,Summer C Burr,payroll,low,12017.36,1
GERBER COLLISION AND GLASS,Gerber Collision & Glass,fleet,low,12011.25,1
STEFANIK LOSUE ASSOCIATE,Stefanik losue $ Associate,training,low,12000.13,1
CHIEF STEVE MILLER,Chief Steve Miller,payroll,low,11996.12,1
JONATHAN ZEMKO,Jonathan Zemko,payroll,low,11984.35,1
YOUR LAWN,"Your Lawn, Inc",facilities,low,11954.32,1
LAURYN TAYLOR RUKS,Lauryn Taylor Ruks,payroll,low,11926.66,1
BRANDON YOUNG,Brandon Young,payroll,low,11912.66,1
COUNTY FEES,County Fees,professional,low,11911.06,1
VILLAGE OF MT GILEAD,Village Of Mt. Gilead,government,low,11909.05,1
DAVID LILLIE,David Lillie,payroll,low,11908.50,1
ANDREW E MONET,Andrew E Monet,payroll,low,11877.52,1
CLEMANS NELSON AND ASSC,Clemans Nelson & Assc,professional,low,11875.35,1
SPENCER MANUFACTURING,"Spencer Manufacturing, Inc",fleet,low,11869.99,1
BROWN PEST CONTROL,Brown Pest Control Corp,facilities,low,11841.00,2
JOHN D PREUER AND ASSOC,John D Preuer & Assoc.,training,low,11828.48,5
BME MECHANICAL ELECTRICAL PLUMBING,Bme Mechanical Electrical Plumbing*,utilities,low,11826.96,1
RYAN R BADEN,Ryan R Baden,payroll,low,11825.64,1
TRI STATE SECURITY,Tri-State Security,facilities,low,11822.33,1
ANITA J LITTLE,Anita J Little,payroll,low,11808.93,1
STEPHEN J FAWNS,Stephen J Fawns,payroll,low,11797.07,1
DAN C HAHN,Dan C Hahn,general,low,11774.29,1
NORTH COAST TWO WAY RADIO,North Coast Two-Way Radio,radios,low,11758.10,1
US BANK VOYAGER,Us Bank Voyager,fleet,low,11756.61,1
CCA MUNICIPAL INCOME TAX,Cca Municipal Income Tax,payroll,low,11746.16,1
CINCINNATI BELL TELEPHONE,Cincinnati Bell Telephone,telecom,low,11733.90,5
SCOTT L KELLY,Scott L Kelly,payroll,low,11714.54,1
RANDY MOORE PETROLEUM DISTRIBUTION,Randy Moore Petroleum Distribution LLC,fleet,low,11708.60,1
NEW WATERFORD EMS TRAINING CENTER,New Waterford Ems Training Center,utilities,low,11700.00,1
ZEP SALES AND SERVICE,Zep,facilities,high,11674.26,3
MONCLOVA TOWNSHIP FIREFIGHTERS ASSOC,Monclova Township Firefighters Assoc.,government,low,11662.78,1
SHERWIN WILLIAMS,Sherwin-Williams,facilities,high,11585.03,24
SHANE A MYRICE,Shane A. Myrice,payroll,low,11574.10,1
LYKINS ENERGY SOLUTIONS,Lykins Energy Solutions*,utilities,low,11566.13,1
CROWN CASTLE INTERNATIONAL,Crown Castle International Corp,telecom,low,11535.94,1
PROVIDENT AGENCY,"Provident Agency, Inc",payroll,low,11530.24,1
TIM CARR,Tim Carr,payroll,low,11521.95,1
JASON LOYER,Jason Loyer,payroll,low,11491.26,1
BUNNELL HILL CONSTRUCTION,Bunnell Hill Construction,construction,low,11484.50,1
I SUPPLY,I Supply Company,facilities,low,11479.57,1
CLASSIC FORD,Classic Ford,fleet,low,11473.25,3
OHIO CHILD SUPPORT PAYMENT CENTER,Ohio Child Support Payment Center,payroll,low,11471.74,2
LOWES HOME CENTERS,Lowe's,facilities,low,11471.02,4
KATHY ALLEN,Kathy Allen,payroll,low,11467.15,1
DALTON G WILSON,Dalton G Wilson,payroll,low,11446.68,1
CHARLES GROVE,Charles Grove,payroll,low,11430.55,1
CONSOLIDATED FLEET SERVICE,Consolidated Fleet Service,fleet,low,11428.85,3
DANIEL R SNYDER,Daniel R Snyder,payroll,low,11409.68,1
MECHANICAL SYSTEMS OF DAYTON,Mechanical Systems Of Dayton,facilities,low,11393.20,1
CONSTRUCTION EQUIPMENT AND SUPPLY,Construction Equipment And Supply,construction,low,11379.59,3
CLINTON LAINGE,Clinton Lainge,payroll,low,11366.50,1
VILLAGE OF WAYNESVILLE,Village Of Waynesville,government,low,11339.08,1
JAY WAALEN,jay waalen,uniforms,low,11327.86,1
SELECT COMFORT RETAIL,Select Comfort Retail Corporation,facilities,low,11319.80,1
CR ELECTRIC,Cr Electric,utilities,low,11301.37,1
HUNTINGTON BANK TAXES WITHHELD,Huntington Bank Taxes Withheld,finance,low,11296.16,1
AARON S WILCOX,Aaron S Wilcox,payroll,low,11290.92,1
CADEN R WOODWARD,Caden R Woodward,payroll,low,11268.49,1
DOORS GALORE,Doors Galore,facilities,low,11267.84,3
NFP CORPORATE SERVICES,Nfp Corporate Services,payroll,low,11265.00,1
DAVID PELLIGRA AND ASSOCIATES,David Pelligra & Associates,training,low,11231.51,1
OHIO BUSINESS GATEWAY,Ohio Business Gateway,payroll,low,11229.49,1
COMMERCIAL MAINTENANCE SOLUTIONS GROUP,"Commercial Maintenance Solutions Group, Llc",professional,low,11225.00,1
KIMTEK,Kimtek,wildland,medium,11225.00,1
OCCUPATIONAL HEALTH CENTERS OF,Occupational Health Centers Of,medical-exams,low,11217.00,1
KENNETH SCHLUETER,Kenneth Schlueter,uniforms,low,11214.00,1
CAMPUS FIRE SAFETY COM,Campus Fire Safety Com Llc,training,low,11210.00,9
AXA INVESTMENTS,AXA Investments,payroll,low,11205.44,1
JACOB BUCHANAN,Jacob Buchanan,payroll,low,11182.63,1
RELIABLE TRANSMISSION SERVICE,Reliable Transmission Service,fleet,low,11174.93,1
JOHN E FRANZEN JR,John E. Franzen Jr.,payroll,low,11170.43,1
JACKSON PETROLEUM,"Jackson Petroleum, Llc",fleet,low,11164.54,1
WASTE MANAGEMENT,Waste Management,utilities,high,11160.70,1
ORR SAFETY,Orr Safety,uniforms,low,11160.57,4
KYLE P STECHSCHULTE,Kyle P Stechschulte,payroll,low,11151.90,1
NATIONAL HOSE TEST SPECIA,National Hose Test Specia,payroll,low,11149.65,1
JAY C SKOLNIK,Jay C. Skolnik,payroll,low,11142.39,1
KIDDLES AUTO,Kiddle'S Auto Llc,facilities,low,11135.96,1
COLUMBUS PEST CONTROL,Columbus Pest Control Inc.,facilities,low,11135.00,1
KNAPHEIDE TRUCK EQUIPMENT,Knapheide Truck Equipment,fleet,low,11132.00,1
MICHAEL PHILLIP FULTON,Michael Phillip Fulton,payroll,low,11122.08,1
CITY OF CANAL FULTON,City Of Canal Fulton,government,low,11120.54,1
CHASE J BOBBITT,Chase J Bobbitt,payroll,low,11118.78,1
UNDERGROUND CONNECTIONS,"Underground Connections, Llc",facilities,low,11100.00,1
FAUST PSYCHOLOGICAL SERVICES,Faust Psychological Services,medical-exams,low,11098.78,1
86 CONSOLIDATED FLEET SERVICE,- Consolidated Fleet Service,fleet,low,11087.80,1
MATTHEW J KELLO,Matthew J Kello,payroll,low,11062.80,1
ZACHARY HOLMES,Zachary Holmes,payroll,low,11060.30,1
DAVE L CHANEY,Dave L Chaney,payroll,low,11058.91,1
CHRISTOPHER S KATSARAS,Christopher S. Katsaras,facilities,low,11050.00,1
CRYSTAL SPRINGS WATER,Crystal Springs Water Co Llc,utilities,low,11036.80,1
DIVENS CUSTOM DATA,"Divens Custom Data, LLC",it,low,11030.12,1
ANTHONY EHRMAN JR,Anthony Ehrman Jr.,payroll,low,11016.03,1
RON TIPTON ROOFING AND REPAIR,Ron Tipton Roofing & Repair,construction,low,11000.00,1
MICHAEL ABNER,Michael Abner,payroll,low,10992.80,1
LEONARD D MEEK,Leonard D Meek,payroll,low,10991.82,1
RESPONDER TRAINING ENTERPRISES,Responder Training Enterprises,training,high,10988.00,1
KENNY REARDON,Kenny Reardon,training,low,10979.00,1
OHIO SCHOOL DISTRICT INCOME TAX DEPARTMENT,Ohio School District Income Tax Department,payroll,low,10954.51,1
SARA STUCKY SAYNER,Sara Stucky Sayner,facilities,low,10951.36,1
SQUIRE PATTON BOGGS US,Squire Patton Boggs (Us) Llp,professional,low,10937.50,1
ACCURATE DOOR SYSTEMS,Accurate Door Systems Inc,facilities,low,10931.30,1
SHIRLEY A MIHALKO,Shirley A Mihalko,payroll,low,10929.89,1
RELIANCE OXYGEN AND EQUIPMENT,Reliance Oxygen & Equipment,ems-supplies,low,10927.41,3
CASEY FLORA,Casey Flora,payroll,low,10920.77,1
WILLIAM TURNER,William Turner,training,low,10910.43,1
DARIC A BROWN,Daric A. Brown,payroll,low,10908.73,1
GUARDIAN DENTAL,Guardian - Dental,payroll,low,10907.53,1
SAMUEL MCKEE,Samuel McKee,payroll,low,10905.45,1
MIDDLETOWN ELECTRIC SUPPLY,Middletown Electric Supply Inc,utilities,low,10901.00,2
TIME WARNER SPECTRUM BUSINESS,Time Warner - Spectrum Business,telecom,low,10884.12,1
1477 ALL STAR INFLATABLES,- All-Star Inflatables,payroll,low,10870.00,1
AYERS MECHANICAL GROUP,"Ayers Mechanical Group, Llc",facilities,low,10868.00,1
LODDERS WATERTOWN MARINE,Lodders Watertown Marine,utilities,low,10861.09,1
FALLSWAY,Fallsway,fleet,low,10857.24,1
MCCABE DO IT CENTER,Mccabe Do It Center,it,low,10852.89,1
XTEK PARTNERS,"Xtek Partners, Inc.",construction,low,10851.00,1
BURNHAM AND FLOWER OF OHIO,"Burnham & Flower of Ohio, Inc.",payroll,low,10847.50,3
SMETZERS TIRE CENTER,Smetzer'S Tire Center,fleet,low,10834.89,1
TIFFANI ANNE NEUHARDT,Tiffani Anne Neuhardt,payroll,low,10834.09,1
GENE PTACEK AND SON FIRE EQUIPMENT,"Gene Ptacek & Son Fire Equipment, Inc.",fire-equipment,low,10829.86,4
MENARDS EVENDALE,Menards - Evendale,facilities,low,10817.31,2
MICAH ADAM SWANSON,Micah Adam Swanson,payroll,low,10803.90,1
BUTLER TECH AD ED,Butler Tech Ad Ed,training,low,10800.00,1
1027 CARDIAC LIFE PRODUCTS CARDIAC LIFE,"- Cardiac Life Products, Inc. Dba Cardia",ems-supplies,low,10793.30,1
428 BOWLING GREEN STATE UNIVERSITY,- Bowling Green State University,training,low,10782.45,1
JAMES P HERRING,James P Herring,payroll,low,10779.54,1
OHIO FIRE CHIEFS ASSN,Ohio Fire Chiefs Assn,training,low,10765.00,3
ERIE COUNTY DEPT ENVIRONMENTAL SERVICE,Erie County Dept.- Environmental Service,payroll,low,10763.20,1
OVERHEAD DOOR OF PIKE,Overhead Door Of Pike Co,facilities,low,10713.64,1
PREMIER COMMUNITY HEALTH,Premier Community Health,medical-exams,low,10711.30,2
INTECH COMPUTER SOLUTIONS,Intech Computer Solutions Inc,it,low,10710.00,1
LYNN MEDICAL SUPPLY,Lynn Medical Supply,ems-supplies,low,10700.00,1
CALVERLY HEATING AND COOLING,Calverly Heating & Cooling,facilities,low,10687.79,1
STEPHENS PRINTING,Stephens Printing,general,low,10684.06,1
GREAT LAKES BEST ONE TIRE AND SERVICE,"Great Lakes Best One Tire & Service, LLC",fleet,low,10664.21,3
STAYBRIDGE SUITES,Staybridge Suites,training,high,10658.32,1
T ROWE PRICE RETIREMENT PLAN SERVICES,"T. Rowe Price Retirement Plan Services, Inc.",payroll,low,10649.61,1
PHILIP A ENGLER,Philip A Engler,payroll,low,10639.80,1
BETHESDA NORTH HOSPITAL,Bethesda North Hospital,medical-exams,low,10630.06,4
JACKSON TWP PROF FIREFIGHTERS LOCAL 2672,Jackson Twp Prof Firefighters Local 2672,payroll,low,10626.82,1
3F FITNESS,"3F Fitness, Llc",training,low,10625.00,1
TIMS TOWING,Tim's Towing,fleet,low,10624.42,1
HILLS BLACKTOP,Hills Blacktop,construction,low,10606.00,1
DON SMITH AUTO PARTS,Don Smith Auto Parts Inc,fleet,low,10605.89,2
ZACHARY M GRAY,Zachary M Gray,payroll,low,10591.51,1
COPLEY FAIRLAWN SCHOOLS,Copley-Fairlawn Schools,facilities,low,10571.83,1
MCGUIRES DISTINCTIVE TRUCKS,Mcguire'S Distinctive Trucks,fleet,low,10558.00,2
MICHAEL R WELCH,Michael R Welch,payroll,low,10551.80,1
COOLANTS PLUS,"Coolants Plus, Inc.",fleet,low,10545.18,3
VILLAGE OF LOCKLAND,Village Of Lockland,government,low,10534.96,4
MUTUAL OF OMAHA DENTAL,Mutual Of Omaha (Dental),payroll,low,10530.54,1
MITCHELL J DAVIS,Mitchell J Davis,payroll,low,10516.29,1
OHIO DEPT OF COMMERCE,Ohio Dept Of Commerce,government,low,10506.25,14
THOMAS D MCNUTT JR,"Thomas D. Mcnutt, Jr.",facilities,low,10504.57,1
KYLER A POLEN,Kyler A Polen,payroll,low,10486.21,1
LI PROLINER,L.I. Proliner Inc,fleet,low,10485.00,1
INFORMATION TECHNOLOGY DEPT,Information Technology Dept.,it,low,10482.71,1
CAPITAL ONE BANK,Capital One,finance,high,10479.09,1
FOCUS 3,"Focus 3, Llc",training,low,10475.00,2
GARY AUFFART,Gary Auffart,training,low,10457.72,1
FIRE APPARATUS SERV AND REPAIR,Fire Apparatus Serv & Repair,apparatus,low,10454.38,1
MARATHON ASHLAND FLEET SERVICE,Marathon Ashland Fleet Service,fleet,low,10408.27,1
GEAUGA COUNTY SHERIFF,Geauga County Sheriff,government,low,10394.64,2
LAURA E SWORD,Laura E. Sword,payroll,low,10392.99,1
TRAVIS R BIRCH,Travis R Birch,payroll,low,10379.85,2
JACOB ALAN SHAW,Jacob Alan Shaw,payroll,low,10372.56,1
SAFEAIR CONTRACTORS,Safeair Contractors Inc,construction,low,10372.00,1
IMPACT FLEET SERVICE,"Impact Fleet Service, Inc.",fleet,low,10359.22,1
AMERICAN FIDELITY HSA,American Fidelity Hsa,payroll,low,10356.00,1
ANTHEM DENTAL,Anthem Blue Cross Blue Shield,payroll,low,10355.50,1
TIER 1 CAR AND TRUCK ACCESSORIES,Tier 1 Car & Truck Accessories,fleet,low,10340.17,2
BEAU TOWNSEND FORD,Beau Townsend Ford Inc.,fleet,low,10315.10,3
1489 ASHLEE FENCE,- Ashlee Fence,payroll,low,10305.41,1
SNAVELY PAINTING,Snavely Painting,construction,low,10305.00,1
LIFE SCAN WELLNESS,Life Scan Wellness,medical-exams,low,10300.00,1
MICHIGAN CONFERENCE OF TEAMSTERS WELFARE FUND,Michigan Conference Of Teamsters Welfare Fund,training,low,10294.58,1
ROESE BROS PAVING,Roese Bros. Paving,construction,low,10290.00,1
TAYLOR L GIBSON,Taylor L. Gibson,payroll,low,10288.52,1
DANIEL KASMARCAK,Daniel Kasmarcak,training,low,10284.00,1
US SAFETYGEAR,Us Safetygear Inc,uniforms,low,10263.13,2
PREMIER BANK CARDMEMBER SERVICE,Premier Bank Cardmember Service,finance,low,10258.36,1
PREMIER TRUCK PARTS,"Premier Truck Parts, Inc.",fleet,low,10252.07,4
GENE PTACEK AND SONS FIRE EQUIPMENT,Gene Ptacek & Sons Fire Equipment,fire-equipment,low,10241.60,1
INDEPENDENCE BUSINESS SUPPLY,Independence Business Supply,general,low,10241.23,7
MECHANICAL CONSTRUCTION MGRS,Mechanical Construction Mgrs,construction,low,10240.00,1
1363 INDEPENDENCE ELECTRIC,- Independence Electric,utilities,low,10210.23,1
NIEMAN PLUMBING,"Nieman Plumbing, Inc",facilities,low,10200.00,1
PATRIOT INDUSTRIAL,Patriot Industrial,facilities,low,10200.00,1
MCKESSON MEDICAL SURGICAL GOVT SOLUTION,McKESSON MEDICAL SURGICAL GOV'T SOLUTION,ems-supplies,low,10184.80,1
PK DESIGNS,"Pk Designs, Inc.",fleet,low,10180.00,1
WELLNOW URGENT CARE,WellNow Urgent Care,training,low,10179.00,3
SHUTTLERS UNIFORMS,Shuttlers Uniforms Inc,uniforms,low,10173.98,2
MIDWEST PHOTO EXCHANGE,Midwest Photo Exchange,training,low,10166.51,1
KINGS FORD,Kings Ford*,fleet,low,10153.17,3
CITIZENS BANK,Citizens Bank,finance,low,10152.94,1
LORAIN COUNTY FIRE CHIEFS ASSN,Lorain County Fire Chiefs Assn,training,low,10150.00,1
ORACLE ELEVATOR,Oracle Elevator Co.,facilities,low,10148.42,2
JMAC SUPPLY,Jmac Supply,construction,low,10135.33,2
BERLIN TWP FIREFIGHTERS ASSOCIATION FIRE,Berlin Twp Firefighter'S Association Fire,training,low,10122.00,1
DR EBEL POLICE AND FIRE EQUIPMENT,D.R. Ebel Police & Fire Equipment,fire-equipment,low,10117.43,1
MYERS TIRE SUPPLY,Myers Tire Supply Co,fleet,low,10116.85,2
SEAN CRESS,Sean Cress,payroll,low,10106.95,1
D AND S AUTO PARTS NAPA AUTO PARTS,D&S Auto Parts dba NAPA Auto Parts,fleet,low,10093.55,1
HEARTLAND EXPERT AUTOMOTIVE,Heartland Expert Automotive,fleet,low,10091.21,2
STRAND ASSOCIATES,"Strand Associates, Inc.",training,low,10090.00,1
325 WARREN COUNTY TECHNOLOGY SERVICES DEPARTMENT,- Warren County Technology Services Depar,it,low,10080.00,1
GLOCKNER OIL,Glockner Oil,fleet,low,10073.73,2
CENTRAL OHIO COMPOUDING PHARMACY,Central Ohio Compouding Pharmacy,ems-supplies,low,10069.14,1
CLEVES AUTO PARTS NAPA,Cleves Auto Parts/NAPA,fleet,low,10051.61,1
TRISTATE PREVENTIVE HEALT,Tristate Preventive Healt,medical-exams,low,10020.00,1
1276 BON SECOURS MERCY HEALTH,- Bon Secours Mercy Health Inc,professional,low,10000.00,1
1427 ELITE PUBLIC SAFETY CONSULTING,- Elite Public Safety Consulting Inc,professional,low,10000.00,1
JOY OUTDOOR EDUCATION CENTER,Joy Outdoor Education Center,facilities,low,10000.00,1
OHIO TOWNSHIP ASS RISK MNGT AUTHORITY,Ohio Township Ass. Risk Mngt Authority,government,low,10000.00,1
TUSCARAWAS COUNTY TREASURER,Tuscarawas County Treasurer,government,low,10000.00,1
US TREASUREY,Us Treasurey,payroll,low,10000.00,1
OVERHEAD DOOR OF GREATER CINCINNATI IN,"Overhead Door Of Greater Cincinnati, In.",facilities,low,9997.03,1
JACKSON TWP PROF FIREFIGHTERS,Jackson Twp Prof Firefighters,training,low,9965.00,1
OHIO PAVING AND CONSTRUCTION,"Ohio Paving & Construction Co., Inc.",construction,low,9959.04,1
EWERS TECHNOLOGY,Ewers Technology Llc,it,low,9928.00,1
MITCHELLS PLUMBING,Mitchell's Plumbing,facilities,low,9914.90,2
NAPA,Napa,fleet,low,9906.80,3
SHEPHERD TODD E,"Shepherd, Todd E.",training,low,9900.00,1
ROSE PEST SOLUTIONS,Rose Pest Solutions,facilities,low,9889.79,2
1363 ROBERT G STELTENKAMP II INDEPENDENCE ELECTRIC,- Robert G Steltenkamp Ii (Independence,utilities,low,9869.23,1
WILHELM CONSTRUCTION,Wilhelm Construction Co,construction,low,9850.00,1
RIO TIRE EXCHANGE,Rio Tire Exchange,fleet,low,9840.00,1
283 SUMMIT FIRE APPARATUS,- Summit Fire Apparatus,apparatus,low,9821.27,1
HAAG FORD,Haag Ford,fleet,low,9810.33,1
MEEKER PLUMBING,Meeker Plumbing,facilities,low,9800.00,1
TODD SMITH,Todd Smith,facilities,low,9787.50,1
SPEELMAN ELECTRIC,Speelman Electric Inc,utilities,low,9786.82,2
WINDSTREAM ALLTEL,Windstream/Alltel,telecom,low,9782.42,1
MUNICIPAL EMERGENCY SERVICES DEPOSITORY,Municipal Emergency Services,fire-equipment,low,9780.33,2
ASSOCIATED GRAPHICS,Associated Graphics,training,low,9778.00,3
OHIO POLYGRAPH AND ASSOCIATES,"Ohio Polygraph & Associates, Llc",training,low,9775.00,2
NORTHWESTERN WATER AND SEWER DISTRICT,Northwestern Water & Sewer District,utilities,low,9649.74,1
DOVER TANK AND PLATE,The Dover Tank & Plate Co.,fleet,low,9648.00,1
AT AND T MOBILITY NATIONAL ACCOUNTS,"At&T Mobility National Accounts, Llc",telecom,low,9615.94,1
SCHINDLER ELEVATOR,Schindler Elevator,facilities,low,9605.49,2
LINDE GAS NORTH AMERICA,Linde Gas North America Llc,ems-supplies,low,9601.12,2
J AND K TRUCK AND TRAILER REPAIR,J&K Truck And Trailer Repair,fleet,low,9580.95,1
TRUCK AND VAN LAND,Truck & Van Land Inc.,fleet,low,9505.00,1
ALLEY CAT DESIGN,Alley Cat Design Inc,uniforms,low,9484.20,2
RSH HARDWARE,Rsh Hardware,facilities,low,9471.12,1
UC HEALTH WEST CHESTER HOSPITAL,UC HEALTH dba WEST CHESTER HOSPITAL LLC,medical-exams,low,9420.00,1
WISE HEATING AND COOLING,Wise Heating & Cooling Llc,facilities,low,9404.00,1
JNJ CLEANING TECHNOLOGIES,"Jnj Cleaning Technologies, Llc",it,low,9401.49,1
GUERRA MAINTENANCE AND CONSTRUCTION,Guerra Maintenance And Construction,construction,low,9400.00,1
SPRINT,T-Mobile,telecom,high,9397.36,9
ABEL TRUCK PARTS,Abel Truck Parts,fleet,low,9397.12,2
VITAL FORCE PHYSIO,Vital Force Physio,ems-equipment,low,9389.00,1
VICTORY AIR MECHANICAL,Victory Air Mechanical LLC,facilities,low,9387.00,1
TANNER S GLASS,Tanner S Glass,facilities,low,9374.15,1
605 TIME WARNER CABLE SPECTRUM ENTERPRISE DO NOT USE,- Time Warner Cable (Spectrum Enterprise),telecom,low,9365.06,1
HARTFORD,The Hartford,insurance,medium,9363.49,2
GREAT OAKS INSTITUTE OF,Great Oaks Institute Of,training,low,9350.00,1
JUST RIGHT CONSTRUCTION LAWN CARE SERVICE,Just Right Construction Lawn Care Service,construction,low,9350.00,1
BASTIN AND,Bastin & Company LLC,professional,low,9339.67,1
MAINLINE TRUCK AND TRAILER SERVICE,Mainline Truck And Trailer Service,fleet,low,9328.16,1
KEITHS TRUCK AND TRAILER,"Keith'S Truck & Trailer, Inc.",fleet,low,9277.94,1
ST VINCENT HEALTH WELLNESS AND,St Vincent Health Wellness And,medical-exams,low,9257.00,1
STATE ELECTRIC SUPPLY,State Electric Supply Company,utilities,low,9256.91,4
VANGUARD SENTINEL CAREER CENTERS,Vanguard-Sentinel Career Centers,training,low,9245.00,1
MCNAUGHTON MCKAY ELECTRIC,McNaughton-McKay Electric Co.,utilities,low,9228.29,1
PIERCE MANUFACTURING,Pierce Manufacturing Inc,apparatus,low,9225.00,2
MUN OF BROOKVILLE,Mun. Of Brookville,utilities,low,9184.90,1
HOMENIK DOOR,Homenik Door Co,facilities,low,9176.75,1
VERSITI,Versiti,ems-supplies,low,9174.00,1
LIBERTY FORD,Liberty Ford,fleet,low,9171.40,1
CASEYS GENERAL STORE,Casey'S General Store,fleet,low,9168.93,1
BEST TRUCK EQUIPMENT,Best Truck Equipment Inc.,fleet,low,9166.64,4
MAXIE TIRE AND SUPPLY,Maxie Tire & Supply Co,fleet,low,9152.65,1
PSYCHOLOGICAL AND FAMILY CONSULTANTS,"Psychological & Family Consultants, Inc.",medical-exams,low,9150.00,1
KIMBLE SERVICES,Kimble Services,utilities,low,9144.09,1
CENTURYLINK,Lumen Technologies,telecom,high,9143.66,5
SPECTRUM ENTERPRISES,Spectrum,telecom,low,9124.45,1
AMERICRANE AND HOIST,Americrane & Hoist Corp.,facilities,low,9116.91,1
OHIO FIRE AND EMERGENCY,Ohio Fire & Emergency,training,low,9110.00,2
ZINS PLUMBING,Zin'S Plumbing Llc,facilities,low,9108.00,1
KNOX ASSOCIATES,Knox Associates Inc,training,low,9062.50,3
S BRYER CABLE TV SBC TELE,S. Bryer Cable T.V. Sbc-Tele,telecom,low,9043.86,1
FAIRFIELD COUNTY UTILITIES,Fairfield County Utilities,utilities,low,9019.27,1
SOUTHWEST REGIONAL WATER DISTRICT,Southwest Regional Water District,utilities,low,9018.63,1
1374 MES SERVICE,Municipal Emergency Services,fire-equipment,low,9004.00,1
BLAZESTACK,Blazestack Inc.,fire-equipment,low,9000.00,2
DONALD MARTENS AND SONS AMBULANCE SERVICE,"Donald Martens & Sons Ambulance Service, Inc",ambulance,low,9000.00,2
INTERNATIONAL ASSOCIATION OF FIREFIGHTERS,International Association Of Firefighters,training,low,9000.00,1
OR COLAN ASSOCIATES,"O.R. Colan Associates, Llc",training,low,9000.00,1
PL VULCAN FIRE TRAINING CONCEPTS,"Pl Vulcan Fire Training Concepts, Llc",training,low,9000.00,1
RMC RESOURCE MANAEMENT CONSULTANTS,"Rmc-Resource Manaement Consultants,Llc",professional,low,8997.00,1
RMC RESOURCE MANAGEMENT CONSULTANTS,"Rmc-Resource Management Consultants,Llc",professional,low,8997.00,1
CBC ENGINEERS AND ASSOCIATES,Cbc Engineers & Associates Ltd,construction,low,8988.46,1
TARGETSOLUTIONS LEARNING VECTOR SOLUTIONS,TargetSolutions Learning LLC Dba Vector Solut,training-software,low,8966.45,1
LOCAL WASTE SERVICES,Local Waste Services,utilities,low,8949.92,1
AMERICAN SAFETY AND,American Safety &,training,low,8938.53,1
GREAT LAKES BEST ONE TIRE,Great Lakes Best One Tire,fleet,low,8937.00,1
DAN FINK,Dan Fink,construction,low,8935.00,1
LOUIS LOBELLO,Louis Lobello,training,low,8930.82,1
JASON SMITH,Jason Smith,training,low,8915.57,1
CINTAS FIRE PROTECTION,Cintas,uniforms,low,8909.48,1
SANTMYER ENERGY,Santmyer Energy,utilities,low,8885.25,1
SUNRISE SPRINGS WATER,Sunrise Springs Water Co.,utilities,low,8877.40,1
STAPLES FIRE,Staples - Fire,general,low,8875.52,1
DAN HICKMAN CONSTRUCTION,Dan Hickman Construction Llc,construction,low,8855.00,1
DATACOM,"Datacom, Inc.",facilities,low,8850.00,1
ENDEAVOR BUSINESS MEDIA,Endeavor Business Media,training,low,8817.78,6
SALSBURY INDUSTRIES,Salsbury Industries,utilities,low,8807.53,2
MSA SAFETY SALES,MSA Safety,scba,high,8791.61,4
MINTON DOOR SERVICE,"Minton Door Service, Inc.",facilities,low,8787.00,1
PHILLIPS HEATING AND AIR CONDITIONING,Phillips Heating And Air Conditioning Llc,facilities,low,8770.00,1
PITTS FIRE EXTINGUISHER,Pitts Fire Extinguisher Inc,facilities,low,8760.50,4
D AND TP M AND TRUCK REPAIR,D& Tp.M & Truck Repair,fleet,low,8760.41,1
ALL COMFORT HEATING AND AIR CONDITIONING,"All Comfort Heating & Air Conditioning, LLC",facilities,low,8755.50,1
SIGNERY 2,Signery 2,facilities,low,8750.00,1
BUTLER TECHNOLOGY AND CAREER,Butler Technology & Career,it,low,8734.00,1
BALTIMORE ACE HARDWARE,Baltimore Ace Hardware,facilities,low,8731.94,1
RANDY GRAVITT LEADERSHIP,"Randy Gravitt Leadership, Llc",training,low,8716.27,1
3958,3958,fleet,low,8710.81,1
VASCO ASPHALT,Vasco Asphalt Co,facilities,low,8705.50,1
DANVER CONSTRUCTION,Danver Construction,construction,low,8700.00,1
STEEL SUPPLY,"Steel Supply Co, Inc.",fleet,low,8700.00,1
NEXTSTEP NETWORKING,Nextstep Networking,it,low,8672.68,1
BRYAN O POTTEIGER,Bryan O. Potteiger,construction,low,8664.30,1
TECH SUPPORT CENTER,Tech Support Center,facilities,low,8627.33,1
FAMOUS SUPPLY,Famous Supply,facilities,low,8619.44,3
TRIAD TECHNOLOGIES,Triad Technologies Llc,it,low,8615.88,14
JANITORS SUPPLY,Janitors Supply Inc,facilities,low,8592.87,1
TYTEK MEDICAL,"TyTek Medical, Inc.",ems-supplies,low,8571.58,2
EK COMPUTER,"E K Computer, Inc",it,low,8555.99,1
1105 TELEFLEX,- Teleflex Llc,ems-supplies,low,8552.23,1
CITRAN OCCUPATIONAL HEALTH,Citran Occupational Health LLC,medical-exams,low,8551.71,2
ALT AND WITZIG ENGINEERING,"Alt & Witzig Engineering, Inc",construction,low,8550.00,2
GILBERT HVAC,Gilbert HVAC,facilities,low,8548.00,1
GCRAFIS,G.C.R.A.F.I.S.,training,low,8545.00,4
WATERWAY SW PA,Waterway Sw Pa,fire-equipment,low,8524.86,1
4 K TIRE,K Tire Inc.,fleet,low,8520.54,1
CE SOLUTIONS,CE Solutions,training,low,8502.92,5
CHRISTOPHER D EVRARD,Christopher D. Evrard,training,low,8497.99,1
RUMPKE HYDRAULICS AND MACHINING,Rumpke Hydraulics and Machining,utilities,low,8474.34,1
GARBER ELECTRICAL CONTRACTORS,Garber Electrical Contractors,utilities,low,8442.93,1
FULLER FORD,Fuller Ford Inc,fleet,low,8437.95,5
CDW G CDW GOVERNMENT,CDW-G CDW Government,it,low,8414.31,1
WEST ROOFING SYSTEMS,"West Roofing Systems, Inc.",construction,low,8410.96,3
IAFC MEMBERSHIP,International Association of Fire Chiefs,training,high,8397.75,7
RACK AND BALLAUER EXCAVATING,Rack & Ballauer Excavating Co.,construction,low,8384.00,2
ROUTE 40 SIGNS,Route 40 Signs,facilities,low,8360.00,1
BURNS PETROLEUM,Burns Petroleum,fleet,low,8355.89,1
1442 PAR TRAINING AND PROPS,- Par Training And Props,training,low,8350.00,1
GALLIA JACKSON VINTON JVSD,Gallia-Jackson-Vinton Jvsd,training,low,8350.00,2
JEREMIAH J DIETRICH,Jeremiah J. Dietrich,facilities,low,8349.00,1
OVERHEAD DOOR OF GREATER CINCINNATI,Overhead Door Of Greater Cincinnati,facilities,low,8348.36,2
A BETTER TRUCK CAP AND HITCH,A Better Truck Cap & Hitch,fleet,low,8343.00,2
DOVER BRAKE,Dover Brake Inc,fleet,low,8340.24,2
TOP DOG UNIFORM AND EQUIPMENT,Top Dog Uniform & Equipment,uniforms,low,8315.96,1
TUSCARAWAS AUDITORS OFFICE,Tuscarawas Co Auditor'S Office,professional,low,8313.91,1
AUTO AND TRUCK TIRE CENTER,"Auto & Truck Tire Center, Inc.",fleet,low,8305.88,1
RICK HOLDERBAUM,Rick Holderbaum,facilities,low,8300.00,1
GREATWATER 360 AUTO CARE,Greatwater 360 Auto Care,utilities,low,8296.98,1
COLLIER CONSTRUCTION SERVICES,Collier Construction Services,construction,low,8295.00,1
KRONOS SAASHR,Kronos Saashr Inc,staffing-software,low,8277.10,2
REPUBLIC SERVICES 870,Republic Services #870,utilities,low,8262.09,2
ERGOTECH CONTROLS INDUSTRIAL NETWORKI,Ergotech Controls Inc Dba Industrial Networki,it,low,8255.39,1
BROOKS ROSS,Brooks Ross,training,low,8250.95,1
NFPA INTERNATIONAL,Nfpa International,training,low,8237.10,2
VALTECH COMMUNICATIONS,Valtech Communications,telecom,low,8225.98,1
RICHS TOWING AND SERVICE,"Rich'S Towing And Service, Inc.",fleet,low,8218.00,2
H AND W DOOR,H & W Door Company,facilities,low,8206.00,2
SITE ENGINEERING SOLUTIONS,"Site Engineering Solutions, Inc.",construction,low,8200.00,1
CONSOLIDATED FLEET SERVICES IN,Consolidated Fleet Services In,fleet,low,8182.15,1
R AND S TRUCK CAPS AND ACCESSORIES,"R&S Truck Caps And Accessories, Llc",fleet,low,8175.98,1
BARBOUR AUTO PARTS,Barbour Auto Parts Inc,fleet,low,8152.67,1
TRI STATE WATERWORKS,Tri-State Waterworks,utilities,low,8150.00,1
REPUBLIC SERVICES 224,Republic Services #224,utilities,low,8136.23,1
FRONTIER SIGNS AND DISPLAYS,Frontier Signs & Displays Inc.,telecom,low,8135.00,1
MUNIC51 MES I ACQUISITION,Munic51 (Mes I Acquisition Inc),fire-equipment,low,8108.27,1
RUSH TRUCKING,Rush Trucking,fleet,low,8101.08,1
PREMIERE BUILDERS SUPPLY,Premiere Builders Supply Inc,construction,low,8062.34,2
BRENNAN ELECTRIC,Brennan Electric,utilities,low,8028.00,1
KEISER,Keiser,medical-exams,medium,8004.41,2
KETNER MARCUS,"Ketner, Marcus",training,low,8000.00,1
THOMAS FOK AND ASSOCIATES,Thomas Fok & Associates,training,low,8000.00,1
DMN SERVICES,Dmn Services,facilities,low,7995.00,1
AMERICAS INK AND TONER SUPPLY,America'S Ink And Toner Supply,general,low,7986.77,2
AUSTIN CLEMENTS,Austin Clements,training,low,7955.84,1
FIRE FLY FIRE EQUIPMENT SALES,"Fire-Fly Fire Equipment Sales, Inc",fire-equipment,low,7946.30,1
253 ROSSMAN ELECTRIC,- Rossman Electric,utilities,low,7922.86,1
ZOLL DATA SYSTEMS,ZOLL Medical,ems-equipment,low,7914.78,2
PITNEY BOWES RESERVE ACCOUNT,Pitney Bowes Reserve Account,general,low,7900.00,1
WORKSMART CONSULTANTS,"Worksmart Consultants, Llc",professional,low,7900.00,1
NICK MAYER FORD EAST,Nick Mayer Ford East,fleet,low,7894.14,1
CHARTER COMMUNICATIONS 1,Spectrum,telecom,low,7856.43,1
FIRE COM,Firecom,radios,high,7844.62,3
CROMWELL MECHANICAL,Cromwell Mechanical Llc,facilities,low,7841.50,1
MOUNT ORAB FIREFIGHTERS ASSOCIATION,Mount Orab Firefighter'S Association,training,low,7835.00,1
EMP OF FRANKLIN COUNTY,EMP of Franklin County,ems-supplies,low,7800.00,1
RACINE FIREFIGHTERS ASSOCIATION,Racine Firefighters Association,training,low,7800.00,1
MILLERS CLOTHING AND SHOES,Miller'S Clothing & Shoes,uniforms,low,7779.64,1
8X8,"8x8, Inc",fleet,low,7756.79,1
PRICE CONSULTATION SERVICE,Price Consultation Service Llc,professional,low,7750.00,1
RS LOGISTICS,RS Logistics Inc,rms,low,7750.00,1
HSI INVESTIGATIONS,HSI Investigations Inc.,construction,low,7747.19,1
XENIA GLASS AND LOCK,Xenia Glass & Lock,facilities,low,7719.00,2
WARREN DOOR,Warren Door Co.,facilities,low,7713.41,1
WASHINGTON MARINE,"Washington Marine, Llc",construction,low,7710.35,1
NEW PIG,New Pig,general,high,7694.91,9
KERSH INSURANCE AGENCY,Kersh Insurance Agency,insurance,low,7676.00,1
LIQUID SPRING,Liquid Spring Llc.,fleet,low,7655.17,2
WHITEWATER MOTORS,Whitewater Motors Inc,utilities,low,7641.40,1
BURNETTS ROOFING AND HEATI,Burnett'S Roofing & Heati,construction,low,7640.00,1
MAGULACS TIRE SERVICE,"Magulac'S Tire Service, Inc.",fleet,low,7629.00,1
MT BUSINESS TECHNOLOGIES,"Mt Business Technologies, Inc.",it,low,7623.14,4
FIREHOUSE INNOVATIONS,Firehouse Innovations Corp,fire-equipment,low,7600.00,1
OHIO STATE FIREFIGHTERS ASSOC,Ohio State Firefighters Assoc.,training,low,7600.00,20
TRI MED TACTICAL,"Tri-Med Tactical, LLC",training,low,7600.00,6
MCINTOSH PAINTING,Mcintosh Painting Co.,facilities,low,7584.50,1
SNOUFFERS FIRE AND SAFETY,Snouffers Fire & Safety,fire-equipment,low,7582.42,2
VIP PLUMBING,"V.I.P. Plumbing, Inc.",facilities,low,7565.68,1
RAMSEY AND ASSOCIATES,Ramsey & Associates,training,low,7565.00,1
ARAMARK UNIFORM AND CAREER APPAREL GROUP,"Aramark Uniform & Career Apparel Group, Inc.",uniforms,low,7561.45,1
STEVEN A SCALES,Steven A Scales,facilities,low,7550.00,1
PETERMAN PLUMBING AND HEATING,Peterman Plumbing And Heating,facilities,low,7535.37,1
CONRADS TIRE EXPRESS,Conrad'S Tire Express,fleet,low,7534.09,2
FROST BROWN TODD,Frost Brown Todd LLC,professional,low,7512.92,1
BUCKEYE TELESYSTEM,Buckeye Telesystem,telecom,low,7511.79,1
ROLLING AND SLIDING DOORS OF DAYTON,Rolling & Sliding Doors Of Dayton Ltd,facilities,low,7510.00,1
DMOULDEN CONSULTING,DMoulden Consulting LLC,professional,low,7500.00,1
JOAN MORGAN,Joan Morgan,construction,low,7500.00,1
MASTERS ELECTRICAL SERVICES,Masters Electrical Services Corp.,utilities,low,7486.28,1
ACTION DOOR SERVICE,Action Door Service,facilities,low,7481.37,4
EITELS TOWING,Eitel'S Towing Inc,fleet,low,7478.80,2
DUSTIN MCCOY,DUSTIN McCOY,training,low,7477.92,1
OSTER SAND AND GRAVEL,Oster Sand & Gravel Inc,facilities,low,7434.02,1
PSYCHOLOGICAL AND FAMILY,Psychological & Family,medical-exams,low,7425.00,1
OHIO TIRE TERMINAL,Ohio Tire Terminal,fleet,low,7400.00,1
MAYER PLUMBING AND HEATING,Mayer Plumbing & Heating,facilities,low,7396.00,1
PSYCHOLOGICAL RESOURCES,Psychological Resources,medical-exams,low,7395.00,4
TRAVELERS INSURANCE,Travelers Insurance,training,low,7392.00,1
ROSE PLUMBING,Rose Plumbing LLC,facilities,low,7380.00,1
PENN CARE PUBLIC SAFETY TECHNOLOGY,Penn Care Public Safety Technology,it,low,7369.90,1
HOME DEPOT USA,Home Depot,facilities,low,7368.00,1
MCGRANAHAN AND ASSOC,Mcgranahan & Assoc. Inc.,training,low,7360.00,1
RICHARD J KINZELER,Richard J. Kinzeler,uniforms,low,7347.40,1
ATT,AT&T,telecom,high,7332.00,1
MARK PORTER FORD,Mark Porter Ford,fleet,low,7321.28,1
PITSCH PLUMBING AND HEATING,"Pitsch Plumbing & Heating Company, Inc.",facilities,low,7313.55,1
GUARDIAN ALARM,Guardian Alarm,facilities,low,7307.25,2
CUYAHOGA COMMUNITY COLLEGE DISTRICT,Cuyahoga Community College District,training,low,7300.00,1
ALL TYPE HEATING AND COOLING,All Type Heating & Cooling Llc,facilities,low,7298.00,1
CHILDRENS HOSPITAL MEDICAL CTR,Childrens Hospital Medical Ctr,medical-exams,low,7286.00,1
FIRE PROGRAMS SOFTWARE,Fire Programs Software,it,low,7283.00,1
UNIVERSITY HOSPITALS CORPORATE HEALTH,University Hospitals Corporate Health,medical-exams,low,7281.00,1
MIDWEST CYLINDER,Midwest Cylinder Company,telecom,low,7279.35,1
DENLINGER KYLE,"Denlinger, Kyle",training,low,7277.03,1
PEST MGMT SOLUTIONS TRULY NOLAN,Pest Mgmt Solutions Dba Truly Nolan,facilities,low,7260.00,1
R AND S TRUCK CAPS OF AKRON,R & S Truck Caps Of Akron Inc,fleet,low,7251.92,2
CENTRAL OHIO CLEANING,Central Ohio Cleaning Inc.,facilities,low,7250.00,1
MAJOR LEAGUE TIRE,Major League Tire,fleet,low,7235.81,1
WOLFF BROS SUPPLY,Wolff Bros Supply Inc,facilities,low,7235.25,5
WORKINGMANS STORE,The Workingman'S Store,uniforms,low,7231.50,1
TEMA ROOFING SERVICES,Tema Roofing Services,construction,low,7223.26,1
CERTIFIED OIL,Certified Oil,fleet,low,7207.70,2
GRAVOTECH,Gravotech Inc,training,low,7199.68,1
EXIT 911 TRUCK TIRE SERVICE,Exit 911 Truck Tire Service,fleet,low,7197.76,1
COUGHLIN FORD OF CV,"Coughlin Ford of CV, LLC",fleet,low,7194.54,1
TRUCK SALES AND SERVICES,Truck Sales And Services,fleet,low,7191.91,1
K AND L MECHANICAL SERVICES,K & L Mechanical Services,facilities,low,7191.00,1
BUREA51 BWC STATE INSURANCE FUND,Burea51 (Bwc State Insurance Fund),insurance,low,7186.41,1
WINGFOOT COMMERCIAL TIRE,Wingfoot Commercial Tire,fleet,low,7185.20,1
LAKE CNTY FIRE CHIEFS ASSOC,Lake Cnty. Fire Chiefs Assoc.,training,low,7183.34,1
KENWOOD DEALER GROUP,Kenwood Dealer Group,radios,low,7181.97,1
OHIO STATE FIREFIGHTERS ASSOCIATION,Ohio State Firefighter's Association,training,low,7180.00,18
USA CARPORT GARAGES,Usa Carport Garages,facilities,low,7172.50,1
PTACEK AND SON FIRE EQUIPMENT,Ptacek & Son Fire Equipment Inc,fire-equipment,low,7138.35,1
DELL COMPUTERS,Dell Computers,it,low,7135.56,1
DELL TECHNOLOGIES,Dell Technologies,it,high,7134.90,1
DIRECTV,DirecTV,telecom,high,7131.86,1
CONTEMPORARY CABINETRY,Contemporary Cabinetry,construction,low,7130.00,1
SHRADER TIRE AND OIL,Shrader Tire & Oil,fleet,low,7126.68,2
WASHINGTON AUTO PARTS,Washington Auto Parts,fleet,low,7122.64,3
EXPRESS GRAPHICS PRINTING,Express Graphics Printing,general,low,7117.86,1
HANDTEVY,Handtevy,software,medium,7072.29,3
BOBS GARAGE AND TOWING SERVICE,Bob'S Garage & Towing Service,fleet,low,7063.43,1
143,143,utilities,low,7047.53,1
PLATTENBURG AND ASSOCIATES,Plattenburg & Associates Inc,training,low,7040.13,1
MR TRAILER SALES,"Mr Trailer Sales, Inc.",fleet,low,7031.72,1
MILLCRAFT PAPER,Millcraft Paper Co,general,low,7024.50,2
DESIGN 2 WELLNESS,"Design 2 Wellness, Llc",medical-exams,low,7000.00,1
RIEDY ROOFING,Riedy Roofing Inc,construction,low,7000.00,1
FULTON SIGN AND DECAL,Fulton Sign & Decal Inc.,facilities,low,6992.84,4
EMBROIDERY WEARHOUSE AND SCREEN PRINTING,Embroidery Wearhouse & Screen Printing Llc,general,low,6989.50,1
AULTWORKS OCCUPATIONAL SERVICES,Aultworks Occupational Services,medical-exams,low,6988.38,1
AED BRANDS,Aed Brands,ems-supplies,low,6985.00,1
TEQUIPMENT,Tequipment,construction,low,6983.58,1
CEDARVILLE FIREMANS ASSOCIATION,Cedarville Fireman'S Association,training,low,6981.69,1
MCCULLOUGH HYDE HOSPITAL PHARMACY,McCullough Hyde Hospital Pharmacy,ems-supplies,low,6980.65,1
AKRON CANTON WASTE OIL,Akron Canton Waste Oil,fleet,low,6951.84,4
ESRI,Esri,software,high,6948.01,3
MITEL,Mitel,utilities,low,6943.94,1
273 SMYTH AUTOMOTIVE,- Smyth Automotive,fleet,low,6912.71,1
SCHERZINGER TERMITE AND PEST CONTROL,Scherzinger Termite and Pest Control,facilities,low,6909.00,1
C MASSOUH PRINTING SERVICES,C Massouh Printing Services,general,low,6907.16,1
WEST POINT FIRE DEPT EDUCATION DIVISION,West Point Fire Dept Education Division,training,low,6900.00,1
EXPERT IT,Expert It Llc,it,low,6890.55,1
OK FINE PRODUCTIONS,Ok Fine Productions,training,low,6888.00,1
ALL DONE PAINTING AND POWER WASHING,All Done Painting And Power Washing,utilities,low,6875.00,1
RT HAMPTON PLBG AND HTG,Rt Hampton Plbg & Htg Inc,facilities,low,6851.80,1
BEST ONE TIRE MID AMERICA,"Best One Tire Mid America, Inc.",fleet,low,6849.96,1
STAMM CONTRACTING,Stamm Contracting Co Inc,construction,low,6838.94,1
OVERHEAD DOOR OF CINCI,Overhead Door Co Of Cinci,facilities,low,6831.36,1
LEADERSHIP UNDER FIRE,"Leadership Under Fire, Inc.",training,low,6830.00,1
PURCHASE POWER,Pitney Bowes Purchase Power,general,medium,6821.62,4
WHARTON ELECTRIC,Wharton Electric company,utilities,low,6816.24,1
TARGET BUSINESS SERVICES,Target Business Services,general,low,6814.16,1
MAC TOOLS,Mac Tools,fleet,low,6802.33,1
DEIBEL SURVEYING,Deibel Surveying,facilities,low,6800.00,1
PLANK LAW FIRM,Plank Law Firm,professional,low,6795.00,1
M AND M TRUE VALUE HARDWARE,M&M True Value Hardware,facilities,low,6794.27,1
BRONSON DOOR,Bronson Door Co,facilities,low,6788.71,3
NORTHEASTERN ELECTRIC,Northeastern Electric Inc,utilities,low,6787.50,1
LEE LITTLE,Lee Little,training,low,6781.62,1
GLOBAL INDUSTRIAL,Global Industrial,facilities,low,6776.99,2
BICKETT MACH AND GAS SUPPLY,Bickett Mach & Gas Supply Inc,utilities,low,6750.32,1
FIREHOUSE SVC AND CONSULTING,Firehouse Svc & Consulting Llc,fire-equipment,low,6750.00,1
OHIO STATE UNIVERSITY,The Ohio State University,training,low,6749.58,3
RITE ACADEMY,RITE Academy LLC,training,low,6743.75,1
TRUMBULL COUNTY WATER AND SEWER DEPT,Trumbull County Water & Sewer Dept.,utilities,low,6722.93,1
TRI COUNTY DOOR,Tri-County Door,facilities,low,6719.00,1
ROLTA ADVIZEX TECHNOLOGIES,Rolta Advizex Technologies Llc,it,low,6680.97,1
WATER EXPRESS,The Water Express,utilities,low,6677.01,1
WATERWAY SOUTHWEST PENNSYLVANIA,Waterway Southwest Pennsylvania,fire-equipment,low,6671.30,1
HEALTH CARE LOGISTICS,Health Care Logistics Inc.,rms,low,6670.77,6
SPRINT SOLUTIONS,Sprint Solutions Inc,telecom,low,6669.17,2
KAFFENBARGER TRUCK EQUIPMENT,Kaffenbarger Truck Equipment,fleet,low,6668.16,3
POULOS SCHMID DESIGN GROUP,"Poulos + Schmid Design Group, Inc.",construction,low,6666.00,1
RECKER AND BOERGER,Recker And Boerger,facilities,low,6662.16,2
PRINCIPAL TRUCK SUPPLY,Principal Truck Supply,fleet,low,6655.64,2
JDM STRUCTURES,"Jdm Structures, Ltd.",facilities,low,6611.69,1
ACCURATE MECHANICAL,Accurate Mechanical Inc,facilities,low,6608.62,1
1285 SHRADER TIRE AND OIL,- Shrader Tire & Oil Inc,fleet,low,6607.90,1
HASTINGS AIR ENERGY,Hastings Air Energy,utilities,low,6603.52,1
INTEGRITY WATER SOLUTIONS,Integrity Water Solutions,utilities,low,6600.00,1
OHIO ASSOCIATION EMERGENCY VEHICLE TECH,Ohio Association Emergency Vehicle Tech,apparatus,low,6590.00,1
THOMAS DO IT CENTER,Thomas Do-It-Center,it,low,6589.65,1
MAGNETIC SPRINGS WATER,Magnetic Springs Water Company,utilities,low,6588.14,2
BRIGHTSPEED,Brightspeed,telecom,low,6581.05,4
735 STRYKER SALES STRYKER MEDICAL,Stryker,ems-equipment,low,6577.51,1
D AND R GARAGE DOORS PLUS,"D & R Garage Doors Plus, Inc.",facilities,low,6575.00,2
RUGGED SOLUTIONS AMERICA,Rugged Solutions America Llc,fleet,low,6551.60,1
FLEETPRIDE,FleetPride,fleet,high,6548.54,3
CINCINNATI BELL ANY DISTANCE,Cincinnati Bell Any Distance,telecom,low,6545.08,2
JOHN PREUR AND ASSOCIATES,John Preur And Associates,training,low,6544.64,1
TERRYS TRUCK AND TRAILER,Terry'S Truck & Trailer,fleet,low,6526.27,2
RCS HEATING,RCS Heating,facilities,low,6525.00,1
WARGO ELECTRICAL CONTRACTORS,Wargo Electrical Contractors,utilities,low,6524.50,1
WAYNE GARAGE DOOR SALES AND SERVICE,Wayne Garage Door Sales and Service Inc.,facilities,low,6516.81,2
BOTKINS ELECTRIC AND PLUMBING,"Botkins Electric And Plumbing Co., Inc.",utilities,low,6511.00,1
CENTERPOINT ENERGY OHIO,Centerpoint Energy Ohio,utilities,low,6503.94,1
BLUE CARD ACROSS STREET PRODUCTIONS,Blue Card/ Across the Street Productions,training,low,6500.00,1
BOGGS PEST CONTROL,Bogg'S Pest Control,facilities,low,6491.00,2
66DEGREES,"66degrees, LLC",facilities,low,6489.80,1
M AND D COMPUTER SALES,M & D Computer Sales,it,low,6487.00,1
ANKENEY XENIA TRUCK SERVICE,"Ankeney-Xenia Truck Service, Inc.",fleet,low,6469.63,1
ANNA TOMIC,Anna Tomic,training,low,6466.15,2
JOHNSONS EMERGENCY VEHICLE SOLUTIONS,Johnson'S Emergency Vehicle Solutions,apparatus,low,6453.12,2
ENZOS CLEANING SOLUTIONS,Enzo'S Cleaning Solutions,facilities,low,6432.03,3
BETHESDA NORTH APOTHECARY PHARMACY,Bethesda North Apothecary-Pharmacy,ems-supplies,low,6423.62,1
RESCUE SOURCE,The Rescue Source,fire-equipment,medium,6423.24,2
BRONDES FORD MAUMEE,Brondes Ford Maumee Ltd,fleet,low,6416.09,2
KIBLER LUMBER DO IT EXPRESS,Kibler Lumber Do It Express,it,low,6412.92,1
TRIPPENSEE CONSTRUCTION,Trippensee Construction Co.,construction,low,6400.00,1
ANDREW SLIVKA,Andrew Slivka,training,low,6398.88,1
1180 CROWN LIFT TRUCKS CROWN EQPT,- Crown Lift Trucks (Crown Eqpt. Corp.),fleet,low,6388.84,1
CHARLES ADAMS,Charles Adams,training,low,6388.28,1
INTEGRATED PROTECTION SERVICES,Integrated Protection Services,construction,low,6384.00,1
WAYNE TRUCK AND TRAILER,Wayne Truck & Trailer Ltd,fleet,low,6378.75,1
PERFECTION ONE COLLISION CENTER,Perfection One Collision Center,fleet,low,6378.50,1
SW FIREFIGHTING TECHNOLOGIES,SW Firefighting Technologies,it,low,6374.01,1
KALIDA TRUCK EQUIPMENT,"Kalida Truck Equipment, Inc.",fleet,low,6360.00,2
ANASTACIO RODRIGUEZ,Anastacio Rodriguez,training,low,6355.27,2
SAVAGE MIDDLETOWN MOTOR MART KOI,Savage Middletown Motor Mart Inc-Koi,fleet,low,6355.18,1
TRAFFIC STOP UNIFORM SUPPLY,Traffic Stop Uniform Supply,uniforms,low,6351.69,3
1135 SERVALL ELECTRIC,"- Servall Electric Company, Inc.",utilities,low,6340.50,1
QUALITY OVERHEAD DOOR,"Quality Overhead Door, Inc.",facilities,low,6334.09,2
FASTENAL,Fastenal,general,high,6333.90,11
TRUCK SERVICE,Truck Service Inc.,fleet,low,6326.58,3
ODP BUSINESS SOLUTIONS,Office Depot,general,high,6321.35,6
DAN HARMON,Dan Harmon,facilities,low,6310.29,1
CORNERSTONE IT,Cornerstone It,it,low,6298.73,1
C AND Y OIL,C & Y Oil Co.,fleet,low,6284.81,2
UL UNDERWRITERS LABORATORIES,Ul Llc (Underwriters Laboratories),fleet,low,6276.45,1
HITTLE ROOFING,"Hittle Roofing, Inc.",construction,low,6275.00,1
KNOX TECHNICAL CENTER,Knox Technical Center,training,low,6272.00,3
CLOUDBAKERS,Cloudbakers LLC,facilities,low,6271.20,1
CONCENTRA HEALTH SERVICES,"Concentra Health Services, Inc.",medical-exams,low,6271.16,5
DAYTON REG HAZARDOUS MAT RESPONSE TEAM,Dayton Reg Hazardous Mat Response Team,training,low,6264.05,1
TELEFLEX TELEFLEX FUNDING,Teleflex,ems-supplies,high,6256.00,1
FITCH AND ASSOCIATES,"Fitch & Associates, Llc",training,low,6249.37,1
DAYTON METAL DOOR,Dayton Metal Door,facilities,low,6246.00,2
ARMADA,Armada Ltd,training,low,6245.50,1
UNIVERSITY HOSPITALS,University Hospitals,medical-exams,low,6239.85,1
VANDERVORTS SUPPLY,Vandervorts Supply,facilities,low,6235.01,1
TOWN PUMP,The Town Pump,training,low,6230.51,1
CINTAS 259,Cintas,uniforms,low,6223.17,1
GLENWOOD ELECTRIC,Glenwood Electric Inc,utilities,low,6220.00,1
MHS HARDWARE,Mhs Hardware,facilities,low,6213.32,1
KORRECT PLUMBING,Korrect Plumbing Co.,facilities,low,6212.14,2
WAL MART BUSINESS,Wal-Mart Business,general,low,6210.49,1
HEARTLAND FORD,Heartland Ford,fleet,low,6210.00,1
AMAZON PAYMENTS,Amazon,general,low,6209.32,1
MCGRANAHAN ASSOCIATES,Mcgranahan Associates,training,low,6202.50,1
PROTEGIS FIRE AND SAFETY,Protegis Fire & Safety,fire-equipment,low,6201.99,6
1453 MES I ACQUISITION,Municipal Emergency Services,fire-equipment,low,6201.14,1
LIFECARE AMBULANCE,"Lifecare Ambulance, Inc.",ambulance,low,6190.38,1
BOCKRATH AND ASSOCIATES,Bockrath And Associates,training,low,6182.50,1
AUTONATION,"Autonation, Inc.",fleet,low,6174.28,1
HANNA CAMPBELL AND POWELL,"Hanna, Campbell & Powell, Llp",professional,low,6167.50,1
ENERGY SECURITY AGENCY,Energy Security Agency,utilities,low,6167.00,1
INSIGHT PUBLIC SECTOR,Insight Public Sector,it,high,6161.65,1
VERIZON WIRELESS MESSAGING SERVICES,Verizon,telecom,low,6151.82,1
OHIO DIESEL TRUCK AND TRAILER,Ohio Diesel Truck & Trailer,fleet,low,6150.42,1
79 CINTAS LOC 009 DO NOT USE INACTIVE,Cintas,uniforms,low,6147.83,1
MCGLAUGHLIN OIL,The McGlaughlin Oil Company,fleet,low,6136.40,1
CORE AND MAIN,Core & Main*,facilities,low,6136.28,3
EXTERMITAL TERMITE AND PEST CONTROL,Extermital Termite & Pest Control,facilities,low,6136.00,1
BRIAN LOSEKAMP,Brian Losekamp,training,low,6132.95,1
ADAM KIRKLAND,Adam Kirkland,training,low,6123.84,1
EMERGENCY REPORTING BACKDRAFT OPCO,"Emergency Reporting - Backdraft OpCo, LLC",rms,low,6113.40,1
AMHERST UTILITIES,Amherst Utilities,utilities,low,6107.87,1
474 CINCINNATI STATE TECHNICAL AND COMMUNITY COLLEGE,- Cincinnati State Technical And Communit,training,low,6105.60,1
BGSU BURSARS OFFICE,Bgsu Bursar'S Office,training,low,6085.00,1
ANTHONY J BUSELLATO,Anthony J. Busellato,training,low,6078.37,1
PITNEY BOWES,Pitney Bowes,general,low,6069.12,10
FIRE FOE ALARMS,"Fire Foe Alarms, Inc",facilities,low,6032.00,1
CHARTER COMMUNICATIONS HOLDING,Spectrum,telecom,low,6031.65,3
QUADIENT FINANCE USA,Quadient Finance USA Inc,general,low,6026.68,6
WORKING FIRE FURNITURE AND MATTRESS,Working Fire Furniture & Mattress,facilities,high,6010.38,3
EASTERN GATEWAY COMMUNITY COLLEGE,Eastern Gateway Community College,training,low,6010.00,1
CENTRAL OHIO TRAUMA SYSTEMS,Central Ohio Trauma Systems,training,low,6000.00,1
TODD E SHEPHERD,Todd E Shepherd,training,low,6000.00,1
UCPC UNIVER OF CINTI EMERG MED,Ucpc Univer Of Cinti Emerg Med,training,low,6000.00,1
JARED MORRIS,Jared Morris,training,low,5988.58,1
TRUCK SALES AND SERVICE,Truck Sales & Service,fleet,low,5979.30,4
INTERSTATE BILLING SERVIC,Interstate Billing Servic,ems-billing,low,5973.62,1
NATIONAL FIRE PROTECTION AGENCY,National Fire Protection Agency,training,low,5970.50,1
FIRST DUE,First Due,rms,high,5960.00,1
OSBURN ASSOCIATES,"Osburn Associates, Inc.",training,low,5955.54,4
H AND W AUTOMOTIVE,H&W Automotive,fleet,low,5949.53,1
INTERNATIONAL ASSOC OF FIRE CHIEFS,International Assoc Of Fire Chiefs,training,low,5944.58,9
MICHEL PLUMBING,Michel Plumbing Inc,facilities,low,5935.00,1
GRISMER TIRE,Grismer Tire Company,fleet,low,5932.73,4
CURTIS TOOLS FOR HEROES,L.N. Curtis & Sons,fire-equipment,high,5931.71,3
HOFFMAN ELECTRIC,"Hoffman Electric Co, Inc",utilities,low,5925.00,1
BUREAU OF WORKMENS COMPENSATION,Bureau of Workmen's Compensation,apparatus,low,5923.09,1
STEVEN SARVER,Steven Sarver,training,low,5922.95,1
WATERLOGIC AMERICAS,Waterlogic Americas,utilities,low,5912.27,2
MR WASH HOUSE WASHING,Mr Wash House Washing,facilities,low,5911.00,1
COLONIAL FOOD,Colonial Food,facilities,low,5905.49,1
FELD FIRE,Feld Fire,fire-equipment,high,5903.03,2
CLERMONT CHAMBER OF COMMERCE,Clermont Chamber Of Commerce,training,low,5900.00,1
STAR CONSULTANTS,Star Consultants Inc.,professional,low,5900.00,1
BIHL OFFICE SUPPLY,Bihl Office Supply Inc,general,low,5899.04,1
WARSAW AUTOMOTIVE SUPPLY,Warsaw Automotive Supply,fleet,low,5875.04,1
DKC RADIO,Dkc Radio,radios,low,5875.00,1
EMBROIDERY EXPRESS,"Embroidery Express, Llc",uniforms,low,5869.62,1
DAVE ARBOGAST FORD,Dave Arbogast Ford,fleet,low,5853.19,1
ACTION DOOR,Action Door,facilities,low,5851.60,3
SITEONE LANDSCAPE SUPPLY,"Siteone Landscape Supply, Llc",facilities,low,5851.56,5
MERCURY MEDICAL,Mercury Medical,ems-supplies,high,5842.69,3
D AND K ELECTRIC,D & K Electric,utilities,low,5838.43,1
ERC HEALTH ACADEMY,Erc Health Academy,training,low,5837.44,2
WALKER FAMILY TIRE,Walker Family Tire,fleet,low,5830.80,1
FAIRSITE TECHNOLOGIES,Fairsite Technologies Llc,it,low,5825.58,1
VANCE OUTDOORS,"Vance Outdoors, Inc.",facilities,low,5814.40,2
1470 OHIO STATE UNIVERSITY,- The Ohio State University,training,low,5808.25,1
4030,4030,facilities,low,5800.00,1
ATLAS AUTOMOTIVE,"Atlas Automotive, Inc.",fleet,low,5800.00,1
DAN BERKEBILE,Dan Berkebile,training,low,5797.92,1
VALLEY FREIGHTLINER TRUCKS,Valley Freightliner Trucks,fleet,low,5788.46,1
FIREHOUSE VIGILANCE,Firehouse Vigilance,fire-equipment,low,5781.72,1
CHARLES JOE MATTIA,"Charles ""Joe"" Mattia",training,low,5780.14,1
AMAZING CLOUD,"The Amazing Cloud, Llc",utilities,low,5775.00,1
JOHN DAVIS,John Davis,training,low,5774.12,2
ADAM DRESSLER,Adam Dressler,training,low,5760.33,1
FIRE FLY FIRE EQUIPMENT,Fire-Fly Fire Equipment Inc.,fire-equipment,low,5754.48,2
BROWN AND SONS ELECTRIC,Brown & Sons Electric,utilities,low,5753.00,1
LAW OFFICE OF ERIC WILLIAMS,"Law Office of Eric Williams, LLC",professional,low,5750.00,1
YOUNGSTOWN WATER DEPARTMENT,Youngstown Water Department,utilities,low,5741.25,1
JOE KLOSTERMAN PLUMBING,"Joe Klosterman Plumbing, Inc",facilities,low,5737.00,1
LOGOCALIS,"Logocalis, Inc.",telecom,low,5730.16,1
S AND K BUILDING SERVICES,"S&K Building Services, Inc.",facilities,low,5728.00,1
MIAMI VALLEY HOSPITAL,Miami Valley Hospital,medical-exams,low,5718.12,2
WAL MART STORE 1330,Wal Mart Inc. Store #1330,general,low,5714.30,1
CHAGRIN VALLEY AUTO PARTS,Chagrin Valley Auto Parts Co.,fleet,low,5710.18,3
CINTAS DAYTON LOC G62,Cintas,uniforms,low,5704.53,2
MICHAEL MILLER,Michael Miller,training,low,5700.50,1
PRIMARY PHARMACEUTICALS,Primary Pharmaceuticals Inc.,ems-supplies,low,5687.00,3
HARTVILLE HARDWARE,Hartville Hardware,facilities,low,5682.74,3
GO2 PROS PEST CONTROL,go2-pros Pest Control,facilities,low,5680.00,1
MATTHEW RUSHNOK,Matthew Rushnok,training,low,5673.95,1
GRAFT ELECTRIC,"Graft Electric, Inc.",utilities,low,5654.00,1
OCCUPATIONAL HEALTH CENTERS OF OHIO PA,"Occupational Health Centers of Ohio, P.A., Co",medical-exams,low,5654.00,2
BRAMHALL ENGINEERING AND SURVEYING,Bramhall Engineering & Surveying Co,construction,low,5640.00,1
4IMPRINT,4imprint,professional,medium,5639.28,4
FRANKLIN SANITATION,Franklin Sanitation,facilities,low,5629.00,2
BIG BLUE BOX,Big Blue Box,training,low,5620.00,1
BUTLER COUNTY FIRE CHIEFS ASSOC,Butler County Fire Chiefs Assoc.,training,low,5599.75,2
CONTINENTAL FIRE AND SECURITY,"Continental Fire & Security, Inc.",facilities,low,5592.63,1
GRAYS TOWING,Gray'S Towing,fleet,low,5588.00,1
DREAM SEAT,DreamSeat,facilities,medium,5581.37,1
3985,3985,facilities,low,5564.50,1
NATIONAL INSTITUTE FOR PUBLIC SAFETY TECH,National Institute for Public Safety Tech,training,low,5564.06,2
PAULDING COUNTY HOSPITAL,Paulding County Hospital,medical-exams,low,5558.00,1
MERCER DOOR SALES,Mercer Door Sales,facilities,low,5550.00,1
NAPA VANDALIA,Napa Vandalia,fleet,low,5549.49,1
12 STONES MOLD CLEANING,Stones Mold Cleaning,facilities,low,5525.00,1
PAIGE C FITZWATER,Paige C Fitzwater,utilities,low,5513.23,1
TARGET SOLUTIONS,Vector Solutions,training-software,high,5512.83,2
XPRESS AUTO AND TRUCK SERVICE,Xpress Auto & Truck Service,fleet,low,5511.01,1
MAHONING CAREER AND TECHNICAL CENTER,Mahoning Co. Career & Technical Center,training,low,5500.00,1
JOSHUA GALVIN,Joshua Galvin,training,low,5499.20,1
