account_names,category,mode,confidence,note,skip_vendor_category
04287 Community Center Expenses,vendor,refine,medium,Community center expenses; not fire purchasing,
10-GENERAL EXPENSES | 40-55400 Conf & Training,training,refine,high,Conferences and training,
100 | 200903,government,refine,medium,fire protection contracts with cities,
1602000 Â· Fire Department. | 1602015 Â· Miscellaneous,vendor,refine,high,Miscellaneous,
2345 EMS Expenses,vendor,refine,low,"EMS expenses; net negative, mostly cost sharing with other districts, mixed supplies, fuel and dues",
2400.9 Benefits Accrual,payroll,override,high,"benefits accrual (retirement, health)",
421 EMS Fleet Purchase (EMS),ambulance,refine,high,Ambulance purchase,
4221-Fire | Contracted Labor - Services,government,refine,high,Cottonwood Heights contract fire service paid to UFA; generic name so refine only,
473 Ã‚Â· Machinery and Equipment | 473.5 Ã‚Â· CIB Pumper Engine,apparatus,refine,high,CIB-funded pumper engine; net negative,
473.7 Â· BME Engine | 473.7 Â· BME Engine,apparatus,refine,high,BME fire engine purchase,
474 Ã‚Â· CAPITAL EQUIPMENT,vendor,refine,medium,"capital equipment, mixed",
474.1 Â· Capital Equipment-General,vendor,refine,medium,"capital equipment, mixed",
49200.3 Â· Transfer out of Spec Rev Fund,government,override,high,Transfer out of special revenue fund,
5912,vendor,refine,high,Bare account number,
6050 Shift Work,vendor,refine,medium,Shift work cost sharing paid to other fire districts; payees keep their government category,
6215 EMS Supplies,vendor,refine,medium,"Labeled EMS supplies but lines include cost sharing with Wasatch County Fire, ambulance billing, shift work and software",
6217 EMS Equipment Maintenance,vendor,refine,medium,Cost sharing with other fire districts; descriptions include shift work and benefits,
6290 Â· Rent,facilities,refine,medium,Rent paid to county,
6350 · Travel & Ent | 6380 · Travel,training,refine,high,Travel,
6350 Â· Travel & Ent | 6380 Â· Travel,training,refine,high,Travel,
6501 Â· Insurance,insurance,refine,high,Workers comp and auto insurance,
6505 Ã‚Â· Contract Services,vendor,refine,medium,Contract services; mixed payees incl. fire district and bank,
"6510 - Building and Grounds | Building Repairs, Phone and Internet, Cleaning and Station Supplies",facilities,refine,medium,"building repairs, cleaning and station supplies",
"6512 Â· Fleet Maintenance | Fleet repairs, Oil, Tires, Batteries, Pump Repairs",fleet,refine,high,"Fleet repairs, oil, tires, batteries",
"6513 Â· PPE / Equipment / Uniforms | Turnouts, Boot, Uniforms, Sanitizer, Jackets",ppe,refine,medium,"Turnouts and boots, also uniforms",
6515 Â· Minor Equipment,vendor,refine,medium,"Minor equipment; mostly cardiac monitors and other EMS equipment, plus radios and fire tools",
7500 Â· Capital Purchase,vendor,refine,high,Capital purchases; mixed,
7500 Ã‚Â· Capital Purchase,vendor,refine,medium,"Capital purchases; mixed (vehicles, security, radios)",
8010 Interest Expense/Debt,finance,override,medium,"Interest expense; net negative, some lines described as grant expense",
840 Â· FILLMORE O&M,government,override,medium,Operations and maintenance payments to Fillmore City,
845 Â· DELTA O&M,government,override,medium,O&M payments to Delta City,
880 Â· INSURANCE,insurance,refine,high,insurance and bonds,
882 Â· CAPITAL GENERAL FUND,vendor,refine,medium,"capital, mixed",
883 Â· CAPITAL CAPITAL RESERVE,vendor,refine,low,"Capital reserve transfers with no vendor, plus vehicle, fire equipment and repair purchases; payees keep their own category",
Accountant Fees,professional,refine,high,Accountant fees,
Administration - Debt Service | Debt Principle Payments - WFB,finance,override,high,Debt principal,
Administration - Debt Service | Dept Principle Payments - ZFNB,finance,override,high,Debt principal,
Administration - Equipment - Supply/Maint | PCFSD Computer Hardware and So,it,refine,medium,computer hardware and software,
Administration - Health Insurance | Health Insurance,payroll,override,high,Employee health insurance,
ADMINISTRATION DEPARTMENT | Alpine Dispatch,dispatch,refine,high,dispatch fees,
ADMINISTRATION DEPARTMENT | Highland Dispatch,dispatch,refine,high,dispatch fees,
"ADMINISTRATION | EDUCATION, TRAINING & CERT",training,refine,high,"Education, training and certification",
ADMINISTRATION | GRANT EXPENDITURES,vendor,refine,medium,Grant spending; payees mostly behavioral health and EAP,
ADMINISTRATION | LIABILITY INSURANCE,insurance,refine,high,Liability insurance; claim payments to persons stay individuals,
ADMINISTRATION | MEDICAL/DENTAL/LIFE INSURANCE,payroll,override,high,"Employee health, dental and life benefits",
ADMINISTRATION | OVERTIME,payroll,override,high,overtime via payroll journal,
ADMINISTRATION | PROFESSIONAL FEES,vendor,refine,medium,"Professional fees; counseling, consulting, leadership training mixed",
ADMINISTRATION | TRAVEL & TRANSPORTATION,training,refine,medium,travel,
ADMINISTRATION | TUITION REIMBURSEMENT,payroll,override,medium,tuition reimbursement paid through payroll,
ADMINISTRATION | VEBA CONTRIBUTION,payroll,override,high,VEBA contributions for employees,
Administrative Charges,government,refine,high,Internal administrative charges,
Administrative Expense | Administrative & Accounting Expense,professional,refine,high,Administrative and accounting services,
Administrative Expense | Bond Interest Expense,finance,override,high,bond interest,
Administrative Expense | Computer Services,it,refine,high,Computer services,
Administrative Expense | Insurance on Property & Equipment,insurance,refine,high,"Property, auto and liability insurance",
Administrative Expense | Professional & Technical Expense,vendor,refine,medium,mixed professional services,
Administrative Expense | Travel & Training,training,refine,high,Travel and training,
Administrative Expense | Utilities & Telephone,vendor,refine,low,"Utilities and telephone; named payees are mostly phone and internet, most spend has no payee",
AMBULANCE ASSESSMENTS | AMBULANCE ASSESSMENTS,government,override,high,state ambulance assessment,
AMBULANCE BILLINGS | AMBULANCE BILLINGS,ems-billing,refine,high,Ambulance billing,
Ambulance Billings | Ambulance Billings,ems-billing,refine,high,Ambulance billing,
AMBULANCE EXPENSE | AMBULANCE EXPENSE,ems-supplies,refine,medium,Ambulance expense,
AMBULANCE SUPPLIES | AMBULANCE SUPPLIES,ems-supplies,refine,high,ambulance supplies,
AMBULANCE VEHICLE EXPENSE | AMBULANCE VEHICLE EXPENSE,fleet,refine,medium,Ambulance vehicle expense,
AMBULANCE | BUILDINGS,construction,refine,medium,Ambulance buildings,
AMBULANCE | CAPITALIZED EQUIPMENT,ems-equipment,refine,high,ambulance capital equipment,
AMBULANCE | EQUIPMENT SUPPLIES & MAINT,ems-supplies,refine,medium,Ambulance equipment supplies and maintenance,
AMBULANCE | FIRE REPLACEMENT EQUIPMENT,vendor,refine,medium,"Replacement equipment; mostly radios (Motorola), plus fire and EMS equipment",
AMBULANCE | FULL TIME EMPLOYEES,payroll,override,high,Wages,
AMBULANCE | OVERTIME,payroll,override,high,Overtime,
AMBULANCE | PAGER PAY,payroll,override,high,Pager pay,
AMBULANCE | PART TIME EMPLOYEES,payroll,override,high,Wages,
"Apparatus/Equipment Acqusition, Maintenance and Repair",vendor,refine,medium,"Apparatus and equipment; bank payments, rescue tools, surplus purchase and auto repair",
ATTORNEY FEES | ATTORNEY FEES,professional,refine,high,Attorney fees,
Auto Overtime,payroll,override,high,Overtime wages,
AUTOS & TRUCKS,fleet,refine,medium,Autos and trucks,
Bad debt costs | Bad debt collection fees,placeholder,refine,medium,Ambulance bad-debt write-offs; not payments (includes some collection fees),
BAD DEBT EXPENSE | BAD DEBT,placeholder,override,high,Ambulance bad debt write-off; not a payment,
BAD DEBT EXPENSE | BAD DEBT EXPENSE,placeholder,override,high,bad debt write-off (non-cash),
Bank Fees and Interest | Interest expense,finance,override,high,interest expense,
BENEFITS,payroll,override,high,Employee benefits,
Benefits | Fixed Benefits,payroll,override,high,Employee benefits,
Benefits | Fixed Benefits Payments,payroll,override,high,Employee benefits,
Benefits | Variable Benefits,payroll,override,high,Employee benefits,
Benefits | Variable Benefits Payments,payroll,override,high,Employee benefits,
BILLING FEES | BILLING FEES,ems-billing,refine,medium,ambulance billing fees,
BOND EXPENDITURES | BOND INTEREST,finance,override,high,Bond interest,
BOND EXPENDITURES | BOND PRINCIPAL,finance,override,high,Bond principal,
BOND EXPENDITURES | BOUNTIFUL CITY 06 BOND PMNT,finance,override,medium,bond payment to Bountiful City,
BOND EXPENDITURES | TRANSFER TO CAPITAL FUND 45,government,override,high,Transfer to capital fund,
BOND EXPENDITURES | TRANSFER TO SDFD EQUITY FUND,government,override,high,Transfer to another fund,
BOND INTEREST,finance,override,high,bond interest,
BOND PRINCIPAL,finance,override,high,Bond principal,
BRUSH FIRE DEPARTMENT | Brush Truck,apparatus,refine,high,Brush truck,
BUILDINGS,construction,refine,medium,Buildings,
Buildings,construction,refine,medium,Buildings capital; mostly construction contractors,
CAMP WILLIAMS | CAPITAL OUTLAY,vendor,refine,medium,Capital outlay; mixed vehicles and apparatus; net negative,
CAMP WILLIAMS | OVERTIME,payroll,override,high,overtime via payroll journal,
Cap Outlay - 2019 PDM Seismic | Cap Outlay - 2019 PDM Seismic,construction,refine,high,Seismic retrofit project,
Capital assets | FIRE VEHICLES,apparatus,refine,medium,Fire vehicles; car dealers keep fleet via vendor map,
Capital Equipment Purchases,vendor,refine,medium,"capital equipment, mixed",
CAPITAL EXPENDITURE CIP,vendor,refine,medium,"capital projects, mixed vehicles and equipment",
Capital Expenditures,vendor,refine,high,Generic capital expenditures,
Capital Expenditures | Buildings,construction,refine,high,Capital buildings,
CAPITAL EXPENDITURES | CAPITAL EQUIPMENT,vendor,refine,high,"Capital equipment; ambulances, vehicles mixed",
Capital Expenditures | Equipment,vendor,refine,medium,Capital equipment; office equipment and copiers,
Capital Expenditures | Improvements,vendor,refine,medium,Generic capital improvements; mixed,
Capital Expenditures | Other Capital Expenditures,vendor,refine,high,Other capital expenditures; mixed,
CAPITAL EXPENSE,vendor,refine,high,Generic capital expense,
Capital Expenses | Capital Expenses,vendor,refine,medium,"capital expenses, generic",
Capital Expenses | Capital Outlay - 2019 PDM Seismic,construction,refine,high,Seismic retrofit project,
Capital Expenses | Capital Outlay - Land #251,construction,refine,high,Land purchase for station,
Capital Expenses | Pre-Con/CIP Costs - #102,construction,refine,high,pre-construction/CIP costs,
Capital Expenses | Pre-Con/CIP Costs - #125,construction,refine,high,Station pre-construction and capital project costs,
Capital Expenses | Pre-Con/CIP Costs - #251,construction,refine,high,pre-construction/CIP costs,
Capital Expenses | Pre-construction costs - Building #125,construction,refine,high,pre-construction costs,
Capital Lease Principal,finance,override,high,Capital lease principal,
Capital Outlay,vendor,refine,medium,"capital outlay, generic",
CAPITAL OUTLAY (DEPRECIABLE) | Cap Outlay - 2019 PDM Seismic,construction,refine,high,Seismic retrofit construction,
CAPITAL OUTLAY (DEPRECIABLE) | Capital maintenance,facilities,refine,medium,"Capital building maintenance (roofing, restoration)",
CAPITAL OUTLAY - 51 | CAPITAL OUTLAY - 51,construction,refine,medium,station capital project,
CAPITAL OUTLAY - ADMIN | CAPITAL OUTLAY - ADMIN,vendor,refine,medium,"capital outlay, mixed",
Capital Outlay - Building Improvements | 34 Building Improvements,construction,refine,high,Building improvements,
Capital Outlay - Buildings | Capital Outlay - Buildings,construction,refine,high,Capital buildings,
Capital Outlay - Fixed Assets | Fire Station Construction,construction,refine,high,Fire station construction,
Capital Outlay - Fixed Assets | Other,vendor,refine,medium,"fixed assets, other",
CAPITAL OUTLAY - VEHICLES | CAPITAL OUTLAY - VEHICLES,fleet,refine,medium,vehicles; ambulance makers keep their category,
CAPITAL OUTLAY PRECONSTRUCTION | Pre-Construction Costs - #102,construction,refine,high,Station pre-construction costs,
CAPITAL OUTLAY PRECONSTRUCTION | Pre-Construction Costs - #125,construction,refine,high,Station pre-construction costs,
CAPITAL OUTLAY PRECONSTRUCTION | Pre-Construction Costs - #251,construction,refine,high,Station pre-construction costs,
CAPITAL OUTLAY PRECONSTRUCTION | Pre-Construction Costs - #253,construction,refine,high,"Station pre-construction costs (contractor, architect, owner rep)",
CAPITAL OUTLAY TORREY FIRE STA | CAPITAL OUTLAY TORREY FIRE STA,construction,refine,high,Torrey fire station capital project,
Capital Outlay | 4740 - CAPITAL EQUIPMENT PURCHASE,vendor,refine,medium,"capital equipment, mixed",
Capital Outlay | 4790 - OTHER PROJECTS,vendor,refine,medium,"capital projects, mixed",
Capital outlay | Building construction and remodel,construction,refine,high,Fire station and training facility construction,
CAPITAL OUTLAY | BUILDING PURCHASES OR CONST.,construction,refine,high,Fire station construction,
Capital outlay | Buildings,construction,refine,high,"Building construction (contractors, architects)",
Capital Outlay | Capital Equipment Purchase,vendor,refine,high,"Capital equipment; apparatus, radios mixed",
CAPITAL OUTLAY | CAPITAL OUTLAY,vendor,refine,high,"Generic capital outlay; apparatus, architects mixed",
CAPITAL OUTLAY | CAPITAL OUTLAY | WILDFIRE RISK & MITIGAT * CIP * TR FR GE,wildland,refine,low,Community wildfire risk assessment and mitigation project,
Capital outlay | Equipment,vendor,refine,high,Generic capital equipment,
Capital outlay | Equipment acquisitions and replacement,vendor,refine,high,"Equipment acquisitions; apparatus, ambulances, monitors mixed",
Capital outlay | Equipment allocated costs,placeholder,override,high,Capitalized asset offset; not a payment,
CAPITAL OUTLAY | EQUIPMENT PURCHASES,vendor,refine,medium,"Capital equipment purchases; apparatus, radios and fire equipment mixed",
Capital outlay | Land,construction,refine,medium,Land purchases for stations; title/escrow payees keep their own category,
CAPITAL OUTLAY | LAND PURCHASES,finance,refine,medium,land purchase through title company,
Capital outlay | Other Equipment Rolling Stock,vendor,refine,medium,Rolling stock; vehicles and apparatus mixed,
Capital Outlay | Other Projects,vendor,refine,medium,"capital projects, mixed",
Capital Outlays,vendor,refine,high,"Generic capital outlays; apparatus, vehicles, radios mixed",
Capital Outlays - Buildings | City Center - New Building - EOC,construction,refine,high,New building / EOC construction,
Capital Outlays - Buildings | Fire Training Facility - Classroom,construction,refine,high,Training facility classroom construction,
Capital Outlays - Buildings | Fire Traning Facility - Burn Structures,construction,refine,high,Training facility burn structures construction,
Capital Outlays - Buildings | Fire Traning Facility - Classroom,construction,refine,high,Training facility classroom construction,
Capital Outlays - Construction,construction,refine,high,Capital construction,
Capital Outlays - Land | Land Purchase - 1400 S Main - Firestation #1,construction,refine,high,Land purchase for fire station,
Capital Outlays - Machinery and Equipment - Furniture and Fi | Equipment - Fire Station Alerting & Automation,radios,refine,medium,station alerting systems,
Capital Outlays - Machinery and Equipment - Furniture and Fi | Fire Training Facility - Classroom FF&E,facilities,refine,medium,Training classroom furniture and fixtures,
Capital Outlays - Machinery and Equipment - Vehicles | Vehicle #3716 - Replace Vehicle #3709,ambulance,refine,medium,Vehicle replacement through ambulance dealer (RMEV) plus chassis and upfit,
Capital Outlays - Machinery and Equipment - Vehicles | Vehicle #3717 - Replace Vehicle #3712,ambulance,refine,medium,Vehicle replacement through ambulance dealer (RMEV) plus chassis and upfit,
Capital Outlays - Machinery and Equipment - Vehicles | Vehicle #3718 - Replace Vehicle #3711,ambulance,refine,medium,Vehicle replacement through ambulance dealer (RMEV) plus chassis and upfit,
Capital Outlays - Machinery and Equipment - Vehicles | Vehicle #3719 - Replace Vehicle #3713,ambulance,refine,medium,Vehicle replacement through ambulance dealer (RMEV) plus chassis and upfit,
Capital Outlays - Machinery and Equipment - Vehicles | Vehicle #3812 - Replace Vehicle #3810,apparatus,refine,medium,tiller ladder truck purchase,
Capital Outlays - Machinery and Equipment - Vehicles | Vehicle #3834 - Replace Vehicle #3820,apparatus,refine,medium,Fire engine replacement,
Capital Outlays - Machinery and Equipment - Vehicles | Vehicle #3903 - Replace Vehicle #3900,apparatus,refine,high,Brush/wildland apparatus replacement (Outback Fire Apparatus),
Capital Outlays - Machinery and Equipment - Vehicles | Vehicle #???? - Replace Vehicle #????,vendor,refine,medium,Vehicle replacement plus equipment purchases,
Capital Outlays - Machinery and Equipment | Ambulance Stretchers,ems-equipment,refine,high,Ambulance stretchers; payee is Stryker financing arm,
Capital Outlays - Vehicles,vendor,refine,medium,"Vehicles of all kinds (apparatus, ambulances, pickups)",
Capital Outlays | Capital Outlays,vendor,refine,medium,Generic capital outlays (net negative after capitalization entries),
CAPITAL OUTLAYS | MACHINERY AND EQUIPMENT | COMPUTERS AND EQUIPMENT,vendor,refine,medium,Labelled computers but payees are apparatus and fire equipment,
CAPITAL OUTLAYS | MACHINERY AND EQUIPMENT | EQUIPMENT,vendor,refine,medium,"capital equipment, mixed vehicles and apparatus",
CAPITAL OUTLAYS | MACHINERY AND EQUIPMENT | FURNITURE AND FIXTURES,vendor,refine,medium,account says furniture; payees are vehicle/apparatus dealers,
Capital Projects1:Equipment,vendor,refine,high,Capital equipment; mixed,
CAPITALIZED EQUIPMENT | CAPITALIZED EQUIPMENT,vendor,refine,medium,"Capitalized equipment; vehicles and upfit, bank",
CAPTIAL EXPENDITURES | FIRE STATION - BUILDING CONST,construction,refine,high,Fire station building construction,
CAPTIAL EXPENDITURES | FIRE STATION - ENGINEERING/PRO,construction,refine,high,Fire station engineering,
CAPTIAL EXPENDITURES | FIRE STATION - FF & E,vendor,refine,medium,"Station furniture, fixtures and equipment; mostly fire/EMS equipment",
CAPTIAL EXPENDITURES | FIRE STATION - SITEWORK,construction,refine,high,Fire station site work,
CELLULAR PHONE BILLS,telecom,refine,high,Cell phone bills,
CENTRAL BANK SWEEP ACCOUNT | CENTRAL SHOP,government,refine,medium,Internal central shop charges by journal entry,
Charges and Services | Charges/Services/Fees,vendor,refine,high,"Generic charges and services; utilities, fuel, medical, telecom mixed",
Charges And Services | Fleet Repairs,government,refine,medium,Salt Lake City internal fleet fuel and repair charges; car washes keep their own category,
Charges And Services | Other Contractual Services,vendor,refine,high,Other contractual services; mixed,
Charges And Services | Professional and Technical,vendor,refine,medium,mixed medical exams and other services,
Charges And Services | Security Services,training,refine,medium,Labeled security services but used for EMS/fire education,
Charges And Services | Telecommunication,telecom,refine,high,Telecommunication,
"Charges And Services | Travel, Education and Training",training,refine,high,"Travel, education and training",
Charges And Services | Utilities,utilities,refine,high,Utilities,
Chief (4401),payroll,override,medium,Fire chief position paid through PEOs,
CITY FIRE DEPARTMENT CONTRACTS | CITY FIRE DEPARTMENT CONTRACTS,vendor,refine,medium,Carbon County payments to city fire departments plus equipment purchases,
CLOTHING & UNIFORMS | CLOTHING & UNIFORMS,uniforms,refine,high,Clothing and uniforms,
Clothing Allowance,uniforms,refine,medium,"Clothing allowance; over half is paid to the payee ""Payroll"", which keeps its payroll category; the rest is uniform vendors",
Clothing Allowance -,uniforms,refine,high,Clothing allowance,
Collection Services,ems-billing,refine,high,Ambulance billing and collection services,
COMMUNICATIONS DIVISION | CELL PHONES & PAGER SERVICES,vendor,refine,medium,Phone carriers are named; lines with no payee are payroll journal entries (phone allowances),
COMMUNICATIONS DIVISION | COMPUTER SUPPORT SERVICES,it,refine,medium,Computer support services,
COMMUNICATIONS DIVISION | DISPATCH FEES,dispatch,refine,high,Dispatch fees; police dispatch payee keeps government via vendor map,
COMMUNICATIONS DIVISION | EQUIPMENT - UNDER $5000,radios,refine,high,"Communications equipment under $5,000",
COMMUNICATIONS DIVISION | TELEPHONE,telecom,refine,high,telephone,
Computer Maintenance & Supply,it,refine,high,Computer maintenance and supplies,
Construction,construction,refine,high,Construction contractors,
Construction in Progress | 34 Construction in Progress,construction,refine,high,Construction in progress,
Contra expenditures | Capital Contra Account,placeholder,override,high,Capital contra entry offsetting capitalized purchases; not a payment,
Contract Labor EMT,payroll,refine,medium,Contract EMT labor paid to individuals; one equipment vendor also booked here keeps own category,
CONTRACT SERVICES,vendor,refine,high,"Contract services; wellness, software, consulting mixed",
Contributions,government,refine,high,Utah County contributions to city fire departments,
Contributions to Other Govt,government,override,high,contributions to other governments,
CONTRIBUTIONS | CONTRIBUTIONS TO OTHER UNITS,government,override,high,Contributions to other government units,
County Fire Dept | Equipment,fire-equipment,refine,medium,Fire department equipment,
County Fire Dept | Permanent Employees,payroll,override,high,Permanent employee wages,
County Fire Dept | Temporary Employees,payroll,override,high,Temporary employee wages,
COUNTY JAIL | TELEPHONE,telecom,refine,high,Telephone (county jail),
Credit Union DR,vendor,refine,high,Account named for a bank account,
Debt Expense | Bond Interest Payments,finance,override,high,Bond interest,
Debt Expense | Bond Issuance Costs,finance,refine,medium,Bond issuance costs; bond counsel and rating agency keep vendor category,
Debt Expense | Bond Principal Payments,finance,override,high,Bond principal,
Debt Expense | Interfund Lease Payments,finance,override,high,Interfund lease payments that fund bond debt service,
Debt Service - Bond Issuance Costs,finance,override,high,Bond issuance costs,
DEBT SERVICE - PRINCIPAL,finance,override,medium,Debt principal (Riverton share paid to UFA/UFSA),
Debt Service Principal,finance,override,high,Debt principal,
DEBT SERVICE | Bond Interest Payments,finance,override,high,Bond interest,
DEBT SERVICE | Interest expense,finance,override,high,Debt interest,
Debt Service | Lease Purchase,finance,override,high,lease purchase payments,
DEBT SERVICE | Payments on LT Debt,finance,override,high,Long-term debt payments,
DEBT SERVICE | PRINCIPAL ON BONDS,finance,refine,high,Lease principal to US Bank Equipment Finance; refine so installment payments to Zoll for cardiac monitors keep their own category,
DEBT SERVICE-PRINCIPAL | DEBT SERVICE-PRINCIPAL,finance,override,medium,Debt principal,
Debt Service:Interest,finance,override,high,Debt interest,
Debt Service:Principal,finance,override,high,Debt principal,
Department of Health,government,override,high,payments to state health dept,
DEPARTMENT SUPPLIES | DEPARTMENT SUPPLIES,general,refine,low,Department supplies; mostly purchasing card,
Departmental Expense | FIRE - SMITHFIELD CITY CONTRACT,government,override,high,contract fire service with Smithfield City,
Depreciation and amortization | Depreciation,placeholder,override,high,Depreciation; non-cash,
Depreciation expense | Depreciation expense,placeholder,override,high,Depreciation; non-cash,
Depreciation Expense | Fire Depr. Expense,placeholder,override,high,depreciation (non-cash),
Depreciation Expense | Police Depr. Expense,placeholder,override,high,depreciation (non-cash),
DEPRECIATION | DEPRECIATION EXPENSE,placeholder,override,high,Depreciation; non-cash,
DEPRECIATION-FIRE | DEPRECIATION-FIRE,placeholder,override,high,depreciation (non-cash),
Dispatch Expense,dispatch,refine,high,Dispatch expense,
Dispatch Services,dispatch,refine,high,dispatch fees; payees are cities providing dispatch,
DISPATCH SERVICES | DISPATCH SERVICES,dispatch,refine,high,Dispatch services; state dispatch payee keeps government via vendor map,
DISPATCH/UCAN FEES | DISPATCH/UCAN FEES,dispatch,refine,high,Dispatch and UCAN fees,
ELECTRIC CHARGES,utilities,refine,high,electricity,
Electricity,utilities,refine,high,electricity,
EMERGENCY MANAGEMENT | CAPITAL OUTLAY-MACH & EQUIP,vendor,refine,medium,"capital machinery and equipment, mixed",
EMERGENCY MANAGEMENT | COMPUTER SOFTWARE - NONCAPITAL,software,refine,high,Non-capital software,
EMERGENCY MANAGEMENT | COMPUTER SOFTWARE SUBSCRIPTION,software,refine,high,software subscriptions,
EMERGENCY MANAGEMENT | EOC ACTIVATION RELATED,vendor,refine,medium,Emergency operations center costs; mostly reimbursements to cities and county,
EMERGENCY MANAGEMENT | GRANT EXP - OTHER PASS-THROUGH,vendor,refine,medium,Grant pass-through spending,
EMERGENCY MANAGEMENT | GRANT EXPENDITURES,vendor,refine,high,Grant spending; mixed,
EMERGENCY MANAGEMENT | INTERGOVERNMENTAL DISBURSEMENT,government,override,high,intergovernmental disbursement,
EMERGENCY MANAGEMENT | JANITORIAL SUPP. & SERV.,facilities,refine,high,Janitorial supplies and services,
EMERGENCY MANAGEMENT | LIGHT & POWER,utilities,refine,high,light and power,
EMERGENCY MANAGEMENT | MAINT. OF MACHINERY & EQUIP,vendor,refine,medium,Machinery and equipment maintenance; IT vendor,
EMERGENCY MANAGEMENT | MAINTENANCE OF BLDGS & GROUNDS,facilities,refine,high,Building and grounds maintenance,
EMERGENCY MANAGEMENT | MEDICAL/DENTAL/LIFE INSURANCE,payroll,override,high,employee medical/dental/life insurance,
EMERGENCY MANAGEMENT | OVERTIME,payroll,override,high,Overtime wages,
EMERGENCY MANAGEMENT | PROFESSIONAL FEES,professional,refine,medium,emergency management consulting,
EMERGENCY MANAGEMENT | TELEPHONE- CELLULAR,telecom,refine,high,Cellular phones,
EMERGENCY MANAGEMENT | TRANSFER OUT TO GENERAL FUND,government,override,high,Transfer out to general fund,
EMERGENCY MEDICAL SERVICES DIV | CONTRACTED BILLING & COLLECT,ems-billing,refine,high,Contracted ambulance billing and collection,
EMERGENCY MEDICAL SERVICES DIV | EQUIPMENT MAINTENANCE & REPAIR,ems-equipment,refine,high,EMS equipment maintenance and repair,
EMERGENCY MEDICAL SERVICES DIV | EQUIPMENT OVER $5000,ems-equipment,refine,high,"EMS equipment over $5,000",
EMERGENCY MEDICAL SERVICES DIV | MEDICAL SUPPLIES,ems-supplies,refine,high,Medical supplies,
EMERGENCY MEDICAL SERVICES DIV | TRANSPORT FEE,government,override,medium,Ambulance transport fee/assessment paid to state health department,
EMERGENCY OPERATIONS | DISPATCH SERVICES,dispatch,refine,high,Dispatch services (VECC); public dispatch payees keep government via vendor map,
EMERGENCY OPERATIONS | EMP BENEFITS - NON-USAR DEPLMT,payroll,override,high,Employee benefits,
EMERGENCY OPERATIONS | HRA CLAIMS,payroll,override,high,HRA claims (employee benefit),
EMERGENCY OPERATIONS | MEDICAL/DENTAL/LIFE INSURANCE,payroll,override,high,"Employee health, dental and life benefits",
EMERGENCY OPERATIONS | OVERTIME,payroll,override,high,Overtime wages,
EMERGENCY OPERATIONS | OVERTIME - FLSA,payroll,override,high,FLSA overtime wages,
EMERGENCY OPERATIONS | OVERTIME - MINIMUM STAFFING,payroll,override,high,Overtime wages,
EMERGENCY OPERATIONS | OVERTIME - NON-USAR DEPLOYMNT,payroll,override,high,Deployment overtime wages,
"EMERGENCY OPERATIONS | OVERTIME, PAID CALL",payroll,override,high,overtime and paid-call pay,
EMERGENCY OPERATIONS | UNIFORM ALLOWANCE,payroll,override,medium,Uniform allowance paid through payroll,
EMERGENCY OPERATIONS | VAC/SICK PAYOUTS,payroll,override,high,Vacation/sick leave payouts,
EMERGENCY OPERATIONS | VACATION BUYBACK,payroll,override,high,Vacation buyback pay,
EMERGENCY OPERATIONS | VEBA CONTRIBUTION,payroll,override,high,VEBA contributions (employee benefit),
EMERGENCY OPERATIONS | WORKERS COMP,payroll,refine,high,"Workers comp allocated through payroll journals (payroll, as in UFA's other divisions); named insurers keep their category",
EMERGENCY SERVICES | Administration Expense | EMERGENCY SERVICES,vendor,refine,medium,Highland payments to Lone Peak PSD plus small card charges,
EMERGENCY SERVICES | Lone Peak Public Safety Dist | EMERGENCY SERVICES,government,override,high,Contract fire/EMS service paid to Lone Peak Public Safety District,
Emergency Supplies,vendor,refine,medium,Emergency supplies; mixed EMS equipment and fire,
Employee Allowances,payroll,refine,medium,Employee allowances; phone carriers and uniform vendors keep own category,
EMS | CAPITAL OUTLAY - EMS,ems-equipment,refine,medium,EMS capital equipment,
EMS | OPERATING SUPPLIES - EMS,ems-supplies,refine,high,EMS operating supplies,
EMS | PROFESSIONAL SERVICES - EMS,vendor,refine,medium,mixed EMS professional services,
EOC VEHICLE REPLACEMENT | CAPITAL OUTLAY,fleet,refine,high,Vehicle replacement from car dealers,
EQUIPMENT,vendor,refine,low,"Generic equipment account; most spend is receiving entries with no vendor, named payees mix fire, EMS and radio equipment",
Equipment,vendor,refine,high,Generic equipment,
EQUIPMENT - REPAIRS AND MAINT | EQUIPMENT - REPAIRS AND MAINT,vendor,refine,medium,"equipment repairs, mixed",
EQUIPMENT - SUPPLIES | EQUIPMENT - SUPPLIES,vendor,refine,medium,"Generic equipment supplies; fire equipment mixed with state fleet charges, grocery, hardware, sign shops and auto parts",
Equipment - Supply/Maint | Apparatus Acquisition,apparatus,refine,high,Apparatus acquisition,
EQUIPMENT EXPENSE | EQUIPMENT EXPENSE,fire-equipment,refine,medium,Equipment expense,
Equipment Maintenance,fire-equipment,refine,medium,equipment maintenance,
Equipment Maintenance & Supply,vendor,refine,medium,"Labeled equipment maintenance but payees are mostly building maintenance, hardware stores and retail",
EQUIPMENT OUTLAY | EQUIPMENT OUTLAY,vendor,refine,medium,Equipment outlay; mixed payees incl. bank and state treasurer,
Equipment purchases,vendor,refine,low,"equipment purchases, mixed heavy equipment",
Equipment Purchases (Small),vendor,refine,medium,"Small equipment; mixed fire equipment, radios, hardware stores, auto parts and card",
EQUIPMENT PURCHASES | EQUIPMENT PURCHASES,fire-equipment,refine,medium,Equipment purchases,
Equipment Supplies,fire-equipment,refine,medium,equipment supplies,
EQUIPMENT SUPPLIES & MAIN,vendor,refine,high,"Equipment supplies and maintenance; medical, fire and radio mixed",
Equipment | Equipment,vendor,refine,medium,"Generic equipment; mixed (fire equipment, laptops, gas monitors)",
Expenditure,vendor,refine,high,Generic expenditure account,
EXPENDITURES,vendor,refine,high,Generic expenditures,
EXPENDITURES - FIRE PROTECTION | Capital Outlay - Type 1/3 Engi,apparatus,refine,high,Type 1/3 engine purchase,
EXPENDITURES - FIRE PROTECTION | CIF Transfer,government,override,high,Transfer to capital improvement fund,
EXPENDITURES - FIRE PROTECTION | Debt Service - TAN Principal,finance,override,high,Tax anticipation note principal,
EXPENDITURES - FIRE PROTECTION | Fuel,fleet,refine,high,Fuel,
EXPENDITURES - FIRE PROTECTION | PPE - Structure,ppe,refine,high,Structure PPE,
EXPENDITURES - FIRE PROTECTION | Repairs & Maint - Apparatus,apparatus,refine,high,apparatus repairs,
EXPENDITURES | BUILDINGS,construction,refine,medium,Buildings; construction and restoration,
EXPENDITURES | Capital Outlay,vendor,refine,high,Generic capital outlay,
EXPENDITURES | CAPITAL OUTLAY | EQUIPMENT,vendor,refine,medium,Capital equipment; mixed payees,
EXPENDITURES | CAPITAL OUTLAY | GRANT EQUIPMENT,vendor,refine,medium,Grant-funded capital equipment,
EXPENDITURES | CAPITAL OUTLAY | VEHICLES,vendor,refine,medium,vehicles incl. engine loan payments,
EXPENDITURES | CAPITAL OUTLAYS | BUILDINGS,construction,refine,high,Station buildings construction,
EXPENDITURES | CAPITAL OUTLAYS | CONSTRUCTION,construction,refine,high,Capital construction,
EXPENDITURES | CAPITAL OUTLAYS | INTAGIBLE ASSETS,software,refine,high,Intangible assets: computer software,
EXPENDITURES | CAPITAL OUTLAYS | MACHINERY AND EQUIPMENT,vendor,refine,high,"Capital machinery and equipment; apparatus, vehicles, radios and UFA contract mixed",
EXPENDITURES | CAPITAL OUTLAYS | OTHER ASSES,vendor,refine,medium,"capital outlay, mixed",
EXPENDITURES | Capital Projects,vendor,refine,medium,"capital projects, mixed",
EXPENDITURES | CIB LOAN PAYMENT,finance,override,high,CIB loan payment,
EXPENDITURES | DEBT SERVICE | INTEREST,finance,override,high,debt interest,
EXPENDITURES | DEBT SERVICE | LEASE PAYMENTS,finance,refine,medium,debt service lease payments; equipment vendors paid here keep their category,
EXPENDITURES | DEBT SERVICE | PRINCIPAL,finance,override,high,Debt principal,
EXPENDITURES | EQUIPMENT,vendor,refine,high,"Generic equipment; apparatus, vehicles, PPE mixed",
EXPENDITURES | EQUIPMENT ANNUAL LEASE PMTS,finance,override,high,Equipment lease payments,
EXPENDITURES | FIRE - DEBT SERVICE PRINCPAL,finance,override,high,debt principal,
EXPENDITURES | FIRE DEBT SERVICE -BOND INT,finance,override,high,bond interest,
EXPENDITURES | GENERAL AND CONTRACTED SERVICES | COLLECTION AND SERVICES,vendor,refine,high,"Generic collection and services; contract service, billing, physicals mixed",
EXPENDITURES | GENERAL AND CONTRACTED SERVICES | DUES AND MEMBERSHIPS,training,refine,high,dues and memberships,
EXPENDITURES | GENERAL AND CONTRACTED SERVICES | INSURANCE,insurance,refine,high,"Property, vehicle and liability insurance",
EXPENDITURES | GENERAL AND CONTRACTED SERVICES | NONPROFESSIONAL SERVICES,vendor,refine,high,"Generic nonprofessional services; contracts, state agencies, apparatus mixed",
EXPENDITURES | GENERAL AND CONTRACTED SERVICES | PROFESSIONAL AND TECHNICAL SERVICES,vendor,refine,high,Generic professional/technical services across 29 entities; payees mixed,
"EXPENDITURES | GENERAL AND CONTRACTED SERVICES | TRAVEL, EDUCATION AND TRAINING",training,refine,medium,"Travel, education and training; some uniforms booked here",
EXPENDITURES | GRANTS AND CONTRACTS | LOCAL,vendor,refine,medium,"Local grants and contracts; cities, contractors and suppliers mixed",
EXPENDITURES | GRANTS AND CONTRACTS | PRIVATE,vendor,refine,medium,Standard chart account; mostly Herriman payments to UFA plus private persons,
EXPENDITURES | IMPROVEMENTS,construction,refine,medium,improvements,
EXPENDITURES | INSURANCE - AUTO PHYSICAL DMG,insurance,refine,high,Auto physical damage insurance,
EXPENDITURES | OTHER FINANCING USES | INTERFUND TRANSFERS,government,override,high,Interfund transfers,
EXPENDITURES | PROFESSIONAL AND TECHNICAL,vendor,refine,medium,mostly architects/engineers but generic account,
EXPENDITURES | SPECIAL DEPARTMENT EQUIPMENT,fire-equipment,refine,medium,special department equipment,
EXPENDITURES | SUPPLIES & MAINT FOR EQUIPMENT,vendor,refine,low,"Equipment supplies and maintenance; mostly an apparatus shop, plus radios and a city",
EXPENDITURES | SUPPLIES AND MATERIALS | OFFICE SUPPLIES,vendor,refine,medium,Labelled office supplies but used by towns for most fire purchases,
EXPENDITURES | SUPPLIES AND MATERIALS | OPERATING SUPPLIES,vendor,refine,high,Generic operating supplies; mostly fuel but mixed,
EXPENDITURES | SUPPLIES AND MATERIALS | REPAIR AND MAINTENANCE,vendor,refine,high,"Generic repair and maintenance across 45 entities; vehicles, buildings, equipment mixed",
EXPENDITURES | SUPPLIES AND MATERIALS | SMALL TOOLS AND MINOR EQUIPMENT,vendor,refine,medium,"Generic small tools account across 49 entities; payees include builders, a tree service, EMS suppliers, an ambulance dealer and fire distributors; unnamed lines mixed (wildfire mitigation, operating supplies)",
EXPENDITURES | Transfer to General Fund,government,override,high,transfer to general fund,
EXPENDITURES | UTILITIES AND UTILITY SERVICES | ELECTRICTY,utilities,refine,high,electricity,
EXPENDITURES | UTILITIES AND UTILITY SERVICES | NATURAL GAS,utilities,refine,high,Natural gas and propane,
EXPENDITURES | UTILITIES AND UTILITY SERVICES | TELECOMMUNICATION,telecom,refine,high,telecommunications,
EXPENDITURES | UTILITIES AND UTILITY SERVICES | UTILITIES AND UTILITY SERVICES,utilities,refine,high,Utilities,
EXPENDITURES | UTILITIES AND UTILITY SERVICES | WATER AND SEWERAGE,utilities,refine,high,water and sewer,
EXPENDITURES | VEHICLES,vendor,refine,medium,Vehicles of all kinds,
EXPENDITURES | VEHICLES - FIRE TRUCKS,apparatus,refine,high,Fire truck purchases,
Expense | 545000 - PARTICIPATION COMMITMENT,vendor,refine,medium,County wildfire participation commitment; trucks from car dealers plus a chipper and other mitigation equipment,
Expense | Capital Outlay,finance,refine,medium,"Kanab: Zions Bank $45,196.45 every January, a loan payment; named vendors keep their category",
EXPENSES | FIRE STATION 84,construction,refine,high,"Fire station construction (architect, geotechnical)",
EXPENSES | FIRE STATION 84 CONSTRUCTION,construction,refine,high,Fire Station 84 construction,
EXPENSES | FUTURE FIRE STATION,construction,refine,medium,Future fire station (single disbursement),
EXPENSES | TRANSFER TO LBA,government,override,high,transfer to local building authority,
Facilities and Equipment | Depr and Amort - Allowable,placeholder,override,high,Depreciation and amortization; not a payment,
FACILITY IMPACT | Building constructn & imprvmts,construction,refine,high,Building construction and improvements,
FACILITY IMPACT | Land Improvements,construction,refine,high,Site/land improvements for station,
FACILITY MAINT. SERVICE DIRECT,government,override,medium,internal facility charges,
FACILITY MAINTENANCE CONTRACTS,government,refine,medium,Facility maintenance contract chargebacks (internal),
Federal Grants & Contracts,vendor,refine,medium,Federal grant spending; mixed payees,
Fees,government,refine,medium,Property tax collection fees to county,
FICA,payroll,override,high,Payroll taxes (FICA),
FINANCE | AMB -STATE MEDICAID ASSESSMENT,government,refine,high,State Medicaid ambulance assessment paid to state health department,
FINANCE | CAPITAL LEASE PAYMENTS,finance,override,high,Capital lease payments,
FINANCE | INTEREST EXPENSE,finance,override,high,interest expense,
FINANCE | MEDICAL/DENTAL/LIFE INSURANCE,payroll,override,high,employee medical/dental/life insurance,
FINANCE | PROF. FEES- AMBULANCE BILLING,ems-billing,refine,high,Ambulance billing fees,
FINANCE | PROF. FEES- OTHER,professional,refine,medium,"Finance professional fees (benefits admin, actuary)",
FINANCE | RENT OF BUILDINGS,facilities,refine,medium,Building rent,
"FINANCE | WAREHOUSE LOAN PMT, PRINCIPAL",finance,override,high,Warehouse loan principal,
FIRE / EMS DEPARTMENT | BILLING AND COLLECTION,ems-billing,refine,high,Ambulance billing and collection,
FIRE / EMS DEPARTMENT | CAPITAL EXPENSE,vendor,refine,medium,"capital expense, apparatus and parts",
FIRE / EMS DEPARTMENT | Capital Projects,vendor,refine,medium,"Capital projects; apparatus, vehicles mixed",
FIRE / EMS DEPARTMENT | EQUIPMENT,fire-equipment,refine,medium,Equipment,
FIRE / EMS DEPARTMENT | Exp Aid Provided Oth. Agencies,vendor,refine,medium,Costs of aid provided to other agencies (deployments); mixed,
FIRE / EMS DEPARTMENT | FICA/MEDICARE,payroll,override,high,FICA/Medicare payroll taxes,
FIRE / EMS DEPARTMENT | FUEL,fleet,refine,high,Fuel,
FIRE / EMS DEPARTMENT | Holiday Pay,payroll,override,high,Holiday pay,
FIRE / EMS DEPARTMENT | INSURANCE,payroll,refine,low,mostly employee benefits via payroll; insurers keep their category,
FIRE / EMS DEPARTMENT | MEDICAL BENEFITS,payroll,override,high,Employee medical benefits,
FIRE / EMS DEPARTMENT | MEDICAL SUPPLIES,ems-supplies,refine,high,Medical supplies,
FIRE / EMS DEPARTMENT | MISCELLANEOUS EXPENSE,vendor,refine,high,Miscellaneous expense,
FIRE / EMS DEPARTMENT | PART TIME EMPLOYEES,payroll,override,high,Wages,
FIRE / EMS DEPARTMENT | Professional & Technical Serv,vendor,refine,high,Generic professional and technical services,
FIRE / EMS DEPARTMENT | Protective Clothing,ppe,refine,high,Protective clothing,
FIRE / EMS DEPARTMENT | RENT,vendor,refine,medium,Rent paid to cities,
FIRE / EMS DEPARTMENT | TRAINING,training,refine,high,Training,
FIRE / EMS DEPARTMENT | Utilities,utilities,refine,high,Utilities,
FIRE / EMS DEPARTMENT | VEHICLE LEASE,finance,override,high,Vehicle lease payments to lease financing companies,
FIRE / EMS DEPARTMENT | VEHICLE SUPPLIES/MAINTENANCE,fleet,refine,high,vehicle supplies and maintenance,
FIRE ADMINISTRATION | COMMUNICATIONS/TELEPHONE-PAGER | FIRE ADMINISTRATION,telecom,refine,medium,Telephone and pagers; some dispatch and radio payees,
FIRE ADMINISTRATION | GENERAL SUPPLIES | FIRE ADMINISTRATION,general,refine,high,General supplies,
FIRE ADMINISTRATION | INDIRECT SERVICES | FIRE ADMINISTRATION,government,override,medium,Indirect cost allocation (journal entries only),
FIRE ADMINISTRATION | LEASE PURCHASE | FIRE ADMINISTRATION,finance,override,high,lease purchase payments,
"FIRE ADMINISTRATION | MACHINERY, VEHICLES & EQUIP | FIRE ADMINISTRATION",vendor,refine,medium,"machinery, vehicles and equipment, mixed",
FIRE ADMINISTRATION | REGULAR EMPLOYEES | FIRE ADMINISTRATION,payroll,override,high,Wages,
FIRE ADMINISTRATION | UNIFORM ALLOWANCE | FIRE ADMINISTRATION,uniforms,refine,high,Uniform allowance,
FIRE ADMINISTRATION | YEAR-ROUND PART TIME | FIRE ADMINISTRATION,payroll,override,high,part-time wages,
Fire and rescue projects & equipment | FIRE & RESCUE FACILITY & EQUIP,vendor,refine,medium,"facility and equipment projects, mixed",
FIRE BUILDING | FIRE BLDG/IMPROVEMENTS,construction,refine,high,Fire building improvements,
Fire Contract Fee | Fire Contract Fee,government,override,high,contract fire service fee,
FIRE CONTRACTS | APPROPRIATION TO OTHER AGENCY,government,override,high,Appropriations to other agencies (city fire departments),
Fire Department - Capital Outlay - Equipment | Capital Outlay - Equipment,vendor,refine,high,Capital equipment; mixed,
Fire Department - Capital Outlay - Vehicles | Capital Outlay - Vehicles,fleet,refine,high,vehicle purchases,
Fire Department - Equipment - Supply/Maint | Maint Shop-Equip-Supp-Tools,apparatus,refine,medium,Apparatus maintenance shop parts and tools,
Fire Department - Equipment - Supply/Maint | Protection & Safety Gear,ppe,refine,high,protective gear,
Fire Department - Equipment - Supply/Maint | Station Supplies - General,general,refine,medium,General station supplies,
Fire Department - Equipment - Supply/Maint | Uniforms,uniforms,refine,high,uniforms,
Fire Department - Fuel & Oil | Diesel Fuel,fleet,refine,high,diesel fuel,
Fire Department - Internet Services | Internet Services,telecom,refine,high,Internet service,
Fire Department - Office Supplies & Expense | Computer Hardware/Software,it,refine,medium,computer hardware and software,
FIRE DEPARTMENT EXPENSE | DEBT PRINCIPAL PAYMENT,finance,override,high,Debt principal,
FIRE DEPARTMENT EXPENSE | FIRE EQUIP GREATER THAN $5000,fire-equipment,refine,high,"Fire equipment over $5,000",
FIRE DEPARTMENT EXPENSE | FIRE TRUCK PURCHASE,apparatus,refine,high,fire truck purchase,
FIRE DEPARTMENT EXPENSE | SUPPLIES AND MAINTENANCE,vendor,refine,medium,Generic supplies and maintenance,
FIRE DEPARTMENT | AMBULANCE BILLING FEES,ems-billing,refine,high,Ambulance billing fees,
FIRE DEPARTMENT | AMBULANCE COSTS,vendor,refine,medium,"Ambulance costs; mostly state Medicaid assessment, plus EMS equipment and a powersports dealer",
FIRE DEPARTMENT | Ambulance Supplies & Maint,ems-supplies,refine,medium,Ambulance supplies and maintenance,
FIRE DEPARTMENT | AUTO EXPENSE,fleet,refine,high,Auto expense,
FIRE DEPARTMENT | BENEFITS - HOMELESS MITIGATION,payroll,override,medium,Benefits for homeless-mitigation staff,
FIRE DEPARTMENT | BLDGS. & GROUND SUP. & MNT.,facilities,refine,high,Buildings and grounds supplies and maintenance,
"FIRE DEPARTMENT | BOOKS, SUB., AND MEMBERSHIPS",vendor,refine,medium,"Books, subscriptions and memberships; mix of software and dues",
FIRE DEPARTMENT | BUILDING & GROUND MAINTENANCE,facilities,refine,high,Building and grounds maintenance,
FIRE DEPARTMENT | CAP OUTLAY-BUILDINGS,construction,refine,high,building capital outlay,
FIRE DEPARTMENT | CAP OUTLAY-EQUIPMENT,vendor,refine,high,Capital equipment; mixed,
FIRE DEPARTMENT | CAP OUTLAY-LAND,vendor,refine,medium,Land purchase paid through a title company and money market transfer; not construction,
FIRE DEPARTMENT | CAP OUTLAY-VEHICLES,vendor,refine,medium,"Vehicles of all kinds (apparatus, pickups, upfitting)",
Fire department | CAPITAL ASSETS - GRANT FUNDS,vendor,refine,medium,"grant-funded capital assets, mixed",
FIRE DEPARTMENT | CAPITAL OUTLAY,vendor,refine,high,Generic capital outlay,
FIRE DEPARTMENT | CAPITAL OUTLAY - EQUIPMENT,vendor,refine,medium,Capital equipment; mixed EMS and fire,
FIRE DEPARTMENT | CITY UTILITIES,utilities,refine,high,City utilities,
FIRE DEPARTMENT | COMMUNICATIONS - RADIOS,radios,refine,high,Radios,
FIRE DEPARTMENT | CONTRACT OVERTIME,payroll,override,high,Contract overtime wages,
FIRE DEPARTMENT | CONTRACT SERVICES,vendor,refine,medium,"Contract services with mixed payees (consultant, EMS equipment, training software)",
FIRE DEPARTMENT | DEPT ALLOCATIONS,government,refine,medium,county allocations to city fire departments,
FIRE DEPARTMENT | Dispatch,dispatch,refine,high,dispatch fees paid to another city,
FIRE DEPARTMENT | DISPATCH SERVICES,dispatch,refine,high,dispatch services,
FIRE DEPARTMENT | EDUCATION AND TRAINING,training,refine,high,education and training,
FIRE DEPARTMENT | EMERGENCY MEDICAL SERVICES,ems-supplies,refine,medium,emergency medical services supplies,
FIRE DEPARTMENT | EMPLOYEE INSURANCE,payroll,override,high,Employee insurance,
FIRE DEPARTMENT | EMPLOYEES BENEFITS,payroll,override,high,Employee benefits,
FIRE DEPARTMENT | EMS EQUIPMENT/SUPPLIES,ems-supplies,refine,medium,EMS equipment and supplies,
FIRE DEPARTMENT | EMS SUPPLIES,ems-supplies,refine,high,EMS supplies,
Fire department | EQUIP SUPPLIES & MAINT (EMS),ems-equipment,refine,medium,EMS equipment supplies and maintenance,
Fire department | EQUIP SUPPLIES & MAINT (FIRE),fire-equipment,refine,medium,fire equipment supplies and maintenance,
FIRE DEPARTMENT | EQUIP SUPPLIES & MAINTENANCE,vendor,refine,medium,"Generic equipment supplies and maintenance; fuel network, cards, apparatus, radio and uniform vendors",
FIRE DEPARTMENT | EQUIP-SUPPLIES & MAINTENANCE,vendor,refine,medium,"Generic equipment supplies and maintenance; fire equipment mixed with diesel repair, Ford dealer and tires",
FIRE DEPARTMENT | EQUIP. SUPPLIES & MAINTENANCE,fire-equipment,refine,medium,Fire department equipment supplies and maintenance,
FIRE DEPARTMENT | EQUIP. SUPPLIES AND MNT.,vendor,refine,high,Equipment supplies and maintenance; mixed,
FIRE DEPARTMENT | EQUIPMENT,fire-equipment,refine,medium,Fire department equipment,
FIRE DEPARTMENT | EQUIPMENT ACQUISITION,fire-equipment,refine,medium,Equipment acquisition,
FIRE DEPARTMENT | EQUIPMENT MAINTENANCE,vendor,refine,medium,"Equipment maintenance; apparatus service, tires mixed",
FIRE DEPARTMENT | EQUIPMENT PURCHASE,fire-equipment,refine,medium,"Fire equipment purchases (extrication, apparatus equipment)",
FIRE DEPARTMENT | EQUIPMENT SUPPLIES & MAINT.,vendor,refine,medium,"Generic equipment supplies and maintenance; ePCR and policy software, apparatus and fire equipment vendors, hardware stores",
FIRE DEPARTMENT | FD BEMS GRANT TRANSFER,vendor,refine,low,"grant transfer account, mixed",
Fire department | FICA,payroll,override,high,Payroll taxes (FICA),
FIRE DEPARTMENT | FIRE - BENEFITS,payroll,override,high,benefits,
FIRE DEPARTMENT | FIRE - BILLING,ems-billing,refine,high,ambulance billing,
FIRE DEPARTMENT | FIRE - EQUIPMENT LEASE,finance,override,high,equipment lease payments,
FIRE DEPARTMENT | FIRE - FEMA GRANT,vendor,refine,medium,FEMA grant spending; mixed payees,
FIRE DEPARTMENT | FIRE - FLEET MAINTENANCE,fleet,refine,high,Fleet maintenance,
FIRE DEPARTMENT | FIRE - FUEL EXPENSE,fleet,refine,high,Fuel,
FIRE DEPARTMENT | FIRE - IT SUPPORT,it,refine,medium,IT support; payees mostly software vendors,
FIRE DEPARTMENT | FIRE - MAJOR EQUIPMENT,vendor,refine,medium,"major equipment: vehicles, SCBA, EMS gear, lease payments",
FIRE DEPARTMENT | FIRE - MEDICAID,government,refine,high,Medicaid ambulance assessment paid to state,
FIRE DEPARTMENT | FIRE - MEDICAL SUPPLIES,ems-supplies,refine,high,medical supplies,
FIRE DEPARTMENT | FIRE - MINOR EQUIPMENT,fire-equipment,refine,medium,Minor fire equipment,
FIRE DEPARTMENT | FIRE - TRAVEL & TRAINING,training,refine,high,Travel and training,
FIRE DEPARTMENT | FIRE - UTILITIES,utilities,refine,high,Utilities,
FIRE DEPARTMENT | FIRE - WILDFIRE EXPENSES,vendor,refine,medium,"Wildfire deployment costs; mostly bank card and payments to individuals, as other deployment accounts",
FIRE DEPARTMENT | FIRE EQUIPMENT/SUPPLIES,fire-equipment,refine,high,fire equipment and supplies,
Fire department | FIRE PENSION EXPENSE,payroll,override,high,Pension expense,
FIRE DEPARTMENT | FIRE STATION EXPENSE - #41,facilities,refine,low,Station operating costs; mostly utilities by payee,
FIRE DEPARTMENT | FIRE STATION EXPENSE - #42,facilities,refine,low,Station operating costs; mostly utilities by payee,
FIRE DEPARTMENT | FIRE STATION EXPENSE - #43,facilities,refine,low,Station operating costs; mostly utilities by payee,
FIRE DEPARTMENT | FIRE STATIONS & BUILDINGS,facilities,refine,medium,fire stations and buildings,
FIRE DEPARTMENT | FIRE STIPEND,payroll,override,high,stipend pay,
Fire department | FIRST PROFESSIONAL FEES,ems-billing,refine,medium,Ambulance billing company fees (net of receipts),
Fire department | FUEL (EMS),fleet,refine,high,EMS vehicle fuel,
Fire department | FUEL (FIRE),fleet,refine,high,Fuel,
FIRE DEPARTMENT | FUEL EXPENSE,fleet,refine,high,fuel,
FIRE DEPARTMENT | FULL TIME EMPLOYEES,payroll,override,high,Wages,
FIRE DEPARTMENT | GAS & OIL,fleet,refine,high,Gas and oil,
FIRE DEPARTMENT | GASOLINE / OIL,fleet,refine,high,gasoline and oil,
FIRE DEPARTMENT | GRANT EXPENSE,vendor,refine,medium,Grant spending; mixed payees,
FIRE DEPARTMENT | INSURANCE,insurance,refine,medium,liability insurance,
Fire department | INSURANCE,payroll,refine,medium,Roy employee insurance booked through payroll; generic name so refine only,
FIRE DEPARTMENT | INSURANCE & SURETY BONDS,insurance,refine,high,Insurance and surety bonds,
FIRE DEPARTMENT | INSURANCE AND BONDS,insurance,refine,medium,liability insurance and bonds; JE lines likely risk allocation,
FIRE DEPARTMENT | INTERNAL SERVICES CHARGE,government,override,high,internal services charge,
FIRE DEPARTMENT | INTRA-GOVT CHARGES,government,override,high,payments to Colorado City fire,
FIRE DEPARTMENT | LIVING QUARTERS FOR STATION 41,construction,refine,high,Station 41 living quarters construction,
FIRE DEPARTMENT | MBA 2023 TRANSF (BOND PAYMENT),government,override,high,Transfer to building authority for bond payment,
Fire department | MEDICAL SUPPLIES (EMS),ems-supplies,refine,high,medical supplies,
FIRE DEPARTMENT | MOTOR POOL (DEPR),government,override,medium,internal motor pool depreciation charge,
FIRE DEPARTMENT | MOTOR POOL (OPER),government,refine,medium,Motor pool charges by recurring journal entry (internal),
FIRE DEPARTMENT | NEW FIRE ENGINE,apparatus,refine,high,New fire engine,
FIRE DEPARTMENT | Orem Fire/EMS,government,override,high,Contract fire/EMS service from Orem City,
Fire Department | Other,vendor,refine,high,other,
FIRE DEPARTMENT | OVERTIME,payroll,override,high,Overtime wages,
Fire department | OVERTIME,payroll,override,high,Overtime wages,
FIRE DEPARTMENT | OVERTIME PAY,payroll,override,high,Overtime wages,
FIRE DEPARTMENT | OVERTIME-PERM,payroll,override,high,overtime via payroll journal,
FIRE DEPARTMENT | PERMANENT EMPLOYEE,payroll,override,high,Permanent employee wages,
FIRE DEPARTMENT | PERSONAL PROTECTIVE EQUIPMENT,ppe,refine,high,Personal protective equipment,
FIRE DEPARTMENT | PROFESSIONAL & TECHNICAL,vendor,refine,high,Generic professional and technical,
FIRE DEPARTMENT | PROFESSIONAL SERVICES,vendor,refine,medium,Mostly contract fire service to South Davis Metro and Cache County; also private persons and other vendors,
FIRE DEPARTMENT | PROTECTIVE CLOTHING,ppe,refine,high,protective clothing,
Fire department | REGULAR OFFICERS UNIFORMS,payroll,override,high,Uniform allowance paid only through payroll journals; no vendor,
FIRE DEPARTMENT | RENT PMT TO MBA-FIRE STATION,finance,override,medium,Lease payment to municipal building authority for fire station,
FIRE DEPARTMENT | SANPETE COUNTY FIRE DISTRICT,government,override,medium,contract fire service fees to Sanpete County Fire District,
FIRE DEPARTMENT | SCBA EQUIPMENT,scba,refine,high,SCBA equipment,
FIRE DEPARTMENT | SOCIAL SECURITY-PERM,payroll,override,high,social security,
FIRE DEPARTMENT | SOCIAL SECURITY-TEMP,payroll,override,high,Social Security payroll tax,
FIRE DEPARTMENT | SPECIAL DEPARTMENT SUPPLIES,fire-equipment,refine,medium,special department supplies,
FIRE DEPARTMENT | SPECIAL PUBLIC SAFETY SUPPLIES,fire-equipment,refine,medium,special public safety supplies,
FIRE DEPARTMENT | SPECIAL SUPPLIES,fire-equipment,refine,low,Special department supplies; payees mostly fire equipment distributors,
FIRE DEPARTMENT | STATE EMS FEES,government,refine,high,state EMS fees,
FIRE DEPARTMENT | STATE WILDFIRE EQUIPMENT,wildland,refine,high,Wildfire equipment,
FIRE DEPARTMENT | TELEPHONE,vendor,refine,medium,Phone carriers are named; lines with no payee are payroll journal entries (phone allowances),
FIRE DEPARTMENT | TEMPORARY EMPLOYEES,payroll,override,high,Wages,
FIRE DEPARTMENT | TRANSFER TO MUNICIPALITIES,government,override,high,Transfers to municipal fire departments,
FIRE DEPARTMENT | TRAVEL & TRAINING,training,refine,high,travel and training,
FIRE DEPARTMENT | TURNOUTS,ppe,refine,high,Turnouts,
Fire Department | UFA contract for emergency ser,government,override,high,UFA contract for emergency services,
Fire Department | Unified Fire/Paramedic Contr.,government,override,high,Contract fire/paramedic service from Unified Fire Authority,
FIRE DEPARTMENT | UNIFORM ALLOWANCE,uniforms,refine,high,Uniform purchases,
FIRE DEPARTMENT | UNIFORMS ALLOWANCE,vendor,refine,low,"Uniform allowance; over half paid through payroll journals with no payee, rest uniform vendors and card",
FIRE DEPARTMENT | UNIFORMS/CLOTHING,uniforms,refine,high,uniforms and clothing; fire equipment distributors keep their category (turnouts and gear),fire-equipment
Fire department | UTAH STATE AMBULANCE ASSESSMNT,government,override,high,state ambulance assessment,
FIRE DEPARTMENT | UTILITIES,utilities,refine,high,Utilities,
FIRE DEPARTMENT | UTILITIES-FIRE,utilities,refine,high,Utilities,
FIRE DEPARTMENT | VEH OPER-REPAIRS-FIRE TRUCKS,apparatus,refine,medium,fire truck repairs,
FIRE DEPARTMENT | VEHICLE & EQUIPMENT LEASE,government,refine,low,"journal-entry vehicle/equipment lease charges, likely internal",
FIRE DEPARTMENT | VEHICLE LEASE,finance,refine,high,vehicle lease payments,
FIRE DEPARTMENT | Vehicle Maint Materials&Suppls,fleet,refine,medium,Vehicle maintenance materials; apparatus shops keep their own category,
Fire department | VEHICLE MAINTENANCE (FIRE),fleet,refine,medium,Fire vehicle maintenance; apparatus shops keep their own category,
FIRE DEPARTMENT | VEHICLES,fleet,refine,medium,vehicles,
FIRE DEPARTMENT | WILDFIRE MITIGATION,vendor,refine,medium,"Wildfire mitigation work; mixed contractors (equipment, concrete, tree service) and state forestry",
FIRE DEPARTMENT | WILDFIRE PREVENTION,vendor,refine,low,"Wildfire prevention; payees are a media company, state forestry, UFA and equipment repair",
FIRE DEPT DEBT SERVICE | 2018 CIB DETENTION POND,finance,override,high,Debt service on CIB loan,
FIRE DEPT DEBT SERVICE | FIRE EQ 2015 BOND DEBT SERVICE,finance,override,high,Bond debt service,
FIRE DEPT. WILDLAND | DOLLAR RIDGE RECLAMATION,vendor,refine,medium,"Dollar Ridge post-fire reclamation project (gravel, engineering, state); unnamed lines are large reimbursement receipts",
FIRE DEPT. WILDLAND | SUPPRESSION SERVICE,government,refine,medium,Wildland suppression service from another fire district,
FIRE DISTRICT | DEPT ALLOCATIONS,government,refine,high,Cache County allocations to city fire departments,
Fire Equipment,fire-equipment,refine,medium,fire equipment; apparatus dealers keep their category,
FIRE EQUIPMENT | PIERCE QUANTUM ENGINE - PUMPER,apparatus,refine,high,Pierce pumper engine purchase,
FIRE EXPENDITURES | APPARATUS MAINTENANCE,apparatus,refine,high,apparatus maintenance,
FIRE EXPENDITURES | EQUIPMENT SUPPLIES & MAINT,fire-equipment,refine,medium,equipment supplies and maintenance,
FIRE EXPENDITURES | EQUIPMENT SUPPLIES &MATERIALS,vendor,refine,medium,"Generic equipment supplies; fire equipment mixed with fuel network, radio shop, bank and county",
FIRE EXPENDITURES | FIRE DEPT VEHICLES purchases,apparatus,refine,medium,Fire department vehicle purchases,
FIRE EXPENDITURES | INTERFUND REIMBURSEMENT,government,override,high,interfund reimbursement,
FIRE EXPENDITURES | MEDICAL SUPPLIES,ems-supplies,refine,high,medical supplies,
FIRE EXPENDITURES | OVERTIME,payroll,override,high,Overtime wages,
FIRE EXPENDITURES | PRO & TECH - AMBULANCE BILLING,ems-billing,refine,medium,Ambulance billing; most lines are year-end journal entries with no payee; state health payments keep their government category,
FIRE EXPENDITURES | PRO & TECH - DISPATCH,dispatch,refine,high,Dispatch fees (Davis County),
FIRE EXPENDITURES | TRAVEL & TRAINING,training,refine,high,Travel and training,
FIRE EXPENDITURES | UNIFORMS,uniforms,refine,high,Uniforms,
Fire Medical Services - Capital Outlay - Equipmen | Capital Outlay - Equipment,ems-equipment,refine,high,EMS capital equipment,
Fire Medical Services - Capital Outlay - Vehicles | Capital Outlay - Vehicles,ambulance,refine,medium,EMS division vehicle purchases,
Fire Medical Services - Equipment - Supply/Maint | PC EMS Supplies,ems-supplies,refine,high,EMS supplies,
Fire Medical Services - Health Insurance | PC Health Insurance,payroll,override,high,Employee health insurance,
Fire Medical Services - Health Insurance | SC Health Insurance,payroll,override,high,Employee health insurance,
Fire Medical Services - Office Supplies & Expense | PC Ambulance Billing Expense,ems-billing,refine,high,Ambulance billing,
Fire Medical Services - Office Supplies & Expense | PC Collection Exp - Medicaid,government,refine,high,Medicaid assessment paid to state,
"Fire Medical Services - Office Supplies & Expense | SC EMS Legal, Clerical & Mgmt",government,refine,low,"EMS legal, clerical and management by journal entry; likely county charge",
Fire Medical Services - Travel & Training | PC Medical Exams/Immunizations,medical-exams,refine,high,Medical exams and immunizations,
Fire Medical Services- Contract Services | PC Paramedic Assist Fees,government,refine,low,Paramedic assist fees by journal entry; likely paid to another agency,
FIRE PREVENTION | MEDICAL/DENTAL/LIFE INSURANCE,payroll,override,high,"Employee health, dental and life benefits",
FIRE PREVENTION | OVERTIME,payroll,override,high,Overtime,
FIRE PREVENTION | VEBA CONTRIBUTION,payroll,override,high,VEBA contributions for employees,
FIRE PROTECTION | Bond Principal,finance,override,high,Bond principal,
FIRE PROTECTION | Buildings & Grounds Maint.,facilities,refine,high,Buildings and grounds maintenance,
FIRE PROTECTION | Capital Outlay,vendor,refine,high,"Capital outlay; apparatus, vehicles mixed",
FIRE PROTECTION | CAPITAL OUTLAY - EQUIPMENT,vendor,refine,medium,"capital equipment, mixed",
FIRE PROTECTION | Clothing Contract,uniforms,refine,high,Clothing contract,
FIRE PROTECTION | CONTRACT SERVICES,government,refine,high,Contract fire service paid to Farmington and Kaysville,
FIRE PROTECTION | EQUIP MAINTENANCE & SUPPLIES,vendor,refine,medium,"Generic equipment supplies and maintenance; fire, EMS, radio, utility and kitchen vendors",
FIRE PROTECTION | EQUIPMENT SUPPLIES & MAINT.,fire-equipment,refine,medium,Equipment supplies and maintenance,
FIRE PROTECTION | Equipment Supplies & Maint.,vendor,refine,medium,"Generic equipment supplies and maintenance; card plus apparatus, auto repair, EMS and state health payees",
FIRE PROTECTION | FIRE DISTRICT FEES,government,override,high,fire district fees paid by city (contract fire service),
FIRE PROTECTION | FIRE FIGHTING SERVICES,government,override,high,Contract fire service paid to South Davis Metro Fire,
FIRE PROTECTION | FIRE PROTECTION,vendor,refine,medium,"Garfield County fire protection; payments to towns, state and vendors mixed",
FIRE PROTECTION | Gas,fleet,refine,high,Vehicle fuel,
FIRE PROTECTION | Lease Payments,finance,refine,high,"Lease payments, mostly to Zions Bank; fleet lessors (Unified Fleet Services, Horse Power Fleet) keep their own category",
FIRE PROTECTION | Overtime,payroll,override,high,Overtime wages,
FIRE PROTECTION | Professional & Tech. Services,vendor,refine,high,Generic professional and technical services,
FIRE PROTECTION | Small Equipment,vendor,refine,medium,"Small equipment; Utah Communications Authority, fire equipment, furniture, appliances and card",
FIRE PROTECTION | Special Public Safety Supplies,vendor,refine,low,Special public safety supplies; fire equipment mixed with EMS supplies and equipment,
FIRE PROTECTION | TEMPORARY EMPLOYEES,payroll,override,high,temporary wages,
FIRE PROTECTION | Vehicle Lease,finance,override,medium,Vehicle lease payments; may be an internal fleet charge,
FIRE PROTECTION | Vehicle Maintenance,fleet,refine,high,vehicle maintenance,
FIRE RESCUE DEPARTMENT | MBA 2023 TRANSF (BOND PAYMENT),government,override,medium,transfer to building authority for bond payment,
Fire Services | Fire Services,government,override,medium,Payments to UFA for fire service; payee field holds bank memo text,
FIRE SERVICES | SOUTH DAVIS FIRE DIST. ASSMT,government,override,high,Assessment paid to South Davis Metro Fire for fire service,
FIRE STATION & BUILDING | DEBT SERVICE,finance,override,high,Debt service,
FIRE STATION 52-CONSTRUCTION | FIRE STATION 52-CONSTRUCTION,construction,refine,high,Fire Station 52 construction,
FIRE STATION BUILDING,construction,refine,high,Fire station building construction,
FIRE STATION DEBT | AERIAL LIFT- FIRE TRUCK,finance,override,high,Debt payments on aerial ladder truck,
FIRE STATION DEBT | AMBULANCE LEASE - PRINCIPAL,finance,refine,high,"Ambulance lease principal to Zions Bank; the ambulance dealer payment (Professional Sales & Service) keeps its category, offset by lease proceeds with no payee",
FIRE STATION EXPENDITURES | CONSTRUCTION,construction,refine,high,Fire station construction,
FIRE STATION EXPENDITURES | FIRE STATION 61 CONSTRUCTION,construction,refine,high,Fire Station 61 construction,
FIRE STATION EXPENDITURES | FIRE STATION 62 CONSTRUCTION,construction,refine,high,fire station construction,
FIRE STATION EXPENDITURES | STATION 61 ENGINEERING DESIGN,construction,refine,high,Station 61 design and engineering,
FIRE TRAINING | MEDICAL/DENTAL/LIFE INSURANCE,payroll,override,high,employee medical/dental/life insurance,
FIRE TRAINING | OVERTIME,payroll,override,high,overtime via payroll journal,
FIRE TRAINING | OVERTIME - TRAINING CADRE,payroll,override,high,overtime via payroll journal,
FIRE TRUCK LEASE,finance,refine,medium,fire truck lease; dealer payment keeps apparatus category,
Fire Truck Purchases,apparatus,refine,high,Fire truck purchases,
FIRE VEHICLE REPLACEMENT | CAP OUTLAY - BLDG IMP (CASH),construction,refine,high,Building improvements,
FIRE VEHICLE REPLACEMENT | CAP OUTLAY - COMMS EQ (FINANCE,radios,refine,high,communications equipment,
FIRE VEHICLE REPLACEMENT | CAP OUTLAY - COMMS EQUIP(CASH),vendor,refine,high,UFA communications equipment: named vendors keep their category; the unnamed lines are year-end and lease-financing journal entries,
FIRE VEHICLE REPLACEMENT | CAP OUTLAY - COMPUTER (CASH),it,refine,high,Computer purchases,
FIRE VEHICLE REPLACEMENT | CAP OUTLAY - COMPUTER (FINANCE,it,refine,high,Computers,
FIRE VEHICLE REPLACEMENT | CAP OUTLAY - HVY FLEET (FINANC,vendor,refine,high,UFA heavy fleet: named vendors keep their category; the unnamed lines are year-end and lease-financing journal entries,
FIRE VEHICLE REPLACEMENT | CAP OUTLAY - LIGHT FLEET (CASH,vendor,refine,high,UFA light fleet: named vendors keep their category; the unnamed lines are year-end and lease-financing journal entries,
FIRE VEHICLE REPLACEMENT | CAP OUTLAY - MEDICAL (FINANCED,vendor,refine,high,UFA medical equipment: named vendors keep their category; the unnamed lines are year-end and lease-financing journal entries,
FIRE VEHICLE REPLACEMENT | CAP OUTLAY - STATION EQ (CASH),vendor,refine,low,"Station equipment: vehicle lifts, fitness equipment, a wood chipper, fire tools and radios; half the total is journal entries with no vendor",
FIRE VEHICLE REPLACEMENT | CAP OUTLAY - STATION EQ (FINAN,fire-equipment,refine,medium,Financed station equipment from fire distributors,
FIRE VEHICLE REPLACEMENT | CAP OUTLAY- LT FLEET (FINANCED,vendor,refine,high,UFA light fleet: named vendors keep their category; the unnamed lines are year-end and lease-financing journal entries,
FIRE VEHICLE REPLACEMENT | CAPITAL LEASE PMTS - INTEREST,finance,override,high,Capital lease interest,
FIRE VEHICLE REPLACEMENT | CAPITAL LEASE PMTS - PRINCIPAL,finance,override,high,Capital lease principal on fire vehicles,
FIRE VEHICLE REPLACEMENT | NONCAP EXPENDITURES (FINANCED),vendor,refine,medium,"Non-capital financed purchases; radios, EMS mixed",
FIRE VEHICLE REPLACEMENT | NONCAPITAL EXPENDITURES (CASH),vendor,refine,medium,Non-capital vehicle replacement spending; mixed,
FIRE WARDEN,government,override,high,county share of fire warden paid to state forestry,
FIRE WARDEN | PROFESSIONAL/TECHNICAL,vendor,refine,medium,Generic professional/technical; paid to state forestry division,
FIRE WARDEN | WILDLAND FIRE SUPPRESSION,wildland,refine,medium,wildland fire suppression,
FIRE | AMB BILLING SERVICES,ems-billing,refine,high,ambulance billing services,
FIRE | AMBULANCE FEES,vendor,refine,medium,ambulance fees to other agencies and billing firm,
FIRE | BENEFITS,payroll,override,high,Employee benefits,
FIRE | BUILDINGS & GROUNDS O & M,government,refine,medium,"Recurring journal entries with no payee, likely the city's internal building and grounds charge; a few hardware and fire alarm purchases",
FIRE | CAPITAL - EQUIPMENT,vendor,refine,medium,Capital equipment; mixed EMS and fire,
FIRE | CAPITAL OUTLAY,vendor,refine,high,Generic capital outlay,
FIRE | CAPITAL OUTLAY - 51,construction,refine,medium,"Station 51 capital project (contractors, excavation)",
FIRE | CAPITAL OUTLAY - 56,construction,refine,medium,Station 56 capital project,
FIRE | CAPITAL OUTLAY - EQUIPMENT,vendor,refine,high,Capital equipment; mixed,
FIRE | CAPITAL OUTLAY - FIRE,vendor,refine,medium,"capital outlay, mixed",
FIRE | CAPITALIZED EQUIPMENT,vendor,refine,medium,Capitalized equipment; apparatus mostly,
FIRE | CLOTHING & UNIFORMS - FIRE,uniforms,refine,high,clothing and uniforms; fire equipment distributors keep their category (turnouts and gear),fire-equipment
FIRE | COUNTY FIRE DISTRICT ASSESSMNT,government,refine,high,Assessment paid to county fire district,
FIRE | EDUCATION,training,refine,high,Education,
FIRE | ELECTRICITY - LEHI CITY POWER,utilities,refine,high,electricity from city power,
FIRE | EMPLOYEES BENEFITS,payroll,override,high,Employee benefits,
FIRE | EQUIPMENT MAINTENANCE,fire-equipment,refine,medium,equipment maintenance,
FIRE | EQUIPMENT SUPPLIES & MAINT,vendor,refine,medium,"Generic equipment supplies and maintenance; payees mostly diesel/vehicle repair, apparatus shops and EMS supplies",
FIRE | Fire Services,government,override,medium,Payments to UFA for fire service; payee field holds bank memo text,
FIRE | FIRST AID SUPPLIES,ems-supplies,refine,high,First aid and medical supplies,
FIRE | FLEET FUND CHARGES,government,refine,medium,Lehi internal fleet fund charges by recurring journal entry; no outside payee,
FIRE | FUEL,fleet,refine,high,Vehicle fuel,
FIRE | FULL TIME EMPLOYEES,payroll,override,high,Wages,
FIRE | Full-Time Employees,payroll,override,high,Wages,
FIRE | GASOLINE AND OIL,fleet,refine,medium,Fuel charged to fire by internal shop allocation journal entries; no outside payee,
FIRE | GENERAL & CONTRACTED SERVICES,government,refine,medium,North Salt Lake contract service paid to South Davis Metro Fire; generic name,
FIRE | Group Insurance- Firefighters,payroll,refine,high,Firefighter group insurance through payroll; refine so Workers Compensation Fund keeps insurance,
FIRE | Health Insurance,payroll,override,high,Employee health insurance,
FIRE | INSURANCE,insurance,refine,high,liability insurance,
FIRE | IT FUND CHARGES,government,override,medium,Internal IT fund charges (journal entries only),
FIRE | MISCELLANEOUS,vendor,refine,high,Miscellaneous; mixed,
FIRE | MOTOR POOL,government,refine,medium,"Internal shop allocation by journal entry, as other internal fleet charges",
FIRE | MOTOR POOL PAYMENTS,government,override,medium,internal motor pool charges,
FIRE | MOTOR POOL REPAIRS,government,refine,medium,internal shop allocation for vehicle repairs,
FIRE | NEW TO FLEET 10% LEASE PMT,government,override,medium,Internal fleet lease charge (journal entries only),
FIRE | OVERTIME,payroll,override,high,Overtime wages,
FIRE | Overtime,payroll,override,high,Overtime wages,
FIRE | PART TIME EMPLOYEES,payroll,override,high,part-time wages,
FIRE | Part-Time Employees,payroll,override,high,part-time wages,
FIRE | PERMANENT EMPLOYEES,payroll,override,high,Wages,
FIRE | Permanent Employees,payroll,override,high,Wages,
FIRE | Prof & Tech-Fire-Initial Attac,vendor,refine,high,County payments to town and city fire departments for initial attack (government vendors); L.N. Curtis and other purchases keep their category,
FIRE | PROF&TECH-CENTRAL DISPATCH,dispatch,refine,high,Central dispatch fees,
FIRE | PROFESSIONAL & TECHNICAL,vendor,refine,medium,mixed professional services,
Fire | Professional Services,government,refine,medium,Payments to Logan City,
FIRE | REPAIRS & MAINTENANCE - FIRE,vendor,refine,medium,Generic repairs and maintenance; mixed payees,
FIRE | RISK MGMT FUND CHARGES,government,override,medium,Internal risk management fund charges,
FIRE | Shop Charges - Equipment Lease,government,override,medium,internal shop equipment lease charges,
FIRE | Shop Charges - Repair Maint.,government,override,medium,Internal shop charges (journal entries only),
FIRE | Social Security - Firefighters,payroll,override,high,social security,
FIRE | SPECIAL DEPARTMENT SUPPLIES,fire-equipment,refine,low,Special department supplies; payees mostly fire equipment distributors,
FIRE | State - Fire - Mitigation,vendor,refine,medium,"State wildfire mitigation program; mixed forestry contractor, air burner, vehicles, radios, bank, card and a private person",
FIRE | State - Fire - MOU,vendor,refine,low,"state fire MOU funds, mixed",
FIRE | State - Fire - Prepardness,vendor,refine,medium,"State fire preparedness program; mixed fire equipment, card, radios, bank, apparatus shop, vehicles and a city",
FIRE | State - Fire - Prevention,vendor,refine,medium,Fire prevention program; promotional items and card purchases,
FIRE | SUPP- RADIOS,radios,refine,high,Radios,
FIRE | SUPP-MEDICAL SUPPLIES,ems-supplies,refine,high,Medical supplies,
FIRE | SUPP-TURNOUT GEAR,ppe,refine,high,turnout gear,
FIRE | SUPP-UNIFORMS,uniforms,refine,high,Uniforms,
FIRE | Supplies & Materials,general,refine,low,Generic supplies and materials,
FIRE | Temp Employees,payroll,override,high,temporary wages,
FIRE | TOOLS & EQUIPMENT - 51,vendor,refine,medium,"Station 51 outfitting; mostly office and station furniture, plus audio/visual, modular buildings, fire tools and fitness equipment",
FIRE | TOOLS & EQUIPMENT - FIRE,fire-equipment,refine,high,Fire tools and equipment,
FIRE | TRANs Priciple Payment,finance,override,high,Tax anticipation note principal,
FIRE | TRAVEL & TRAINING,training,refine,high,Travel and training,
FIRE | UFSA Bond Payment,finance,override,medium,bond payment passed to UFSA,
FIRE | UNIFORMS,uniforms,refine,high,uniforms; fire equipment distributors keep their category (turnouts and gear),fire-equipment
FIRE | UTILITIES,utilities,refine,high,utilities,
FIRE | Vehicle & Equip Maint,fleet,refine,medium,vehicle and equipment maintenance,
FIRE | VEHICLE LEASE FROM MOTOR POOL,government,refine,medium,Spanish Fork internal motor pool vehicle lease charges by journal entry; no outside payee,
FIRE | VEHICLE MAINTENANCE,fleet,refine,medium,Vehicle maintenance; apparatus shops keep their own category,
FIRE-AMBULANCE | FIRE-AMBULANCE,ambulance,refine,medium,ambulance purchase and outfitting,
FIRE-EMS | FULL TIME EMPLOYEES,payroll,override,high,Full-time employee wages,
FIRE-EQUIPMENT | FIRE-EQUIPMENT,fire-equipment,refine,medium,fire equipment,
FIRE-RADIOS | FIRE-RADIOS,radios,refine,high,Radios,
FIRE-STATION 52 FFE | FIRE-STATION 52 FFE,facilities,refine,medium,"station furniture, fixtures and equipment",
FIRE-STATION 52 | FIRE-STATION 52,construction,refine,high,Fire Station 52 project,
Fleet Charges Expense | Fleet O&M Charges,government,override,medium,internal fleet O&M charges,
Fleet Charges Expense | Fleet Purchase Charges,government,override,medium,internal fleet purchase charges,
FLEET O&M CHARGE,government,refine,medium,West Jordan internal fleet operation and maintenance charge; no outside payee,
FLEET REPLACEMENT CHARGE,government,refine,medium,Internal fleet replacement charge (capital fund); no outside payee,
FUEL,fleet,refine,high,Fuel,
Fuel,fleet,refine,high,Vehicle fuel (state fuel network),
Fuel and Maintenance | Vehicle Maintenance,fleet,refine,medium,Vehicle maintenance; apparatus shops keep their own category,
FULL TIME REGULAR,payroll,override,high,Wages,
G/L/A INDUSTRIAL PARK | G/L/A INDUSTRIAL PARK,not-fire,override,medium,Hildale industrial park project; not fire spending,
Gas,vendor,refine,medium,Ambiguous: natural gas and fuel cards,
"GAS, OIL, MAINT-FIRE | GAS, OIL, MAINT-FIRE",fleet,refine,high,"fuel, oil and vehicle maintenance",
GENERAL & ADMINISTRATIVE | Fund Balance Distrib - Herrima,government,override,high,Fund balance distribution to Herriman City,
GENERAL & ADMINISTRATIVE | Fund Balance Distrib - Riverto,government,override,high,Fund balance distribution to Riverton Fire Service Area,
GENERAL & ADMINISTRATIVE | Professional fees,vendor,refine,medium,"mixed: legal, trustee, IT",
GENERAL & ADMINISTRATIVE | UFA Management Fees,government,override,high,Management fees paid to Unified Fire Authority,
General & Contracted Service Professional,vendor,refine,medium,Generic contracted services; paid to state forestry division,
General & Contracted Services,vendor,refine,high,General contracted services; mixed,
GENERAL & CONTRACTED SERVICES | INSURANCE | INSURANCE BILLING (GOLD CROSS),ems-billing,refine,high,Ambulance insurance billing (Gold Cross),
GENERAL & CONTRACTED SERVICES | PROFESSIONAL AND TECHNICAL SERVICES | EMPLOYEE BENEFITS,payroll,override,high,Employee benefits; payee field carries employee names,
GENERAL & CONTRACTED SERVICES | PROFESSIONAL AND TECHNICAL SERVICES | PROFESSIONAL,vendor,refine,high,"Professional services; wildland contractor, dispatch, EAP mixed",
GENERAL & CONTRACTED SERVICES | PROFESSIONAL AND TECHNICAL SERVICES | PROFESSIONAL & TECHNICAL,vendor,refine,medium,mixed professional services incl. wildland contractor,
GENERAL & CONTRACTED SERVICES | PROFESSIONAL AND TECHNICAL SERVICES | TECHNICAL,vendor,refine,medium,Generic professional and technical; mixed,
GENERAL & CONTRACTED SERVICES | TRAVEL EDUCATION ADN TRAINING | TRAINING,training,refine,high,Training,
GENERAL ADMINISTRATION | DEBT SERVICE - INTEREST,finance,override,high,debt interest,
GENERAL ADMINISTRATION | DEBT SERVICE-PRINCIPAL,finance,override,high,Debt principal on state loan,
GENERAL ADMINISTRATION | HEALTH INSURANCE,payroll,override,high,Employee health insurance,
GENERAL ADMINISTRATION | LIABILITY INSURANCE - ADMIN,insurance,refine,high,Liability insurance,
GENERAL ADMINISTRATION | OPER TRANS TO OTHER FUNDS,government,override,high,Operating transfer to other funds,
GENERAL ADMINISTRATION | PROFESSIONAL SERVICES - ADMIN,vendor,refine,medium,mixed admin professional services,
GENERAL AND CONTRACTED SERVIC,vendor,refine,high,Generic contracted services,
General and Contracted Servic,dispatch,refine,high,Murray payments to Salt Lake Valley Emergency Communications (VECC),
General and Contracted Service,vendor,refine,medium,Generic contracted service; paid to Weber Fire District,
General and Contracted Services,vendor,refine,medium,Iron County contract to Cedar City plus health insurer payments; mixed,
General and Contracted Services - Professional and Technica | Prof & Tech Services - Ambulance Billing,ems-billing,refine,high,Ambulance billing,
General and Contracted Services - Professional and Technica | Prof & Tech Services - Ambulance Collections,ems-billing,refine,high,ambulance collections commission,
General and Contracted Services - Professional and Technica | Prof & Tech Services - State Medicaid Fees,government,refine,high,State Medicaid ambulance fees paid to state health department,
General and Contracted Services - Professional and Technica | Professional & Technical Services,vendor,refine,high,Generic professional and technical; medical director,
General and Contracted Services - Rental of Equipment and V | Equipment Lease - Stretchers,ems-equipment,refine,medium,stretcher lease through Stryker financing,
"General and Contracted Services - Travel, Education and Tra | Employee Development",training,refine,high,employee travel and training,
"General and Contracted Services | Travel, Education, and Training",training,refine,high,"travel, education and training",
GENERAL FUND | Public Safety - Fire - Communications,radios,refine,high,Radio communications,
Grant Exp - 2019 PDM Seismic | Grant Exp - 2019 PDM Seismic,construction,refine,high,seismic retrofit grant project,
GRANT EXPENSES,vendor,refine,high,Generic grant expenses,
Grant Expenses,vendor,refine,high,Generic grant expenses,
Grants and Contracts,vendor,refine,low,single unexplained journal line,
Group Insurance,payroll,override,high,Employee group insurance,
HEALTH INSURANCE | HEALTH INSURANCE,payroll,override,high,Employee health insurance,
HUMAN RESOURCES | MEDICAL SERVICES/PHYSICALS,medical-exams,override,medium,Physicals and drug testing; override because University of Utah Hospitals is mapped as training in vendor_map,
HUMAN RESOURCES | MEDICAL/DENTAL/LIFE INSURANCE,payroll,override,high,Employee medical/dental/life insurance,
HUMAN RESOURCES | OVERTIME,payroll,override,high,Overtime,
HUMAN RESOURCES | PROFESSIONAL FEES,professional,refine,medium,HR professional fees,
Impact Fee Expenditures,construction,refine,medium,"Impact fee capital spending (construction, land, furnishings)",
Indirect Cost Allocations,government,refine,medium,indirect cost allocation,
INFORMATION OUTREACH | AWARDS & BANQUET,general,refine,medium,Awards and banquet,
INFORMATION OUTREACH | MEDICAL/DENTAL/LIFE INSURANCE,payroll,override,high,employee medical/dental/life insurance,
INFORMATION OUTREACH | OVERTIME,payroll,override,high,overtime via payroll journal,
INFORMATION TECHNOLOGY | COMMUNICATION EQUIP. NONCAP,radios,refine,high,communications equipment,
INFORMATION TECHNOLOGY | COMPUTER COMPONENTS <5000,it,refine,high,computer components,
INFORMATION TECHNOLOGY | COMPUTER LINES,telecom,refine,high,Internet and data lines,
INFORMATION TECHNOLOGY | COMPUTER SOFTWARE - NONCAPITAL,software,refine,high,software,
INFORMATION TECHNOLOGY | COMPUTER SOFTWARE SUBSCRIPTION,software,refine,high,Software subscriptions,
INFORMATION TECHNOLOGY | HOSTING SERVICES,software,refine,medium,Hosted software (timekeeping/HR system),
INFORMATION TECHNOLOGY | MAINT. OF MACHINERY & EQUIP,vendor,refine,medium,IT maintenance account but payees include EMS and fire equipment,
INFORMATION TECHNOLOGY | MAINTENANCE OF SOFTWARE,software,refine,high,Software maintenance,
INFORMATION TECHNOLOGY | MEDICAL/DENTAL/LIFE INSURANCE,payroll,override,high,employee medical/dental/life insurance,
INFORMATION TECHNOLOGY | PROFESSIONAL FEES,it,refine,medium,"IT professional fees; copiers, managed IT, software mixed",
INFORMATION TECHNOLOGY | TELEPHONE,telecom,refine,high,telephone,
INFORMATION TECHNOLOGY | TELEPHONE- CELLULAR,telecom,refine,high,"cellular charges, mostly on commercial card",
INSURANCE,payroll,refine,medium,"Provo employee insurance contributions booked through payroll; generic name so refine only; same key as ""Insurance"" if case-folded",
Insurance,payroll,refine,medium,"Mostly South Jordan unnamed-payee lines that look like employee benefits; named insurers keep their own category; same key as ""INSURANCE"" if case-folded",
Insurance (Health),payroll,refine,high,"Employee health insurance (PEHP, Aflac, HealthEquity); refine so VASA gym memberships keep their wellness category",
INSURANCE AND BONDS | INSURANCE & BONDS,insurance,refine,high,Insurance and bonds,
Insurance Expenditure-Liability,insurance,refine,high,liability insurance,
INSURANCE OVERHEAD,government,override,medium,internal insurance chargeback,
"Insurance, leases and rent | Insurance, leases and rent",vendor,refine,medium,"Insurance premiums, self-insurance claims and assessments mixed",
INT-2020 GO FIRE STATION 52 | INT-2020 GO FIRE STATION 52,finance,override,high,GO bond interest for Fire Station 52,
"INT-8,035,000 GO BONDS 2020 | INT-8,035,000 GO BONDS 2020",finance,override,high,GO bond interest,
Interdepartmental Charges,government,override,high,Interdepartmental charges,
INTEREST EXPENSE,finance,override,high,loan interest,
Interest Expense,finance,override,high,interest expense,
Interfacility Overtime,payroll,override,high,overtime,
Interfund transfer | Interfund Transfer,government,refine,medium,interfund transfer; vehicle/apparatus payments booked here keep vendor category,
Interfund Transfers,government,override,high,Interfund transfers,
INTERFUND TRANSFERS | INTRFND OPER TRNSFR IN,government,override,high,interfund transfer in,
INTERFUND TRANSFERS | TRANSFERS OUT,government,override,high,Interfund transfers out,
Intergovernmental Charges | Impact Fee Expense,government,override,high,Impact fees passed to fire district,
Intergovernmental Charges | Transfer To General Fund,government,override,high,Transfer to general fund,
Intergovernmental Charges | Transfer To Mba,government,override,high,Transfer to building authority,
INTERNAL CHARGES-FLEET CAPITAL | INTERNAL CHARGES-FLEET CAPITAL,government,refine,medium,Internal fleet capital charges; no outside payee,
Internal Charges-Fleet Capital | Internal Charges-Fleet Capital,government,override,medium,internal fleet capital charges,
INTERNAL CHARGES-FLEET FUND | INTERNAL CHARGES-FLEET FUND,government,override,medium,internal fleet fund charges,
Internal Charges-Fleet Mainten | Internal Charges-Fleet Mainten,government,override,medium,Internal fleet maintenance charges,
IRIS Medical,vendor,refine,medium,Account named for a vendor,
IT ALLOCATION,government,override,medium,internal IT allocation,
IT Charges Expense | IT Charges,government,override,medium,internal IT charges,
LAND PURCHASES,finance,refine,medium,land purchase,
Lease Obligations-principal,finance,override,high,lease principal,
Liability Insurance (Risk Manag,insurance,refine,high,liability insurance,
Licenses & Taxes,vendor,refine,medium,"Licenses and taxes; mixed health department, IRS, Tax Commission, medical supplier and individuals",
Local,government,refine,medium,county distributions to local fire departments,
Local Contracts | Fund Balance Distribution,government,override,high,Fund balance distribution to Riverton and Herriman,
Local Grants/Contracts,government,refine,high,Tooele County grants to local fire departments,
LOGISTICS DIVISION | BUILDING MAINT. & REPAIRS,facilities,refine,high,building maintenance and repairs,
LOGISTICS DIVISION | ELECTRIC POWER,utilities,refine,high,electric power,
LOGISTICS DIVISION | EQUIPMENT - UNDER $5000,fire-equipment,refine,medium,"Equipment under $5,000",
LOGISTICS DIVISION | EQUIPMENT MAINT. & REPAIRS,fire-equipment,refine,medium,Equipment maintenance and repairs,
LOGISTICS DIVISION | TURNOUTS/PPE,ppe,refine,high,Turnouts and PPE,
LOGISTICS DIVISION | VEHICLE FUEL,fleet,refine,high,vehicle fuel,
LOGISTICS DIVISION | VEHICLE MAINT AND REPAIRS,fleet,refine,high,Vehicle maintenance and repairs,
LOGISTICS | CAPITAL FLEET MAINTENANCE,fleet,refine,high,Fleet vehicles from car dealers,
LOGISTICS | CAPITAL OUTLAY-MACH & EQUIP,vendor,refine,medium,Capital machinery and equipment; construction and fitness equipment,
LOGISTICS | CLOTHING PROVISIONS,uniforms,refine,high,Clothing provisions; fire equipment distributors keep their category (turnouts and gear),fire-equipment
LOGISTICS | COMPUTER LINES,telecom,refine,high,Internet/data lines,
"LOGISTICS | GASOLINE, DIESEL, OIL & GREASE",fleet,refine,high,"Fuel, oil and grease",
LOGISTICS | HEAT & FUEL,utilities,refine,high,Natural gas and propane,
LOGISTICS | JANITORIAL SUPP. & SERV.,facilities,refine,high,janitorial supplies and services,
LOGISTICS | LIGHT & POWER,utilities,refine,high,Electric power,
LOGISTICS | MAINT. OF MACHINERY & EQUIP,fire-equipment,refine,low,"machinery and equipment maintenance, mostly commercial card",
LOGISTICS | MAINTENANCE OF BLDGS & GROUNDS,facilities,refine,high,Building and grounds maintenance,
LOGISTICS | MAINTENANCE OF BUILDINGS,facilities,refine,high,Building maintenance,
LOGISTICS | MEDICAL SUPPLIES,ems-supplies,refine,high,Medical supplies,
LOGISTICS | MEDICAL/DENTAL/LIFE INSURANCE,payroll,override,high,"Employee health, dental and life benefits",
LOGISTICS | OVERTIME,payroll,override,high,overtime via payroll journal,
LOGISTICS | PROFESSIONAL FEES,vendor,refine,medium,mixed professional fees,
LOGISTICS | SANITATION,utilities,refine,high,Garbage and recycling,
LOGISTICS | SMALL EQUIP NONCAP,fire-equipment,refine,medium,"Small equipment non-capital; card is the largest payee, some furniture and janitorial vendors",
LOGISTICS | SMALL EQUIP. NONCAP,fire-equipment,refine,high,"Small equipment, non-capital",
LOGISTICS | VEHICLE MAINTENANCE,fleet,refine,high,Vehicle maintenance and parts,
LOGISTICS | VEHICLE REPAIRS - ACCIDENT,fleet,refine,medium,Vehicle accident repairs,
LOGISTICS | WATER & SEWER,utilities,refine,high,water and sewer,
LONG-TERM DISABILITY,payroll,override,high,long-term disability benefit,
Machinery,vendor,refine,medium,"Generic machinery; radios, fire equipment, unnamed payees mixed",
Machinery and Equipment,vendor,refine,high,"Generic machinery and equipment; apparatus, EMS and other mixed",
MAINTENANCE | Fire Hydrant Maintenance,utilities,refine,medium,Hydrant maintenance fees to water utilities,
Materials & Supplies | Building & Grounds,facilities,refine,high,building and grounds,
Materials & Supplies | Building Improvements & Leases,government,refine,medium,county internal service fund charges,
Materials & Supplies | Computer Equipment & Services,government,refine,medium,county internal service fund charges,
MATERIALS & SUPPLIES | COMPUTER SOFTWARE,software,refine,high,Computer software,
MATERIALS & SUPPLIES | EQUIP SUPPLIES & MAINTENANCE,fire-equipment,refine,medium,"Equipment supplies and maintenance (SCBA flow tests, apparatus)",
Materials & Supplies | Equipment,fire-equipment,refine,low,equipment under materials and supplies,
Materials & Supplies | Equipment- Supplies & Maintenance,vendor,refine,medium,"Generic equipment supplies and maintenance; bank card plus fire, EMS, audio and tire vendors",
MATERIALS & SUPPLIES | FLEET MAINTENANCE,fleet,refine,high,Fleet maintenance and parts,
MATERIALS & SUPPLIES | FUEL,fleet,refine,high,fuel,
Materials & Supplies | Motor Pool Equipment & Leases,government,refine,medium,"Utah County internal motor pool charges (internal service fund, county treasurer); no outside payee",
MATERIALS & SUPPLIES | POWER BILLS,utilities,refine,high,Power and gas bills,
Materials & Supplies | Radio Equipment & Leases,government,refine,medium,Utah County internal radio equipment and lease charges (internal service fund); no outside payee,
Materials & Supplies | Special Department Supplies,wildland,refine,medium,Utah County wildland crew supplies,
MATERIALS & SUPPLIES | UNIFORMS,uniforms,refine,medium,Uniforms; also semi-annual uniform allowances paid to employees with no vendor,
Materials and supplies | Buildings and grounds supplies and maintenance,facilities,refine,high,Buildings and grounds supplies and maintenance,
Materials and supplies | Communication,vendor,refine,medium,"Vehicle modem service from carriers; lines with no payee are ""Cell Phone Equipment & Allowances"", likely employee phone allowances",
Materials and supplies | Equipment supplies and maintenance,vendor,refine,high,"Fuel, maintenance and software mixed",
Materials and supplies | Office supplies,general,refine,high,Office supplies,
Materials and supplies | Utilities,utilities,refine,high,utilities,
MBA FIRE/EMS BUILDING EXPENSES | CITY OFFICE ADD - ARCHITECT,construction,refine,high,Architect for building addition,
MBA FIRE/EMS BUILDING EXPENSES | CITY OFFICE ADD - MISC EXPENSE,construction,refine,medium,office addition project,
MBA FIRE/EMS BUILDING EXPENSES | FIRE/EMS - ARCHITECT,construction,refine,high,architect for fire/EMS building,
MBA FIRE/EMS BUILDING EXPENSES | FIRE/EMS BUILDING - PROJ MANG,construction,refine,high,Fire/EMS building project management,
MBA FIRE/EMS BUILDING EXPENSES | GENERAL CONTRACTOR - FIRE/EMS,construction,refine,high,General contractor for fire/EMS building,
MBA FIRE/EMS BUILDING EXPENSES | GENERAL CONTRACTOR - REMODEL,construction,refine,high,General contractor for building remodel,
MBA FIRE/EMS BUILDING EXPENSES | MISC CONSTRUCTION FIRE/EMS BUI,construction,refine,high,fire/EMS building construction,
Medicaid Assessment,government,refine,high,State Medicaid ambulance assessment,
MEDICAL & LIFE INSURANCE,payroll,override,high,Employee medical and life insurance,
Medical Equipment,ems-equipment,refine,high,Medical equipment,
Medical Supplies,ems-supplies,refine,high,Medical supplies,
Medical Supplies Expenses,ems-supplies,refine,high,medical supplies,
MEDICAL SUPPLIES | MEDICAL SUPPLIES,ems-supplies,refine,high,medical supplies,
"MEDICAL | EDUCATION, TRAINING & CERT",training,refine,high,"EMS education, training and certification",
MEDICAL | GRANT PURCHASES,vendor,refine,medium,"Medical grant purchases; mixed EMS supplies, EMS training and card",
MEDICAL | MAINT. OF MACHINERY & EQUIP,ems-equipment,refine,medium,Medical equipment maintenance,
MEDICAL | MEDICAL/DENTAL/LIFE INSURANCE,payroll,override,high,employee medical/dental/life insurance,
MEDICAL | OVERTIME,payroll,override,high,overtime via payroll journal,
MEDICAL | OVERTIME - EMS CADRE,payroll,override,high,overtime via payroll journal,
MEDICAL | PROFESSIONAL FEES,professional,refine,low,medical professional fees (medical direction),
MISCELLANEOUS EQUIPMENT,vendor,refine,medium,"Miscellaneous equipment; fire equipment, apparatus dealers, radios and IT",
Miscellaneous supplies and services | Miscellaneous supplies and services,vendor,refine,medium,miscellaneous supplies and services,
MITIGATION & PREVENTION FUND | MITIGATION & PREVENTION FUND,vendor,refine,low,"Mitigation and prevention fund; mostly an apparatus purchase, plus bank card, consultants and radio ads",
Motor Fuels,fleet,refine,high,Motor fuels,
New Station Loan Payment,finance,override,high,station loan principal and interest,
NON-DEPARTMENTAL EXPENSE | BENEFITS,payroll,override,high,Employee benefits,
NON-DEPARTMENTAL EXPENSE | INSURANCE,insurance,refine,medium,Insurance (ULGT); separate from benefits account,
Non-Departmrntal - Capital Outlay - Vehicles | Capital Outlay - Vehicles,fleet,refine,high,vehicle purchases,
Non-Departmrntal - Insurance | General Liability Insurance,insurance,refine,high,general liability insurance,
Non-Departmrntal - Transfer to Other Funds | Transfer to Capital Projects F,government,override,high,Transfer to capital projects fund,
Non-Departmrntal - Transfer to Other Funds | Transfer to Debt Service Fund,government,override,high,Transfer to debt service fund,
Non-Departmrntal - Transfer to Other Funds | Transfer to Special Revenue Fu,government,override,high,transfer to other funds,
Non-Operating Expenditures | Capital Outlays | Fire Facilities,construction,refine,medium,fire facilities capital outlay,
Non-Operating Expenditures | Capital Outlays | Station #31 Expansion/Relocation,construction,refine,high,Station 31 expansion/relocation project,
Non-Operating Expenditures | Capitalized Internal Services | Administrative Charges,government,refine,medium,Internal charges for fleet purchases (Sandy); no outside payee,
Office Supplies,general,refine,high,Office supplies,
Office supplies,vendor,refine,low,Labeled office supplies but holds cost sharing with other districts; net negative,
Office | Fire Chief,vendor,refine,low,Fire chief office paid to Beaver County Clerk; purpose unclear,
OPER TRANS TO OTHER FUNDS | OPER TRANS TO OTHER FUNDS,government,override,high,Operating transfer to other funds,
Operating & Maintenance Supply | Materials and Supplies,vendor,refine,high,"Generic materials and supplies; PPE, medical, janitorial, radios mixed",
Operating and maintenance | Building & Grounds Maint,facilities,refine,high,building and grounds maintenance,
Operating And Maintenance | Custodial Supplies,facilities,refine,high,custodial supplies,
Operating And Maintenance | Fire Supplies,fire-equipment,refine,high,firefighting supplies,
Operating and maintenance | Fuel,fleet,refine,high,fuel,
Operating and maintenance | IT Assessments,government,override,medium,internal IT assessment,
Operating and maintenance | Maintenance,vendor,refine,medium,Generic maintenance; mixed payees,
Operating And Maintenance | Medical Supplies,ems-supplies,refine,high,Medical supplies and pharmaceuticals,
Operating And Maintenance | Operational Supplies,vendor,refine,medium,"operational supplies, mixed fire/EMS/clothing",
Operating And Maintenance | Police Supplies,vendor,refine,medium,Labeled police supplies; mixed medical supplies and ammunition,
Operating and maintenance | Professional & Technical,vendor,refine,high,"Professional/technical; counseling, software, training mixed",
Operating and maintenance | Risk Assessments,government,override,medium,internal risk management assessment,
Operating And Maintenance | Special Clothing,ppe,refine,high,Special clothing; descriptions show turnout coats and trousers,
Operating and maintenance | Special Departmental Supplies,vendor,refine,medium,"Special departmental supplies; uniforms, fire equipment, card purchases mixed",
Operating and maintenance | Travel & Training,training,refine,high,Travel and training,
Operating and maintenance | Utilities,utilities,refine,high,utilities,
Operating and maintenance | Vehicle Maintenance,fleet,refine,high,vehicle maintenance,
OPERATING EXPENDITURES | ABATEMENT--ACE,government,refine,high,State ambulance assessment,
OPERATING EXPENDITURES | AUTO MAINTENANCE,vendor,refine,medium,Mostly monthly ambulance labor charges by journal entry with no payee (city fleet shop); named payees keep their category,
OPERATING EXPENDITURES | AUTO PARTS,vendor,refine,medium,West Valley internal city shop charges with no payee; outside vendors keep their own category,
OPERATING EXPENDITURES | BUILDING/GROUNDS MAINT,facilities,refine,high,building and grounds maintenance,
Operating Expenditures | Equipment & Improvements | Equipment,vendor,refine,medium,Equipment; turnouts and cardiac monitors mixed,
OPERATING EXPENDITURES | EQUIPMENT MAINTENANCE,fire-equipment,refine,low,equipment maintenance incl. SCBA testing and station doors,
Operating Expenditures | External Services | Data Processing Services,software,refine,high,Data processing / software subscriptions,
Operating Expenditures | External Services | Other Fees & Expenses,vendor,refine,medium,other fees; payee is state health dept,
Operating Expenditures | External Services | Other Professional & Technical,vendor,refine,high,"Dispatch, ambulance billing, software and medical mixed",
OPERATING EXPENDITURES | GASOLINE & DIESEL FUEL,government,refine,medium,West Valley internal city fuel charges for fire and ambulance; fuel network payees keep their own category,
OPERATING EXPENDITURES | INSURANCE,insurance,refine,medium,Insurance and risk charges,
Operating Expenditures | Internal Service | Administrative Charges,government,refine,high,Internal service administrative charges between funds,
Operating Expenditures | Materials & Supplies | Department Supplies,vendor,refine,medium,"department supplies, mixed",
Operating Expenditures | Materials & Supplies | Operations & Maintenance,vendor,refine,medium,"operations and maintenance, mixed",
Operating Expenditures | Materials & Supplies | Public Safety Supplies,ems-supplies,refine,medium,"public safety supplies, mostly EMS",
Operating Expenditures | Materials & Supplies | Telephone,telecom,refine,high,Telephone,
"Operating Expenditures | Materials & Supplies | Travel, Training & Meetings",training,refine,high,"travel, training and meetings",
OPERATING EXPENDITURES | PRO/TECH/WV,government,refine,medium,West Valley internal charges to ambulance fund; no outside payee,
OPERATING EXPENDITURES | PROFESSIONAL/TECHNICAL,vendor,refine,high,"Generic professional/technical; billing, assessments, medical direction mixed",
OPERATING EXPENDITURES | SOLD SERVICES,government,refine,medium,West Valley internal sold-service credits and grant corrections; no outside payee,
OPERATING EXPENDITURES | SPEC PUBLIC SAFETY SUPP,vendor,refine,medium,"Public safety supplies; medical, PPE and software mixed",
OPERATING EXPENDITURES | TRAVEL/TRAINING,training,refine,high,travel and training,
Operating Expense | Building Maintenance,facilities,refine,high,Building maintenance,
Operating Expense | Department Supplies,general,refine,low,Department supplies; mixed items,
Operating Expense | Equipment Operation & Maintenance,vendor,refine,medium,"Equipment operation and maintenance; apparatus service, fuel, tires mixed",
Operating Expense | Medical Supplies,ems-supplies,refine,high,medical supplies,
Operating Expense | Noncapitalized equipment purchased,fire-equipment,refine,medium,noncapital equipment,
Operating Supplies,vendor,refine,medium,Generic operating supplies; includes internal fleet lease allocations,
OPERATION & MAINTENANCE,vendor,refine,medium,"operation and maintenance, mixed",
Operations Cost | Grant Exp - 2019 PDM Seismic,construction,refine,high,Seismic retrofit project (grant),
OPERATIONS DIVISION | CLOTHING ALLOWANCE,vendor,refine,low,"Mostly a recurring monthly journal accrual with no payee (likely an allowance, not a purchase); uniform vendors paid here keep their category",
OPERATIONS DIVISION | FICA & MEDICARE,payroll,override,high,Payroll taxes (FICA/Medicare),
OPERATIONS DIVISION | GROUP HEALTH & LIFE INSURANCE,payroll,override,high,Employee group health and life insurance,
OPERATIONS DIVISION | LIABILITY INSURANCE,insurance,refine,high,Liability insurance,
OPERATIONS DIVISION | MEDICAL EXAMS,medical-exams,refine,high,Medical exams,
OPERATIONS DIVISION | OVERTIME PAY,payroll,override,high,overtime via payroll journal,
OPERATIONS DIVISION | TRANSPORT FEE,government,refine,high,ambulance transport fee paid to state,
OPERATIONS DIVISION | WORKERS COMP INSURANCE,insurance,refine,high,Workers comp insurance and claims,
OPERATIONS | Interfund Lease Payments,finance,override,medium,Interfund lease payments that fund bond debt service,
OPERATIONS | Sandy Contract,government,override,high,Contract fees paid to Sandy City,
OPERATIONS | Tax payments to RDA/CDA,government,override,high,Tax increment passed through to redevelopment agencies,
OPERATIONS | UFA contract fees,government,override,high,Contract fire service fees paid to Unified Fire Authority,
OTHER CHARGES | INSURANCE AND SURETY BONDS,insurance,refine,high,"Liability, property and cyber insurance assessments",
Other | Rent between funds,government,override,high,Rent between funds,
OVERTIME,payroll,override,high,Overtime wages,
Overtime,payroll,override,high,Overtime wages,
OVERTIME PAY | OVERTIME PAY,payroll,override,high,overtime pay,
PAID VOLUNTEERS,payroll,override,high,paid volunteer firefighters,
Paramedic Fees PMA,ems-billing,refine,medium,Paramedic fees; payees are billing companies,
Paramedics,government,refine,medium,Paramedic services from other agencies,
PARKS GRANTS/LOANS/ALLOTMENTS | G/L/A PARKS,placeholder,override,medium,Negative entry for a state parks appropriation; not fire spending,
PARTICIPATION COMMITMENT,vendor,refine,low,"County wildfire participation commitment; excavation contractor, state forestry, bank card, radar and radio vendors",
Pay | Overtime/Gap Pay,payroll,override,high,Overtime pay,
Pay | Regular Pay,payroll,override,high,Wages,
PERSONAL PROTECTIVE EQUIPMENT,ppe,refine,high,personal protective equipment,
PERSONAL PROTECTIVE EQUIPMENT | PERSONAL PROTECTIVE EQUIPMENT,ppe,refine,high,Personal protective equipment,
Physical Fitness/Medical Test,medical-exams,refine,high,Physical fitness and medical testing,
POLICE DEPARTMENT | 401K,payroll,override,high,401(k) contributions,
POLICE DEPARTMENT | CALL PAY - POLICE,payroll,override,high,Call pay,
POLICE DEPARTMENT | CAPITAL,vendor,refine,medium,"police capital, mixed",
POLICE DEPARTMENT | Equipment Replacement,vendor,refine,medium,"police equipment replacement, mixed",
POLICE DEPARTMENT | FICA/MEDICARE,payroll,override,high,FICA/Medicare payroll taxes,
POLICE DEPARTMENT | FUEL,fleet,refine,high,fuel,
POLICE DEPARTMENT | INSURANCE,payroll,refine,low,mostly employee benefits via payroll; insurers keep their category,
POLICE DEPARTMENT | MEDICAL BENEFITS,payroll,override,high,Employee medical benefits; police department of Lone Peak PSD,
POLICE DEPARTMENT | OVERTIME,payroll,override,high,overtime via payroll journal,
POLICE DEPARTMENT | Professional Services/Contract,vendor,refine,medium,Police department contracts (Lone Peak PSD); mixed,
POLICE DEPARTMENT | RENT,vendor,refine,medium,Police department rent paid to Highland City (Lone Peak PSD),
POLICE DEPARTMENT | UNIFORM EXPENSE,vendor,refine,low,"Labeled police department; about half is a uniform allowance paid through payroll journals with no payee, the rest uniform vendors and card",
POLICE DEPARTMENT | Utilities Expense,utilities,refine,high,Utilities (labeled police department),
POLICE DEPARTMENT | VEHICLE LEASE,finance,refine,medium,Police vehicle lease (Lone Peak PSD); dealers and upfitters also paid here keep own category,
POLICE DEPARTMENT | VEHICLE REPLACEMENT,fleet,refine,high,police vehicle replacement,
POLICE DEPARTMENT | VEHICLE SUPPLIES/MAINTENANCE,fleet,refine,high,vehicle supplies and maintenance,
Pre-Construction Costs - #102 | Pre-Construction Costs - #102,construction,refine,high,Station pre-construction costs,
Pre-Construction Costs - #125 | Pre-Construction Costs - #125,construction,refine,high,Station pre-construction costs,
Pre-Construction Costs - #251 | Pre-Construction Costs - #251,construction,refine,high,station pre-construction costs,
PRIN-2020 GO FIRE STATION 52 | PRIN-2020 GO FIRE STATION 52,finance,override,high,GO bond principal for Fire Station 52,
"PRIN-8,035,000 GO BONDS | PRIN-8,035,000 GO BONDS",finance,override,high,GO bond principal,
"PRINC-1,650,000 GO FIRE 2011 | PRINC-1,650,000 GO FIRE 2011",finance,override,high,GO bond principal,
PRINCIPAL,finance,override,high,debt principal,
Principal,finance,override,high,Debt principal,
PRINCIPAL PAYMENT,finance,override,high,loan principal,
PROF&TECHINICAL SERVICES,government,refine,medium,Riverton; mostly UFA/UFSA contract fire service; generic name so refine only,
Professional,vendor,refine,high,Generic professional account,
PROFESSIONAL & TECH,vendor,refine,high,"Generic professional/technical; billing, dispatch, medical direction mixed",
Professional & Technical Serv,vendor,refine,medium,mixed professional services,
PROFESSIONAL & TECHNICAL | PROFESSIONAL & TECHNICAL,vendor,refine,medium,Generic professional and technical; mixed government payees,
Professional and technical services | Professional and technical services,vendor,refine,medium,mixed professional services,
PROFESSIONAL AND TECHNICAL | PROFESSIONAL & TECHNICAL SERV.,vendor,refine,high,Generic professional and technical,
PROFESSIONAL AND TECHNICAL | PROFESSIONAL AND TECHNICAL,vendor,refine,medium,mixed professional services,
PROFESSIONAL FEES,vendor,refine,medium,mixed professional fees,
Professional Fees,vendor,refine,medium,mixed professional fees,
PROFESSIONAL SERVICES - ADMIN | PROFESSIONAL SERVICES - ADMIN,professional,refine,low,Administrative professional services,
Professional Services | Professional fees,vendor,refine,medium,Professional fees; mixed legal and bond trustee,
PROFESSIONAL SERVICES | PROFESSIONAL SERVICES,vendor,refine,medium,mixed professional services,
Professional Services | Sandy contract fees,government,override,high,Contract fees paid to Sandy City,
Professional Services | UFA contract fees,government,override,high,Contract fire service fees paid to Unified Fire Authority,
Professional&Technical-Profes,government,refine,medium,Bountiful; mostly South Davis Metro Fire contract service; generic name,
PROJECT EXPENSE: | AVALON TENDER EXPENSE,apparatus,refine,medium,water tender purchase,
Protective Clothing,ppe,refine,high,Protective clothing,
PT Contribution to Other Gover.,government,override,high,contributions to other governments (reversal),
Public Safety Operations & Supplies | State Medicaid Assessment,government,override,high,State Medicaid ambulance assessment,
Public Safety Services | Ambulance Billing,ems-billing,refine,high,Ambulance billing,
Public Safety | Fire District,vendor,refine,medium,"Town fire account; mostly the fire district, plus contractors, bank and utilities",
PUBLIC SAFETY | FIRE SERVICES,government,refine,high,Cedar Hills contract fire service paid to American Fork,
PUBLIC WORKS - STREETS & ROADS | SAFE ROUTES TO SCHOOL,not-fire,override,medium,Hildale street improvement project; not fire spending,
Recognition of Contributed Infrastructure,placeholder,override,high,Non-cash recognition of developer-contributed infrastructure; not a payment,
RECREATION EXPENSE | RECREATION EXPENSE,not-fire,override,medium,Garfield County recreation expense; not fire spending,
REGULAR EMPLOYEES,payroll,override,high,Wages,
Regular Employees,payroll,override,high,Wages,
Reimbursements | Miscellaneous - Reimbursements,vendor,refine,medium,"reimbursements, mixed",
REM's Pay - MOU,payroll,override,high,REMS pay,
Rent,facilities,refine,medium,Rent,
Rental of Equipment and Vehicl,government,refine,medium,"Ogden internal equipment and vehicle rental charges; payee not provided, as on Ogden internal fuel, phone and water charges; a few small store purchases",
Rental of land and Buildings,facilities,refine,medium,Building rent (logistics building lease),
Repairs & Maintenance,vendor,refine,medium,"repairs and maintenance, mixed",
Repairs and maintenance,vendor,refine,medium,Generic repairs and maintenance,
Reserve Contribution,government,override,medium,reserve transfers to capital fund,
Services | 4310 - PROFESSIONAL & TECHNICAL,vendor,refine,high,Generic professional and technical; mixed,
Services | Administrative Services,government,refine,high,Utah County internal service administrative charges,
SERVICES | PROFESSIONAL & TECH. SERVICES,vendor,refine,medium,mixed professional services,
Services | Professional & Technical,vendor,refine,high,Professional/technical; mixed,
Services | Professional Services,vendor,refine,medium,Generic professional services; mixed payees,
SICK BUYOUT,payroll,override,high,sick leave buyout,
Sick Leave,payroll,override,high,sick leave pay,
SICK LEAVE BUYOUT,payroll,override,high,sick leave buyout,
Small Tools and Minor Equipme,fire-equipment,refine,medium,Small tools and minor equipment,
Small Tools and Minor Equipmen,fire-equipment,refine,medium,Small tools and minor equipment,
Snow removal,facilities,refine,high,Snow removal,
Social Security (FICA) and Me,payroll,override,high,Payroll taxes (FICA/Medicare),
SOFTWARE MAINTENANCE,software,refine,high,Software maintenance,
Special department supplies | Public safety supplies and equipment,vendor,refine,medium,"Public safety supplies; mostly medical by description, also wildland and hose",
SPECIAL DEPT SUPPLIES,fire-equipment,refine,medium,special department supplies,
SPECIAL ENFORCEMENT | MEDICAL/DENTAL/LIFE INSURANCE,payroll,override,high,employee medical/dental/life insurance,
SPECIAL ENFORCEMENT | OVERTIME,payroll,override,high,overtime via payroll journal,
SPECIAL ENFORCEMENT | OVERTIME - CADRE,payroll,override,high,overtime via payroll journal,
SPECIAL OPERATIONS | SMALL EQUIP. NONCAP,fire-equipment,refine,high,Small equipment non-capital,
SPECIAL OPERATIONS/WILDLAND | WILDLAND OVERTIME,payroll,override,high,Wildland overtime,
Special Project - Fire Station,construction,refine,high,fire station project,
Special services | Fireworks,not-fire,override,medium,Layton fireworks for city events; not fire spending,
Special/EMS Training/Administration SAMHSA,payroll,override,medium,"SAMHSA grant instructor pay, mostly through PEOs (Employ/Ease, Affinity HR) and state retirement",
Staffing/Unit Coverage/Captain (2022)(4205),payroll,override,medium,Captain staffing paid through PEOs,
State,government,refine,medium,county payments to state agency,
STREETS & PUBLIC IMPROVEMENTS | BLDGS & GROUNDS FUND CHARG,not-fire,override,medium,Lehi streets department; not fire spending,
STREETS & PUBLIC IMPROVEMENTS | DEPARTMENT SUPPLIES,not-fire,override,medium,Lehi streets department; not fire spending,
STREETS & PUBLIC IMPROVEMENTS | ELECTRICITY - LEHI CITY POWER,not-fire,override,high,Lehi streets department; not fire spending,
STREETS & PUBLIC IMPROVEMENTS | EQUIPMENT MAINTENANCE,not-fire,override,medium,Lehi streets department; not fire spending,
STREETS & PUBLIC IMPROVEMENTS | FLEET FUND CHARGES,not-fire,override,medium,Lehi streets department; not fire spending,
STREETS & PUBLIC IMPROVEMENTS | OVERTIME,payroll,override,high,overtime via payroll journal,
STREETS & PUBLIC IMPROVEMENTS | PROFESSIONAL & TECHNICAL,not-fire,override,medium,Lehi streets department; not fire spending,
STREETS DEPT CAPITAL PROJECTS | STREETS CAPITAL PROJECTS FUND,not-fire,override,medium,Tremonton streets capital project; not fire spending,
Subscriptions & Memberships,vendor,refine,medium,"Subscriptions and memberships; software, dues, assessments mixed",
"Subscriptions, Memberships",vendor,refine,medium,Subscriptions and memberships; mix of software and dues,
SUPPLIES,vendor,refine,medium,generic supplies,
Supplies,vendor,refine,medium,generic supplies,
SUPPLIES & MATERIALS | OFFICE SUPPLIES | PROFESSIONAL SERVICES,government,refine,medium,Bluffdale contract fire service paid to Saratoga Springs; account name misleading,
SUPPLIES & MATERIALS | OPERATING SUPPLIES | DEPARTMENTAL SUPPLIES,vendor,refine,medium,"departmental supplies, mostly EMS",
"SUPPLIES & MATERIALS | OPERATING SUPPLIES | EQUIPMENT, SUPPLIES & MAINTENA",vendor,refine,medium,"equipment, supplies and maintenance, mixed",
SUPPLIES & MATERIALS | OPERATING SUPPLIES | HEALTH AND SAFETY,vendor,refine,low,Health and safety supplies; fire equipment distributors plus medical and exam providers,
SUPPLIES & MATERIALS | OPERATING SUPPLIES | MOTOR FUELS,fleet,refine,high,motor fuel,
SUPPLIES & MATERIALS | OPERATING SUPPLIES | SHOP CHARGES,fleet,refine,medium,vehicle shop charges,
SUPPLIES & MATERIALS | OPERATING SUPPLIES | SUPPLIES & MAINTENANCE,vendor,refine,medium,"supplies and maintenance, mixed",
SUPPLIES & MATERIALS | OPERATING SUPPLIES | UNIFORM EXPENSE,uniforms,refine,high,Uniforms,
SUPPLIES & MATERIALS | OPERATING SUPPLIES | UNIFORMS,uniforms,refine,high,Uniforms,
SUPPLIES & MATERIALS | OPERATING SUPPLIES | WILDLAND FIRE SERVICES,government,refine,medium,Wildland fire services paid to Bluffdale City,
SUPPLIES & MATERIALS | OPERATING SUPPLIES | WILDLAND FIRE SEVICES,government,refine,medium,Wildland fire services paid to Bluffdale City,
SUPPLIES & MATERIALS | REPAIRS AND MAINTENANCE | MACHINERY AND EQUIPMENT,fleet,refine,low,mostly vehicle shop charges; some radio/computer repairs,
SUPPLIES AND MAINT-COUNTY | SUPPLIES AND MAINT-COUNTY,vendor,refine,medium,"supplies and maintenance, mixed",
Supplies and Materials,general,refine,low,Generic supplies and materials,
Supplies and Materials - Office Supplies | Supplies,general,refine,medium,Office supplies and printing,
Supplies and Materials - Operating Supplies - Motor Fuels | Fuel,fleet,refine,high,Fuel,
Supplies and Materials - Operating Supplies | Equipment,fire-equipment,refine,medium,equipment,
Supplies and Materials - Operating Supplies | Misc Expenses - Events,general,refine,medium,"event supplies, awards, decorations",
Supplies and Materials - Operating Supplies | Public Safety Supplies - Ambulance Stock,ems-supplies,refine,high,ambulance stock,
Supplies and Materials - Operating Supplies | Uniforms,uniforms,refine,high,uniforms,
Supplies and Materials - Operating Supplies | Uniforms - Turnouts,ppe,refine,high,turnout gear,
Supplies and Materials - Repair and Maintenance | Fleet Maintenance Charge,government,refine,medium,Orem internal fleet maintenance allocation; no outside payee,
Supplies and Materials - Repair and Maintenance | Maintenance & Repair - Fleet,fleet,refine,high,Fleet maintenance and repair,
Supplies and Materials - Repair and Maintenance | Maintenance & Repair - SecurLyft,ems-equipment,refine,high,SecurLyft cot system maintenance,
Supplies and Materials - Repair and Maintenance | Software Licensing & Maintenance Agreements,software,refine,high,software licensing and maintenance,
Supplies Medical,ems-supplies,refine,high,Medical supplies,
TAN Interest Expense,finance,override,high,tax anticipation note interest,
Tax payments to RDA/CDA | Tax payments to RDA/CDA,government,override,high,Tax increment payments to RDA/CDA,
Taxes and Fees | Tax payments to RDA/CDA,government,override,high,Tax increment passed through to redevelopment agencies,
Technical Services | Equipment Maintenance Contracts,vendor,refine,medium,"Equipment maintenance contracts; mixed EMS, SCBA, apparatus",
Telecommunication,telecom,refine,high,Telecommunication,
Telephone,telecom,refine,high,Telephone,
TEMPORARY EMPLOYEES,payroll,override,high,temporary wages,
Temporary Employees,payroll,override,high,Wages,
TRAINING,training,refine,high,training,
Training,training,refine,high,Training,
TRAINING AND TRAVEL | TRAINING AND TRAVEL,training,refine,high,Training and travel,
Training and travel | Training and travel,training,refine,high,training and travel,
TRANs Priciple Payment | TRANs Priciple Payment,finance,override,high,Tax anticipation note principal,
TRANSFER - FIRE DEPT TRUST,government,refine,medium,transfer to fire department trust fund,
Transfer Out,government,override,high,Transfer out to another fund,
Transfer to Capital Projects,vendor,refine,medium,"Transfers to capital projects with no vendor, plus a $100,000 payment to a property management company",
Transfer to Capital Projects Fd,government,override,high,transfer to capital projects fund,
Transfer to Debt Service,government,override,high,Transfer to debt service fund,
TRANSFER TO DEBT SERVICE | TRANSFER TO DEBT SERVICE,government,override,high,Transfer to debt service fund,
TRANSFER TO FLEET CAPITAL | TRANSFER TO FLEET CAPITAL,government,override,high,Transfer to fleet capital fund,
TRANSFER TO GENERAL FUND | TRANSFER TO GENERAL FUND,government,override,high,Transfer to general fund,
TRANSFER TO LEGACY CIP,government,override,high,Transfer to capital projects fund,
Transfer to Other Funds | Transfer to Debt Service Fund,government,override,high,transfer to debt service fund,
Transfers,government,override,high,Transfers between funds,
TRANSFERS AND DEPRECIATION | DEPRECIATION EXPENSE,placeholder,override,high,Depreciation; non-cash,
TRANSFERS AND DEPRECIATION | MOVE FIXED ASSETS TO BAL SHT,placeholder,override,high,Accounting entry moving fixed assets to balance sheet; not a payment,
TRANSFERS AND DEPRECIATION | TRANSFER CAPITAL RSRV FUND,government,override,high,Transfer to capital reserve fund,
TRANSFERS AND DEPRECIATION | TRANSFER OUT TO GF FA,placeholder,override,medium,Journal entry moving capital outlay to fixed assets; not a payment,
TRANSFERS AND DEPRECIATION | TRANSFER TO C.R.F.DEBT SERVICE,government,override,high,Transfer to debt service fund,
Transfers Out | Transfer to CIP Fund,government,override,high,Transfer to capital improvement fund,
Transfers Out | Transfer to General Fund,government,override,high,transfer to general fund,
Transfers Out | Transfer to Mun Building Auth,government,override,high,Transfer to municipal building authority fund,
Transfers to Debt Service Fund | Transfers to Debt Service Fund,government,override,high,transfer to debt service fund,
Transfers to Fleet Capital Fun | Transfers to Fleet Capital Fun,government,override,high,transfer to fleet capital fund,
TRANSFERS TO OTHER FUNDS | TRANSFERS TO OTHER FUNDS,government,override,high,Transfer to other funds,
TRANSFERS TO PUBLIC SAFETY BND,government,override,high,room tax passed to fire district,
TRANSFERS | TRANSFER TO CAP PROJ-VEH REPL,government,override,high,Transfer to vehicle replacement capital fund,
TRANSFERS | TRANSFER TO WILDLAND,government,override,high,Transfer to wildland fund,
TRAVEL,training,refine,high,Travel,
TRAVEL & TRAINING,training,refine,high,Travel and training,
Travel and Training,training,refine,high,travel and training,
"Travel, Education and Trainin",training,refine,high,"Travel, education and training",
Truck Expense,apparatus,refine,high,Fire truck purchases,
Truck Expense 10-4111-270,apparatus,refine,high,Fire truck purchases,
Turnout Gear,ppe,refine,high,turnout gear,
UFA contract fees | UFA contract fees,government,override,high,Contract fire service fees paid to Unified Fire Authority,
UFA Management Fees | UFA Management Fees,government,override,high,UFA management fees,
UFSA Bond Payment | UFSA Bond Payment,finance,override,medium,bond payment passed to UFSA,
Uncategorized Expense,vendor,refine,high,uncategorized,
UNIFORMS,uniforms,refine,high,Uniforms,
Uniforms,uniforms,refine,high,uniforms,
"Uniforms and gear | Uniforms, clothing and other gear",payroll,refine,medium,Unnamed lines are a twice-yearly uniform allowance paid through payroll; uniform and PPE vendors keep their own category,fire-equipment
UNIFORMS | UNIFORMS,uniforms,refine,high,uniforms; fire equipment distributors keep their category (turnouts and gear),fire-equipment
USAR | MEDICAL/DENTAL/LIFE INSURANCE,payroll,override,high,employee medical/dental/life insurance,
USAR | OVERTIME,payroll,override,high,overtime via payroll journal,
USAR | OVERTIME - USAR DEPLOYMENT,payroll,override,high,USAR deployment overtime wages,
USAR | REIMBURSEMENTS TO UFA,vendor,refine,medium,"USAR operating costs, mixed vendors",
UTILITIES,utilities,refine,high,utilities,
"Utilities (Gas,Power,Phones)",vendor,refine,medium,"Gas, power and phone bills; phone/internet and utility payees in roughly equal shares",
Utilities and Utility Service,utilities,refine,high,utilities,
Utilities and Utility Services - Telecommunication | Telephone & Communications,telecom,refine,high,Telephone and communications,
Utilities | Other,utilities,refine,high,Utilities,
UTILITIES | TELECOMMUNICATIONS | TELEPHONE,telecom,refine,high,Telephone,
UTILITIES | UTILITIES,utilities,refine,high,Utilities,
Vacation Leave,payroll,override,high,Vacation leave pay,
VECC,dispatch,refine,high,VECC dispatch,
Vehicle & Equip Maint/Repairs,fleet,refine,high,Vehicle and equipment repairs,
VEHICLE FUEL,fleet,refine,high,vehicle fuel,
Vehicle Maintenance,fleet,refine,high,Vehicle maintenance,
VEHICLE REPAIR-FIRE | VEHICLE REPAIR-FIRE,fleet,refine,medium,vehicle repair,
VEHICLE REPAIRS,government,refine,medium,Provo internal fleet repair charges; no outside payee,
VEHICLE | CAPITAL OUTLAY - VEHICLES,vendor,refine,medium,Vehicles of all kinds,
VEHICLE | R&M - FIRE VEHICLES,fleet,refine,medium,Fire vehicle repair and maintenance; apparatus shops keep their own category,
Vehicles,vendor,refine,medium,Vehicles from dealers mixed with Zions Bank lease payments and a line with no named payee; two agencies,
Vehicles & Equipment Purchases | Equipment Purchases,fire-equipment,refine,high,Fire equipment purchases,
Vehicles & Equipment Purchases | Fire Truck Purchases - Wildland,apparatus,refine,high,Wildland fire truck purchase,
Vehicles & Equipment Purchases | Other - Capital Purchases,vendor,refine,medium,Other capital purchases; mixed,
Vehicles & Upfitting | Vehicles & Upfitting,vendor,refine,medium,"Vehicles and upfitting; apparatus, ambulance remounts, equipment mixed",
VOLUNTEER FIRE DEPARTMENT | DEPT. SUPPLIES - 2021 TRUCK,apparatus,refine,high,Fire truck purchase (Rosenbauer),
WILDLAND DEPLOYMENT EXPENSES | Exp Aid Provided Oth. Agencies,vendor,refine,medium,Wildland deployment costs; mixed,
WILDLAND FIRE | PROFESSIONAL/TECHNICAL,vendor,refine,medium,Wildland professional/technical; mostly state forestry division,
Wildland Fire | Wildfire Preparedness,wildland,refine,medium,wildfire preparedness,
WILDLAND OPERATIONS | CAPITAL LEASE PAYMENTS,finance,override,high,capital lease payments,
"WILDLAND OPERATIONS | GASOLINE, DIESEL, OIL & GREASE",fleet,refine,high,"Fuel, oil and grease",
WILDLAND OPERATIONS | MEDICAL/DENTAL/LIFE INSURANCE,payroll,override,high,employee medical/dental/life insurance,
WILDLAND OPERATIONS | MISCELLANEOUS RENTAL,vendor,refine,medium,Miscellaneous rental; vehicles and copiers,
WILDLAND OPERATIONS | OVERTIME,payroll,override,high,Wildland overtime wages,
WILDLAND OPERATIONS | TRAVEL & TRANSPORTATION,training,refine,medium,Wildland deployment travel and per diem,
WILDLAND OPERATIONS | UNEMPLOYMENT INSURANCE,payroll,override,high,unemployment insurance,
WILDLAND OPERATIONS | VEHICLE MAINTENANCE,fleet,refine,high,vehicle maintenance,
WILDLAND OPERATIONS | WORKERS COMP,payroll,refine,medium,workers' comp booked via payroll journal,
Wildland Pay - MOU,payroll,override,high,Wildland pay through PEO,
Wildland Pay - MOU (4205),payroll,override,high,wildland deployment pay (PEO and individuals),
Workmans Comp,insurance,refine,high,workers' comp insurance,
Zions Bank,vendor,refine,high,Account named for a bank account,
EMERGENCY OPERATIONS | RETIREE BENEFITS,payroll,override,high,UFA retiree health benefits (including retiree ambulance memberships),
GROUP INSURANCE | EMPLOYEE INSURANCE,payroll,override,high,Employee group insurance,
FIRE PROTECTION | HEALTH INSURANCE,payroll,override,high,Employee health insurance,
FIRE DEPARTMENT EXPENSE | BENEFITS,payroll,override,high,Employee benefits,
6060 Benefits,payroll,override,high,Employee benefits (Summit County payroll expenses),
LOGISTICS | TELEPHONE - CELLULAR,telecom,refine,medium,UFA cell phones (card lines),
LOGISTICS | TELEPHONE,telecom,refine,medium,UFA telephone (card lines),
NON-DEPARTMENTAL EXPENSE | TELEPHONE,telecom,refine,medium,Telephone (card lines),
Materials & Supplies | Travel,training,refine,medium,Travel (card lines),
County Fire Dept | Travel & Training,training,refine,medium,Travel and training (card lines),
EDUCATION AND TRAVEL | EDUCATION AND TRAVEL,training,refine,medium,Education and travel (card lines),
WILDLAND OPERATIONS | CLOTHING PROVISIONS,wildland,refine,medium,UFA wildland clothing (card lines); distributors keep their category,fire-equipment
WILDLAND OPERATIONS | SMALL EQUIP. NONCAP,wildland,refine,medium,UFA wildland small equipment (card lines),
INFORMATION TECHNOLOGY | SMALL EQUIP. NONCAP,it,refine,medium,UFA IT small equipment (card lines),
LOGISTICS | FOOD PROVISIONS,general,refine,medium,UFA food provisions (card lines),
FIRE | Small Tools & Minor Equipment,fire-equipment,refine,medium,Box Elder County small tools (card lines),
FIRE / EMS DEPARTMENT | Building Maintenance,facilities,refine,medium,Lone Peak building maintenance (card lines),
