name_key,vendor,category,confidence
11866 THOMPSON RIDGE STATE OF UTAH,State of Utah,government,medium
123 INDUSTRIES,123 Industries,unclassified,low
139 FIRE,139 Fire,unclassified,low
20 20 GENESYSTEMS,20/20 GeneSystems,unclassified,low
20 20 GENESYSYTEMS,20/20 GeneSystems,unclassified,low
308 SYSTEMS,308 Systems,radios,medium
3B SCIENTIFIC,3B Scientific,training,medium
3RD EAST AUTO PARTS,3rd East Auto Parts,fleet,high
4511 FLAMING GORGE,4511 Flaming Gorge,unclassified,low
49ER COMMUNICATIONS,49er Communications,radios,high
4IMPRINT,4imprint,professional,medium
5 11 TACTICAL,5.11 Tactical,uniforms,high
5 BUCK PIZZA,5 Buck Pizza,general,high
511 TACTICAL,5.11 Tactical,uniforms,high
5TH WEST RENTAL AND REPAIR,5th West Rental & Repair,facilities,medium
6 STAR INSTALLATIONS AND SALES,6 Star Installations & Sales,fleet,medium
7 ELEVEN,7-Eleven,fleet,medium
801 CATERING,801 Catering,general,high
840ELM,840Elm,unclassified,low
A 1 KEY SERVICE,A-1 Key Service,facilities,high
A 1 NATIONAL FIRE,A-1 National Fire,facilities,medium
A 1 RENTAL AND SALES,A-1 Rental & Sales,facilities,medium
A 1 UNIFORM,A-1 Uniforms,uniforms,high
A 1 UNIFORM PUBLIC SAFETY,A-1 Uniforms,uniforms,high
A 1 UNIFORMS,A-1 Uniforms,uniforms,high
A AND E ELECTRIC,A&E Electric,facilities,high
A AND M OUTDOOR HOME CENTER,A&M Outdoor Home Center,facilities,medium
A DEZIGN,A Dezign,uniforms,medium
A JOHNSON HOME COMFORT SOLUTIONS,A. Johnson Home Comfort Solutions,facilities,high
A PLUS GARAGE DOORS,A Plus Garage Doors,facilities,high
A PLUS TREE,A Plus Tree,facilities,high
A TO Z LANDSCAPING,A to Z Landscaping,facilities,high
A WARRIORS LIGHT,A Warrior's Light,medical-exams,medium
AAA FIRE SAFETY AND ALARM,AAA Fire Safety & Alarm,facilities,medium
AAA MOBILE STORAGE,AAA Mobile Storage,facilities,medium
AAA SPRING SPECIALISTS,AAA Spring Specialists,fleet,high
AARON ROANE,Individuals (names withheld),individuals,high
ACCESS TRUCK PARTS,Access Truck Parts,fleet,high
ACCOUNTS PAYABLE UT MAGEN CARLISE,Individuals (names withheld),individuals,high
ACCURATE AUTOMOTIVE AND PERFORMANCE,Accurate Automotive & Performance,fleet,high
ACCURITE EXCAVATING AND HAULING,AccuRite Excavating & Hauling,construction,high
ACCUSHAPE ARMOR,Accushape Armor,ppe,low
ACE,Ace Hardware,facilities,low
ACE AUTO AND TRAILER SALES,Ace Auto & Trailer Sales,construction,medium
ACE DISPOSAL,Ace Disposal,utilities,high
ACE HARDWARE,Ace Hardware,facilities,high
ACE HARDWARE EPHRAIM,Ace Hardware,facilities,high
ACE HARDWARE KAMAS,Ace Hardware,facilities,high
ACE HARDWARE NORTH OGDEN,Ace Hardware,facilities,high
ACE HEATING AND AIR,Ace Heating & Air,facilities,high
ACE RECYCLING AND DISPOSAL,Ace Disposal,utilities,medium
ACE RENTS,Ace Rents,facilities,high
ACME CONSTRUCTION,ACME Construction,construction,high
ACME THREAD WARE,Acme Thread Ware,uniforms,medium
ACROSS STREET PRODUCTIONS,Across the Street Productions,unclassified,low
ACTION ALTERNATOR AND STARTER,Action Alternator & Starter,fleet,high
ACTION LOCKSMITH,Action Locksmith,facilities,high
ACTIVE 911,Active911,software,medium
ACTIVE911,Active911,software,medium
ACUITY SPECIALTY PRODUCTS,Zep,facilities,medium
AD WEAR,AD Wear,uniforms,high
ADAM KNIGHT PLUMBING,Adam Knight Plumbing,facilities,high
ADAMS AVENUE PARKWAY,Adams Avenue Parkway,fleet,medium
ADAMS CONSTRUCTION SERVICES,Adams Construction Services,construction,high
ADAMS DON,Individuals (names withheld),individuals,high
ADASHI SYSTEMS,ADASHI Systems,software,medium
ADCENTIVES WEST,Adcentives West,uniforms,medium
ADIRONDACK FIRE EQUIPMENT,Adirondack Fire Equipment,apparatus,high
ADK ADVANACED SERVICES,AKD Advanced Services,wildland,medium
ADKINS JOHN,Individuals (names withheld),individuals,high
ADOBE,Adobe,software,high
ADRIEN JONES,Individuals (names withheld),individuals,high
ADRIENNE CRAW,Individuals (names withheld),individuals,high
ADS MOTORSPORTS,ADS Motorsports,fleet,high
ADVANCE AUTO PARTS,Advance Auto Parts,fleet,high
ADVANCE ELECTRIC,Advance Electric,facilities,high
ADVANCED DOOR,Advanced Door,facilities,high
ADVANCED EXERCISE,Advanced Exercise,medical-exams,medium
ADVANCED FIRE SERVICES OF UTAH,Advanced Fire Services of Utah,facilities,low
ADVANCED FITNESS REPAIR,Advanced Fitness Repair,medical-exams,medium
ADVANCED HEALTHSTYLES FITNESS EQUIPMENT,Advanced Healthstyles Fitness Equipment,medical-exams,high
ADVANCED PRODUCTS,Advanced Products,unclassified,low
ADVANCED TECHNOLOGY INTERNATIONAL,Advanced Technology International,software,medium
ADVANCED TRAFFIC PRODUCTS,Advanced Traffic Products,general,low
AED EVERYWHERE,AED Everywhere,ems-equipment,high
AED SUPERSTORE,AED Superstore,ems-equipment,high
AEROCLAVE,Aeroclave,ems-equipment,high
AERYK SCOTT HURLEY,Individuals (names withheld),individuals,medium
AETNA,Aetna,payroll,medium
AFFINITY,Affinity HR,payroll,medium
AFFINITY HR,Affinity HR,payroll,high
AFFORDABLE HEATING AND COOLING,Affordable Heating & Cooling,facilities,high
AFLAC,Aflac,payroll,high
AFTER MARKETING,After Marketing,uniforms,low
AG CENTER,AG Center,fleet,medium
AG EQUIPMENT,AG Equipment,fleet,medium
AGEC APPLIED GEOTECH,Applied Geotechnical Engineering,construction,high
AGK INDUSTRIAL,AGK Industrial,unclassified,low
AHERN RENTALS,Ahern Rentals,facilities,high
AHLSTROM ELECTRICAL SERVICES,Ahlstrom Electrical Services,facilities,high
AIA,AIA Corporation,professional,low
AIR BNB,Airbnb,training,medium
AIR BURNERS,Air Burners,wildland,medium
AIR COMM,Air Comm,radios,medium
AIR TECHNOLOGY SOLUTIONS,Air Technology Solutions,facilities,high
AIRBNB,Airbnb,training,high
AIRGAS,Airgas,ems-supplies,high
AIRGAS INTERMOUNTAIN,Airgas,ems-supplies,high
AIRGAS USA,Airgas,ems-supplies,high
AIRPRO,Airpro,unclassified,low
AJB HOLDINGS,AJB Holdings,unclassified,low
AJC ARCHITECTS,AJC Architects,construction,high
AKD ADVANCED SERVICES,AKD Advanced Services,wildland,medium
AKS INDUSTRIES,AKS Industries,construction,low
ALADTEC,Aladtec,staffing-software,high
ALAMO SCIENTIFIC,Alamo Scientific,ems-supplies,medium
ALAN MCCLINTOCK,Individuals (names withheld),individuals,high
ALDER SALES,Alder Sales,unclassified,low
ALERT ALL,Alert-All,professional,low
ALERTSENSE,Konexus,software,high
ALEXANDER WEAR,Individuals (names withheld),individuals,medium
ALIGNMENT SPECIALISTS,Alignment Specialists,fleet,high
ALKEMA AMY,Individuals (names withheld),individuals,high
ALL HANDS FIRE EQUIPMENT,All Hands Fire Equipment,fire-equipment,high
ALL SAFE INDUSTRIES,All Safe Industries,fire-equipment,low
ALL STAR INFLATABLES,All-Star Inflatables,general,low
ALL TECH ELECTRIC,All-Tech Electric,facilities,high
ALL TERRAIN MOTORSPORTS,All-Terrain Motorsports,fleet,high
ALL TRAFFIC SOLUTIONS,All Traffic Solutions,general,low
ALL WEATHER SERVICE AND INSTALLATION,All Weather Service & Installation,facilities,medium
ALL WEST COMMUNICATIONS,All West Communications,telecom,high
ALL WIRELESS COMMUNICATIONS,All Wireless Communications,radios,medium
ALLEN VAN WAGONER,Individuals (names withheld),individuals,medium
ALLIANCE FIRE AND SAFETY,Alliance Fire & Safety,facilities,high
ALLIANCE LAUNDRY EQUIPMENT,Alliance Laundry Equipment,facilities,high
ALLIANZ,Allianz,training,low
ALLIED ADMIN FOR DELTA DENTAL INSURANC,Allied Administrators,payroll,high
ALLIED ADMINISTRATORS,Allied Administrators,payroll,medium
ALLIED FENCE,Allied Fence,facilities,high
ALLIED MECHANICAL,Allied Mechanical,facilities,medium
ALLIED WASTE SERVICES OF NORTH AMERICA,Republic Services,utilities,high
ALLPS TRAINING,ALLPS Training,training,medium
ALLPS TRAINING ALLIANCE,ALLPS Training,training,high
ALLRED ACE HARDWARE,Ace Hardware,facilities,high
ALLRED ALAN M,Individuals (names withheld),individuals,high
ALLRED BROTHERSON AND HARRINGTON,"Allred, Brotherson & Harrington",professional,high
ALLRED JACKSON,Allred Jackson,professional,high
ALLRED SEAL COATING,Allred Seal Coating,construction,high
ALLREDS ACE HARDWARE,Ace Hardware,facilities,high
ALLSTAR FIRE EQUIPMENT,Allstar Fire Equipment,fire-equipment,high
ALLSTAR FIRE PROTECTION,Allstar Fire Protection,facilities,medium
ALLSTREAM,Allstream,telecom,high
ALLTECH,AllTech,it,medium
ALLY EQUIPMENT,Ally Equipment,facilities,medium
ALPENGLOW SOLAR AND ELECTRIC,Alpenglow Solar & Electric,facilities,medium
ALPHA CABINET COMPONENTS,Alpha Cabinet Components,facilities,low
ALPHA GRAPHICS,AlphaGraphics,professional,high
ALPHAGRAPHICS,AlphaGraphics,professional,high
ALPINE CITY,Alpine City,government,high
ALPINE CLEANING AND RESTORATION,Alpine Cleaning & Restoration Specialists,facilities,high
ALPINE CLEANING AND RESTORATION SPECIALISTS,Alpine Cleaning & Restoration Specialists,facilities,high
ALPINE DISTILLING,Alpine Distilling,general,low
ALPINE FORESTRY,Alpine Forestry,wildland,medium
ALPINE HOME MEDICAL,Alpine Home Medical,ems-supplies,medium
ALPINE PROFESSIONAL CARPET CARE,Alpine Professional Carpet Care,facilities,high
ALPINE PROMOTIONS,Alpine Promotions,uniforms,medium
ALPINE SUPPLY,Alpine Supply,unclassified,low
ALS AUTO PARTS AND SERVICE,Al's Auto Parts & Service,fleet,high
ALS FOODTOWN POULSON,Al's Foodtown,general,high
ALS SPORTING GOODS,Al's Sporting Goods,general,high
ALS TROPHIES,Al's Trophies & Frames,general,medium
ALS TROPHIES AND FRAMES,Al's Trophies & Frames,general,high
ALSCO,Alsco,facilities,medium
ALTABANK,Altabank,finance,high
ALTERNATOR ELECTRIC,Alternator Electric,fleet,medium
ALUM LINE,Alum-Line,fleet,low
ALVEY LUMBER,Alvey Lumber,facilities,high
AM CONSTRUCTION SUPPLY,AM Construction Supply,facilities,medium
AM PM KEYS,AM-PM Keys,facilities,high
AMANDA NORR,Individuals (names withheld),individuals,medium
AMAZON,Amazon,general,high
AMAZON BUSINESS,Amazon,general,high
AMAZON CAPITAL SERVICES,Amazon,general,high
AMAZON COM,Amazon,general,high
AMAZON MARKETPLACE,Amazon,general,high
AMBULANCE AR 55 BAD DEBT,No vendor named,placeholder,high
AMBULANCE BILLING REFUNDS,No vendor named,placeholder,high
AMD5,AMD5,unclassified,low
AMERICAN 3B SCIENTIFIC LP,3B Scientific,training,medium
AMERICAN AIRLINES,American Airlines,training,high
AMERICAN AMBULANCE ASSOCIATION,American Ambulance Association,training,high
AMERICAN EXCELSIOR,American Excelsior,construction,low
AMERICAN EXPRESS,American Express,finance,high
AMERICAN FIREHOUSE FURNITURE,American Firehouse Furniture,facilities,high
AMERICAN FORK CITY,American Fork City,government,high
AMERICAN FORK FIRE RESCUE,American Fork City,government,high
AMERICAN FRONTIER ROOFING,American Frontier Roofing,construction,medium
AMERICAN HEART ASSOCIATION,American Heart Association,training,high
AMERICAN INS AND INVESTMENT,American Insurance and Investment,insurance,high
AMERICAN INSURANCE,American Insurance and Investment,insurance,medium
AMERICAN INSURANCE AND INVESTMENT,American Insurance and Investment,insurance,medium
AMERICAN LEAK DETECTION,American Leak Detection,facilities,high
AMERICAN RED CROSS,American Red Cross,training,medium
AMERICAN REFRIGERATION,American Refrigeration,facilities,high
AMERICAN TESTING SERVICES,American Testing Services,construction,high
AMERICAN TRADE MARK,American Trade Mark Co.,uniforms,medium
AMERICOM TECHNOLOGY,Americom Technology,it,medium
AMERIGAS PROPANE LP,AmeriGas,utilities,high
AMERITAS LIFE INSURANCE,Ameritas,payroll,medium
AMERIZORB RECOVERY,Amerizorb Recovery,fire-equipment,low
AMORETTI DIESEL,Amoretti Diesel,fleet,high
AMY DE NEFF,Individuals (names withheld),individuals,high
AMY HUGIE,Individuals (names withheld),individuals,high
ANDAX INDUSTRIES,Andax Industries,fire-equipment,low
ANDERSEN ASPHALT,Andersen Asphalt,construction,high
ANDERSON,Individuals (names withheld),individuals,high
ANDERSON AXETON,Individuals (names withheld),individuals,high
ANDERSON EMBROIDERY AND SCREEN PRINT,Anderson Embroidery & Screen Print,uniforms,high
ANDERSON SERVICE CENTER,Anderson Service Center,fleet,high
ANDREA FISKE,Individuals (names withheld),individuals,medium
ANDREW ADAMS,Individuals (names withheld),individuals,high
ANDREW H BLACKBURN,Individuals (names withheld),individuals,medium
ANDREW OLDROYD,Individuals (names withheld),individuals,medium
ANDRUS TOWING,Andrus Towing,fleet,high
ANIXTER,Anixter,facilities,medium
ANNETTE M JUDD,Individuals (names withheld),individuals,medium
ANTIMONY TOWN,Antimony Town,government,high
ANVIL CONSTRUCTION,Anvil Construction,construction,high
ANY HOUR SERVICE,Any Hour Services,facilities,high
ANYTIME ROAD REPAIR,Anytime Road Repair,fleet,low
AP TRITION,AP Triton,professional,high
AP TRITON,AP Triton,professional,high
AP WIRELESS INVESTMENTS I,AP Wireless,radios,low
APA BENEFITS,APA Benefits,payroll,high
APA BENEFITS HRA CLAIMS,APA Benefits,payroll,high
APOLLO BURGER,Apollo Burger,general,medium
APPARATAS EUIPMENT AND SERVICE,Apparatus Equipment & Service,fire-equipment,high
APPARATUS AND EQUIPMENT SERVICES,Apparatus Equipment & Service,fire-equipment,medium
APPARATUS EQUIP,Apparatus Equipment & Service,fire-equipment,medium
APPARATUS EQUIP AND SERV,Apparatus Equipment & Service,fire-equipment,high
APPARATUS EQUIP AND SERVICE,Apparatus Equipment & Service,fire-equipment,high
APPARATUS EQUIPMENT,Apparatus Equipment & Service,fire-equipment,medium
APPARATUS EQUIPMENT AND,Apparatus Equipment & Service,fire-equipment,high
APPARATUS EQUIPMENT AND SALES,Apparatus Equipment & Service,fire-equipment,medium
APPARATUS EQUIPMENT AND SERV,Apparatus Equipment & Service,fire-equipment,high
APPARATUS EQUIPMENT AND SERVICE,Apparatus Equipment & Service,fire-equipment,high
APPARATUS EQUIPMENT AND SERVICE AES,Apparatus Equipment & Service,fire-equipment,high
APPARATUS EQUIPMENT AND SERVICE HAIX,Apparatus Equipment & Service,fire-equipment,high
APPARATUS EQUIPMENT AND SERVICES,Apparatus Equipment & Service,fire-equipment,high
APPARATUS EQUIPMENT AND SUPPLY,Apparatus Equipment & Service,fire-equipment,medium
APPARATUS EQUIPTMENT AND SERVICE,Apparatus Equipment & Service,fire-equipment,high
APPARATUS MOVERS,Apparatus Movers,apparatus,low
APPARTATUS EQUIPMENT AND SERVICE,Apparatus Equipment & Service,fire-equipment,high
APPLE COM,Apple,it,high
APPLE STORE,Apple,it,high
APPLEBEES,Applebee's,general,medium
APPLIANCE MAN,Appliance Man,facilities,high
APPLIANCE PARTS,Appliance Parts Company,facilities,high
APPLIANCE SERVICE BY PAUL,Appliance Service by Paul,facilities,high
APPLICANTPRO,ApplicantPro,software,high
APPLIED GEOTECHNICAL,Applied Geotechnical Engineering,construction,high
APPLIED GEOTECHNICAL ENGINEERING,Applied Geotechnical Engineering,construction,high
APPLIED GEOTECHNICAL ENGINEERING CONSULTANTS APPLIE,Applied Geotechnical Engineering,construction,high
ARAMARK REFRESHMENT SERVICES,Aramark,general,medium
ARBOR TECH,Arbor Tech,facilities,medium
ARBYS,Arby's,general,medium
ARCH WALKER ENTERPRISES,Arch Walker Enterprises,facilities,medium
ARCO,Arco,fleet,high
ARGYLE CHANTRY,Individuals (names withheld),individuals,high
ARISTA TEK,AristaTek,software,medium
ARISTATEK,AristaTek,software,high
ARIZONA MACHINERY,Stotz Equipment,fleet,medium
ARIZONA MACHINERY STOTZ EQUIPMENT,Stotz Equipment,fleet,high
ARLYN RAMSAY,Individuals (names withheld),individuals,medium
ARMAND ADVERTISING,Armand Advertising,professional,medium
ARMOR COIN,Armor Coin,general,low
ARMSTRONG SAM,Individuals (names withheld),individuals,high
ARROWHEAD WASTE SERVICES,Arrowhead Waste Services,utilities,high
ARTISTIC CUSTOM BADGES AND COINS,Artistic Custom Badges and Coins,uniforms,high
ARTISTIC GRAPHIX,Artistic Graphix,unclassified,low
ARTISTIC SIGN ACQUISITION,Artistic Sign Acquisition,professional,low
ARTISTIC SIGN DESIGN,Artistic Sign Design,facilities,low
ASAP SYSTEMS,ASAP Systems,software,low
ASBURY AUTOMOTIVE GROUP,Asbury Automotive Group,fleet,high
ASH SCOTT K,Individuals (names withheld),individuals,high
ASHLEY EVANS WINDER,Individuals (names withheld),individuals,medium
ASHLEY FURNITURE HOLDINGS SOUTHWESTERN FURNITURE OF,Ashley Furniture,facilities,high
ASHLEY VALLEY WATER AND SEWER,Ashley Valley Water & Sewer,utilities,high
ASHTON FARM CUSTOM MEATS,Ashton Farms Custom Meats,general,high
ASHTON FARMS CUSTOM MEATS,Ashton Farms Custom Meats,general,high
ASHTON MEATS CATERING,Ashton Farms Custom Meats,general,medium
ASMG,ASMG,training,low
ASSISTANT FIRE CHIEF KELLY FREEMAN,Individuals (names withheld),individuals,medium
AT AND T,AT&T,telecom,high
AT AND T FIRSTNET FIRE,AT&T,telecom,high
AT AND T MOBILITY,AT&T,telecom,high
AT AND T MOBILITY 6463,AT&T,telecom,high
ATLAS TOYOTA MATERIAL HANDLING,Atlas Toyota Material Handling,fleet,medium
ATT,AT&T,telecom,high
AUDIT ADJUSTMENTS,No vendor named,placeholder,high
AURORA CITY FIRE DEPARTMENT,Aurora City,government,high
AUSTIN LARSEN,Individuals (names withheld),individuals,high
AUSTIN MCILNAY,Individuals (names withheld),individuals,medium
AUTO SELECT ST GEORGE FORD KEN GARFF ST GEORGE FORD,Ken Garff,fleet,high
AUTO TECH,Auto Tech,fleet,medium
AUTO WORKS,Auto Works,fleet,medium
AUTOZONE,AutoZone,fleet,high
AVANT GARDE BUILDERS,Avant-Garde Builders,construction,high
AVENUE CONSULTANTS,Avenue Consultants,construction,medium
AVOBUS EQUIPMENT,Avobus Equipment,unclassified,low
AWOGS,AWOGS,ppe,medium
AWP SAFETY,AWP Safety,general,low
AXON ENTERPRISE,Axon,it,medium
B AND B LANDSCAPE AND SNOW REMOVAL,B&B Landscape and Snow Removal,facilities,high
B AND D RV CENTER,B&D RV Center,fleet,high
B AND H,B&H,unclassified,low
B AND L AUTOMOTIVE AND TIRE,B&L Automotive & Tire,fleet,high
B POTTS AND ASSOCIATES,B. Potts & Associates,ems-billing,high
BA SHIELDS,BA Shields,scba,medium
BABCOCK DESIGN,Babcock Design,construction,high
BACK COUNTRY LANDSCAPE MANAGEMENT,Back Country Landscape Management,wildland,low
BACKCOUNTRY COM,Backcountry.com,general,medium
BACKDRAFT,Emergency Reporting,rms,medium
BACKDRAFT OPCO,Emergency Reporting,rms,medium
BACKFLOW PREVENTION SUPPLY,Backflow Prevention Supply,facilities,high
BACKUS LOCK N KEY,Backus Lock-N-Key,facilities,high
BACKWOODS CONSTRUCTION,Backwoods Construction,construction,high
BAD APPLE,Bad Apple,it,medium
BADGE AND WALLET,Badge and Wallet,uniforms,high
BADGER SCREEN PRINTING,Badger Screen Printing,uniforms,high
BAIRD RANDY L,Individuals (names withheld),individuals,high
BAIRDS DIESEL REPAIR,Baird's Diesel Repair,fleet,high
BAKCOU,Bakcou,fleet,medium
BAKER DISTRIBUTING,Baker Distributing,facilities,high
BAKERS DIESEL INJ SERVICE,Baker's Diesel Injection Service,fleet,high
BALDAUF EXCAVATING,Baldauf Excavating,construction,high
BALDWIN FAMILY TRUST,Individuals (names withheld),individuals,high
BAMBOOHR,BambooHR,software,medium
BANC OF AMERICA PUBLIC CAPITAL,Banc of America Public Capital,finance,high
BANCORP,The Bancorp Bank,finance,high
BANCORP BANK,The Bancorp Bank,finance,high
BANK,Bank (unspecified),finance,low
BANK CARD PROCESSING FEES,Bank card processing fees,finance,medium
BANK OF UTAH,Bank of Utah,finance,high
BANK OF UTAH CARD SERVICES,Bank of Utah,finance,high
BANKCARD CENTER,Zions Bank,finance,medium
BANKCARD CENTER ZIONS,Zions Bank,finance,high
BANKCARD MERCH,Zions Bank,finance,low
BANKCORP BANK,The Bancorp Bank,finance,high
BANNER BANK,Banner Bank,finance,high
BAR T FENCE,Bar T Fence,facilities,high
BARCLAY WILLIAM WESLEY,Individuals (names withheld),individuals,high
BARRAGAN FULL SERVICE,Barragan Full Service,facilities,medium
BARRETT SAM,Individuals (names withheld),individuals,high
BARRETTS FOODTOWN,Barrett's Foodtown,general,high
BARRIER SYSTEMS,Barrier Systems,unclassified,low
BASIC AMERICAN SUPPLY,Basic American Supply,general,low
BASIN RENTALS,Basin Rentals,facilities,low
BASIN SPORTS,Basin Sports,general,high
BASIN UPFITTING,Basin Upfitting,fleet,medium
BATC,Bridgerland Technical College,training,medium
BATTERIES PLUS,Batteries Plus,general,high
BATTERY SYSTEMS,Battery Systems,fleet,medium
BCB HEATING AND AIR CONDITIONING,BCB Heating and Air Conditioning,facilities,high
BCFIRE AND SAFETY CONSULTING,BCFire and Safety Consulting,unclassified,low
BCS CLEANING SPECIALISTS,BCS Cleaning Specialists,facilities,high
BEACON REX WILLIAMS,Individuals (names withheld),individuals,medium
BEAR LAKE MOTOR,Bear Lake Motor Company,fleet,medium
BEAR LAKE PROPANE,Bear Lake Propane,utilities,high
BEAR LAKE VIEW PROPERTY MANAGEMENT,Bear Lake View Property Management,unclassified,low
BEAR RIVER ASSN OF GOVERNMENT,Bear River Association of Governments,government,high
BEAR RIVER COUNTRY MARKET,Bear River Country Market,fleet,medium
BEAR RIVER HEALTH DEPARTMENT,Bear River Health Department,government,high
BEAR RIVER VALLEY OP,Bear River Valley Co-op,fleet,medium
BEAUS AUTO,Beau's Auto Parts,fleet,medium
BEAUS AUTO PARTS,Beau's Auto Parts,fleet,high
BEAUS AUTO PRICE,Beau's Auto Parts,fleet,medium
BEAVER AMBULANCE,Beaver Ambulance,government,low
BEAVER CITY,Beaver City,government,high
BEAVER COUNTY CLERK,Beaver County,government,high
BEAVER COUNTY JOURNAL,Beaver County Journal,professional,high
BEAVER LAWNSCAPE,Beaver Lawnscape,facilities,high
BEAZER LOCK AND KEY,Beazer Lock & Key,facilities,high
BECK AUTO SERVICE,Beck Auto Service,fleet,high
BECKER SAFETY AND SUPPLY,Becker Safety and Supply,fire-equipment,medium
BECKS HOME FURNISHINGS,Beck's Home Furnishings,facilities,high
BEDKE,Individuals (names withheld),individuals,high
BEEHIVE BROADBAND,Beehive Broadband,telecom,high
BEEHIVE COMMERCIAL REPAIRS,Beehive Commercial Repairs,facilities,medium
BEEHIVE PLUMBING,Beehive Plumbing,facilities,high
BEEHIVE TELEPHONE,Beehive Telephone,telecom,high
BEELINE PEST CONTROL,Beeline Pest Control,facilities,high
BEHR MOUNTAIN ELECTRIC,Behr Mountain Electric,facilities,high
BEISTLE,Beistle,general,medium
BELL JANITORIAL SUPPLY,Bell Janitorial Supply,facilities,high
BELL OIL,Bell Oil,fleet,medium
BELL PRINTING AND DESIGN,Bell Printing & Design,professional,high
BELLAS,Bella's,unclassified,low
BELLS GAS AND GROCERY,Bells Gas and Grocery,fleet,medium
BEN NIELSON,Individuals (names withheld),individuals,high
BENCHMARK INSURANCE,Benchmark Insurance,insurance,high
BENDERSKY CORINNE,Individuals (names withheld),individuals,high
BENJAMIN P RYAN,Individuals (names withheld),individuals,medium
BENNETTS GLASS AND FLOORING,Bennett's Glass & Flooring,facilities,high
BENSONS TROPHIES AND PLAQUES,Benson's Trophies & Plaques,general,medium
BERGMAN,Bergman,unclassified,low
BERTRAM AND ASSOCIATES,Bertram and Associates,unclassified,low
BERTS WATERWORKS,Bert's Waterworks,facilities,medium
BESST FIRE AND SAFETY,BESST Fire & Safety,facilities,medium
BEST BUY,Best Buy,it,high
BEST DEAL SPRING,Best Deal Spring,fleet,high
BEST DEAL SPRINGS,Best Deal Spring,fleet,high
BEST MIKE,Individuals (names withheld),individuals,high
BEST TALYA,Individuals (names withheld),individuals,high
BEST WESTERN,Best Western,training,high
BEST WESTERN PLUS,Best Western,training,high
BESTSHRED,BestShred,professional,medium
BETHANY PEREA,Individuals (names withheld),individuals,high
BETOS MEXICAN FOOD,Beto's Mexican Food,general,medium
BETZ INVESTMENTS,Betz Investments,professional,low
BEWISE MEDICAL WASTE MANAGEMENT,BeWise Medical Waste Management,utilities,medium
BG BUGS,BG Bugs,facilities,medium
BH,BHI,construction,medium
BHI,BHI,construction,low
BHONEX,Bhonex,unclassified,low
BIASI AUTOMOTIVE AND DIESEL,Biasi Automotive & Diesel,fleet,high
BIG 5,Big 5 Sporting Goods,general,high
BIG 5 SPORTING GOODS,Big 5 Sporting Goods,general,high
BIG BRAND TIRE AND SERVICE,Big Brand Tire & Service,fleet,high
BIG BUBBAS TRAILER SALES,Big Bubba's Trailer Sales,fleet,high
BIG D CONSTRUCTION,Big-D Construction,construction,high
BIG D SIGNATURE,Big-D Signature,construction,high
BIG HANDS BROWN CONSTRUCTION AND GARAGE DOORS,Big Hands Brown Construction & Garage Doors,construction,high
BIG JIMS TREE SERVICE,Big Jim's Tree Service,facilities,high
BIG O TIRE,Big O Tires,fleet,high
BIG O TIRE 44056,Big O Tires,fleet,high
BIG O TIRES,Big O Tires,fleet,high
BIG O TIRES PERFORMANCE TIRE OF TOOELE,Big O Tires,fleet,high
BIG T PROPANE,Big T Propane,utilities,high
BIG TOMS PEST CONTROL,Big Tom's Pest Control,facilities,high
BIG WATER MUNICIPAL,Big Water Town,government,high
BIGHORN ARCHAEOLOGICAL CONSULTANTS,Bighorn Archaeological Consultants,professional,high
BILLEE JONES,Individuals (names withheld),individuals,medium
BILLINGS,No vendor named,placeholder,medium
BINDER LIFT,Binder Lift,ems-equipment,medium
BINTZ RESTAURANT SUPPLY,Bintz Restaurant Supply,facilities,medium
BIPS AUTO PARTS,Bips Auto Parts,fleet,high
BIRDIES POWER EQUIPMENT,Birdie's Power Equipment,facilities,low
BIRRELL BOTTLING,Birrell Bottling,general,medium
BISCO,Bonneville Industrial Supply,general,medium
BJ AUSTIN,Individuals (names withheld),individuals,high
BJ PLUMBING SUPPLY,BJ Plumbing Supply,facilities,high
BK ACH PAYMENT TO UFA AUG 2021,Unified Fire Authority,government,high
BK ACH PAYMENT TO UFA INVOICE 6425 MAY 2021,Unified Fire Authority,government,high
BK ACH PAYMENT TO UFA NOV 2021,Unified Fire Authority,government,high
BK ACH PAYMENT TO UFA NOV 2022,Unified Fire Authority,government,high
BK ACH PAYMENT TO UFA OCT 2021,Unified Fire Authority,government,high
BK ACH PAYMENT TO UFA OCT 2022,Unified Fire Authority,government,high
BK ACH PAYMENT TO UFA SEPT 2021,Unified Fire Authority,government,high
BK ACH PAYMETN TO UFA JULY 2021,Unified Fire Authority,government,high
BK ACH PAYMETN TO UFA SEPT 2022,Unified Fire Authority,government,high
BK PMT TO UFA DEC 2021,Unified Fire Authority,government,high
BK PMT TO UFA DEC 2022,Unified Fire Authority,government,high
BK RADIO STORE,BK Radio Store,radios,high
BK TECHNOLOGIES,BK Technologies,radios,high
BK UFA INV 7082 FEBRUARY 2022,Unified Fire Authority,government,high
BK UNIFIED FIRE SERVICE AREA INV 154,Unified Fire Service Area,government,high
BK UNIFIED FIRE SERVICE AREA INVOICE 125,Unified Fire Service Area,government,high
BK UNIFIED FIRE SERVICE AREA INVOICE 137,Unified Fire Service Area,government,high
BKD ELECTRIC,BKD Electric,facilities,high
BKS STOP N SHOP,BK's Stop-n-Shop,general,low
BLACK AND MCDONALD,Black & McDonald,facilities,medium
BLACK DESERT OIL SUPPLY,Black Desert Oil Supply,fleet,high
BLACK DIAMOND WELDING,Black Diamond Welding,unclassified,low
BLACK LOTUS SIGNS,Black Lotus Signs,professional,medium
BLACK OPS CONCRETE CONSTRUCTION,Black Ops Concrete Construction,construction,high
BLACK SUNSHINE REPAIR,Black Sunshine Repair,unclassified,low
BLACKBURN JONES,Blackburn Jones,unclassified,low
BLACKBURN PROPANE,Blackburn Propane,utilities,high
BLACKBURNS PROPANE,Blackburn Propane,utilities,high
BLACKLINE SAFETY,Blackline Safety,fire-equipment,medium
BLACKRIDGE FLEET,Blackridge,fleet,medium
BLACKRIDGE VLS VEHICLE LIGHTING SOLUTIONS,Blackridge,fleet,medium
BLACKWATER FIRE,Blackwater Fire,unclassified,low
BLAKE HEATING AND AIR,Blake Heating & Air,facilities,high
BLALOCK AND PARTNERS,Blalock & Partners,construction,high
BLALOCK AND PARTNERS ARCHITECTURAL,Blalock & Partners,construction,high
BLANDING CITY,Blanding City,government,high
BLAZE MASTER FIRE PROTECTION,Blaze Master Fire Protection,facilities,low
BLAZZARD LUMBER,Blazzard Lumber,facilities,high
BLIND SPOT,Blind Spot,facilities,low
BLINDMAN,The Blindman,facilities,high
BLINDMASTERS,Blindmasters,facilities,high
BLOMQUIST HALE CONSULTING,Blomquist Hale Consulting Group,medical-exams,high
BLOMQUIST HALE CONSULTING GROUP,Blomquist Hale Consulting Group,medical-exams,high
BLOMQUIST HALE EMPLOYEE ASSISTANCE,Blomquist Hale Consulting Group,medical-exams,high
BLOWHARD,The Blowhard Company,fire-equipment,low
BLUE CELL,The Blue Cell,unclassified,low
BLUE CREEK COMMUNICATIONS,Blue Creek Communications,radios,medium
BLUE HAVEN ENERGY,Blue Haven Energy,construction,low
BLUE LINE INNOVATIONS,Blue Line Innovations,unclassified,low
BLUE MOUNTAIN FOODS,Blue Mountain Foods,general,high
BLUE PINE LAWN AND PEST,Blue Pine Lawn & Pest,facilities,high
BLUEBEAM,Bluebeam,software,high
BLUELINE SERVICES,Blueline Services,unclassified,low
BLUFFDALE CITY,Bluffdale City,government,high
BMC FABRICATION AND ERECTION,BMC Fabrication & Erection,unclassified,low
BMC WEST,BMC West,facilities,high
BME FIRE TRUCKS,BME Fire Trucks,apparatus,high
BOARDABLE,Boardable,software,high
BOBS LOCK SAFE AND KEY,"Bob's Lock, Safe and Key",facilities,high
BODEC,Bodec Electric,construction,high
BOLT AND NUT SUPPLY,Bolt & Nut Supply,general,medium
BOLT CENTER,Bolt Center,general,medium
BOMAN AND KEMP,Boman & Kemp,facilities,medium
BOMAN KEMP,Boman & Kemp,facilities,medium
BOMGAARS,Bomgaars,general,high
BONA VISTA WATER,Bona Vista Water Improvement District,utilities,high
BONA VISTA WATER IMPROVEMENT,Bona Vista Water Improvement District,utilities,high
BONNEVILLE ASPHALT AND REPAIR,Bonneville Asphalt & Repair,construction,high
BONNEVILLE CHAPTER ICC,Bonneville Chapter ICC,training,high
BONNEVILLE COLLECTIONS,Bonneville Collections,ems-billing,medium
BONNEVILLE EQUIPMENT,Bonneville Equipment,fleet,medium
BONNEVILLE INDUSTRIAL SUPPLY,Bonneville Industrial Supply,general,medium
BOOKCLIFF GARAGE DOORS,Bookcliff Garage Doors,facilities,high
BOOKCLIFF SALES,Bookcliff Sales,general,medium
BOOT BARN,Boot Barn,uniforms,medium
BORDER STATES INDUSTRIES,Border States,facilities,high
BOSS CUSTOM PRODUCTS,Boss Custom Products,unclassified,low
BOU CREDIT CARD UTAHEMA ORG MEMBERSHIP B BARTON,Individuals (names withheld),individuals,high
BOUD ERIC AND COURTNEY,Individuals (names withheld),individuals,high
BOULDER CREST FOUNDATION,Boulder Crest Foundation,medical-exams,medium
BOULDER INNOVATIONS,Boulder Innovations,uniforms,low
BOULDER TOWN,Boulder Town,government,high
BOULEVARD HOME,Boulevard Home Furnishings,facilities,medium
BOUND TREE,Bound Tree Medical,ems-supplies,high
BOUND TREE MEDICAL,Bound Tree Medical,ems-supplies,high
BOUNDTREE MEDICAL,Bound Tree Medical,ems-supplies,high
BOUNDTREE MEDICAL SUPPLIES,Bound Tree Medical,ems-supplies,high
BOUNTIFUL CITY,Bountiful City,government,high
BOUNTIFUL POLICE,Bountiful Police Department,dispatch,high
BOUNTIFUL POLICE DEPARTMENT,Bountiful Police Department,dispatch,medium
BOUNTIFUL REST MATTRESS,Bountiful Rest Mattress,facilities,high
BOWLER AG,Bowler Ag,fleet,low
BOWMANS SUPERSTORE,Bowman's,general,high
BOX ELDER COUNTY,Box Elder County,government,high
BOYCE EQUIPMENT,Boyce Equipment,fleet,medium
BOYCE EQUIPMENT AND PARTS,Boyce Equipment,fleet,high
BOYER,Individuals (names withheld),individuals,high
BOYLE APPLIANCE,Boyle Appliance,facilities,high
BOYLE APPLIANCE AND MATTRESS CENTER,Boyle Appliance,facilities,high
BRACKENS,Bracken's Valley Tire Repair,fleet,medium
BRACKENS VALLEY TIRE REPAIR,Bracken's Valley Tire Repair,fleet,high
BRADFORD TRI COUNTY MARKETING,Bradford Tri County Marketing,unclassified,low
BRADSHAW CHEVROLET,Bradshaw Chevrolet,fleet,high
BRADSHAW JEANNIE,Individuals (names withheld),individuals,high
BRADY INDUSTRIES,Brady Industries,facilities,high
BRADY INDUSTRIES OF UTAH,Brady Industries,facilities,high
BRADYPLUS,Brady Industries,facilities,medium
BRAMON BAKER AMANDA PROSPECTOR,Individuals (names withheld),individuals,high
BRAND CUSTOM APPAREL,Brand-Co Custom Apparel,uniforms,high
BRANDEN NETZLEY,Individuals (names withheld),individuals,high
BRANDON GRAY,Individuals (names withheld),individuals,high
BRANDON HOLT,Individuals (names withheld),individuals,high
BRANDON J MCGUFFEE,Individuals (names withheld),individuals,medium
BRANDON MCGUFFEE,Individuals (names withheld),individuals,high
BRANON AXOM LAMPHERE,Individuals (names withheld),individuals,high
BRANT LUCAS,Individuals (names withheld),individuals,medium
BRAUN NORTHWEST,Braun Northwest,ambulance,high
BRAUN NW,Braun Northwest,ambulance,high
BRENDEN MOODY,Individuals (names withheld),individuals,high
BRETT WOODS CONSTRUCTION,Brett Woods Construction,construction,high
BRETTS TOWING,Brett's Towing,fleet,high
BRI AN STARR,Individuals (names withheld),individuals,high
BRIAN AUTO PARTS AND SERVICE,Brian Auto Parts & Service,fleet,high
BRIAN BRENDEL,Individuals (names withheld),individuals,high
BRIAN FARM SERVICE CENTER,Brian Farm Service Center,general,low
BRIAN GWILLIAM,Individuals (names withheld),individuals,high
BRIAN HEAD TOWN,Brian Head Town,government,high
BRIAN HEDGESPETH,Individuals (names withheld),individuals,medium
BRIAN POTTS,Individuals (names withheld),individuals,high
BRIAN VINCENT,Individuals (names withheld),individuals,high
BRIANS AUTO SUPPLY,Brian's Auto Supply,fleet,high
BRIANS CANVAS PRODUCTS,Brian's Canvas Products,general,low
BRIDGER VALLEY ELECTRIC,Bridger Valley Electric Association,utilities,medium
BRIDGERLAND TECHNICAL COLLEGE,Bridgerland Technical College,training,high
BRIELLE LARSEN,Individuals (names withheld),individuals,high
BRIGHAM CITY,Brigham City,government,high
BRIGHAM CITY ACE HARDWARE,Ace Hardware,facilities,high
BRINDLEE MOUNTAIN FIRE APPARATUS,Brindlee Mountain Fire Apparatus,apparatus,high
BRINDLEYS MOBILE WELDING,Brindley's Mobile Welding,construction,low
BRINGHURST LEAVITT INSURANCE AGENCY,Bringhurst-Leavitt Insurance Agency,insurance,high
BRIX COMMERCIAL CONSTRUCTION,Brix Commercial Construction,construction,high
BROADVOICE,Broadvoice,telecom,high
BRODY CHEMICAL,Brody Chemical,facilities,high
BRONSON ANDERSON,Individuals (names withheld),individuals,high
BRONSON SMITH,Individuals (names withheld),individuals,high
BRONTO SKYLIFT,Bronto Skylift,apparatus,high
BROS TIRE AND AUTOMOTIVE,Bro's Tire & Automotive,fleet,high
BRUCE FARNSWORTH CONSTRUCTION,Bruce Farnsworth Construction,construction,high
BRUESTLE BYRNE RENOVATIONS,Bruestle Byrne Renovations,construction,medium
BRUESTLE CONSTRUCTION,Bruestle Construction,construction,high
BRYCE CANYON AUTO CARE,Bryce Canyon Auto Care,fleet,high
BRYCE CANYON CITY,Bryce Canyon City,government,high
BRYCE CANYON SINCLAIR,Bryce Canyon Sinclair,fleet,medium
BRYCE ROTHLISBERGER,Individuals (names withheld),individuals,medium
BRYCES AUTO AND TRUCK,Bryce's Auto & Truck,fleet,high
BRYSON WILKES,Individuals (names withheld),individuals,high
BSN SPORTS,BSN Sports,general,medium
BT PEARSON TIRE,BT Pearson Tire,fleet,high
BUCHANAN ACCESS SYSTEMS,Buchanan Access Systems,facilities,high
BUCKS ACE HARDWARE,Buck's Ace Hardware,facilities,high
BUCKS ACE SANTA CLARA,Buck's Ace Hardware,facilities,high
BUCKSTOP TRUCKWARE,Buckstop Truckware,fleet,medium
BUDDCO,Buddco Distributing,fleet,medium
BUDDCO DISTRIBUTING,Buddco Distributing,fleet,medium
BUDGET,Budget Rent A Car,training,low
BUDGET BODY AND PAINT,Budget Body & Paint,fleet,high
BUILDING SOLUTIONS,Building Solutions,construction,low
BUILDING SYSTEMS,CO Building Systems,construction,high
BUILDING SYSTEMS AND MANUFACTURING,CO Building Systems,construction,high
BUILDING SYSTMES,CO Building Systems,construction,high
BULL RING,Bull Ring,ppe,low
BULLDOG INSULATION,Bulldog Insulation,construction,medium
BULLOCKS TOWING,Bullock's Towing,fleet,high
BULLS EYE PEST CONTROL,Bulls-Eye Pest Control,facilities,high
BURDICK MATERIALS,Burdick Materials,construction,high
BUREAU OF EMERGENCY MEDICAL SERVICE,Utah Bureau of Emergency Medical Services,government,high
BUREAU OF EMERGENCY MEDICAL SERVICES,Utah Bureau of Emergency Medical Services,government,high
BUREAU OF EMS,Utah Bureau of Emergency Medical Services,government,high
BUREAU OF LAND MANAGEMENT,Bureau of Land Management,government,high
BURGER KING,Burger King,general,high
BURLY BURGER,Burly Burger,general,high
BURNER FIRE CONTROL,Burner Fire Control,fire-equipment,medium
BURNINGHAM ORIA,Individuals (names withheld),individuals,high
BURNINGHAM TOR,Individuals (names withheld),individuals,high
BURROWS SUPPLY,Burrows Supply,unclassified,low
BURT BROS TIRE AND SERVICE,Burt Brothers Tire & Service,fleet,high
BURT BROTHERS,Burt Brothers Tire & Service,fleet,high
BURT BROTHERS CORPORATE,Burt Brothers Tire & Service,fleet,high
BURT BROTHERS TIRES AND SERVICE,Burt Brothers Tire & Service,fleet,high
BURTON LUMBER,Burton Lumber,facilities,high
BUSHNELL,Bushnell,unclassified,low
BUSINESS RADIO LICENSING,Business Radio Licensing,radios,high
BUSINESS SOLUTIONS GROUP,Business Solutions Group,unclassified,low
BUSK,Busk,construction,low
BUTLER EXCAVATION,Butler Excavation,construction,medium
BUTTERFLY NETWORK,Butterfly Network,ems-equipment,high
BUZZ ELECTRIC,Buzz Electric,construction,medium
BUZZ GRAPHICS,Buzz Graphics,professional,medium
BYBEE CONSTRUCTION,Bybee Construction,construction,high
BYTHEWAY BRAD A,Individuals (names withheld),individuals,high
C AND J LASER ENGRAVING,C&J Laser Engraving,general,medium
C AND J WELDING AND REPAIR,C&J Welding & Repair,fleet,medium
C AND R AUTO SALES,C&R Auto Sales,fleet,high
C STOYG,Individuals (names withheld),individuals,medium
C001440266 JAMES M ANZALONE,Individuals (names withheld),individuals,medium
CABELAS,Cabela's,general,high
CABINETS EXPRESS,Cabinets Express,facilities,high
CACHE CAR WASH,Cache Car Wash,fleet,high
CACHE COUNTY,Cache County,government,high
CACHE DESIGN,Cache Design,unclassified,low
CACHE TITLE,Cache Title,finance,high
CACHE VALLEY BANK,Cache Valley Bank,finance,high
CACHE VALLEY ELECTRIC,Cache Valley Electric,construction,medium
CACHE VALLEY FIRE CHIEFS ASSOC,Cache Valley Fire Chiefs Association,training,high
CACHE VALLEY FIRE CHIEFS ASSOCIATION,Cache Valley Fire Chiefs Association,training,high
CACHE VALLEY FIRE PROTECTION,Cache Valley Fire Protection,facilities,medium
CADDY CREEK CONSTRUCTION,Caddy Creek Construction,construction,high
CAFE CENTRAL,Cafe Central,general,medium
CAFE RIO,Cafe Rio,general,high
CAFE SABOR,Cafe Sabor,general,high
CAFE ZUPAS,Cafe Zupas,general,high
CAL RANCH,C-A-L Ranch,general,high
CAL RANCH STORES,C-A-L Ranch,general,high
CALIBER COLLISION,Caliber Collision,fleet,high
CALVIN L WADSWORTH CONSTRUCTION,Calvin L. Wadsworth Construction,construction,high
CAM,Community Association Management,professional,medium
CAM COMMUNITY ASSOCIATION MANAGEMENT,Community Association Management,professional,medium
CAMPING WORLD,Camping World,fleet,medium
CAMPOS CUTTERS,Campos Cutters,wildland,low
CANAL 7464 STATE OF UTAH,State of Utah,government,medium
CANNONVILLE TOWN,Cannonville Town,government,high
CANON FINANCIAL SERVICES,Canon,it,medium
CANON SOLUTIONS AMERICA,Canon,it,high
CANVA,Canva,software,high
CANYON CREEK HARDWARE,Canyon Creek Hardware,facilities,high
CANYON OVERHEAD DOORS,Canyon Overhead Doors,facilities,high
CANYON PIZZA,Canyon Pizza,general,high
CANYONLANDS AUTO AND MINING,Canyonlands Auto & Mining,fleet,medium
CAPITAL ONE,Capital One,finance,high
CAPITAL ONE BANK,Capital One,finance,high
CAPITAL ONE FSB,Capital One,finance,high
CAPITAL RESERVE,No vendor named,placeholder,medium
CAPITOL ONE,Capital One,finance,high
CAPSTONE STRATEGIES,Capstone Strategies,professional,high
CAR QUEST,Carquest Auto Parts,fleet,high
CARAHSOFT TECHNOLOGY,Carahsoft,software,high
CARBON COUNTY CLERK,Carbon County,government,high
CARD SERVICES,Credit card charges,finance,medium
CARD SIGN,Card Signs,professional,medium
CARD SIGNS,Card Signs,professional,medium
CARDIO PARTNERS,Cardio Partners,ems-equipment,high
CARDMEMBER SERVICE,Cardmember Service,finance,high
CARDWELL DISTRIBUTING,Cardwell Distributing,fleet,medium
CAREER CERT,CareerCert,training,low
CAREER STEP,Career Step,training,medium
CAREERCERT,CareerCert,training,low
CARHART,Carhartt,uniforms,medium
CARHARTT,Carhartt,uniforms,high
CARLS JR,Carl's Jr.,general,high
CARNEY RYAN,Individuals (names withheld),individuals,high
CARPENTER PAPER,Carpenter Paper,facilities,medium
CARPETS OF AMERICA,Carpets of America,facilities,high
CARQUEST,Carquest Auto Parts,fleet,high
CARQUEST AUTO PARTS,Carquest Auto Parts,fleet,high
CARQUEST AUTO PARTS NEPHI,Carquest Auto Parts,fleet,high
CARSON ELEVATOR,Carson Elevator,facilities,high
CARTER CLAY,Individuals (names withheld),individuals,high
CARTER LLOYD,Individuals (names withheld),individuals,medium
CARTERS MARKET,Carter's Market,general,high
CASCADE FIRE EQUIPMENT,Cascade Fire Equipment,fire-equipment,high
CASCADE RESCUE,Cascade Rescue Company,fire-equipment,high
CASE CONSTRUCTION AND ROOFING,Case Construction and Roofing,construction,high
CASELLE,Caselle,software,high
CASELLE CLARITY SOFTWARE AND SERVICES,Caselle,software,high
CASEY GENERAL,Casey General,unclassified,low
CASEY LEISHMAN,Individuals (names withheld),individuals,high
CASEY NAEF,Individuals (names withheld),individuals,medium
CASEY OLSEN,Individuals (names withheld),individuals,high
CASH,No vendor named,placeholder,high
CASTLE COUNTRY HYDRAULIC,Castle Country Hydraulic & Supply,fleet,medium
CASTLE COUNTRY HYDRAULIC AND SUPPLY,Castle Country Hydraulic & Supply,fleet,medium
CASTLE DALE CITY,Castle Dale City,government,high
CASTLE VALLEY SUPPLY,Castle Valley Supply,general,low
CATE INDUSTRIAL SOLUTIONS,Cate Industrial Solutions,unclassified,low
CATERING BY BRYCE,Catering by Bryce,general,high
CATHER DANIEL,Individuals (names withheld),individuals,high
CATHER DANIEL P,Individuals (names withheld),individuals,high
CATHERINE A BONDE,Individuals (names withheld),individuals,medium
CAZIER,Individuals (names withheld),individuals,high
CAZIER CONCRETE JOSHUA DANIEL CAZIER,Cazier Concrete,construction,medium
CBE FIRE SPECIAL SERVICE DISTRICT,Central Box Elder Fire Special Service District,government,high
CBI,Central Box Elder Fire Special Service District,government,medium
CBIZ,CBIZ,professional,medium
CC AUTO PARTS,CC Auto Parts,fleet,high
CC CHARGES,Credit card charges,finance,medium
CCG HOLDINGS,CCG Holdings,facilities,medium
CCI SERVICE,CCI Mechanical,facilities,medium
CDC,CDC,unclassified,low
CDW,CDW Government,it,high
CDW GOVERNMENT,CDW Government,it,high
CED,Consolidated Electrical Distributors,facilities,medium
CEDAR CITY,Cedar City,government,high
CEDAR CITY MOTOR,Cedar City Motor Company,fleet,high
CEDE AND,Cede & Co.,finance,high
CELLCO PARTNERSHIP,Verizon,telecom,high
CENTER FOR EDUCATION AND EMPLOYMENT LAW,Center for Education & Employment Law,training,medium
CENTER FOR PUBLIC SAFETY MANAGEMENT LCC,Center for Public Safety Management,professional,high
CENTERPOINT,Centerpoint Leadership Services,training,medium
CENTERPOINT LEADERSHIP SVCS,Centerpoint Leadership Services,training,medium
CENTERVILLE CITY,Centerville City,government,high
CENTERVILLE DEUEL CREEK IRRIGATION,Centerville Deuel Creek Irrigation Co.,utilities,high
CENTRA COM,CentraCom,telecom,high
CENTRACOM,CentraCom,telecom,high
CENTRACOM INTERACTIVE,CentraCom,telecom,high
CENTRAL BE SPECIAL SERVICE FIRE DIST,Central Box Elder Fire Special Service District,government,high
CENTRAL BOX ELDER FIRE SPECIAL SERVICE D,Central Box Elder Fire Special Service District,government,high
CENTRAL BOX ELDER SPECIAL SERVICE FIRE DI,Central Box Elder Fire Special Service District,government,high
CENTRAL ELECTRIC,Central Electric Supply,facilities,medium
CENTRAL ELECTRIC SUPPLY,Central Electric Supply,facilities,medium
CENTRAL MAINE DIESEL,Central Maine Diesel,facilities,low
CENTRAL UTAH 911,Central Utah 911,dispatch,high
CENTRAL UTAH FIRE SAFETY,Central Utah Fire Safety,facilities,low
CENTRAL UTAH PUBLIC HEALTH,Central Utah Public Health Department,government,high
CENTRALIZED RECEIVABLES SERVICE,U.S. Treasury Centralized Receivables Service,government,medium
CENTURION TECHNOLOGIES,Centurion Technologies,unclassified,low
CENTURY EQUIPMENT,Century Equipment,fleet,medium
CENTURY LINK,Lumen Technologies,telecom,high
CENTURYLINK,Lumen Technologies,telecom,high
CENTURYLINK BUSINESS SERVICES,Lumen Technologies,telecom,high
CERIFICATE FOR JT CODY BRAIN,Individuals (names withheld),individuals,medium
CERTAPRO PAINTERS,CertaPro Painters,facilities,high
CERTIFIED FIRE AND SECURITY,Certified Fire & Security,facilities,medium
CERTIFIED HANDLING SYSTEMS,Certified Handling Systems,unclassified,low
CERTIFIED LABORATORIES,Certified Laboratories,fleet,low
CERTIFIED SALES AND SERVICE,Certified Sales & Service,facilities,medium
CERTIFIED SHRED,Certified Shred,professional,medium
CET FIRE PUMPS MFG,CET Fire Pumps,fire-equipment,medium
CHAD WILLIS,Individuals (names withheld),individuals,high
CHALYCE BUTTERFIELD W,Individuals (names withheld),individuals,high
CHAMBERLAIN ASSOCIATES,Chamberlain Associates,unclassified,low
CHANDLER WARD,Individuals (names withheld),individuals,medium
CHANLER WADE,Individuals (names withheld),individuals,medium
CHAOS COVE CREATIONS,Chaos Cove Creations,unclassified,low
CHAOS STACY YOUNGER,Individuals (names withheld),individuals,medium
CHAOSINK,Chaos Ink,uniforms,low
CHAPMAN AND CULTER,Chapman and Cutler,professional,high
CHARLES G DAVIS,Individuals (names withheld),individuals,medium
CHARLES SCHWAB,Charles Schwab,payroll,low
CHARLIE DS HEAVY EQUIPMENT REPAIR,Charlie D's Heavy Equipment Repair,fleet,high
CHARLIE DS HEAVY EQUIPMENT RPR,Charlie D's Heavy Equipment Repair,fleet,high
CHARLIES SERVICE CENTER,Charlie's Service Center,fleet,medium
CHARRON HEATING AND AIR CONDITIONING,Charron Heating & Air Conditioning,facilities,high
CHECK 105 UFA INVOICE 145,Unified Fire Authority,government,medium
CHECK 5607,No vendor named,placeholder,high
CHECK 6130 RESCUE TOOLS FOR ENGINE 131,No vendor named,placeholder,medium
CHEHALEM MOUNAIN GARAGE DOORS,Chehalem Mountain Garage Doors,facilities,high
CHERRYROAD MEDIA,CherryRoad Media,professional,high
CHERYL BULLOCK CLEANING,Cheryl Bullock Cleaning,facilities,high
CHEVRON,Chevron,fleet,high
CHICK FIL A,Chick-fil-A,general,high
CHIEF BRIAN BRENDEL,Individuals (names withheld),individuals,high
CHILD RICHARDS CPA,Child Richards CPAs & Advisors,professional,high
CHILD RICHARDS CPAS AND ADVISORS,Child Richards CPAs & Advisors,professional,high
CHILD SUPPORT SERVICES,Child Support Services,payroll,high
CHILDS JUSTIN,Individuals (names withheld),individuals,high
CHILIS,Chili's,general,high
CHIPOTLE,Chipotle,general,high
CHOICE HARDWARE,Choice Hardware,facilities,high
CHRIS EVANS,Individuals (names withheld),individuals,high
CHRIS WHETTON SOLD MBR ELITE TECHNICAL RESCUE TRAINING L,Elite Technical Rescue Training,training,medium
CHRIS WILLDEN,Individuals (names withheld),individuals,high
CHRISTENSEN AND GRIFFITH,Christensen & Griffith Construction,construction,medium
CHRISTENSEN AND JENSEN,Christensen & Jensen,professional,high
CHRISTENSEN BRYAN JOSEPH,Individuals (names withheld),individuals,high
CHRISTENSEN JESSE,Individuals (names withheld),individuals,high
CHRISTENSEN OIL,Christensen Oil,fleet,high
CHRISTENSEN PALMER AND AMBROSE,"Christensen, Palmer & Ambrose",professional,high
CHRISTENSEN PALMER AND AMBROSE CPAS,"Christensen, Palmer & Ambrose",professional,high
CHRISTENSEN REX,Individuals (names withheld),individuals,high
CHRISTENSEN RYAN,Individuals (names withheld),individuals,high
CHRISTIAN,Individuals (names withheld),individuals,medium
CHRISTIAN JEPPSEN,Individuals (names withheld),individuals,high
CHRISTINE ANDEREGG,Individuals (names withheld),individuals,medium
CHRISTOPHER CARROL,Individuals (names withheld),individuals,high
CHRISTOPHER L WHETTON,Individuals (names withheld),individuals,high
CHRISTOPHER MONROE,Individuals (names withheld),individuals,high
CHRISTOPHER NAUM,Individuals (names withheld),individuals,medium
CINTAS,Cintas,uniforms,medium
CINTAS FIRST AID AND SAFETY,Cintas,uniforms,medium
CINTAS NO 2,Cintas,uniforms,medium
CIRCLE B IRRIGATION,Circle B Irrigation,facilities,high
CIRCLE K,Circle K,fleet,high
CIRCLE V MEAT,Circle V Meat,general,high
CIS,CIS Office Furniture,facilities,low
CIS OFFICE FURNITURE,CIS Office Furniture,facilities,high
CITI CARDS,Citi,finance,high
CITIZEN ARMOR,Citizen Armor,construction,low
CITIZENPRIME,CitizenPrime,unclassified,low
CITY CREEK CONSTRUCTION AND DEVELOPMENT,City Creek Construction & Development,construction,high
CITY OF ENTERPRISE,Enterprise City,government,high
CITY OF GENOLA,Genola Town,government,high
CITY OF GREEN RIVER,City of Green River,government,high
CITY OF HURRICANE,Hurricane City,government,high
CITY OF LOGAN,Logan City,government,high
CITY OF LOGAN ACCOUNTING DEPARTMENT,Logan City,government,high
CITY OF LOGAN DEPARTMENT OF UTILITIES,Logan City,government,medium
CITY OF MOAB,City of Moab,government,high
CITY OF OREM,City of Orem,government,high
CITY OF SANTA CLARA UTILITIES,Santa Clara City Utilities,utilities,medium
CITY OF SARATOGA SPRINGS,Saratoga Springs,government,high
CITY OF SOUTH JORDAN,City of South Jordan,government,high
CITY OF SOUTH SALT LAKE,City of South Salt Lake,government,high
CITY OF ST GEORGE,City of St. George,government,high
CITY OF ST GEORGE MISC,City of St. George,government,high
CITY OF ST ROBERT,City of St. Robert,government,medium
CITY OF WEST JORDAN,West Jordan City,government,high
CITY SANITATION,City Sanitation,utilities,high
CIVIC PLUS,CivicPlus,software,high
CIVICPLUS,CivicPlus,software,high
CIVIL SCIENCE INFRASTRUCTURE,Civil Science Infrastructure,construction,high
CJS DO IT CENTER,CJ's Do It Center,facilities,high
CLA,CliftonLarsonAllen,professional,medium
CLAIMS MEDICAL,Health plan claims,payroll,medium
CLAIMS RX,Health plan claims,payroll,medium
CLARION EVENTS,Clarion Events,training,high
CLARK BRITT G,Individuals (names withheld),individuals,high
CLARK CHRISTOPHER,Individuals (names withheld),individuals,high
CLARK MAUGHAN,Individuals (names withheld),individuals,medium
CLARK STEPHEN,Individuals (names withheld),individuals,high
CLARK WHOLESALE,Clark Wholesale,unclassified,low
CLARK WILLEY,Individuals (names withheld),individuals,high
CLARKS COUNTRY MARKET,Clark's Country Market,general,medium
CLARKS HOME FIRE SAFETY,Clark's Home Fire Safety,facilities,medium
CLARKS HOME FIRE SAFETY AND SECURITY,Clark's Home Fire Safety,facilities,medium
CLARKSTON CITY,Clarkston Town,government,high
CLB VENTUREZ,CLB Venturez,unclassified,low
CLEAN CUT TREES,Clean Cut Trees,facilities,medium
CLEAN SPOT,The Clean Spot,facilities,high
CLEAR,ClearCompany,software,medium
CLEAR BILLING SOLUTIONS,Clear Billing Solutions,fleet,low
CLEAR DIRECTION COUNSELING,Clear Direction Counseling,medical-exams,high
CLEARFIELD CITY,Clearfield City,government,high
CLEARGOV,ClearGov,software,high
CLEARVISTA,ClearVista,it,medium
CLEARWATER LAWN AND LANDSCAPE,Clearwater Lawn and Landscape,facilities,high
CLEARWAY ENERGY GROUP,Clearway Energy Group,unclassified,medium
CLEVELAND TOWN,Cleveland Town,government,high
CLIA LABORATORY PROGRAM,CLIA Laboratory Program,government,high
CLIFFORD LEE ROCKWOOD,Individuals (names withheld),individuals,high
CLIMBAXE TREE SERVICES,ClimbAxe Tree Services,wildland,medium
CLINT BRADSHAW,Individuals (names withheld),individuals,high
CLINT SHAW,Individuals (names withheld),individuals,medium
CLINT WILLIS,Individuals (names withheld),individuals,high
CLINTON CITY,Clinton City,government,high
CLINTON CITY AMBULANCE,Clinton City,government,high
CLIPPER PUBLISHING,Clipper Publishing,professional,high
CLYDE SNOW SESSIONS,Clyde Snow & Sessions,professional,high
CMC RESCUE,CMC Rescue,fire-equipment,high
CMC TIRE,CMC Tire,fleet,high
CMS REPAIR,CMS Repair,fleet,medium
CMT ENGINEERING LAB,CMT Technical Services,construction,high
CMT ENGINEERING LABORATORIES,CMT Technical Services,construction,high
CMT LABORATORIES,CMT Technical Services,construction,high
CMT TECHNICAL SERVICES,CMT Technical Services,construction,high
CMT TECHNICAL SERVICES UTAH,CMT Technical Services,construction,high
CN CONCRETE,CN Concrete,construction,medium
CNA SURETY,CNA Surety,insurance,high
CNA SURETY DIRECT BILL,CNA Surety,insurance,high
COACHING SYSTEMS,Coaching Systems,unclassified,low
COAST TO COAST CARPORTS,Coast to Coast Carports,construction,medium
COAXSHER,Coaxsher,wildland,high
COBALT REFRIGERATION,Cobalt Refrigeration,facilities,high
COBBLESTONE GROUP II,Cobblestone Group II,fleet,low
CODALE ELECTRIC SUPPLY,Codale Electric Supply,facilities,high
CODY J GREAVES,Individuals (names withheld),individuals,high
CODY L THURLO,Individuals (names withheld),individuals,medium
COHNE KINGHORN,Cohne Kinghorn,professional,high
COINER GRIFFIN R,Individuals (names withheld),individuals,high
COLE CHEVROLET,Cole Chevrolet,fleet,high
COLE J SMITH,Individuals (names withheld),individuals,high
COLEMAN QUALITY SEISMIC,Coleman Quality Seismic,construction,high
COLES HOUSE OF TROPHIES,Cole's House of Trophies,general,high
COLLEEN HOMER,Individuals (names withheld),individuals,high
COLOHAN,Individuals (names withheld),individuals,high
COLONIAL BUILDING SUPPLY,Colonial Building Supply,facilities,medium
COLONIAL FLAG,Colonial Flag,general,high
COLONIAL LIFE,Colonial Life,payroll,high
COLOR COUNTRY DIESEL,Color Country Diesel,fleet,high
COLORADO CITY FIRE DEPARTMENT,Colorado City Fire District,government,high
COLORADO CITY FIRE DISTRICT,Colorado City Fire District,government,high
COLORADO DIESEL REPAIR AND FABRICATION,Colorado Diesel Repair and Fabrication,fleet,high
COLORLAND POWER EQUIPMENT,Colorland Power Equipment,general,low
COLORLAND SALES AND SERVICE,Colorland Power Equipment,general,low
COLOVICH JED,Individuals (names withheld),individuals,high
COLSTON DREW,Individuals (names withheld),individuals,medium
COLTIN LARSEN,Individuals (names withheld),individuals,high
COLTON,Colton Incorporated,unclassified,low
COLTON BASCOM,Individuals (names withheld),individuals,high
COLTON SCHARMAN,Individuals (names withheld),individuals,high
COLUMBIA SOUTHERN UNIVERSITY,Columbia Southern University,training,high
COLUMBUS SECURE SHREDDING,Columbus Secure Shredding,professional,medium
COLUMN,Column,professional,medium
COLUMN SOFTWARE PBC,Column,professional,medium
COMCAST,Comcast,telecom,high
COMCAST 8495440580141797,Comcast,telecom,high
COMCAST BUSINESS,Comcast,telecom,high
COMCAST CABLE,Comcast,telecom,high
COMCAST FD,Comcast,telecom,high
COMCAST HOLDINGS,Comcast,telecom,high
COMFORT INN,Comfort Inn,training,high
COMFORT INN AND SUITES,Comfort Inn,training,high
COMFORT SYSTEMS USA,Comfort Systems USA,facilities,high
COMMERCIAL BUS RADIO,Commercial Business Radio,radios,high
COMMERCIAL BUSINESS RADIO,Commercial Business Radio,radios,high
COMMERCIAL LIGHTING SUPPLY,Commercial Lighting Supply,facilities,high
COMMERCIAL TIRE,Commercial Tire,fleet,high
COMMERCIAL TIRE WEST HAVEN,Commercial Tire,fleet,high
COMMERICAL BUSINESS RADIO,Commercial Business Radio,radios,high
COMMUNITY ASSOCIATION MGMT,Community Association Management,professional,medium
COMMUNITY FIRST NATIONAL BANK,Community First National Bank,finance,high
COMPLETE SUPPLY,Complete Supply,facilities,low
COMPUNET,CompuNet,it,high
COMPUTECH CONSULTING,Computech Consulting,it,high
COMPX SECURITY PRODUCTS,CompX Security Products,ems-equipment,low
CONDER ENGINEERING,Conder Engineering,construction,high
CONDOLENCES COM,Condolences.com,general,medium
CONDOLENCES SHOP,The Condolences Shop,general,medium
CONFAB,Confab,unclassified,low
CONNECTION,Connection,it,low
CONNER MCCANN POULSEN,Individuals (names withheld),individuals,medium
CONNEXT,Connext,telecom,medium
CONOCO,Conoco,fleet,high
CONSOLIDATED FLEET SERVICES,Consolidated Fleet Services,fleet,high
CONSTRUCTION CONTROL,Construction Control Corporation,construction,high
CONSTRUCTION MATERIAL TECHNOLOGIES,Construction Material Technologies,construction,high
CONSTRUCTION STEEL,Construction Steel,construction,high
CONTRACT APPLIANCE SALES,Contract Appliance Sales,facilities,high
CONVERGEONE,ConvergeOne,it,high
CONVERGINT TECHNOLOGIES,Convergint Technologies,facilities,medium
CONWAY SHIELD,Conway Shield,ppe,medium
COOKIE JAR DEVELOPMENT,Cookie Jar Development,training-software,medium
COOMBS CONSTRUCTION,Coombs Construction,construction,high
COOPER DE RYK,Individuals (names withheld),individuals,medium
COPIES PLUS PRINTING,Copies Plus Printing,professional,high
CORE AND MAIN,Core & Main,facilities,medium
CORE AND MAIN LP,Core & Main,facilities,medium
COREY AND STEWART,Corey & Stewart,unclassified,low
CORINNE CITY,Corinne City,government,high
CORINNE CITY FIRE DEPARTMENT,Corinne City,government,high
CORNER CANYON IT SOLUTIONS IN,Corner Canyon IT Solutions,it,high
CORNWELL TOOLS,Cornwell Tools,fleet,medium
CORO MEDICAL,Coro Medical,ems-equipment,medium
CORPORATE IMAGE,Corporate Image,professional,medium
CORPORATE TRADITIONS,Corporate Traditions,general,medium
CORRECT POSTING OF LN CURTIS 12 12 22,L.N. Curtis & Sons,fire-equipment,high
CORRECT POSTING OF WILDLAND FIRE 10 27 22,No vendor named,placeholder,high
CORRECT POSTING OF WILDLAND FIRE 8 24 22 DRY CREEK,No vendor named,placeholder,high
CORRECTION OF POSTING ERROR,No vendor named,placeholder,high
COSTA VIDA,Costa Vida,general,medium
COSTCO,Costco,general,high
COSTCO MEMBERSHIP,Costco,general,high
COSTCO WHOLESALE,Costco,general,high
COTTAM OIL,Cottam Oil,fleet,high
COTTONWOOD IMPROVEMENT DISTRICT,Cottonwood Improvement District,utilities,high
COTTONWOOD TITLE INSURANCE AGENCY,Cottonwood Title Insurance Agency,finance,medium
COULTER VENTURES,Rogue Fitness,medical-exams,high
COUNTERTOP FACTORY,Countertop Factory,facilities,high
COUNTRY AUTO SALVAGE,Country Auto Salvage,fleet,medium
COUNTY OF SALT LAKE,Salt Lake County,government,high
COURTESY ACE HARDWARE,Ace Hardware,facilities,high
COURTESY HARDWARE,Ace Hardware,facilities,medium
COURTNEY RICHINS,Individuals (names withheld),individuals,medium
COVER UP,Cover Up,uniforms,medium
COVIDIEN SALES,Covidien,ems-equipment,medium
CPAT DISTRIBUTION,CPAT Distribution,training,medium
CR GRAPHICS,CR Graphics,professional,medium
CRABTREE STEPHANIE,Individuals (names withheld),individuals,high
CRACKER BARREL,Cracker Barrel,general,medium
CRAFCO,Crafco,construction,medium
CRAIG BLACKNER TRUCKING,Craig Blackner Trucking,unclassified,low
CRAWFORD DOOR SALES,Crawford Door Sales,facilities,high
CRAWFORD DOORS,Crawford Door Sales,facilities,high
CREAMERY,The Creamery,general,medium
CREATION ORGANICS,Creation Organics,general,medium
CREATIVE CULTURE INSIGNIA,Creative Culture Insignia,uniforms,high
CREATIVE DESIGN ENGRAVING,Creative Design Engraving,general,medium
CREATIVE SIGNS AND GRAPHICS,Creative Signs & Graphics,professional,low
CREDIT CARD TRANSACTIONS,Credit card charges,finance,medium
CREDIT CARD ZIONS,Zions Bank,finance,high
CREW GENERAL CONTRACTORS,Crew General Contractors,construction,high
CREWSENSE,Crewsense,staffing-software,high
CRITCHS STITCHES,Critch's Stitches,uniforms,high
CROCKETT CHRIS,Individuals (names withheld),individuals,high
CROCKETT TRENT,Individuals (names withheld),individuals,high
CROFT,Individuals (names withheld),individuals,high
CROFT POWER EQUIPMENT,Croft Power Equipment,facilities,low
CROSBY,Individuals (names withheld),individuals,high
CROSBY PRINTING,Crosby Printing,uniforms,medium
CROSSROADS CONCRETE,Crossroads Concrete,construction,high
CROWN PROMOTIONS,Crown Promotions,uniforms,medium
CROWN SHIRTS,Crown Promotions,uniforms,medium
CROWN T SHIRTS,Crown Promotions,uniforms,medium
CROWN TROPHY,Crown Trophy,general,medium
CROWNE PLAZA,Crowne Plaza,training,high
CRS MECHANICAL CONTRACTORS,CRS Mechanical Contractors,facilities,medium
CRUCIAL LEARNING,Crucial Learning,training,high
CRUISE MASTER PRISMS,Cruise Master Prisms,unclassified,low
CRUMBL,Crumbl,general,high
CRUMP REESE MOTOR,Crump Reese Motor Company,fleet,high
CRUS OIL,Crus Oil,fleet,high
CSA SERVICE SOLUTIONS,CSA Service Solutions,unclassified,low
CSL,CSL,unclassified,low
CTI CONSTRUCTION,CTI Construction,construction,high
CULLIGAN BOTTLED WATER,Culligan,facilities,medium
CULLIGAN QUENCH,Culligan,facilities,medium
CULLIGAN WATER CONDITIONING,Culligan,facilities,medium
CULVERS,Culver's,general,medium
CUMMINS,Cummins,facilities,low
CUMMINS ROCKY MOUNTAIN,Cummins,facilities,low
CUMMINS SALES AND SERVICE,Cummins,facilities,low
CURALINC,CuraLinc Healthcare,medical-exams,high
CURTIS,L.N. Curtis & Sons,fire-equipment,medium
CURTIS AND SONS,L.N. Curtis & Sons,fire-equipment,high
CURTIS AND SONS LN,L.N. Curtis & Sons,fire-equipment,high
CURTIS LN AND SONS,L.N. Curtis & Sons,fire-equipment,high
CURTIS LN CURTIS AND SONS,L.N. Curtis & Sons,fire-equipment,high
CURTIS ROBERTS CPA,Individuals (names withheld),individuals,medium
CURTIS TOOLS,L.N. Curtis & Sons,fire-equipment,medium
CURTIS TOOLS DEPT 34921,L.N. Curtis & Sons,fire-equipment,high
CURTIS TOOLS FOR HEROES,L.N. Curtis & Sons,fire-equipment,high
CURTIS TOOLS FOR HEROES LN CURTIS AND SONS,L.N. Curtis & Sons,fire-equipment,high
CURTIS TOOLS FOR HEROS,L.N. Curtis & Sons,fire-equipment,high
CURTIS TOOLS FOR HEROS LN CURTIS AND SONS,L.N. Curtis & Sons,fire-equipment,high
CUSTOM BENEFIT SOLUTIONS,Custom Benefit Solutions,payroll,medium
CUSTOM EXTERIORS,Custom Exteriors,construction,high
CUSTOM FENCE,Custom Fence,facilities,high
CUSTOM INSTALLATION AND DESIGN,Custom Installation & Design,unclassified,low
CUSTOM SIGNWORKS,Custom Signworks,professional,medium
CUTLERS,Cutler's,facilities,medium
CUTLERS CYCLE AND MOWER,Cutler's,facilities,medium
CUTTING EDGE FORESTRY,Cutting Edge Forestry,wildland,medium
CVE TECHNOLOGIES GROUP,CVE Technologies Group,it,medium
CVS,CVS,ems-supplies,low
D AND A TRUCK EQUIPMENT,D&A Truck Equipment,fleet,medium
D AND A TRUCK EQUIPMENT AND TRAILER REPAIR,D&A Truck Equipment,fleet,medium
D AND S GLASS,D&S Glass,unclassified,low
D BLAKE ELECTRIC AND REFRIGERATION,D. Blake Electric & Refrigeration,facilities,high
D HOWAR MADSEN,Individuals (names withheld),individuals,medium
D NELSON PAINTING,D. Nelson Painting,facilities,high
D SCOTT THORELL,Individuals (names withheld),individuals,medium
D4H TECHNOLOGIES USA,D4H Technologies,rms,medium
DAGGETT COUNTY,Daggett County,government,high
DAILY DISPATCH,Daily Dispatch,unclassified,low
DAILY HERALD,Daily Herald,professional,high
DAINES AND JENKINS,Daines & Jenkins,professional,high
DAINES SEWING MACHINE,Daines Sewing Machine,general,medium
DAIRY QUEEN,Dairy Queen,general,high
DAKOTA WHITE,Individuals (names withheld),individuals,medium
DALE ASKEW CLERK FINANCE OFFICER,Individuals (names withheld),individuals,medium
DALLAS DAVIES,Individuals (names withheld),individuals,high
DALLAS GREEN,Dallas Green,unclassified,low
DALMATIAN FIRE EQUIPMENT,Dalmatian Fire Equipment,fire-equipment,high
DALMATION FIRE EQUIPMENT,Dalmatian Fire Equipment,fire-equipment,high
DALPIAS ELECTRIC,Dalpias Electric,facilities,high
DAMMERON VALLEY FIRE SSD,No vendor named,placeholder,medium
DANIEL MILLER,Individuals (names withheld),individuals,high
DANNYS FIELD SERVICE,Danny's Field Service,fleet,medium
DANS PROFESSIONAL SERVICES,Dan's Professional Services,unclassified,low
DANS TIRE SERVICE,Dan's Tire Service,fleet,high
DARKHORSE ANALYTICS,Darkhorse Analytics,software,medium
DARKHORSE EMERGENCY LP,Darkhorse Analytics,software,medium
DARRELLS APPLIANCE,Darrell's Appliance,facilities,high
DARRINS CUSTOM CABINETS,Darrin's Custom Cabinets,facilities,high
DAS FUEL NETWORK,Utah Fuel Network,fleet,high
DASSE DUANE,Individuals (names withheld),individuals,high
DAT MANAGEMENT,DAT Management,medical-exams,high
DATA CENTER,The Data Center,unclassified,low
DATA CENTER WAREHOUSE,Data Center Warehouse,it,medium
DAVE CHRISTENSEN WELDING,Dave Christensen Welding,fleet,medium
DAVE MCNITT,Individuals (names withheld),individuals,high
DAVE SMITH MOTORS,Dave Smith Motors,fleet,high
DAVENPORT FOUNDATION REPAIR,Davenport Foundation Repair,facilities,high
DAVID AND JANET JENSEN,Individuals (names withheld),individuals,medium
DAVID DONALSON,Individuals (names withheld),individuals,high
DAVID HANSEN,Individuals (names withheld),individuals,high
DAVID J ENGLEMAN,Individuals (names withheld),individuals,high
DAVID KETTLE,Individuals (names withheld),individuals,high
DAVID L MURRAY TRUST,Individuals (names withheld),individuals,medium
DAVID REED,Individuals (names withheld),individuals,medium
DAVIS AIR TEC,Davis Air Tec,facilities,low
DAVIS BILL,Individuals (names withheld),individuals,high
DAVIS BRANDI,Individuals (names withheld),individuals,high
DAVIS COUNTY FIRE OFFICERS ASSOC,Davis County Fire Officers Association,training,high
DAVIS COUNTY FIRE OFFICERS ASSOCIATION,Davis County Fire Officers Association,training,high
DAVIS COUNTY GOVERNMENT,Davis County,government,high
DAVIS COUNTY SHERIFFS OFFICE,Davis County Sheriff's Office,government,medium
DAVIS COUNTY TREASURER,Davis County,government,high
DAVIS DESIGNS,Davis Designs,software,medium
DAVIS DISTRIBUTING,Davis Distributing,unclassified,low
DAVIS FOOD AND DRUG,Davis Food & Drug,general,high
DAVIS FOOD AND DRUG ROOSEVELT,Davis Food & Drug,general,high
DAVIS GOVERNMENT,Davis County,government,high
DAVIS HOSPITAL AND MEDICAL CENTER,Davis Hospital and Medical Center,unclassified,low
DAVIS NOLAN,Individuals (names withheld),individuals,high
DAVIS PARK GOLF COURSE,Davis Park Golf Course,general,low
DAVIS PRINTING AND GRAPHICS PRINT SHOP,Davis Printing & Graphics,professional,medium
DAVIS SIGNS UTAH,Davis Signs Utah,professional,medium
DAWSONUTAH GMAIL COM,Individuals (names withheld),individuals,medium
DAY LEAVITT,Day-Leavitt Insurance,insurance,medium
DAY POWER EQUIPMENT,Day Power Equipment,facilities,medium
DAY WIRELESS SYSTEMS,Day Wireless Systems,radios,high
DAYBELL KYLER,Individuals (names withheld),individuals,high
DAYS INN,Days Inn,training,high
DCSO,Davis County Sheriff's Office,dispatch,medium
DE LAGE LADEN FINANCIAL SERVICES,De Lage Landen Public Finance,finance,high
DE LAGE LANDEN PUBLIC FINANCE,De Lage Landen Public Finance,finance,high
DEARDEN MOTOR,Dearden Motor Company,fleet,high
DEBBIE SUE BERRY,Individuals (names withheld),individuals,medium
DEBOERS,DeBoer's,unclassified,low
DEBS SPICY PIE,Deb's Spicy Pie,general,high
DECKER,Individuals (names withheld),individuals,medium
DECKER ANTHONY,Individuals (names withheld),individuals,high
DEES SERVICE,Dee's Super Service,fleet,low
DEES SUPER SERVICE,Dee's Super Service,fleet,low
DEES TIRE,Dee's Tire,fleet,high
DEIV ARCHITECTURE AND DESIGN,DEIV Architecture & Design,construction,high
DELL MARKETING LP,Dell Technologies,it,high
DELL TECHNOLOGIES,Dell Technologies,it,high
DELMAS EQUIPMENT,Delmas Equipment Services,apparatus,medium
DELTA AIR,Delta Air Lines,training,high
DELTA AIRLINES,Delta Air Lines,training,high
DELTA CITY,Delta City,government,high
DELTA FIRE SYSTEMS,Delta Fire Systems,facilities,high
DELTA GLASS AND TIRE,Delta Glass & Tire,fleet,high
DELTA JUBILEE,Delta Jubilee,general,high
DELTA SIGN,Delta Sign,professional,medium
DELUXE,Deluxe,professional,medium
DELUXE BUSINESS SYSTEM,Deluxe,professional,medium
DELUXE BUSINESS SYSTEMS,Deluxe,professional,medium
DELVIES PLASTICS,Delvie's Plastics,general,medium
DENISES HOME PLATE,Denise's Home Plate,general,medium
DENNYS,Denny's,general,medium
DENNYS STATIONERY,Denny's Stationery,general,high
DENTPRO,DentPro,fleet,medium
DENVER MATTRESS,Denver Mattress,facilities,high
DEPARTMENT OF ADMINISTRATIVE SERVICES,Utah Fuel Network,fleet,high
DEPARTMENT OF GOVERNMENT OPERATIONS,Utah Fuel Network,fleet,high
DEPARTMENT OF HEALTH,Utah Department of Health and Human Services,government,high
DEPARTMENT OF HEALTH AMBO ASSESSMENT,Utah Department of Health and Human Services,government,high
DEPARTMENT OF HEALTH AND HUMAN SERVICE,Utah Department of Health and Human Services,government,high
DEPARTMENT OF HEALTH AND HUMAN SERVICES,Utah Department of Health and Human Services,government,high
DEPARTMENT OF HEALTH EMS AND FINANCE,Utah Department of Health and Human Services,government,high
DEPARTMENT OF HEALTH FISCAL OPERATIONS,Utah Department of Health and Human Services,government,high
DEPARTMENT OF HEALTH HEALTH CARE FINANCI,Utah Department of Health and Human Services,government,high
DEPARTMENT OF NATURAL RESOURCES,Utah Department of Natural Resources,government,high
DEPARTMENT OF PUBLIC SAFETY,Utah Department of Public Safety,government,high
DEPARTMENT OF PUBLIC SAFETY TRUST FUND,Utah Department of Public Safety,government,high
DEPARTMENT OF TREASURY,U.S. Department of the Treasury,payroll,medium
DEPARTMENT OF WORKFORCE SERVICES,Utah Department of Workforce Services,payroll,high
DEPENDABLE DOOR SYSTEMS,Dependable Door Systems,facilities,high
DEPT OF ADMINISTRATIVE SERVICE,Utah Fuel Network,fleet,high
DEPT OF ADMINISTRATIVE SERVICES,Utah Department of Government Operations,government,high
DEPT OF GOVERNMENT OPERATIONS,Utah Department of Government Operations,government,high
DEPT OF HEALTH,Utah Department of Health and Human Services,government,high
DEPT OF HEALTH AND HUMAN SERVICES,Utah Department of Health and Human Services,government,high
DEPT OF HEALTH CARE FINANCIAL SERVICES,Utah Department of Health and Human Services,government,high
DEPT OF HEALTH FISCAL OPS,Utah Department of Health and Human Services,government,high
DEPT OF HEALTH OFFICE OF FINANCE,Utah Department of Health and Human Services,government,high
DEPT OF NATURAL RESOURCES,Utah Department of Natural Resources,government,high
DEPT OF PUBLIC SAFETY TRUST FUND,Utah Department of Public Safety,government,high
DEPT OF WORKFORCE SERVICE STATE UTAH,Utah Department of Workforce Services,payroll,high
DERRICK CHRISTENSON SPECIAL NEEDS TRUST,Individuals (names withheld),individuals,medium
DERRICK LUERA GUNSLINGER FORGE,Gunslinger Forge,unclassified,medium
DES KEY SERVICE,De's Key Service,facilities,medium
DESERET MUTUAL BENEFIT ADMINISTRATORS,Deseret Mutual Benefit Administrators,payroll,high
DESERET NEWS,Deseret News,professional,high
DESERET NEWS PUBLISHING,Deseret News,professional,high
DESERT EDGE ARCHITECTURE,Desert Edge Architecture,construction,high
DESERT EDGE HEATING AND COOLING,Desert Edge Heating & Cooling,facilities,high
DESERT H2O,Desert H2O,facilities,low
DESERT RAT,The Desert Rat,general,low
DESERT RIVERS CREDIT UNION,Desert Rivers Credit Union,finance,high
DESERT WEST,Desert West Office Supply,general,medium
DESERT WEST OFFICE SUPPLY,Desert West Office Supply,general,medium
DESIGN INK,Design Ink,uniforms,high
DESIGN LINE TOOL AND EQUIPMENT,Design Line Tool and Equipment,facilities,low
DESIGN WEST,Design West Architects,construction,high
DESIGN WEST ARCHITECTS,Design West Architects,construction,high
DESK OF UTAH,Desk Inc. of Utah,facilities,medium
DETROIT INDUSTRIAL TOOL,Detroit Industrial Tool,facilities,medium
DEVELOPER,No vendor named,placeholder,high
DEVIN RONALD CARTER,Individuals (names withheld),individuals,medium
DEX IMAGING,DEX Imaging,it,high
DGO FLEET OPERATIONS FUEL NETOWRK,Utah Fuel Network,fleet,high
DGO FLEET OPERATIONS FUEL NETWORK,Utah Fuel Network,fleet,high
DHS EQUIPMENT,DHS Equipment,unclassified,low
DIALPAD,Dialpad,telecom,high
DIAMOND PROPANE,Diamond Propane,utilities,high
DIAMOND RENTAL,Diamond Rental,facilities,low
DIAMOND TREE EXPERTS,Diamond Tree Experts,construction,medium
DICK KEARSLEY SERVICE CENTER,Dick Kearsley Service Center,fleet,medium
DICKS SPORTING GOODS,Dick's Sporting Goods,general,high
DIEGO CRUZ VARGAS,Individuals (names withheld),individuals,medium
DIEGO F ARREOLA OLMEDO,Individuals (names withheld),individuals,medium
DIGITAL INSURANCE,Digital Insurance,insurance,medium
DIGITECH COMPUTER,Digitech Computer,ems-billing,high
DINGMAN PROFESSIONAL PRINTING,Dingman Professional Printing,professional,high
DINO DAYCARE DUSTEE CHAPPEL,Individuals (names withheld),individuals,medium
DINOSAUR TIRE SERVICE,Dinosaur Tire Service,fleet,high
DIRECT TV,DirecTV,telecom,high
DIRECTV,DirecTV,telecom,high
DISASTER MANAGEMENT SYSTEMS,Disaster Management Systems,training,medium
DISCOUNT CELL,DiscountCell,it,medium
DISCOUNT GLASS,Discount Glass,fleet,medium
DISCOUNT TIRE AND AUTOMOTIVE,Discount Tire & Automotive,fleet,high
DISCOUNTCELL,DiscountCell,it,medium
DISH NETWORK,Dish Network,telecom,high
DIV FORESTRY FIRE AND ST LANDS,"Utah Division of Forestry, Fire & State Lands",government,high
DIV FORESTRY FIRE AND STATE LA,"Utah Division of Forestry, Fire & State Lands",government,high
DIV OF FORESTRY FIRE AND STATE,"Utah Division of Forestry, Fire & State Lands",government,high
DIV OF FORESTRY FIRE AND STATE LANDS,"Utah Division of Forestry, Fire & State Lands",government,high
DIVE RESCUE INTERNATIONAL,Dive Rescue International,training,medium
DIVERSIFIED INSPECTION,Diversified Inspections/ITL,apparatus,medium
DIVERSIFIED INSPECTIONS,Diversified Inspections/ITL,apparatus,medium
DIVERSIFIED INSPECTIONS ITL,Diversified Inspections/ITL,apparatus,medium
DIVERSIFIED INSURANCE,Diversified Insurance,insurance,high
DIVISION OF FINANCE,Utah Division of Finance,finance,medium
DIVISION OF FLEET OPERATIONS,Utah Division of Fleet Operations,government,high
DIVISION OF FORESTRY,"Utah Division of Forestry, Fire & State Lands",government,high
DIVISION OF FORESTRY FIRE,"Utah Division of Forestry, Fire & State Lands",government,high
DIVISION OF FORESTRY FIRE AND S,"Utah Division of Forestry, Fire & State Lands",government,high
DIVISION OF FORESTRY FIRE AND ST LANDS,"Utah Division of Forestry, Fire & State Lands",government,high
DIVISION OF FORESTRY FIRE AND STATE LANDS,"Utah Division of Forestry, Fire & State Lands",government,high
DIVISION OF WATER RIGHTS,Utah Division of Water Rights,government,high
DIVVY,Divvy,finance,high
DIXIE CONVENTION CENTER,Dixie Convention Center,training,low
DIXIE ESCALANTE REA DIXIE POWER,Dixie Power,utilities,high
DIXIE LEAVITT AGENCY,Dixie Leavitt Agency,insurance,high
DIXIE POWER,Dixie Power,utilities,high
DIXIE STATE UNIVERSITY,Utah Tech University,training,high
DJ SCREENPRINT AND APPAREL,DJ Screenprint & Apparel,uniforms,high
DJB GAS SERVICES,DJB Gas Services,ems-supplies,medium
DLA,DLA,unclassified,low
DOCUMART COPIES AND PRINTING,Documart Copies & Printing,professional,high
DOLLAR GENERAL,Dollar General,general,high
DOLLAR TREE,Dollar Tree,general,high
DOME TECHNOLOGY,Dome Technology,construction,high
DOMINION ENERGY,Enbridge Gas,utilities,high
DOMINION ENERGY UTAH,Enbridge Gas,utilities,high
DOMINOS,Domino's,general,medium
DOMINOS PIZZA,Domino's,general,medium
DONALD A MCCANDLESS,Individuals (names withheld),individuals,medium
DONALDSON FIRE,Donaldson Fire Company,government,medium
DONS SINCLAIR,Don's Sinclair,fleet,high
DOORMASTER,Doormaster,facilities,high
DOUBLE D BOLT,Double D Bolt,facilities,medium
DOUG DINGMAN,Individuals (names withheld),individuals,high
DOUG HIGGINS,Individuals (names withheld),individuals,high
DOUG HUNT CONSTRUCTION,Doug Hunt Construction,construction,high
DOUG MORENO,Individuals (names withheld),individuals,high
DOUG SMITH AUTOPLEX,Doug Smith Autoplex,fleet,high
DOUG SMITH CHRYSLER DODGE JEEP,Doug Smith Autoplex,fleet,high
DOUGLAS DINGMAN,Individuals (names withheld),individuals,high
DOWNTOWN AUTO GROUP,Downtown Auto Group,fleet,high
DOYLESS DIESEL AND SONS,Doyle's Diesel & Sons,fleet,medium
DPF ALTERNATIVES,DPF Alternatives,fleet,high
DR ANTHONY TATMAN,Individuals (names withheld),individuals,medium
DR BLAKE YERMAN,Individuals (names withheld),individuals,high
DR BOB GROW,Individuals (names withheld),individuals,medium
DR CHRISTY KANE,Individual counselors (names withheld),medical-exams,medium
DR DAVE SUTHERLAND,Individuals (names withheld),individuals,medium
DR ROBERT GROW,Individuals (names withheld),individuals,medium
DR ROBERT R FOSTER DO,Individuals (names withheld),individuals,medium
DR ROBERT R FOSTER DOPC,Individuals (names withheld),individuals,medium
DR ROBERT W GROW,Individuals (names withheld),individuals,medium
DR SUMMER GRACE DO,Individuals (names withheld),individuals,high
DR SUTHERLAND MD PLCC,"D.R. Sutherland, MD",unclassified,low
DRAEGER,Draeger,scba,medium
DRAIN TECH,Drain Tech,facilities,high
DRAKES DIESEL REPAIR,Drake's Diesel Repair,fleet,high
DRAPER BUILDING,Draper Building,facilities,medium
DREAM CARPORTS,Dream Carports,construction,medium
DREAM SEAT,DreamSeat,facilities,medium
DREAM SEATS,DreamSeat,facilities,high
DREAMSEATS,DreamSeat,facilities,high
DRIVE BY SIGN,Drive-By Sign Co.,professional,medium
DRIVE TO SURVIVE,Drive to Survive,training,high
DRIVEN PERFORMANCE,Driven Performance,unclassified,low
DRM DESIGN,DRM Design,unclassified,low
DROUBAY CHEVROLET,Droubay Chevrolet,fleet,high
DRY BOX,Dry Box,facilities,medium
DRY CREEK UTSCS 220215 STATE OF UTAH,State of Utah,government,high
DS ACCOUNTING SERVICES,DS Accounting Services,professional,high
DUCHESNE CITY,Duchesne City,government,high
DUCHESNE COUNTY,Duchesne County,government,high
DUFF SHELLEY,Duff Shelley Mower & Cycle,fleet,medium
DUFF SHELLEY MOWER AND CYCLE,Duff Shelley Mower & Cycle,fleet,medium
DUNCAN ELECTRIC SUPPLY,Duncan Electric Supply,facilities,high
DUNRITE PLAYGROUNDS,Dunrite Playgrounds,construction,medium
DUO SAFETY LADDER,Duo-Safety Ladder,fire-equipment,high
DURKS PLUMBING,Durk's Plumbing Supply,facilities,medium
DURKS PLUMBING SUPPLY,Durk's Plumbing Supply,facilities,high
DUSTIN HOOTON,Individuals (names withheld),individuals,high
DUTTON AIR CARE,Dutton Air Care,facilities,medium
DVFD TRANSFER,No vendor named,placeholder,medium
DYNAMIC INTEGRATIONS,Dynamic Integrations,it,medium
DYNAQUEST TECHNOLOGIES,DynaQuest Technologies,it,high
DZ TECHNOLOGY,DZ Technology,unclassified,low
E11 PAYMENT,No vendor named,placeholder,medium
E12 PAYMENT,No vendor named,placeholder,medium
EAGLE ENGRAVING,Eagle Engraving,uniforms,high
EAGLE ENGRAVING AND FIRE GIFTS,Eagle Engraving,uniforms,high
EAGLE ENVIRONMENTAL,Eagle Environmental,construction,medium
EAGLE EYE PROMOTIONS,Eagle Eye Promotions,general,low
EAGLE MOUNTAIN CITY,Eagle Mountain City,government,high
EARTHTEC ENGINEERING,Earthtec Engineering,construction,high
EASE CONSTRUCTION,EASE Construction,construction,medium
EAST CARBON CITY,East Carbon City,government,high
EAST COAST RESCUE SOLUTIONS,East Coast Rescue Solutions,training,medium
EASY GREEN LAWN PRIDE,Easy Green-Lawn Pride,facilities,high
EBAY,eBay,general,high
ECKLES PAVING,Eckles Paving,construction,high
ECMS,ECMS,unclassified,low
ECO HVAC,Eco HVAC,facilities,high
ECOLIFE,EcoLife,unclassified,low
ECONO WASTE,Econo Waste,utilities,high
ED KENLEY FORD,Ed Kenley Ford,fleet,high
ED M FELD EQUIPMENT,Feld Fire,fire-equipment,high
EFG CONSULTING,EFG Consulting,professional,medium
EIDE BAILLY,Eide Bailly,professional,high
EIGHTH AVENUE,Eighth Avenue,unclassified,low
EINSTEIN BAGELS,Einstein Bros. Bagels,general,medium
EINSTEIN BROS,Einstein Bros. Bagels,general,high
EINSTEIN BROS BAGELS,Einstein Bros. Bagels,general,high
ELAN FINANCIAL SERVICES,Elan Financial Services,finance,high
ELECTRIC ROOTER,Electric Rooter,facilities,high
ELECTRICAL INSTALLATION AND DESIGN,Electrical Installation & Design,facilities,medium
ELECTRICAL WHOLESALE SUPPLY OF UTAH,Electrical Wholesale Supply,facilities,high
ELEVATE,Elevate,unclassified,low
ELEVATE PEST CONTROL,Elevate Pest Control,facilities,high
ELEVATED EQUPMENT RENTAL,Elevated Equipment Rental,facilities,low
ELEVATED GUNWORKS,Elevated Gunworks,general,low
ELEVATED MANAGED PRINT,Elevated Managed Print,it,high
ELEVATED SERVICE AND SUPPLY,Elevated Service & Supply,unclassified,low
ELIANA G CONSTRUCTION,Eliana G Construction,construction,medium
ELIASON DIESEL SERVICE,Eliason Diesel Service,fleet,high
ELIJAH BRYSON MONNEY,Individuals (names withheld),individuals,high
ELITE EXTRACTION AND EQUIPMENT,Elite Extrication & Equipment,fire-equipment,high
ELITE EXTRICATION,Elite Extrication & Equipment,fire-equipment,high
ELITE EXTRICATION AND EQUIPMENT,Elite Extrication & Equipment,fire-equipment,high
ELITE EXTRICATION EQUIPMENT,Elite Extrication & Equipment,fire-equipment,high
ELITE EXTRICIATION AND EQUIPMENT,Elite Extrication & Equipment,fire-equipment,high
ELITE EXTRIVATION AND EQUIPMENT,Elite Extrication & Equipment,fire-equipment,high
ELITE HOUSING,Elite Housing,construction,medium
ELITE LAWN AND PEST SOLUTIONS,Elite Lawn & Pest Solutions,facilities,high
ELITE TECHNICAL RESCUE TRAINING,Elite Technical Rescue Training,training,high
ELIZABETHS CUSTOM CATERING,Elizabeth's Custom Catering,general,high
ELMO TOWN,Elmo Town,government,high
EMB ENGINEERERD BUILDINGS,EMB Engineered Buildings,construction,medium
EMBLEM AUTHORITY,The Emblem Authority,uniforms,high
EMBLEM ENTERPRISES,Emblem Enterprises,uniforms,high
EMERGENCY MEDICAL PRODUCTS,Emergency Medical Products,ems-supplies,high
EMERGENCY PREPAREDNESS SOLUTIO,Emergency Preparedness Solutions,unclassified,low
EMERGENCY REPORTING,Emergency Reporting,rms,high
EMERGENCY REPORTS,Emergency Reporting,rms,medium
EMERGENCY SERVICE MARKETING,IamResponding,software,high
EMERGENCY SERVICES CONSULTING,Emergency Services Consulting International,professional,medium
EMERGENCY SERVICES CONSULTING INT,Emergency Services Consulting International,professional,high
EMERGENCY SERVICES CONSULTING INTERNAT,Emergency Services Consulting International,professional,high
EMERGENCY SERVICES GROUP INTERNATIONAL,Emergency Services Group International,software,medium
EMERGENCY SERVICES MARKETING,IamResponding,software,high
EMERGENCY SERVICES MARKETING C,IamResponding,software,high
EMERGENCY TRAINING GROUP,Emergency Training Group,professional,medium
EMERGENCY VEHICLE SYSTEMS,Emergency Vehicle Systems,apparatus,medium
EMERGING TACTICAL SOLUTIONS,Emerging Tactical Solutions,unclassified,low
EMERY COUNTY,Emery County,government,high
EMERY TEISHA,Individuals (names withheld),individuals,high
EMERY TELCOM,Emery Telcom,telecom,high
EMERY TOWN,Emery Town,government,high
EMI HEALTH,EMI Health,payroll,high
EMIGRATION IMPROVEMENT DISTRICT,Emigration Improvement District,utilities,high
EMILY CARTER COUNSELING,Individual counselors (names withheld),medical-exams,medium
EMINENT TECHNICAL SOLUTIONS,Eminent Technical Solutions,it,high
EMPIRE ELECTRIC ASSOC,Empire Electric Association,utilities,high
EMPIRE SCBA AND SUPPLIES,Empire SCBA & Supplies,scba,high
EMPIRE WASTE SERVICES,Empire Waste Services,utilities,high
EMPLOY EASE,Employ/Ease,payroll,medium
EMPLOYEASE,Employ/Ease,payroll,medium
EMPLOYERS COUNCIL,Employers Council,professional,high
EMS ASSOCIATES,EMS Associates,training,medium
EMS HOLDINGS,Thomas EMS,ems-supplies,high
EMS LOGIC,EMS LogiK,software,medium
EMS LOGIK,EMS LogiK,software,medium
EMS SAFFELL KATHY,Individuals (names withheld),individuals,high
EMS TRAINING SCHOOL,The EMS Training School,training,high
EMSAR,EMSAR,ems-equipment,high
EMSAR INTERMOUNTAIN,EMSAR,ems-equipment,high
EMT UTAH,EMT Utah,training,medium
ENABLE UTAH,Enable Utah,unclassified,low
ENBRIDGE,Enbridge Gas,utilities,high
ENBRIDGE GAS,Enbridge Gas,utilities,high
ENBRIDGE GAS UT WY ID,Enbridge Gas,utilities,high
ENEL COVE FORT,Enel Cove Fort,unclassified,low
ENERGY MANAGEMENT,Energy Management Corp.,facilities,medium
ENFUSION TECHNOLOGIES,Enfusion Technologies,it,medium
ENGRAVING AWARDS AND GIFTS,"Engraving, Awards & Gifts",general,medium
ENSEMBLE CARE FOR HEROES,Ensemble Care for Heroes,ppe,medium
ENSIGN ENGINEERING,Ensign Engineering,construction,high
ENSIGN ENGINEERING AND LAND SURVERYORS,Ensign Engineering,construction,high
ENSIGN STAFFING,Ensign Staffing,professional,low
ENTENMANN ROVIN,Entenmann-Rovin,uniforms,high
ENTERPRISE CITY,Enterprise City,government,high
ENTERPRISE PAINTERS,Enterprise Painters,facilities,high
ENTERPRISE RENT A CAR,Enterprise Rent-A-Car,fleet,medium
ENTERPRISE RENT A CAR OF UT,Enterprise Rent-A-Car,fleet,medium
ENVIRO MASTER SERVICES,Enviro-Master Services,facilities,high
ENVIRONMENTAL HEALTH SERVICES,Environmental Health Services,construction,low
ENVIRONMENTAL SOLUTIONS,Environmental Solutions,facilities,low
EOS SYSTEMS,EOS Systems,unclassified,low
EP CONTRACTING,EP Contracting,construction,medium
EPHRAIM AUTO SUPPLY,Ephraim Auto Supply,fleet,high
EPHRAIM CITY,Ephraim City,government,high
EPHRAIM FIRE DEPARTMENT,Ephraim Fire Department,government,high
EPHRAIM TIRE PROS AND SERVICE,Ephraim Tire Pros & Service,fleet,high
EPIC ENGINEERING,Epic Engineering,construction,high
EPIC SHRED,Epic Shred,professional,medium
EPICOR SOFTWARE,Epicor Software,software,high
EPISCOPAL DIOCESE OF UTAH,Episcopal Diocese of Utah,unclassified,low
EPOXY UTAH,Epoxy Utah,facilities,medium
EQUIPMENT SERVICE PROVIDERS,Equipment Service Providers,unclassified,low
EQUIPMENT SIMULATIONS,Equipment Simulations,training,medium
ERGOMETRICS,Ergometrics,professional,medium
ERGOMETRICS AND APPLIED PERSONNEL,Ergometrics,professional,high
ERGOMETRICS AND APPLIED PERSONNEL RESEARCH,Ergometrics,professional,high
ERIC SMART MD,Individuals (names withheld),individuals,high
ERICS PLUMBING,Eric's Plumbing,facilities,high
ERIK,Individuals (names withheld),individuals,high
ERIK VIA SQUARE,Individuals (names withheld),individuals,medium
ERIKS NORTH AMERICA,ERIKS North America,general,medium
ERNESTO ALONSO,Individuals (names withheld),individuals,high
ERNIES TRUCK PLAZA,Ernie's Truck Plaza,fleet,high
ERS,E.R.S.,unclassified,low
ESCALANTE CITY,Escalante City,government,high
ESCALANTE HERITAGE CENTER,Escalante Heritage Center,unclassified,medium
ESCALANTE HIGH SCHOOL,Escalante High School,government,high
ESCALANTE HOME CENTER,Escalante Home Center,facilities,high
ESI ACQUISITION,Juvare,software,medium
ESO,ESO Solutions,rms,high
ESO SOLUTIONS,ESO Solutions,rms,high
ESO SOLUTIONS VOID,ESO Solutions,rms,high
ESQUIRE RV,Esquire RV,fleet,high
ESRI,Esri,software,high
ET TECHNOLOGIES,E.T. Technologies,unclassified,medium
ETJ,ETJ,unclassified,low
ETJ LAW,ETJ Law,professional,medium
ETRAILER,etrailer,fleet,high
ETS,ETS,unclassified,medium
ETS EMINENT TECHNICAL SOLUTIONS,Eminent Technical Solutions,it,high
ETSY,Etsy,general,high
EUREKA ROOFING,Eureka Roofing,construction,high
EVAN STEWART THERAPY,Individual counselors (names withheld),medical-exams,medium
EVANS,Evans Commercial Laundry,facilities,medium
EVANS COMMERCIAL LAUNDRY,Evans Commercial Laundry,facilities,medium
EVANS COMMERCIAL LAUNDRY SALES,Evans Commercial Laundry,facilities,medium
EVANS DANIEL,Individuals (names withheld),individuals,high
EVCO HOUSE OF HOSE,EVCO House of Hose,general,medium
EVENTBRITE,Eventbrite,training,medium
EVERBRIDGE,Everbridge,software,high
EVERGREEN BUSINESS SOLUTIONS,Evergreen Business Solutions,unclassified,low
EVERYTHING2GO COM,Everything2go.com,facilities,high
EVOLUTION AUTO REPAIR,Evolution Auto Repair,fleet,high
EVS,E.V.S.,unclassified,low
EVS EMERGENCY VEHICLE SYSTEMS,Emergency Vehicle Systems,apparatus,medium
EWING IRRIGATION,Ewing Irrigation,facilities,high
EXECUTECH,Executech,it,high
EXECUTECH UTAH,Executech,it,high
EXPEDIA,Expedia,training,high
EXPRESS AUTO PARTS,Express Auto Parts,fleet,high
EXTENDOBED,Extendobed,fleet,medium
EXTREME TACTICAL DYNAMICS,Extreme Tactical Dynamics,unclassified,low
EXXONMOBIL,ExxonMobil,fleet,high
EYAN MOSHER,Individuals (names withheld),individuals,high
F LEON BODILY,Individuals (names withheld),individuals,high
FABIAN AND CLENDENIN,Fabian VanCott,professional,high
FABIAN VAN COTT,Fabian VanCott,professional,high
FABIAN VANCOTT,Fabian VanCott,professional,high
FABIAN VANCOTT ATTORNEYS AT LAW,Fabian VanCott,professional,high
FACEBOOK,Facebook,professional,medium
FACTORY MOTOR PARTS,Factory Motor Parts,fleet,high
FACTORY POWERSPORTS,Factory Powersports,fleet,high
FADS,FADS,unclassified,low
FAIRFIELD INN,Fairfield Inn,training,high
FAIRVIEW CITY,Fairview City,government,high
FAIRVIEW FIRE DEPARTMENT,Fairview Fire Department,government,high
FAITH DAVIS,Individuals (names withheld),individuals,high
FAMILY DOLLAR,Family Dollar,general,high
FAMILY PLAZA PHARMACY,Family Plaza Pharmacy,ems-supplies,high
FARMINGTON CITY,Farmington City,government,high
FARR BETTER ICE CREAM,Farr Better Ice Cream,general,high
FARRWEST ENVIRONMENTAL SUPPLY,FarrWest Environmental Supply,fire-equipment,medium
FAST GAS,Fast Gas,fleet,high
FASTENAL,Fastenal,general,high
FASTEST LABS SALT LAKE,Fastest Labs,medical-exams,high
FASTSIGNS,Fastsigns,professional,high
FASTSIGNS OF OGDEN,Fastsigns,professional,high
FD SIGNWORKS,F.D. Signworks,uniforms,medium
FEDERAL PROCESSING REGISTRY,Federal Processing Registry,professional,medium
FEDERAL RESOURCES,Federal Resources,fire-equipment,medium
FEDERAL RESOURCES SUPPLY,Federal Resources,fire-equipment,medium
FEDEX,FedEx,general,medium
FEDMALL PIEE,FedMall,general,low
FELD FIRE,Feld Fire,fire-equipment,high
FERGUSON,Ferguson,facilities,high
FERGUSON ENTERPRISES,Ferguson,facilities,high
FERGUSON ENTERPRISES 1001,Ferguson,facilities,high
FERGUSON ENTERPRISES 3325,Ferguson,facilities,high
FERNO WASHINGTON,Ferno,ems-equipment,high
FERRELLGAS,Ferrellgas,utilities,high
FERRELLGAS LP,Ferrellgas,utilities,high
FERRON CITY,Ferron City,government,high
FERTA LAWN,Ferta-Lawn,facilities,high
FF I AND II HAZMAT OPS BRIAN BEVACQUA,Individuals (names withheld),individuals,medium
FIELDING TOWN,Fielding Town,government,high
FILLMORE CITY,Fillmore City,government,high
FILLMORE CITY TREASURER,Fillmore City,government,high
FILLMORE FEED AND FARM SUPPLY,Fillmore Feed & Farm Supply,general,high
FILLMORE MARKET,Fillmore Market,general,high
FILTER TECHNOLOGIES,Filter Technologies,facilities,high
FINAL TOUCH CONSTRUCTION,Final Touch Construction,facilities,medium
FINANCIAL PACIFIC LEASING,Financial Pacific Leasing,finance,high
FINANCIAL PACIFIC LEASING UMPQUA BANK VENDOR FINAN,Financial Pacific Leasing,finance,high
FIRE,Fire LLC,unclassified,low
FIRE AND FUEL APPAREL,Fire and Fuel Apparel,uniforms,high
FIRE AND POLICE SELECTION,Fire & Police Selection,professional,high
FIRE AND SLICE,Fire and Slice,facilities,high
FIRE ARMOUR,Fire Armour,unclassified,low
FIRE AWARDS,Fire Awards,unclassified,low
FIRE AXE,Fire Axe,general,medium
FIRE CATT,FireCatt,fire-equipment,high
FIRE CHIEF MARY JANE ENSOR,Individuals (names withheld),individuals,high
FIRE CLEANUP KG 2026 CHEVY SILVERADO,No vendor named,placeholder,high
FIRE COM,Firecom,radios,high
FIRE DEPARTMENT CLOTHING,Fire Department Clothing,uniforms,medium
FIRE DEX GW,Fire-Dex,ppe,high
FIRE ENGINEERING,Fire Engineering Company,facilities,medium
FIRE ENGINEERING TRAINING,Fire Engineering Training,training,medium
FIRE FACILITIES,Fire Facilities,construction,medium
FIRE HOSE DIRECT,Fire Hose Direct,fire-equipment,high
FIRE HOSE SUPPLY COM,FireHoseSupply.com,fire-equipment,high
FIRE HOUSE INNOVATIONS LI,Firehouse Innovations,training,high
FIRE LAW GROUP,Fire Law Group,professional,high
FIRE MARSHALS ASSOCIATION OF UTAH,Fire Marshals Association of Utah,training,high
FIRE MED,Fire-Med,unclassified,low
FIRE NUGGETS,Fire Nuggets,training,medium
FIRE PENNY,FirePenny,fire-equipment,medium
FIRE PRO,Fire Pro,unclassified,low
FIRE PROTECTION PUBLICATIONS,Fire Protection Publications,training,high
FIRE RECOVERY USA,Fire Recovery USA,ems-billing,medium
FIRE SAFETY USA,Fire Safety USA,fire-equipment,medium
FIRE SMART PROMOS,Fire Smart Promotions,professional,medium
FIRE SMART PROMOTIONS,Fire Smart Promotions,professional,medium
FIRE STATION FURNITURE,Fire Station Furniture,facilities,high
FIRE STATION OUTFITTERS,Fire Station Outfitters,facilities,medium
FIRE STATION SOFTWARE,Fire Station Software,rms,medium
FIRE STORE,Witmer Public Safety Group,fire-equipment,high
FIRE SUPPRESSION CONSULTANTS,Fire Suppression Consultants,professional,low
FIRE SUPPRESSION SERVICES,Fire Suppression Services,facilities,medium
FIRE TRUCKS UNLIMITED,Firetrucks Unlimited,apparatus,high
FIREBLAST GLOBAL,Fireblast Global,training,high
FIREBONE CONSTRUCTION,Firebone Construction,construction,high
FIRECOM,Firecom,radios,high
FIRECOM DIV OF SONETICS,Firecom,radios,high
FIREFIGHTER JAKES LEATHER,Firefighter Jake's Leather,uniforms,medium
FIREFIGHTER SELECTION,Firefighter Selection,professional,high
FIREFIGHTER SUPPLY,Firefighter Supply Co,fire-equipment,low
FIREFIGHTERS BOOKSTORE,Firefighters Bookstore,training,high
FIREFIGHTERS CREDIT UNION,Firefighters Credit Union,finance,high
FIREHOSE DIRECT,Fire Hose Direct,fire-equipment,high
FIREHOSEDIRECT,Fire Hose Direct,fire-equipment,high
FIREHOUSE,Firehouse Magazine,training,medium
FIREHOUSE FABRICATORS,Firehouse Fabricators,training,medium
FIREHOUSE GRANTS,Firehouse Grants,professional,medium
FIREHOUSE INNOVATIONS LI,Firehouse Innovations,training,high
FIREHOUSE SUBS,Firehouse Subs,general,high
FIREHOUSE WOODWORKS,Firehouse Woodworks,facilities,low
FIREPENNY,FirePenny,fire-equipment,medium
FIREPENNY FIRE EQUIPMENT,FirePenny,fire-equipment,high
FIREPENNY FIREFIGHTER EQUIPMENT,FirePenny,fire-equipment,high
FIRETECH APPARATUS REPAIR,FireTech Apparatus Repair,apparatus,high
FIRETROL PROTECTION SYSTEMS,Firetrol Protection Systems,facilities,high
FIRETRUCKS UNLIMITED,Firetrucks Unlimited,apparatus,high
FIREWORKS AMERICA,Fireworks & Stage FX America,not-fire,medium
FIREWORKS AND STAGE FX AMERICA,Fireworks & Stage FX America,not-fire,medium
FIREWORKS WEST INTERNATIONALE,Fireworks West Internationale,not-fire,medium
FIRST AMERICAN TITLE,First American Title,finance,high
FIRST AMERICAN TITLE INSURANCE,First American Title,finance,high
FIRST ARRIVING IO,First Arriving,software,high
FIRST BANKCARD,First National Bank of Omaha,finance,high
FIRST COMMUNITY BANK,First Community Bank,finance,high
FIRST COMMUNITY BANK UTAH,First Community Bank,finance,high
FIRST COMMUNITY BANK VISA,First Community Bank,finance,high
FIRST DEGREE MEDICAL TRAINING,First Degree Medical Training,training,high
FIRST DIGITAL,First Digital Telecom,telecom,high
FIRST DUE,First Due,rms,high
FIRST DUE FABRICATION,First Due Fabrication,fire-equipment,medium
FIRST NATIONAL BANK OMAHA,First National Bank of Omaha,finance,high
FIRST NET,AT&T,telecom,high
FIRST PROFESSIONAL SERVICES,First Professional Services,ems-billing,high
FIRST RESPOMDERS FIRST JERRFERY DENNING,Individuals (names withheld),individuals,high
FIRST RESPONDERS FIRST,First Responders First (FRFirst),medical-exams,high
FIRST WATCH WELLNESS,First Watch Wellness,medical-exams,high
FIRSTNET AT AND T MOBILITY,AT&T,telecom,high
FIRSTWATCH SOLUTIONS,FirstWatch,software,medium
FISHER AND PAYKEL HEALTHCARE,Fisher & Paykel Healthcare,ems-equipment,medium
FISHLAKE LUMBER,Fishlake Lumber,facilities,high
FISKE ANDREA D,Individuals (names withheld),individuals,high
FIVE GUYS,Five Guys,general,high
FLAGSTAR PUBLIC FUNDING,Flagstar Public Funding,finance,high
FLAMING GORGE PAYROLL,Flaming Gorge Payroll,payroll,high
FLEET OPERATIONS FUEL NETWORK,Utah Fuel Network,fleet,high
FLEETCOR,Fleetcor,fleet,high
FLEETIO,Fleetio,software,high
FLEETPRIDE,FleetPride,fleet,high
FLEETPRIDE HEAVY DUTY PARTS AND SERVICE,FleetPride,fleet,high
FLEMING,Individuals (names withheld),individuals,high
FLOORING AMERICA,Flooring America,facilities,high
FLOW MSP,FlowMSP,rms,high
FLOWER SHOPPE,The Flower Shoppe,general,high
FLOWMSP,FlowMSP,rms,high
FLUENT INFORMATION MANAGEMENT,Fluent Information Management,unclassified,low
FLYING J,Pilot Flying J,fleet,high
FOLK TAYLOR J,Individuals (names withheld),individuals,high
FOOD RANCH,Food Ranch,general,medium
FOOD SERVICE SUPPLY,Food Service Supply,facilities,high
FOOTHILL FITNESS EQUIPMENT,Foothill Fitness Equipment,medical-exams,high
FOOTHILLS ENGINEERING,Foothills Engineering,construction,medium
FORD SQUARE OF MT VERNON,Ford Square of Mt. Vernon,fleet,high
FOREIGN TRAN FEE,Foreign transaction fee,finance,medium
FOREMASTER SCREEN PRINTING AND DESIGN,Foremaster Screen Printing & Design,uniforms,medium
FOREMOST PROMOTIONS,Foremost Promotions,general,medium
FORENSIC NURSING SERVICES,Forensic Nursing Services,professional,low
FORESTRY SUPPLIERS,Forestry Suppliers,wildland,high
FORGE FIRE AND,Forge Fire & Company,training,medium
FORMAN CHAD,Individuals (names withheld),individuals,high
FORSYTHE FIRE,Forsythe Fire,facilities,medium
FORTE COMMERCIAL CLEANING,Forte Commercial Cleaning,facilities,high
FORTITUDE COUPLES AND FAMILY THERAPY,Fortitude Couples and Family Therapy,medical-exams,high
FOUNTAIN GREEN CITY,Fountain Green City,government,high
FOUNTAIN GREEN FIRE DEPT,Fountain Green Fire Department,government,high
FR CONVERSIONS,FR Conversions,ambulance,high
FRAME IT,Frame It,general,medium
FRANDSEN NICK,Individuals (names withheld),individuals,high
FRANK MAY SKI DOO,Frank May Ski-Doo,fleet,high
FRANK MAY SKIDOO,Frank May Ski-Doo,fleet,high
FRANK N MURDOCK JR,Individuals (names withheld),individuals,high
FRANZ BAKERY,Franz Bakery,general,high
FRAUD,No vendor named,placeholder,medium
FRAZER,Frazer,ambulance,high
FREE AND ASSOCIATES,Free & Associates,construction,high
FREEDOM ELECTRIC,Freedom Electric,facilities,high
FREEDOM FORD,Freedom Ford,fleet,high
FREEDOM FORD MERCURY,Freedom Ford,fleet,high
FREEDOM MAILING SERVICES,Freedom Mailing Services,professional,high
FREEPORT CENTER ASSOCIATES,Freeport Center Associates,facilities,low
FREEWAY PROPANE,Freeway Propane,utilities,high
FREQUENCY MOBILE INNOVATIONS,Frequency Mobile Innovations,fleet,medium
FRESH MARKET,Fresh Market,general,high
FRESHWORKS,Freshworks,software,high
FROGGYS FOG,Froggy's Fog,training,medium
FRONTIER,Frontier Communications,telecom,high
FRONTIER COMMUNICATIONS,Frontier Communications,telecom,high
FRONTIER PHONE,Frontier Communications,telecom,high
FRONTIER TRAILERS AND ROPER SUPPLY,Frontier Trailers & Roper Supply,fleet,high
FRONTLINE FLOORING,Frontline Flooring,facilities,high
FRQ,FRQ,unclassified,low
FTS FOREST TECHNOLOGY SYSTEMS,FTS Forest Technology Systems,wildland,medium
FUEL NETWORK,Utah Fuel Network,fleet,high
FUEL NETWORK TEAM,Utah Fuel Network,fleet,high
FUEL NETWORK UTAH DGO FLEET OPERATIONS,Utah Fuel Network,fleet,high
FUEL UT STATE SYSTEM,Utah Fuel Network,fleet,high
FUELMAN,Fuelman,fleet,high
FUELMAN FLEET CARD,Fuelman,fleet,high
FULLY INVOLVED LEATHERWORKS,Fully Involved Leatherworks,uniforms,medium
FULLY INVOLVED STITCHING,Fully Involved Stitching,uniforms,high
FUSION IMAGING,Fusion Imaging,professional,medium
G AND H GARBAGE SERVICE,G & H Garbage Service,utilities,high
G AND L PROPANE,G&L Propane,utilities,high
G3 FIRE,G3 Fire,unclassified,low
GABRIEL ROEDER SMITH AND,Gabriel Roeder Smith & Company,professional,high
GABRIELA NAVARRO,Individuals (names withheld),individuals,high
GALLAGHER BENEFIT SERVICES,Gallagher Benefit Services,professional,high
GALLERY COLLECTION,The Gallery Collection,general,medium
GALLOWAY,Individuals (names withheld),individuals,high
GALLOWAY AND,Galloway & Company,construction,high
GALLS,Galls,uniforms,high
GALLS PARENT HOLDINGS,Galls,uniforms,high
GARAGE DOOR SERVICE AND REPAIR,Garage Door Service & Repair,facilities,high
GARAGE DOORS ONLY,Garage Doors Only,facilities,high
GARAGE KINGS SLC,Garage Kings SLC,facilities,medium
GARAGE TECHNOLOGIES,Garage Technologies,ambulance,medium
GARDNER ENGINEERING,Gardner Engineering,construction,high
GARFIELD COUNTY SHERIFFS OFFICE,Garfield County Sheriff's Office,government,medium
GARKANE ENERGY,Garkane Energy,utilities,high
GARKANE ENERGY COOPERATIVE,Garkane Energy,utilities,high
GARKANE ENERGY COOPERATIVE IN,Garkane Energy,utilities,high
GARKANE PROPANE,Garkane Propane,utilities,high
GARLAND CITY,Garland City,government,high
GARLAND FIRE DEPARTMENT,Garland Fire Department,government,high
GARMIN,Garmin,general,medium
GARY PETERSEN,Individuals (names withheld),individuals,high
GARYS SHOES,Gary's Shoes,uniforms,low
GAUMARD SCIENTIFIC,Gaumard Scientific,training,medium
GAVIN HARRIS,Individuals (names withheld),individuals,high
GAYLON PUGHS DRIVELINES,Gaylon Pugh's Drivelines,fleet,high
GBH OPERATIONS TINKS SUPERIOR AUTO PARTS,Tink's Superior Auto Parts,fleet,high
GCR,GCR Tires & Service,fleet,medium
GCR TIRE CENTER,GCR Tires & Service,fleet,high
GCR TIRES AND SERVICE,GCR Tires & Service,fleet,high
GCS BILLING,GCS Billing,ems-billing,high
GCS BILLINGS,GCS Billing,ems-billing,high
GEAR GRID,GearGrid,facilities,high
GEAR WASH,Fire-Dex,ppe,medium
GEARGRID,GearGrid,facilities,high
GEHRKE,Individuals (names withheld),individuals,high
GEM AWARDS,Gem Awards,general,low
GEM ENGINEERING,GEM Engineering,construction,high
GENCOMM,GenComm,radios,low
GENERATION SYSTEMS,Generation Systems,facilities,medium
GENERATOR EXCHANGE,Generator Exchange,facilities,medium
GENERATOR STARTER SERVICE AND SUPPLY,Generator Starter Service & Supply,fleet,medium
GENEVA COMMUNICATIONS AND CONTROL,Geneva Communications and Control,it,medium
GENEVA ROCK PRODUCTS,Geneva Rock Products,construction,high
GENOLA PUBLIC SAFETY BUILDING,Genola Public Safety Building,government,low
GEORGE CASEY COLEMAN,Individuals (names withheld),individuals,medium
GEORGE HUMPHREYS,Individuals (names withheld),individuals,high
GERALD C NEIL,Individuals (names withheld),individuals,high
GERALD MICHAEL WAHLBERG,Individuals (names withheld),individuals,medium
GERBER CONSTRUCTION,Gerber Construction,construction,high
GERMAIN JEFF,Individuals (names withheld),individuals,high
GET STREAMLINE,Streamline,software,high
GET TRAINED UTAH,Get Trained Utah,training,high
GH TURNER DESIGN,GH Turner Design,construction,high
GIBBY FLORAL,Gibby Floral,general,high
GIBSON BRIJETTE CAROROL JASON L,Individuals (names withheld),individuals,medium
GILBERT AND STEWART,Gilbert & Stewart,professional,high
GILBERT STEWART,Gilbert & Stewart,professional,high
GILES GLASS,Giles Glass,fleet,medium
GILLETT DIESEL SERVICE,Gillett Diesel Service,fleet,high
GILLEY FAB ENTERPRISES,Gilley Fab Enterprises,fleet,low
GILMORE AND BELL,Gilmore & Bell,professional,high
GILMORE BELL,Gilmore & Bell,professional,high
GLASS AMERICA,Glass America,fleet,high
GLASS MASTERS,Glass Masters,fleet,low
GLEN STACY,Individuals (names withheld),individuals,high
GLENNS ELECTRIC,Glenn's Electric,facilities,high
GLENS KEY,Glen's Key,facilities,high
GLENS SHADES DIESEL,Glen's Shade's Diesel,fleet,high
GLOBAL INDUSTRIAL,Global Industrial,general,high
GLOBAL MACHINERY,Global Machinery,unclassified,low
GLOBAL SECURITY,Global Security,unclassified,low
GLOBAL VINYL FENCING,Global Vinyl Fencing,facilities,high
GLOBALSTAR USA,Globalstar,telecom,high
GME SUPPLY,GME Supply,fire-equipment,medium
GODADDY,GoDaddy,software,high
GODADDY COM,GoDaddy,software,high
GOLD CROSS AMBULANCE,Gold Cross Services,ems-billing,medium
GOLD CROSS AMBULANCE SERVICES,Gold Cross Services,ems-billing,medium
GOLD CROSS SERVICES,Gold Cross Services,ems-billing,high
GOLD CUP SERVICES,Gold Cup Services,general,medium
GOLD STAR AWARDS AND ENGRAVING,Gold Star Awards & Engraving,general,medium
GOLDEN CORRAL,Golden Corral,general,high
GOLDEN SPIKE ELECTRIC,Golden Spike Electric,facilities,high
GOLDEN SPIKE FIRE PROTECTION,Golden Spike Fire Protection,facilities,medium
GOLDEN SPIKE LEATHERWORK,Golden Spike Leatherwork,uniforms,medium
GOLDEN SPIKE OFFROAD,Golden Spike Offroad,fleet,medium
GOLDEN SPIKE POWERSPORTS,Golden Spike Powersports,fleet,high
GOLDEN WEST CREDIT UNION,Golden West Credit Union,finance,high
GOLDEN WEST INDUSTRIAL SUPPLY,Golden West Industrial Supply,general,high
GOLDSTAR PRODUCTS,Goldstar Products,unclassified,low
GOODSON SIGNS,Goodson Signs,professional,medium
GOODYEAR TIRE AND SERVICE,Goodyear,fleet,high
GOOGLE,Google,software,high
GORDONS ACE HARDWARE NEPHI,Ace Hardware,facilities,high
GORILLA BOX,Gorilla Box,facilities,medium
GOSHEN CITY,Goshen Town,government,high
GOTO COMMUNICATIONS,GoTo,telecom,medium
GOULD ARCHITECTS,Gould + Architects,construction,high
GOVCONNECTION,Connection,it,high
GOVCONNECTION CONNECTION PUBLIC SECTOR SOLUTIONS,Connection,it,high
GOVERNMENTJOBS COM,NEOGOV,software,high
GRAB N GROWL DUTCH OVEN CATERING,Grab 'N Growl Dutch Oven Catering,general,high
GRACE SUMMER,Individuals (names withheld),individuals,high
GRAHAM FIRE APPARATUS,Graham Fire Apparatus,apparatus,high
GRAHAM FIRE APPARATUS SALES,Graham Fire Apparatus,apparatus,high
GRAHAM FIRE APPARATUS SALES AND,Graham Fire Apparatus,apparatus,high
GRAHAM FIRE APPARATUS SALES AND SERVICE,Graham Fire Apparatus,apparatus,high
GRAHAM FIRE APPARATUS SALES AND SERVICE LL,Graham Fire Apparatus,apparatus,high
GRAHAM FIRE APPARATUS SALES SERVICE,Graham Fire Apparatus,apparatus,high
GRAIL,Grail,professional,medium
GRAINGER,Grainger,general,high
GRAINGER WW,Grainger,general,high
GRAMMARLY,Grammarly,software,high
GRAND CONSERVATION DISTRICT,Grand Conservation District,government,high
GRAND COUNTY,Grand County,government,high
GRAND TIRE PROS,Grand Tire Pros,fleet,high
GRANITE SEED,Granite Seed,wildland,low
GRANITE TELECOMMUNICATIONS,Granite Telecommunications,telecom,high
GRANT AUTOMOTIVE,Grant Automotive,fleet,high
GRANT BRIMHALL,Individuals (names withheld),individuals,high
GRANT G GLOVER,Individuals (names withheld),individuals,high
GRANT HEAD,Individuals (names withheld),individuals,high
GRANT SHEPPARD,Individuals (names withheld),individuals,high
GRANT WRITING U 702 592 7251C,Grant Writing USA,training,medium
GRANT WRITING USA,Grant Writing USA,training,medium
GRANTS CWDG GRANT RIM TO RIM RESTORATION,Rim to Rim Restoration,wildland,medium
GRANTSVILLE CITY FIRE DEPT,Grantsville City Fire Department,government,high
GRAPHIC SIGNS,Graphic Signs,professional,medium
GRASS VALLEY MERCANTILE,Grass Valley Mercantile,general,high
GRAY PRINT MEDIA,Gray Print Media,professional,high
GREASE MONKEY,Grease Monkey,fleet,high
GREASE MONKEY 790,Grease Monkey,fleet,high
GREAT BASIN SEED,Great Basin Seed,wildland,low
GREAT HARVEST,Great Harvest,general,high
GREAT WESTERN BUILDING SYSTEMS,Great Western Building Systems,construction,high
GREAT WESTERN SUPPLY,Great Western Supply,general,low
GREATER SALT LAKE MUNICIPAL SERVICE DIST,Greater Salt Lake Municipal Services District,government,high
GREEN ACRE LANDSCAPE SERVICES,Green Acre Landscape Services,facilities,high
GREEN AND DEMILLE ENTERPRISES,Green & DeMille Enterprises,facilities,low
GREENE STEWART E,Individuals (names withheld),individuals,high
GREENHOLLOW GRILL AND CATERING,Greenhollow Grill & Catering,general,high
GREERS HARDWARE,Greer's Hardware,facilities,high
GREG SCOTT,Individuals (names withheld),individuals,high
GREG STEWART,Individuals (names withheld),individuals,high
GREY 8 SERVICE,Grey 8 Service,facilities,medium
GRIFFITHS AND TURNER,Griffiths & Turner,unclassified,low
GRILL,The Company Grill,general,medium
GRIZZLY GRAPHICS,Grizzly Graphics,unclassified,low
GROUND CONTROL SYSTEMS,Ground Control Systems,telecom,medium
GROVER EXCAVATION,Grover Excavation,construction,high
GRSEP,GRSEP,professional,medium
GRUNDVIG AARON,Individuals (names withheld),individuals,high
GSBS GSBS ARCHITECTS,GSBS Architects,construction,high
GSH GEOTECHNICAL,GSH Geotechnical,construction,high
GT ENTERPRISES,G.T. Enterprises,unclassified,low
GT TITLE SERVICES,GT Title Services,finance,high
GUARDIAN,Guardian,payroll,low
GUNNISON CITY,Gunnison City,government,high
GUNNISON CITY FIRE DEPARTMENT,Gunnison Fire Department,government,high
GUNNISON FIRE DEPARTMENT,Gunnison Fire Department,government,high
GUNNISON FLORAL,Gunnison Floral,general,high
GUNNISON IMPLEMENT,Gunnison Implement,fleet,medium
GUNNISON MARKET,Gunnison Market,general,high
GUNSLINGER FORGE,Gunslinger Forge,unclassified,low
GUNTHERS COMFORT AIR,Gunther's Comfort Air,facilities,high
GUNTHERS HEATING COOLING PLUMBING AND SOLAR,Gunther's Comfort Air,facilities,medium
GUSTAVE A LARSON,Gustave A. Larson,facilities,high
GVC INDUSTRIES,GVC Industries,unclassified,low
GWENS ELECTRIC,Gwen's Electric,facilities,medium
H AND E EQUIPMENT SERVICES,H&E Equipment Services,facilities,medium
H AND H DOORS,H&H Doors,facilities,high
H6 TACTICAL,H6 Tactical,unclassified,low
HAAS ALERT,HAAS Alert,software,medium
HABIT,The Habit Burger Grill,general,high
HACKING PAVING AND EXCAVATION,Hacking Paving and Excavation,construction,high
HAFEN BUCKNER CERTIFIED PUBLIC ACCOUNTANTS,Hafen Buckner Everett & Graff,professional,high
HAFEN BUCKNER EVERETT AND GRAFF,Hafen Buckner Everett & Graff,professional,high
HAGERTY CONSULTING,Hagerty Consulting,professional,high
HAIX,HAIX,ppe,medium
HALE OIL,Hale Oil,fleet,medium
HALES ENGINEERING,Hales Engineering,construction,high
HALL,Individuals (names withheld),individuals,high
HALL GARRICK,Individuals (names withheld),individuals,high
HALL OIL,Hall Oil,fleet,high
HALLAM ENTERPRISES,Hallam Enterprises,uniforms,low
HALO BRANDED SOLUTIONS,Halo Branded Solutions,professional,high
HALUSKA STEVE J,Individuals (names withheld),individuals,high
HAMILTON MEDICAL,Hamilton Medical,ems-equipment,high
HAMPTON INN,Hampton Inn,training,high
HANDTEVY,Handtevy,software,medium
HANSEL ALEC J,Individuals (names withheld),individuals,high
HANSEN AND ASSOCIATES,Hansen & Associates,construction,medium
HANSEN LOCKSMITH,Hansen Locksmith,facilities,high
HANSEN LOCKSMITH SERVICE,Hansen Locksmith,facilities,high
HANSENS COLLISION CENTER,Hansen's Collision Center,fleet,high
HAPI,HAPI,unclassified,low
HARBOR FREIGHT,Harbor Freight Tools,facilities,high
HARBOR FREIGHT TOOLS,Harbor Freight Tools,facilities,high
HARDY RULON BRENT,Individuals (names withheld),individuals,high
HARKEN,Harken,fire-equipment,medium
HARLEY DAVIDSON OF SLC,Harley-Davidson of Salt Lake City,fleet,high
HARMON TIRE,Harmon Tire,fleet,high
HARMONS,Harmons,general,high
HARMONY VALLEY FIRE DISTRICT,Harmony Valley Fire District,government,high
HARRIS,Harris,unclassified,low
HARRIS JONATHAN,Individuals (names withheld),individuals,high
HARRIS MOUNTAIN WEST,Harris Mountain West,construction,medium
HARRISON FARMER,Individuals (names withheld),individuals,high
HARRISON JOSEPH,Individuals (names withheld),individuals,high
HART FLOOR,Hart Floor Company,facilities,high
HART KENT MICHAEL,Individuals (names withheld),individuals,high
HARTFORD,The Hartford,insurance,medium
HARWARD AND REES,Harward & Rees,construction,high
HATCH TOWN,Hatch Town,government,high
HATTABAUGH PAINT WERKS,Hattabaugh Paint Werks,construction,medium
HAVILAND SUBDIVISION,No vendor named,placeholder,low
HAWKS JANITORIAL CONTRACTING,Hawks Janitorial Contracting,facilities,high
HAYES GODFREY BELL,Hayes Godfrey Bell,professional,high
HAZARD CONTROL TECHNOLOGIES,Hazard Control Technologies,fire-equipment,high
HAZMAT RESOURCE,Hazmat Resource,unclassified,low
HAZTECH SYSTEMS,HazTech Systems,fire-equipment,high
HB WORKPLACES,HB Workplaces,facilities,high
HBME,HBME,professional,high
HEALTH EQUITY,HealthEquity,payroll,high
HEALTH JOY,HealthJoy,payroll,medium
HEALTHCARE WASTE SERVICES,Healthcare Waste Services,utilities,medium
HEALTHEQUITY,HealthEquity,payroll,high
HEART OF MATTER SOLUTIONS,Heart of the Matter Solutions,unclassified,low
HEATH BILL,Individuals (names withheld),individuals,high
HEATH HILLMAN GARAGE DOORS,Heath Hillman Garage Doors,facilities,high
HEATHER MCKEE SIMPLE PLEASURES DESIGNS,Individuals (names withheld),individuals,medium
HEAVY RESCUE TRAINING,Heavy Rescue Training,training,high
HEBER AND PARK CITY APPLIANCE,Heber Appliance,facilities,high
HEBER APPLIANCE,Heber Appliance,facilities,high
HEBER CITY,Heber City,government,high
HEBER CITY CARQUEST,Carquest Auto Parts,fleet,high
HEBER LIGHT AND POWER,Heber Light & Power,utilities,high
HEBER VALLEY SPECIAL SERVICE DISTRICT,Heber Valley Special Service District,utilities,medium
HEIDIS DAYCARE,Individuals (names withheld),individuals,medium
HEIMAN FIRE,Heiman Fire Equipment,fire-equipment,high
HEIMAN FIRE EQUIPMENT,Heiman Fire Equipment,fire-equipment,high
HELENA REIGONAL AIRPORT AUTHORITY,Helena Regional Airport Authority,government,medium
HELPER CITY,Helper City,government,high
HELPER MUNICIPAL,Helper City,government,high
HEN NOZZLES,HEN Nozzles,fire-equipment,high
HENRIEVILLE TOWN,Henrieville Town,government,high
HENRY SCHEIN,Henry Schein,ems-supplies,high
HENRY SCHEIN EMS,Henry Schein,ems-supplies,high
HENRY SCHEIN FIRE,Henry Schein,ems-supplies,high
HENRY SCHEIN MATRIX MEDICAL,Henry Schein,ems-supplies,high
HENRY SCHEIN MATRRX MEDICAL,Henry Schein,ems-supplies,high
HENRY SCHEIN MATRX MEDICAL,Henry Schein,ems-supplies,high
HENRY YEATES,Individuals (names withheld),individuals,high
HEPNER PJ,Individuals (names withheld),individuals,medium
HERALD JOURNAL,Herald Journal,professional,high
HERITAGE CHRYSLER DODGE JEEP RAM,Heritage Chrysler Dodge Jeep Ram,fleet,high
HERITAGE CHRYSLER DODGE JEEP RAM OF LOGA,Heritage Chrysler Dodge Jeep Ram,fleet,high
HERITAGE FORD OF VERNAL,Heritage Ford of Vernal,fleet,high
HERITAGE MOTOR,Heritage Motor Company,fleet,medium
HERMANSENS,Hermansen's Hardware,facilities,high
HERMANSENS EQUIPMENT,Hermansen's Equipment,fleet,medium
HERRICK INDUSTRIAL SUPPLY,Herrick Industrial Supply,general,high
HERRIMAN CITY,Herriman City,government,high
HERTZ,Hertz,training,medium
HEXCLAD COOKWARE,HexClad,general,medium
HICKMAN MICHAEL O,Individuals (names withheld),individuals,high
HIGGINS BODY AND PAINT,Higgins Body & Paint,fleet,high
HIGH ALTITUDE HEATING AND COOLING BEN LEAVITT,High Altitude Heating and Cooling,facilities,high
HIGH POWER,High Power,unclassified,low
HIGHER HEALING,Higher Healing,medical-exams,low
HIGHLAND CITY,Highland City,government,high
HIGHMARK CONSTRUCTION,Highmark Construction,construction,high
HIGHWAY PRODUCTS,Highway Products,apparatus,medium
HIGLEY MAXMILIAN,Individuals (names withheld),individuals,high
HILLS HEATING AND AIR CONDITIONING,Hill's Heating & Air Conditioning,facilities,high
HILLSIDE TIRE AND SERVICE,Hillside Tire & Service,fleet,high
HILTON,Hilton,training,high
HILTON GARDEN INN,Hilton Garden Inn,training,high
HINCKLEY TOWN,Hinckley Town,government,high
HINTON BURDICK,Hinton Burdick,professional,high
HIRERIGHT,HireRight,professional,high
HIRSCHI ROOFING AND INSULATION,Hirschi Roofing & Insulation,construction,high
HIRSHFELD TYLER RAYMOND,Individuals (names withheld),individuals,high
HKE,HKE Inc,unclassified,low
HOBBY LOBBY,Hobby Lobby,general,high
HOFFMAN,Individuals (names withheld),individuals,medium
HOG TROUGH MTBRF 022161 STATE OF UTAH,State of Utah,government,high
HOGAN AND ASSOCIATES CONSTRUCTION,Hogan & Associates Construction,construction,high
HOGAN CONSTRUCTION,Hogan & Associates Construction,construction,high
HOLDEN TOWN,Holden Town,government,high
HOLIDAY INN,Holiday Inn,training,high
HOLIDAY INN EXPRESS,Holiday Inn Express,training,high
HOLIDAY INN ST GEORGE,Holiday Inn,training,high
HOLIDAY OIL,Holiday Oil,fleet,high
HOLLAND EQUIPMENT,Holland Equipment,fleet,low
HOLLEYS SERVICE,Holley's Service,fleet,high
HOLLIDAY WATER,Holliday Water Company,utilities,high
HOLLY BASSETT,Individuals (names withheld),individuals,high
HOLT,Holt & Company,unclassified,low
HOLT AND,Holt & Company,unclassified,low
HOLT CLEANING SUPPLY,Holt Cleaning Supply,facilities,medium
HOME DEPOT,Home Depot,facilities,high
HOME DEPOT CREDIT SERVICES,Home Depot,facilities,high
HOME2 SUITES,Home2 Suites,training,high
HOMER ROOFING,Homer Roofing,facilities,high
HOMETOWN TIRE AND AUTO,Hometown Tire & Auto,fleet,high
HOMEWOOD SUITES,Homewood Suites,training,high
HON,HON,facilities,medium
HONE PROPANE,Hone Propane,utilities,high
HONEY BUCKET,Honey Bucket,facilities,high
HONEY POULSON,Individuals (names withheld),individuals,high
HONEYVILLE CITY,Honeyville City,government,high
HONEYWELL ANALYTICS,Honeywell,fire-equipment,medium
HONEYWELL INT,Honeywell,fire-equipment,low
HONNEN EQUIPMENT,Honnen Equipment,fleet,medium
HONOR GUARD CLINICS AND SCHOOLS,Honor Guard Clinics and Schools,training,high
HOOPER WATER IMPROVEMENT DISTRICT,Hooper Water Improvement District,utilities,high
HOPN APPAREL,Hop'n Apparel,uniforms,high
HORSEPOWER FLEET SERVICES,Horsepower Fleet Services,fleet,medium
HORSESHOE MOUNTAIN HOME CENTER,Horseshoe Mountain Home Center,facilities,high
HOSE AND RUBBER SUPPLY,Hose & Rubber Supply,general,medium
HOTELS COM,Hotels.com,training,high
HOUSE OF GLASS,House of Glass,facilities,medium
HOWARD SAMUEL,Individuals (names withheld),individuals,high
HOWCROFT FIELD SERVICES,Howcroft Field Service,fleet,medium
HP,HP,it,high
HP INSTANT INK,HP,it,high
HR PERFORMANCE SOLUTIONS,HR Performance Solutions,professional,high
HR SERVICE,HR Service,professional,medium
HRPRO,HrPro,professional,low
HUG HES,Hug-Hes,unclassified,low
HUGHES AND SONS,Hughes and Sons,unclassified,low
HUGHES WASTE HAULERS,Hughes Waste Haulers,utilities,high
HUMPHRIES,Humphries,ems-supplies,high
HUNT CORBIN,Individuals (names withheld),individuals,high
HUNT STEPHEN J,Individuals (names withheld),individuals,high
HUNTINGTON CITY,Huntington City,government,high
HURRICANE CITY,Hurricane City,government,high
HURRICANE FAMILY PHARMACY,Hurricane Family Pharmacy,ems-supplies,high
HURRICANE VALLEY FIRE,Hurricane Valley Fire Special Service District,government,high
HURRICANE VALLEY FIRE DISTRICT,Hurricane Valley Fire Special Service District,government,high
HURRICANE VALLEY FIRE SPECIAL SERVICES DISTRICT,Hurricane Valley Fire Special Service District,government,high
HURST ACE HARDWARE,Hurst Ace Hardware,facilities,high
HURST STORES,Hurst Ace Hardware,facilities,medium
HUSKIEZ LANDSCAPING,Huskiez Landscaping,facilities,high
HWY 6 FIRE STATE OF UTAH,State of Utah,government,high
HY KO SUPPLY,Hy-Ko Supply,facilities,high
HYATT,Hyatt,training,high
HYDE PARK CITY,Hyde Park City,government,high
HYMAS 5 ENTERPRISES,Hymas 5 Enterprises,unclassified,low
HYRUM CITY,Hyrum City,government,high
HYRUM TIRE,Hyrum Tire,fleet,high
I FOUR MEDIA,I-Four Media,uniforms,low
IA MED,Immediate Action Medicine,unclassified,medium
IAAI,International Association of Arson Investigators,training,medium
IAFC MEMBERSHIP,International Association of Fire Chiefs,training,high
IAMED,IAMED,training,medium
IAMRESPONDING COM,IamResponding,software,medium
IAN NELSON,Individuals (names withheld),individuals,high
IBM,IBM,software,low
IBSC,IBSC,training,medium
IC GROUP,IC Group,unclassified,low
ICARUS FIRE AND EQUIPMENT,Icarus Fire and Equipment,fire-equipment,medium
ICMA RETIREMENT,MissionSquare Retirement,payroll,medium
ICON GLASS,Icon Glass,fleet,medium
ICONIC ELEMENTS,Iconic Elements,apparatus,low
ICS CONSULTANTS,ICS Consultants,professional,medium
IDAHO COMMUNICATIONS,Idaho Communications,radios,low
IDAHO FIRE TECHNOLOGIES,Idaho Fire Technologies,wildland,low
IDENTIFIRE,IdentiFire,fire-equipment,medium
IDENTISYS,IdentiSys,software,medium
IDVILLE,IDVille,it,medium
IEM INTERNATIONAL,IEM International,professional,medium
IFA,Intermountain Farmers Association,general,medium
IFIT FKA ICON HEALTH AND FITNESS,iFit,medical-exams,high
IHC HEALTH SERVICES,Intermountain Health,medical-exams,high
IHC WORKMED,Intermountain Health,medical-exams,high
IHC WORKMED ACCOUNTS,Intermountain Health,medical-exams,high
IHC WORKMED OREM,Intermountain Health,medical-exams,high
IHEARTMEDIA,iHeartMedia,professional,medium
IHOP,IHOP,general,high
IIA LIFTING SERVICES,IIA Lifting Services,apparatus,medium
IKEA,IKEA,facilities,medium
IMAGE MATTERS,Image Matters,uniforms,medium
IMAGE TREND,ImageTrend,rms,high
IMAGETREND,ImageTrend,rms,high
IMAGING CONCEPTS,Imaging Concepts,unclassified,low
IML SECURITY SUPPLY,IML Security Supply,facilities,high
IMMEDIATE ACTION MEDICINE,Immediate Action Medicine,unclassified,low
IMPACT DIESEL,Impact Diesel,fleet,medium
IMPACT EMS TRAINING,Impact EMS Training,training,high
IMPACT PHOTOGRAPHY,Impact Photography,professional,low
IMPROVISATIONS,Improvisations,unclassified,low
IMS ALLIANCE,IMS Alliance,unclassified,low
INDEED,Indeed,professional,medium
INDIVIDUAL,Individuals (names withheld),individuals,high
INDUSTRIAL SAFETY EQUIPMENT,Industrial Safety Equipment,general,low
INDUSTRIAL SUPPLY,Industrial Supply,general,medium
INDUSTRIAL TOOL AND SUPPLY,Industrial Tool & Supply,general,medium
INFOWEST,InfoWest,telecom,high
INK SPOT,The Ink Spot,unclassified,low
INKED THREADS,Inked Threads,uniforms,medium
INLINE LANDSCAPE,Inline Landscape,facilities,high
INNOVATIVE COMMUNICATIONS,Innovative Communications,it,medium
INNOVATIVE FIRE PROTECTION ALLIANCE FIRE AND SAFETY,Alliance Fire & Safety,facilities,medium
INSANE DIESEL,Insane Diesel,fleet,medium
INSIDE ELEMENTS,Inside Elements,facilities,medium
INSIGHT PUBLIC SECTOR,Insight Public Sector,it,high
INTEREST PAYMENT TRAN 2021,TRAN interest payment,finance,high
INTEREST PAYMENT TRAN 2022,TRAN interest payment,finance,high
INTERFORM,Interform,unclassified,low
INTERIOR ALLIANCE,Interior Alliance,facilities,low
INTERMOUNTAIN BATTERY,Intermountain Battery,fleet,medium
INTERMOUNTAIN BOBCAT,Intermountain Bobcat,fleet,medium
INTERMOUNTAIN CONCRETE SPEC,Intermountain Concrete Specialties,facilities,low
INTERMOUNTAIN CONCRETE SPECIALTIES,Intermountain Concrete Specialties,facilities,low
INTERMOUNTAIN EMERGENCY VEHICLE UPFITTIN,Intermountain Upfitting,fleet,medium
INTERMOUNTAIN FARMERS,Intermountain Farmers Association,general,medium
INTERMOUNTAIN FARMERS ASSN,Intermountain Farmers Association,general,medium
INTERMOUNTAIN FARMERS ASSOC,Intermountain Farmers Association,general,medium
INTERMOUNTAIN FIRE PROTECTION,Intermountain Fire Protection,facilities,medium
INTERMOUNTAIN GARAGE DOORS,Intermountain Garage Doors,facilities,high
INTERMOUNTAIN GYM REPAIR,Intermountain Gym Repair,medical-exams,high
INTERMOUNTAIN HEALTH,Intermountain Health,medical-exams,low
INTERMOUNTAIN HEALTHCARE,Intermountain Health,medical-exams,low
INTERMOUNTAIN LOCK AND SECURITY SUPPLY IML,IML Security Supply,facilities,high
INTERMOUNTAIN MEDICAL GROUP,Intermountain Health,medical-exams,low
INTERMOUNTAIN PLANTINGS,Intermountain Plantings,facilities,high
INTERMOUNTAIN REHAB AGENCY,Intermountain Rehab Agency,medical-exams,medium
INTERMOUNTAIN TESTING SERVICE,Intermountain Testing Service,unclassified,low
INTERMOUNTAIN TSHIRT,Intermountain T-Shirt Co,uniforms,medium
INTERMOUNTAIN UPFITTING,Intermountain Upfitting,fleet,medium
INTERMOUNTAIN WIND AND SOLAR,Intermountain Wind & Solar,construction,medium
INTERMOUNTAIN WORK MED,Intermountain Health,medical-exams,high
INTERMOUNTAIN WORKMED,Intermountain Health,medical-exams,high
INTERMOUNTAIN WORKMED CENTRAL BILLING,Intermountain Health,medical-exams,high
INTERMOUNTAIN WORKMED LOGAN,Intermountain Health,medical-exams,high
INTERMOUNTAIN WORKMED OREM,Intermountain Health,medical-exams,high
INTERNAL REVENUE SERVICE,Internal Revenue Service,payroll,high
INTERNAL SERVICE FUND,Utah County Internal Service Fund,government,high
INTERNATIONAL ASSOC OF ARSON INVEST,International Association of Arson Investigators,training,high
INTERNATIONAL ASSOCIATION,International Association (name cut off),training,low
INTERNATIONAL ASSOCIATION OF,International Association (name cut off),training,low
INTERNATIONAL ASSOCIATION OF FIRE CHIEFS,International Association of Fire Chiefs,training,high
INTERNATIONAL CODE COUNCIL,International Code Council,training,high
INTERSTATE ALL BATTERY CENTER,Interstate Batteries,fleet,medium
INTERSTATE BARRICADES,Interstate Barricades,general,low
INTERSTATE BATTERIES,Interstate Batteries,fleet,medium
INTERSTATE BILLING SERVICE,Interstate Billing Service,fleet,medium
INTERSTATE FIRE PROTECTION,Interstate Fire Protection,fire-equipment,low
INTERSTATE FIRE SALES AND SERVICE,Interstate Fire Sales & Service,fire-equipment,low
INTERSTATE GROUP,Interstate Group,unclassified,low
INTERSTATE MOBILE REPAIR,Interstate Mobile Repair,fleet,high
INTERSTATE SIGN,Interstate Sign Company,professional,low
INTERSTATE SPECIALTIES,Interstate Specialties,professional,medium
INTERSTATE TRUCK BODIES,Interstate Truck Bodies,apparatus,medium
INTERTECH COMMUNICATIONS ELECTRIC,Intertech Communications Electric,facilities,medium
INTERWEST REBUILDERS,Interwest Rebuilders,fleet,high
INTERWEST SAFETY SUPPLY,Interwest Safety Supply,general,low
INTERWEST SUPPLY,Interwest Supply,fleet,low
INTL CODE COUNCIL,International Code Council,training,high
INTTERRA,Intterra,software,medium
INTUIT,Intuit,software,high
INTUIT QUICKBOOKS,Intuit,software,high
INVESTIGATIONS INSTITUTE,Investigations Institute,training,high
INVICTUS COATINGS,Invictus Coatings,facilities,low
INVICTUS COUNSELING SUPPORT SERVICE,Invictus Counseling Support Services,medical-exams,high
INWEST TITLE SERVICES,Inwest Title Services,finance,high
IPACO,IPACO,facilities,medium
IPARAMETRICS,iParametrics,professional,medium
IPMA HR,IPMA-HR,training,high
IPORT PRODUCTS,iPort,it,medium
IRBY,Irby,facilities,medium
IRINEO AHUELICAN JIMENEZ,Individuals (names withheld),individuals,high
IRIS AND EMILY,Individuals (names withheld),individuals,medium
IRIS MEDICAL,Iris Medical,ems-billing,medium
IRON GATE CATERING,Iron Gate Catering,general,high
IRS,Internal Revenue Service,payroll,high
IRS DEPOSIT,Internal Revenue Service,payroll,high
ISIMULATE,iSimulate,ems-equipment,medium
ISOLVED,iSolved,software,medium
ISOLVED TALENT ACQUISITION,iSolved,software,medium
ISPYFIRE,iSpyFire,software,medium
ISSAC LEE,Individuals (names withheld),individuals,medium
IT NOW,i.t.Now,it,low
ITTY BITTY EQUIPMENT,Itty Bitty Equipment,fleet,high
IVESTER TREE,Ivester's Tree & Lawn,wildland,medium
IVESTERS TREE AND LAWN,Ivester's Tree & Lawn,wildland,medium
IVINS CITY,Ivins City,government,high
IVORY HOMES,Ivory Homes,unclassified,low
IWORQ,iWorQ,software,medium
IZONUS,iZonus,fire-equipment,medium
J AND D AUTO,J&D Automotive,fleet,high
J AND D AUTOMOTIVE,J&D Automotive,fleet,high
J AND L AUTOMOTIVE REPAIR,J&L Automotive Repair,fleet,high
J AND L GENERAL CONTRACTOR,J&L General Contractor,construction,medium
J AND S AUTO,J&S Auto,fleet,medium
J BAR AUTO,J-Bar Auto,fleet,medium
J BRIANS SMOKEHOUSE,J. Brian's Smokehouse,general,high
J COMM,JComm,radios,medium
J HIGGINS,J. Higgins,uniforms,medium
J MART PRINTING,J-Mart Printing,professional,high
J WILKINSON AND SONS,J Wilkinson & Sons,facilities,low
JACK HARRIS AUTOBODY,Jack Harris Autobody,fleet,high
JACK IN BOX,Jack in the Box,general,high
JACK MORRIS,Jack Morris Company,facilities,medium
JACKIE ANDERSEN,Individuals (names withheld),individuals,medium
JACKS TIRE AND OIL,Jack's Tire & Oil,fleet,high
JACKS TIRE AND OIL MANAGEMENT,Jack's Tire & Oil,fleet,high
JACKS TIRE SERVICE,Jack's Tire & Oil,fleet,medium
JACKSON GROUP PETERBILT,Jackson Group Peterbilt,fleet,medium
JACOB SHEPHERD,Individuals (names withheld),individuals,high
JACOBSEN CHAS,Individuals (names withheld),individuals,high
JACOBSEN HANDICRAFT,Jacobsen Handicraft,construction,medium
JADEN DAVIES,Individuals (names withheld),individuals,high
JAIL INK,Jail Ink,unclassified,low
JAKE BECK,Individuals (names withheld),individuals,high
JAMES WAMSLEY,Individuals (names withheld),individuals,high
JAMIESON MATT,Individuals (names withheld),individuals,high
JAN PRO OF UTAH,Jan-Pro,facilities,high
JANAE SORENSON LCSW,Individual counselors (names withheld),medical-exams,medium
JANIE SOROCHUK,Individuals (names withheld),individuals,high
JARDINE MALASKA CONST SERVICES,Jardine Malaska Construction Services,construction,high
JARED TAYLOR,Individuals (names withheld),individuals,high
JASON GIBBONS,Individuals (names withheld),individuals,high
JASON L TAYLOR,Individuals (names withheld),individuals,high
JASON OCTAVE,Individuals (names withheld),individuals,high
JAYDEN LARSEN,Individuals (names withheld),individuals,high
JAYS AUTO DETAILING,Jay's Auto Detailing,fleet,high
JAYS DIESEL SERVICE,Jay's Diesel Service,fleet,high
JB EXPRESS TIRE,JB Express Tire,fleet,high
JB TIRE SERVICE,JB Tire Service,fleet,high
JBC THREADWORKS,JBC Threadworks,uniforms,medium
JC AUTO,JC Auto,fleet,high
JC CUSTOM WELDING,JC Custom Welding,fleet,medium
JCI,JCI Billing Services,ems-billing,low
JCI BILLING SERVICES,JCI Billing Services,ems-billing,high
JCM CONSULTING,JCM Consulting,professional,medium
JCOMM,JComm,radios,medium
JD PETERSEN PRODUCTS,JD Petersen Products,unclassified,low
JD TRUCK REPAIR,JD Truck Repair,fleet,high
JDS PLUMBING,JDS Plumbing,facilities,high
JE RECON TURNOUT RECON,No vendor named,placeholder,high
JEANNIE BRADSHAW,Individuals (names withheld),individuals,high
JEFF BASSETT,Individuals (names withheld),individuals,high
JEFF HIRSCHI,Individuals (names withheld),individuals,high
JEFF PAULINE,Individuals (names withheld),individuals,medium
JEFFERSON T DAVIS,Individuals (names withheld),individuals,medium
JEFFREY DEAN KIMBAL,Individuals (names withheld),individuals,medium
JELSCO,Jelsco,general,medium
JELSCO AWARDS,Jelsco,general,medium
JENCO GENERATOR,Jenco Generators,facilities,high
JENCO GENERATORS,Jenco Generators,facilities,high
JENDCO SAFETY SUPPLY,Jendco Safety Supply,general,low
JENKINS OIL,Jenkins Oil,fleet,high
JENKINS OIL CEDAR CITY,Jenkins Oil,fleet,high
JENNIFER MCILNAY,Individuals (names withheld),individuals,high
JENSEN CHRISTOPHER,Individuals (names withheld),individuals,high
JENSENS DEPARTMENT STORE,Jensen's Department Store,general,high
JENSENS DEPT STORE,Jensen's Department Store,general,high
JEREMIAHS,Jeremiah's,general,medium
JEREMY KRAGE,Individuals (names withheld),individuals,high
JERRY CHATTERTON,Individuals (names withheld),individuals,high
JERRY SEINER,Jerry Seiner,fleet,medium
JERRY SEINER CHEVROLET,Jerry Seiner,fleet,high
JERRY SEINER CHEVROLET KIA,Jerry Seiner,fleet,high
JERRY SEINER KIA,Jerry Seiner,fleet,high
JERRYS PLUMBING SPECIALTIES,Jerry's Plumbing Specialties,facilities,high
JERSEY MIKES,Jersey Mike's,general,high
JESSE C LANGSTAFF,Individuals (names withheld),individuals,high
JESSICA GRAINGER,Individuals (names withheld),individuals,medium
JESUS ALARCON ANICA,Individuals (names withheld),individuals,high
JG ELECTRIC,JG Electric,facilities,high
JHB GROUP,JHB Group,apparatus,medium
JI ENSPINOSA,Individuals (names withheld),individuals,medium
JIFFY LUBE,Jiffy Lube,fleet,high
JIM AND DAVES SINCLAIR,Jim & Dave's Sinclair,fleet,high
JIM BRYSON JIMMIE BS,Jimmie B's,facilities,medium
JIMMY JOHNS,Jimmy John's,general,high
JIMMYS FLOWER SHOP,Jimmy's Flower Shop,general,high
JIVE LOGMEIN COMMUNICATIONS,GoTo,telecom,high
JN AUTO,JN Auto,fleet,medium
JNJ ENGINEERING,JNJ Engineering,construction,high
JNS MOBILE REPAIR SERVICE,JNS Mobile Repair Service,fleet,low
JOANN,Joann,general,high
JODI MORGAN LPC,Individuals (names withheld),individuals,medium
JOE MCGEE,Individuals (names withheld),individuals,high
JOHANSEN R BART MD,Individuals (names withheld),individuals,medium
JOHN DEERE FINANCIAL,John Deere Financial,finance,medium
JOHN E REID AND ASSOCIATES,John E. Reid & Associates,training,high
JOHN GUILFOIL PUBLIC RELATIONS,John Guilfoil Public Relations,professional,high
JOHN HENNESSEY,Individuals (names withheld),individuals,high
JOHN HICKEY,Individuals (names withheld),individuals,high
JOHN PARAS FURNITURE,John Paras Furniture,facilities,high
JOHN PARAS FURNITURE AND MATTRESS,John Paras Furniture,facilities,high
JOHN PLUMBING,John Plumbing,facilities,medium
JOHN WATSON,Individuals (names withheld),individuals,low
JOHN WATSON CHEVROLET,John Watson Chevrolet,fleet,high
JOHNSON CONTROLS,Johnson Controls,facilities,high
JOHNSON CONTROLS FIRE PROTECTION LP,Johnson Controls,facilities,high
JOHNSON ROBERTS AND ASSOCIATES,Johnson Roberts & Associates,professional,high
JOHNSON TERRY,Individuals (names withheld),individuals,high
JOHNSON TIRE PROS,Johnson Tire Service,fleet,medium
JOHNSON TIRE SERVICE,Johnson Tire Service,fleet,high
JOHNSON WELDING,Johnson Welding,unclassified,low
JOHNSONS DIESEL SERVICE,Johnson's Diesel Service,fleet,high
JOHNSTONE JORDAN,Individuals (names withheld),individuals,high
JOINT COUNCIL,Joint Council of Fire Service Organizations,training,medium
JOINT COUNCIL OF FIRE SERVICE ORG,Joint Council of Fire Service Organizations,training,high
JOLENE WHIPPLE,Individuals (names withheld),individuals,medium
JOLLEY,Individuals (names withheld),individuals,high
JON GRANGROTH,Individuals (names withheld),individuals,high
JON HUNTER RIDPATH,Individuals (names withheld),individuals,medium
JONAH DE LA ROSA,Individuals (names withheld),individuals,high
JONATHAN WISNIEWSKI,Individuals (names withheld),individuals,high
JONES ACE HARDWARE,Ace Hardware,facilities,high
JONES AND ASSOCIATES CONSULTING ENGINEERS,Jones & Associates Consulting Engineers,construction,high
JONES AND BARTLETT LEARNING,Jones & Bartlett Learning,training,high
JONES AND CUSTOM CATERING,Jones & Co Custom Catering,general,medium
JONES AND DEMILLE ENGINEERING,Jones & DeMille Engineering,construction,high
JONES COMMUNICATIONS EMERGENCY VEHICLE SYSTEMS EVS,Emergency Vehicle Systems,apparatus,medium
JONES JASON BRADLEY,Individuals (names withheld),individuals,high
JONES PAINT AND GLASS,Jones Paint & Glass,facilities,high
JONES TAYLOR,Individuals (names withheld),individuals,high
JONES TYLER,Individuals (names withheld),individuals,high
JONES WALDO HOLBROOK AND MCDONOUGH,Jones Waldo,professional,high
JORDAN ANDERSEN,Individuals (names withheld),individuals,medium
JORDAN ANDERSON,Individuals (names withheld),individuals,medium
JORDAN BASIN IMPROVEMENT DISTRICT,Jordan Basin Improvement District,utilities,high
JORDAN CAMPER,Jordan Camper,unclassified,low
JORDAN COMMONS FUNDING,Jordan Commons Funding,unclassified,low
JORDAN GARDEN CENTER,Jordan Garden Center,facilities,low
JORDAN SINGLETON MD,Individuals (names withheld),individuals,medium
JORDAN STEPHENS,Individuals (names withheld),individuals,high
JORDAN VALLEY MEDICAL CENTER,Jordan Valley Medical Center,medical-exams,medium
JORDAN VALLEY WATER CONS DIST,Jordan Valley Water Conservancy District,utilities,high
JORDAN VALLEY WATER CONSERVANC,Jordan Valley Water Conservancy District,utilities,high
JORDANELLE SPECIAL SERVICE DIS,Jordanelle Special Service District,utilities,medium
JORDON CHANDLER,Individuals (names withheld),individuals,medium
JORGENSEN CHEVROLET,Jorgensen's,fleet,medium
JORGENSEN HONDA,Jorgensen's,fleet,medium
JORGENSENS,Jorgensen's,fleet,high
JOSE GARAGE DOORS,Jose Garage Doors,facilities,high
JOSEPH LARIMER,Individuals (names withheld),individuals,high
JOSH ELLIS,Individuals (names withheld),individuals,high
JOSH MARSHALL,Individuals (names withheld),individuals,high
JOSHUA GARCIA,Individuals (names withheld),individuals,high
JOTFORM,Jotform,software,high
JOYCE MANSON,Individuals (names withheld),individuals,high
JP MORGAN EQUIPMENT FINANCE,J.P. Morgan Equipment Finance,finance,high
JR BROWN,Individuals (names withheld),individuals,medium
JSR SERVICES,JSR Services,unclassified,low
JSSFD CAPITAL PROJECTS,No vendor named,placeholder,medium
JTP CONSULTANTS,JTP Consultants,professional,medium
JUAB COUNTY,Juab County,government,high
JUAB COUNTY ROAD DEPARTMENT,Juab County,government,high
JUB ENGINEERS,J-U-B Engineers,construction,high
JUDGE NETTING,Judge Netting,facilities,low
JUST 4 MOTORSPORTS,Just 4 Motorsports,fleet,high
JUST RIGHT HEATING AND COOLING,Just Right Heating & Cooling,facilities,high
JUSTIN BOTT TOOLS,Justin Bott Tools,fleet,medium
JUSTIN KELTON WEBB,Individuals (names withheld),individuals,high
JUSTIN PETERSON,Individuals (names withheld),individuals,high
JWO ENGINEERING,JWO Engineering,construction,high
JYTTE,Individuals (names withheld),individuals,medium
K 4 DESIGN,K4 Design,unclassified,low
K AND B SERVICE,K&B Service,unclassified,low
K AND C CERTIFIED PUBLIC ACCOUNTANTS,Keddington & Christensen,professional,high
K AND C CPAS,Keddington & Christensen,professional,high
K AND H INTEGRATED PRINT SOLUTIONS,K&H Integrated Print Solutions,it,medium
K AND K SANITATION,K&K Sanitation,utilities,medium
K AND N AUTOMOTIVE,K&N Automotive,fleet,high
K AND S BLACKNER,Individuals (names withheld),individuals,medium
K BELL PLUMBLING AND HEATING,K-Bell Plumbing & Heating,facilities,medium
K SPATAFORE DESIGN,K Spatafore Design,unclassified,low
KAESER AND BLAIR,Kaeser & Blair,professional,high
KAESER COMPRESSORS,Kaeser Compressors,facilities,low
KAMAS CITY,Kamas City,government,high
KANAB CUSTOM MEATS,Kanab Custom Meats,general,high
KANESHIRO KYLE,Individuals (names withheld),individuals,high
KANOSH TOWN,Kanosh Town,government,high
KANSAS TURNPIKE AUTHORITY,Kansas Turnpike Authority,government,medium
KANZEE CHASE,Individuals (names withheld),individuals,high
KARL ABBOTT,Individuals (names withheld),individuals,high
KARL MALONE,Karl Malone,fleet,medium
KARL MALONE FORD PARK CITY,Karl Malone,fleet,high
KARL MALONE POWER SPORTS,Karl Malone,fleet,high
KARL STORZ ENDOSCOPY AMAERCA,Karl Storz,ems-equipment,high
KARL STORZ ENDOSCOPY AMERICA,Karl Storz,ems-equipment,high
KARLS CARPETS,Karl's Carpets,facilities,high
KATELYN EBARB,Individuals (names withheld),individuals,high
KATELYN LEE,Individuals (names withheld),individuals,high
KAY ELECTRIC,Kay Electric,facilities,high
KAYLA MAY IMOE,Individuals (names withheld),individuals,medium
KAYS KID CORNER,Individuals (names withheld),individuals,high
KAYS KIDDIE CARE AND PRESCHOOL,Individuals (names withheld),individuals,medium
KAYSVILLE CITY,Kaysville City,government,high
KB CONSTRUCTION,KB Construction,construction,high
KB SIGNS,KB Signs,facilities,low
KCHM,KCHM,unclassified,low
KEDDINGTON AND CHRISTENSEN,Keddington & Christensen,professional,high
KEISER,Keiser,medical-exams,high
KEITH JUDDS PRO SERVICE,Keith Judd's Pro Service,fleet,high
KELLER JON,Individuals (names withheld),individuals,high
KELLERSTRASS ENT,Kellerstrass Oil,fleet,high
KELLERSTRASS ENTERPRISES,Kellerstrass Oil,fleet,high
KELLERSTRASS OIL,Kellerstrass Oil,fleet,high
KELLY G SNOW,Individuals (names withheld),individuals,medium
KELLY SOUTER VENTWORX MECHANICAL,Ventworx Mechanical,facilities,high
KELSEY PROCTOR,Individuals (names withheld),individuals,high
KEMP WIRELESS,Kemp Wireless,radios,medium
KEN BEUS ELECTRIC,Ken Beus Electric,facilities,high
KEN BLUEMEL 3764 PRICKLEY PEAR CIRCLE,Individuals (names withheld),individuals,medium
KEN GARFF,Ken Garff,fleet,high
KEN GARFF CHEVROLET,Ken Garff,fleet,high
KEN GARFF FORD,Ken Garff,fleet,high
KEN GARFF FORD WEST VALLEY,Ken Garff,fleet,high
KEN GARFF ST GEORGE FORD,Ken Garff,fleet,high
KEN GARFF WEST VALLEY,Ken Garff,fleet,high
KEN GARFF WEST VALLEY CJDR,Ken Garff,fleet,high
KEN GARFF WEST VALLEY CJDRF,Ken Garff,fleet,high
KEN GARFF WEST VALLEY FORD,Ken Garff,fleet,high
KEN GARFF WV CJD,Ken Garff,fleet,high
KEN GRAFF FORD,Ken Garff,fleet,high
KENDALL ANDERSON,Individuals (names withheld),individuals,high
KENDRICK ELECTRIC,Kendrick Electric,facilities,high
KENETREK BOOTS,Kenetrek Boots,uniforms,medium
KENNEDY NEDRA,Individuals (names withheld),individuals,high
KENNEY RANDY,Individuals (names withheld),individuals,high
KENTS FOODS,Kent's Foods,general,high
KENTS MARKET,Kent's Market,general,high
KENWORTH SALES,Kenworth Sales Company,fleet,high
KEVIN LLOYD 2,Individuals (names withheld),individuals,medium
KEVIN WARD,Individuals (names withheld),individuals,medium
KEY BANK,KeyBank,finance,high
KFT FIRE TRAINER,KFT Fire Trainer,training,high
KHSA,KHSA,unclassified,low
KIER CONSTRUCTION,Kier Construction,construction,high
KIERSTAN SMITH CPA,Individuals (names withheld),individuals,medium
KILGORE COMPANIES,Kilgore Companies,construction,high
KIM BAILEY CONSTRUCTION,Kim Bailey Construction,construction,high
KIM LOVELL,Individuals (names withheld),individuals,high
KIM MYERS,Individuals (names withheld),individuals,medium
KIMBALL AND ROBERTS,Kimball & Roberts,professional,medium
KIMBRA MELVIN,Individuals (names withheld),individuals,high
KIMCO FIRE PROTECTION,Kimco Fire Protection,facilities,medium
KIMTECK,Kimtek,wildland,medium
KIMTEK,Kimtek,wildland,medium
KINETICO QUALITY WATER SYSTEMS,Kinetico,facilities,medium
KING AND KING,King & King,unclassified,low
KING SOOPERS,King Soopers,general,high
KIRILA FIRE TRAINING FACILITIES,Kirila Fire Training Facilities,construction,medium
KIRK MOBILE REPAIR,Kirk Mobile Repair,fleet,low
KIRK VERHAAL,Individuals (names withheld),individuals,high
KLIC,KLIC,unclassified,low
KLW CUSTOMS,KLW Customs,construction,medium
KLYNNE GARDNER,Individuals (names withheld),individuals,medium
KNEADERS,Kneaders,general,high
KNOX,Knox Company,fire-equipment,high
KNOX ASSOCIATES,Knox Company,fire-equipment,high
KNUCKLEBALL GRAPHICS,Knuckleball Graphics,professional,low
KO SAFETY SERVICES,KO Safety Services,fire-equipment,medium
KOBBE KID CARE,Individuals (names withheld),individuals,medium
KOH MECHANICAL CONTRACTORS,KOH Mechanical Contractors,construction,high
KOHLS,Kohl's,general,high
KOLOA,Individuals (names withheld),individuals,high
KOMATSU EQUIPMENT,Komatsu Equipment,fleet,medium
KONE,Kone,facilities,high
KONEXUS,Konexus,software,medium
KOOSER RYAN,Individuals (names withheld),individuals,high
KOPY KATZ,Kopy Katz,professional,high
KOUSINS FLORAL,Kousins Floral,general,high
KPFF CONSULTING ENGINEERS,KPFF Consulting Engineers,construction,high
KRAIG JOHNSON,Individuals (names withheld),individuals,medium
KRISPY KREME,Krispy Kreme,general,high
KRISTIAN KEMP MD,Individuals (names withheld),individuals,medium
KRISTIAN R KEMP,Individuals (names withheld),individuals,medium
KRONOS,UKG,staffing-software,medium
KRT CONSTRUCTION,KRT Construction,construction,high
KS STATE BANK,KS StateBank,finance,high
KS STATEBANK,KS StateBank,finance,high
KS STATEBANK GOVERNMENT FINANCE DEPARTMENT,KS StateBank,finance,high
KTC CONSULTING GROUP,KTC Consulting Group,professional,medium
KUM AND GO,Kum & Go,fleet,medium
KUSSMAUL ELECTRONICS,Kussmaul Electronics,apparatus,medium
KUSTOM CONTAINER,Kustom Container,unclassified,low
KUTAK ROCK,Kutak Rock,professional,high
KYLE BULLOCK,Individuals (names withheld),individuals,high
KYLE COVINGTON DAT,Individuals (names withheld),individuals,medium
KYLE DAVIS,Individuals (names withheld),individuals,high
KYLE MONTGOMERY,Individuals (names withheld),individuals,high
KYLIE RAE EDGERLY,Individuals (names withheld),individuals,high
L AND B DEVELOPMENT,L&B Development,construction,low
L AND L MOTOR,L&L Motor Company,fleet,medium
L AND R LAUNDRY,L&R Laundry,facilities,medium
L AND W SUPPLY,L&W Supply,facilities,high
L3HARRIS,L3Harris,radios,high
L3HARRIS PSPC,L3Harris,radios,high
L3HARRIS TECHNOLOGIES,L3Harris,radios,high
L5 SUPPRESSION SERVICES,L5 Suppression Services,facilities,medium
LA MICHOACANA ARTISAN MISAEL ORDONEZ,Individuals (names withheld),individuals,medium
LA QUINTA,La Quinta,training,high
LA QUINTA INN,La Quinta,training,high
LABOR COMMISSION,Utah Labor Commission,government,high
LABRUM CHEVROLET,Labrum,fleet,high
LABRUM FORD,Labrum,fleet,high
LACEY MORSE,Individuals (names withheld),individuals,high
LACY EDWARDS,Individuals (names withheld),individuals,high
LAERDAL MEDICAL,Laerdal Medical,ems-equipment,medium
LAF GRAPHICS,LAF Graphics,professional,low
LAKE PHILGAS,Lake Philgas,utilities,high
LAKEVIEW HOSPITAL,Lakeview Hospital,unclassified,low
LANCASTER,Individuals (names withheld),individuals,high
LANDMARK COMPANIES,Landmark Companies,construction,medium
LANDMARK TESTING AND ENGINEERING,Landmark Testing & Engineering,construction,high
LANDONS DIESEL SERVICE,Landon's Diesel Service,fleet,high
LANE JOSHUA,Individuals (names withheld),individuals,high
LANG,Individuals (names withheld),individuals,high
LANGAN ENGINEERING AND ENVRONMENTAL SERVIC,Langan,construction,high
LANSWEEPER,Lansweeper,software,high
LANTIS FIREWORKS,Lantis Productions,not-fire,medium
LANTIS FIREWORKS AND LASERS,Lantis Productions,not-fire,medium
LANTIS PRODUCTIONS,Lantis Productions,not-fire,low
LARGE SCALE CONTAINERS,Large Scale Containers,construction,low
LARRY H MILLER,Larry H. Miller,fleet,high
LARRY H MILLER CHEVROLET,Larry H. Miller,fleet,high
LARRY H MILLER CHEVROLET MURRAY,Larry H. Miller,fleet,high
LARRY H MILLER CHRYSLER JEEP DODGE RAM,Larry H. Miller,fleet,high
LARRY H MILLER DEALERSHIPS,Larry H. Miller,fleet,high
LARRY H MILLER FORD,Larry H. Miller,fleet,high
LARRY H MILLER FORD LINCOLN DRAPER,Larry H. Miller,fleet,high
LARRY H MILLER SUPER FORD,Larry H. Miller,fleet,high
LARRY MILLER SUPER FORD,Larry H. Miller,fleet,high
LARRYS TOWING AND RECOVERY,Larry's Towing & Recovery,fleet,high
LARSEN,Larsen,unclassified,low
LARSEN AND,Larson & Company,professional,medium
LARSEN CPA,Larson & Company,professional,medium
LARSEN FIELD SERVICE,Larsen Field Service,fleet,low
LARSEN FIRE,Larsen Fire Apparatus Service,apparatus,medium
LARSEN FIRE APPARATUS,Larsen Fire Apparatus Service,apparatus,medium
LARSEN FIRE APPARATUS SER,Larsen Fire Apparatus Service,apparatus,high
LARSEN FIRE APPARATUS SERVICE,Larsen Fire Apparatus Service,apparatus,high
LARSEN FIRE APPARTUS SERVICES,Larsen Fire Apparatus Service,apparatus,high
LARSEN JOE M,Individuals (names withheld),individuals,high
LARSEN JUSTIN,Individuals (names withheld),individuals,high
LARSENS ACE HARDWARE,Ace Hardware,facilities,high
LARSON AND,Larson & Company,professional,high
LARSON CERTIFIED PUBLIC ACCOUNTANTS,Larson & Company,professional,medium
LASERLINE HOLDINGS,Laserline Holdings,unclassified,low
LASTRECORD,LastRecord,training-software,high
LATTITUDE MARKETING,Lattitude Marketing,professional,medium
LAUITIITI TUMANUVA,Individuals (names withheld),individuals,high
LAWN RANGER,The Lawn Ranger,facilities,medium
LAWRENCE SPENCER,Individuals (names withheld),individuals,high
LAWSON PRODUCTS,Lawson Products,fleet,medium
LAYTON CITY,Layton City,government,high
LAYTON CITY FIRE AMBULANCE,Layton City,government,high
LAYTON CITY FIREAMBULANCE,Layton City,government,high
LAYTON CONST,Layton Construction,construction,high
LBA OF MOAB VALLEY FIRE PROTECTION DIST,Local Building Authority of Moab Valley Fire Protection District,finance,medium
LBISAT,LBiSAT,telecom,medium
LEAMINGON TOWN,Leamington Town,government,high
LEANN WOODBURY AIRBNB BOUNTIFUL,Individuals (names withheld),individuals,medium
LEATHAM FAMILY,Leatham Family,unclassified,low
LEAVITT COMM BK RADIO,Leavitt Communications,radios,medium
LEAVITT GROUP,Leavitt Group,insurance,high
LEBANON VALLEY PROTECTIVE ASSOC,Lebanon Valley Protective Association,government,medium
LECTICON,Lecticon,training,medium
LEER BEAUMONT,Individuals (names withheld),individuals,low
LEES ACE HARDWARE,Lee's Ace Hardware,facilities,high
LEES HEATING AND AIR,Lee's Heating & Air,facilities,high
LEES MARKET,Lee's Marketplace,general,high
LEES MARKETPLACE,Lee's Marketplace,general,high
LEGACY ACE HARDWARE,Ace Hardware,facilities,high
LEGACY HARDWARE,Ace Hardware,facilities,medium
LEGRAND JOHNSON,LeGrand Johnson Construction,construction,high
LEGRAND JOHNSON CONSTRUCTION,LeGrand Johnson Construction,construction,high
LEHI CITY,Lehi City,government,high
LEHNHOFF BEN,Individuals (names withheld),individuals,high
LEIGHA HARRIS,Individuals (names withheld),individuals,medium
LEONIDAS LEATHERWORKS,Leonidas Leatherworks,uniforms,medium
LES OLSEN,Les Olson Company,it,high
LES OLSON,Les Olson Company,it,high
LES SCHWAB,Les Schwab,fleet,high
LES SCHWAB TIRE CENTER,Les Schwab,fleet,high
LESLIE ATKIN,Individuals (names withheld),individuals,high
LESLIE WHITE,Individuals (names withheld),individuals,high
LETTIE ROSE,Individuals (names withheld),individuals,medium
LEVAN TOWN,Levan Town,government,high
LEVEL SIX,Level Six,fire-equipment,medium
LEVEL UP PERFORMANCE,Level Up Performance,medical-exams,medium
LEWIS YOUNG ROBERTSON AND BURNINGHAM,Lewis Young Robertson & Burningham,professional,high
LEWIS YOUNG ROBERTSON BURNI,Lewis Young Robertson & Burningham,professional,high
LEWISTON CITY,Lewiston City,government,high
LEXIPOL,Lexipol,training-software,high
LGG INDUSTRIAL,LGG Industrial,general,medium
LH ELECTRIC,LH Electric,facilities,medium
LHM FORD LINCOLN DRAPER,Larry H. Miller,fleet,high
LIBERTY ART WORKS,Liberty Art Works,general,medium
LIBERTY MOUNTAIN,Liberty Mountain,general,medium
LIFE ASSIST,Life-Assist,ems-supplies,high
LIFE ELEVATED TRAILERS,Life Elevated Trailers,fleet,medium
LIFE MED SAFETY,LifeMed Safety,ems-equipment,high
LIFE SCAN WELLNESS CENTER,Life Scan Wellness Center,medical-exams,high
LIFEMED SAFETY,LifeMed Safety,ems-equipment,high
LIFEMED SAFEY,LifeMed Safety,ems-equipment,high
LIFETIME,Lifetime,unclassified,low
LIFETIME PRODUCTS,Lifetime,facilities,medium
LIFT AT STATION PARK,Lift at Station Park,medical-exams,low
LIGHTHOUSE UNIFORM,Lighthouse Uniform Company,uniforms,high
LIGHTHOUSE UNIFORMS,Lighthouse Uniform Company,uniforms,high
LILYS FLORAL AND GIFT,Lily's Floral & Gift,general,medium
LIMMER EDUCATION,Limmer Education,training,medium
LINDE GAS AND EQUIPMENT,Linde Gas & Equipment,ems-supplies,medium
LINDEN OUTDOOR POWER EQUIPMENT,Linden Outdoor Power Equipment,facilities,low
LINDSAY WORKMAN,Individuals (names withheld),individuals,medium
LINS HURRICANE,Lin's Fresh Market,general,medium
LINS RICHFIELD,Lin's Fresh Market,general,high
LIQUIDSPRING,LiquidSpring,fleet,medium
LISAS COUNTRY KITCHEN,Lisa's Country Kitchen,general,medium
LITTLE AMERICA HOTEL,Little America Hotel,training,high
LITTLE CAESARS,Little Caesars,general,high
LITTLE DUCKLING DAYCARE ASHLEY HUNTER,Individuals (names withheld),individuals,medium
LITTLEBUGSDAYCARE 1198 GMAIL COM,Individuals (names withheld),individuals,medium
LITTLES DIESEL SERVICE,Little's Diesel Service,fleet,medium
LITTLES DIESEL SERVICES,Little's Diesel Service,fleet,medium
LIVE ACTION SAFETY,Live Action Safety,unclassified,low
LIVING TREE MEDICAL GROUP,Living Tree Medical Group,medical-exams,high
LIVINGSTON PHOTOGRAPHY,Livingston Photography,professional,medium
LLOYD KEVIN,Individuals (names withheld),individuals,high
LN CURTIS,L.N. Curtis & Sons,fire-equipment,high
LN CURTIS AND SONS,L.N. Curtis & Sons,fire-equipment,high
LN CURTIS AND SONS SLC,L.N. Curtis & Sons,fire-equipment,high
LOA BUILDERS SUPPLY,Loa Builders Supply,facilities,high
LOAN PAY,Loan Payment,finance,medium
LOCALITY MEDIA,First Due,rms,high
LOCALITY MEDIA FIRST DUE,First Due,rms,high
LOGAN CITY,Logan City,government,high
LOGAN CITY COMMUNITY DEV,Logan City,government,high
LOGAN CITY POLICE DEPARTMENT,Logan City,government,high
LOGAN CITY UTILITIES,Logan City Utilities,utilities,high
LOGAN REGIONAL HOSPITAL,Intermountain Health,training,medium
LOGO CONCEPTS,Logo Concepts,uniforms,medium
LOGO LADY,Logo Lady,uniforms,medium
LOGO SHOP,The Logo Shop,uniforms,medium
LONDON LEATHERWOOD,Individuals (names withheld),individuals,high
LONE PEAK FIRE,Lone Peak Public Safety District,government,medium
LONE PEAK PUBLIC SAFETY DIST,Lone Peak Public Safety District,government,high
LONE PEAK VETERINARY HOSPITAL,Lone Peak Veterinary Hospital,professional,low
LONE STAR PIPER,Lone Star Piper,uniforms,low
LONG MCARTHUR,Long McArthur Ford,fleet,medium
LONGEVITY INSURANCE,Longevity Insurance Company,payroll,medium
LONNIE LAWS,Individuals (names withheld),individuals,high
LOOP SMART,Loop Smart,unclassified,low
LOOSE EQUIPMENT,Loose Equipment,unclassified,low
LOTSA MOTSA PIZZA,Lotsa Motsa Pizza,general,high
LOVE COMMUNICATIONS,Love Communications,professional,high
LOVES,Love's Travel Stops,fleet,high
LOWES,Lowe's,facilities,high
LOWES COMPANIES,Lowe's,facilities,high
LOWES CREDIT SERVICES,Lowe's,facilities,high
LOWES HIW,Lowe's,facilities,high
LOWRY OVERHEAD DOORS,Lowry Overhead Doors,facilities,high
LRB PUBLIC FINANCE ADVISORS,LRB Public Finance Advisors,professional,high
LT GOVERNOR,Utah Lieutenant Governor's Office,government,high
LT GOVERNORS OFFICE,Utah Lieutenant Governor's Office,government,high
LUCAS GIROUX,Individuals (names withheld),individuals,high
LUCAS HIXSON,Individuals (names withheld),individuals,medium
LUCKY JAKES FIREFIGHTING EQUIPMENT,Lucky Jakes Firefighting Equipment,fire-equipment,medium
LUDLUM MEASUREMENTS,Ludlum Measurements,fire-equipment,medium
LUERA DERRICK,Individuals (names withheld),individuals,high
LUKE MCCANDLESS,Individuals (names withheld),individuals,high
LUMEN TECHNOLOGIES,Lumen Technologies,telecom,high
LUNA EDGE LIGHTING,Luna Edge Lighting,construction,medium
LUTZ HEATING,Lutz Heating,facilities,high
LYN DISTRIBUTING,Lyn Distributing,unclassified,low
LYNN BISHOP,Individuals (names withheld),individuals,medium
LYNN CARD,Lynn Card Company,professional,medium
LYNNDYL TOWN,Lynndyl Town,government,high
M AND D AUTO PARTS,M&D Auto Parts,fleet,high
M AND D AUTO PARTS AND REPAIR,M&D Auto Parts,fleet,medium
M AND M EXTENDO EXTENDOBED,Extendobed,fleet,medium
M AND R EQUIPMENT,M&R Equipment,fleet,medium
M GRAPHICS AND SIGNS,M Graphics and Signs,professional,medium
M MCGURE,Individuals (names withheld),individuals,medium
M ONE SPECIALTIES,M-One Specialties,facilities,medium
M PALASCO,Individuals (names withheld),individuals,medium
M TUNKS,Individuals (names withheld),individuals,medium
MA CATERING,MA Catering,general,medium
MACBEATH HARDWOOD,MacBeath Hardwood,facilities,medium
MACEYS,Macey's,general,high
MACEYS SACK N SAVE,Macey's,general,medium
MACEYS SUPERMARKET,Macey's,general,high
MACHINE HOLDINGS,Machine Holdings,facilities,low
MACINTYRE THACKER,Individuals (names withheld),individuals,medium
MACKENZIE ENTERPRISES,Mackenzie Enterprises,unclassified,low
MACU VISA,Mountain America Credit Union,finance,high
MADDOX AIR COMPRESSOR,Maddox Air Compressor,facilities,medium
MADDOX CONSTRUCTION,Maddox Construction,construction,medium
MADDOX RANCH HOUSE,Maddox Ranch House,general,high
MAGGIE NAWYN,Individuals (names withheld),individuals,high
MAGIC MATCH,Magic Match,unclassified,low
MAGNA WATER DISTRICT,Magna Water District,utilities,high
MAGNUM ELECTRONICS,Magnum Electronics,unclassified,low
MAGNUSON LUMBER,Magnuson Lumber,facilities,high
MAHAFFEY USA,Mahaffey USA,facilities,low
MAIN EVENT,The Main Event,general,low
MAIN STREET AUTO PARTS,Main Street Auto Parts,fleet,high
MAIN STREET OFFICE FURNITURE,Main Street Office Furniture,facilities,high
MAIN STREET PIZZA,Main Street Pizza,general,medium
MAINTAINX,MaintainX,software,high
MAJESTIC GRILL,Majestic Grill,general,high
MALLORY SAFETY AND SUPPLY,Mallory Safety and Supply,general,medium
MAMMOTH CREEK FIRE DEPARTMENT,Mammoth Creek Fire District,government,high
MANDERSON,Individuals (names withheld),individuals,medium
MANDY CARTER,Individuals (names withheld),individuals,high
MANNYS PAINTING,Manny's Painting,facilities,high
MANTI CITY,Manti City,government,high
MANTI FIRE DEPARTMENT,Manti Fire Department,government,high
MANTI TELEPHONE,Manti Telephone Company,telecom,high
MAPLE LEAF,Maple Leaf Company,unclassified,low
MAPLETON CITY,Mapleton City,government,high
MARATHON MAINTENANCE,Marathon Maintenance,facilities,medium
MARC GIAUQUE,Individuals (names withheld),individuals,high
MARCOS PIZZA,Marco's Pizza,general,high
MARIA E RASCON PEREZ,Individuals (names withheld),individuals,high
MARINE PRODUCTS,Marine Products,fleet,low
MARK AND MELINDA WARNER,Individuals (names withheld),individuals,high
MARK BECRAFT,Individuals (names withheld),individuals,high
MARK BERGESON CONSTRUCTION,Mark Bergeson Construction,construction,high
MARK G ORASKOVICH MD FACEP,Individuals (names withheld),individuals,medium
MARK L MARCUM,Individuals (names withheld),individuals,medium
MARK SHEPHERD,Individuals (names withheld),individuals,high
MARK WEEKES,Individuals (names withheld),individuals,high
MARRIOTT HOTEL,Marriott,training,high
MARSHALL AND EVANS ELECTRIC,Marshall & Evans Electric,facilities,medium
MARTA SUPPLY,Marta-Co Supply,general,low
MARTIN DOOR MANUFACTURING,Martin Door,facilities,high
MARTIN DOOR MFG,Martin Door,facilities,high
MARTIN GARAGE DOORS MGF,Martin Door,facilities,high
MARVELLOUS CATERING,Marvellous Catering,general,medium
MARY JANE ENSOR,Individuals (names withheld),individuals,high
MARYN MC COMBI,Individuals (names withheld),individuals,medium
MASIMO AMERICAS,Masimo,ems-equipment,high
MASON AESTHETICS AND WELLNESS,Mason Aesthetics & Wellness,medical-exams,low
MASON DIESEL SERVICE,Mason Diesel Service,fleet,medium
MASON MCILNAY,Individuals (names withheld),individuals,high
MASTER MEDICAL EQUIPMENT,Master Medical Equipment,ems-equipment,low
MASTER MUFFLER AND BRAKE,Master Muffler & Brake,fleet,high
MASTERS CARPET SHOWROOM,Master's Carpet Showroom,facilities,high
MATT ERICKSON LCSW,Individual counselors (names withheld),medical-exams,medium
MATT QUACKENBUSH LCSW,Individuals (names withheld),individuals,medium
MATTRESS DEALZZ,Mattress Dealzz,facilities,high
MATTRESS FIRM,Mattress Firm,facilities,high
MAVERICK,Maverik,fleet,medium
MAVERIK,Maverik,fleet,high
MAXFIELD COLLISION AND REPAIR,Maxfield Collision and Repair,fleet,high
MAXWELL ASPHALT SEALING SPECIALISTS,Maxwell Asphalt Sealing Specialists,construction,medium
MAXWELL PRK LEGISLATIVE APPROP HILDALE CITY,State of Utah,government,low
MAYNES EQUIPMENT REPAIR,Maynes Equipment Repair,fleet,low
MC GEES STAMP AND TROPHY,McGee's Stamp & Trophy,general,medium
MCBRIDE ANDREW,Individuals (names withheld),individuals,high
MCBRIDE CARL,Individuals (names withheld),individuals,high
MCCANDLESS TRUCK CENTER,McCandless Truck Center,fleet,medium
MCCLAUGHRY KYLA,Individuals (names withheld),individuals,high
MCCLAUGHRY RICHARD,Individuals (names withheld),individuals,high
MCCLAUGHRY SCOTT,Individuals (names withheld),individuals,high
MCCOY MATT,Individuals (names withheld),individuals,high
MCDONALDS,McDonald's,general,high
MCGEE,McGee Company,fleet,medium
MCGEES STAMP AND TROPHY,McGee's Stamp & Trophy,general,medium
MCGUIRE,Individuals (names withheld),individuals,medium
MCILNAY JENNIFER,Individuals (names withheld),individuals,high
MCINTOSH COMMUNICATIONS,McIntosh Communications,radios,high
MCKAY DEE HOSPITAL CENTER,Intermountain Health,medical-exams,low
MCKESSON MEDICAL SURGICAL,McKesson Medical-Surgical,ems-supplies,high
MCMASTER CARR,McMaster-Carr,general,high
MCMICHAEL JACOB P,Individuals (names withheld),individuals,high
MCMULLIN WILLIAM,Individuals (names withheld),individuals,high
MCNEIL AND,McNeil & Company,insurance,high
MCNEIL PRINTING,McNeil Printing,professional,high
MCNEILL AND SONS CONSTRUCTION,McNeill & Sons Construction,construction,high
MD AUTO AND DIESEL,MD Auto and Diesel,fleet,high
MDRN CONCRETE SPECIALTIES,MDRN Concrete Specialties,construction,high
MDW ELECTRIC,MDW Electric,facilities,high
MEAD DELL,Individuals (names withheld),individuals,high
MEADOW CONOCO,Meadow Conoco,fleet,high
MEADOW TOWN,Meadow Town,government,high
MEANING TO LIVE,Meaning to Live,unclassified,low
MECHAM JOSH,Individuals (names withheld),individuals,high
MECHAMS COUNTRY GARBAGE,Mecham's Country Garbage,utilities,high
MECHANICAL SERVICE AND SYSTEMS,Mechanical Service & Systems,facilities,medium
MED ONE EQUIPMENT RENTAL,Med One,ems-equipment,high
MED ONE EQUIPMENT SERVICES,Med One,ems-equipment,medium
MED PACKS,Thomas EMS,ems-supplies,medium
MED TECH RESOURCE,Med-Tech Resource,fire-equipment,medium
MED USA,Med USA,ems-billing,high
MEDICAL DYNAMICS,Medical Dynamics,unclassified,low
MEDICALLY SOUND,Medically Sound,unclassified,low
MEDITACKITS,MediTackits,ems-supplies,medium
MEDUSA,Med USA,ems-billing,medium
MEDVET ASSOCIATES,MedVet,professional,low
MEEMS APPAREL DECORATION,Meems' Apparel Decoration,uniforms,high
MEGA PRO,Mega Pro Screen Printing,uniforms,medium
MEGA PRO INTERNATIONAL,Mega Pro Screen Printing,uniforms,medium
MEGAN RATCHFORD,Individuals (names withheld),individuals,high
MEGAPLEX,Megaplex Theatres,general,high
MEGAPLEX THEATRES,Megaplex Theatres,general,medium
MEGAPRO,Mega Pro Screen Printing,uniforms,medium
MEGHAN,Individuals (names withheld),individuals,medium
MEGHAN FAILS,Individuals (names withheld),individuals,high
MEGS TIMBERLINE CAFE,Meg's Timberline Cafe,general,medium
MEHRS GARAGE DOORS,Mehr's Garage Doors,facilities,high
MEITLER METALWORKS,Meitler Metalworks,construction,low
MEL HANKS AND SONS,Mel Hanks & Sons,construction,medium
MELANIE ELDER STODDARD LCSW,Individual counselors (names withheld),medical-exams,medium
MELTWATER NEWS US,Meltwater,software,medium
MEMORY LANE RUSSEL BROWN,Individuals (names withheld),individuals,high
MENDENHALL,Individuals (names withheld),individuals,high
MENDENHALL COMMERCIAL LAUNDRY EQUIPMENT,Mendenhall Commercial Laundry Equipment,facilities,medium
MENDENHALL EQUIPMENT,Mendenhall Commercial Laundry Equipment,facilities,low
MENDON CITY,Mendon City,government,high
MERANDA MARTIN,Individuals (names withheld),individuals,high
MERCHANTS BUILDING MAINTENANCE,Merchants Building Maintenance,facilities,high
MERCURY MEDICAL,Mercury Medical,ems-supplies,high
MES ACQUISITION,Municipal Emergency Services,fire-equipment,high
MES I ACQUISITION,Municipal Emergency Services,fire-equipment,high
MES I ACQUISTITION,Municipal Emergency Services,fire-equipment,high
MES INDUSTRIES,MES Industries,unclassified,low
MES MUNICIPAL EMERGENCY SERVICES,Municipal Emergency Services,fire-equipment,high
MES NORTHWEST,Municipal Emergency Services,fire-equipment,high
MES NW,Municipal Emergency Services,fire-equipment,high
MES SEAWESTERN,Municipal Emergency Services,fire-equipment,high
MES SERVICE,Municipal Emergency Services,fire-equipment,high
MESA CONSULTING GROUP,Mesa Consulting Group,construction,high
METALMART,Palmer's Metalmart,facilities,medium
METHOD STUDIO,Method Studio,construction,high
METROHM USA,Metrohm,fire-equipment,low
METROPOLITAN LIFE INSURANCE,MetLife,payroll,medium
MFCP,Motion & Flow Control Products,fleet,medium
MHC SIGN AND DESIGN,MHC Sign & Design,professional,medium
MICHAEL ALVAREZ,Individuals (names withheld),individuals,high
MICHAEL COUSINS,Individuals (names withheld),individuals,high
MICHAEL DEHN ST JOHN,Individuals (names withheld),individuals,medium
MICHAEL HARRIS,Individuals (names withheld),individuals,medium
MICHAEL JOHN DOUGHERTY,Individuals (names withheld),individuals,medium
MICHAEL OLSEN,Individuals (names withheld),individuals,high
MICHAELS,Michaels,general,high
MICROSOFT,Microsoft,software,high
MICROSOFT OFFICE,Microsoft,software,high
MICROSOFT STORE,Microsoft,software,high
MID UTAH RADIO,Mid-Utah Radio,professional,low
MIDNIGHT EXPRESS AUTOMOTIVE,Midnight Express Automotive,fleet,medium
MIDVALE CITY,Midvale City,government,high
MIDWEST COMMERCIAL INTERIORS,Midwest Commercial Interiors,facilities,high
MIDWEST D VISION SOLUTIONS,Midwest D-Vision Solutions,facilities,medium
MIDWEST OFFICE,Midwest Office,facilities,medium
MIKE BACHMAN PLUMBING,Mike Bachman Plumbing,facilities,high
MIKE HAWKINS,Individuals (names withheld),individuals,high
MIKE MCKINNEY,Individuals (names withheld),individuals,medium
MIKE NORR PLUMBING,Mike Norr Plumbing,facilities,high
MIKES FOODTOWN,Mike's Foodtown,general,high
MIKES TIRE AND OIL,Mike's Tire and Oil,fleet,high
MILE HI FIRE APPARATUS,Mile-Hi Fire Apparatus,apparatus,high
MILFORD MEMORIAL HOSPITAL,Milford Memorial Hospital,unclassified,low
MILFORD TRUE VALUE HARDWARE,Milford True Value Hardware,facilities,high
MILFORD VOLUNTEER FIRE DEPARTMENT,Milford Volunteer Fire Department,government,medium
MILLARD COUNTY AMBULANCE,Millard County,government,medium
MILLARD COUNTY SHERIFF,Millard County,government,high
MILLER GAS,Miller Gas,utilities,low
MILNER CONSTRUCTION,Milner Construction,construction,high
MILTS ACE HARDWARE,Milt's Ace Hardware,facilities,high
MINDBASE,Mindbase,medical-exams,medium
MINDY HARDY,Individuals (names withheld),individuals,high
MINERSVILLE TOWN,Minersville Town,government,high
MINKY COUTURE,Minky Couture,general,medium
MISC,No vendor named,placeholder,high
MISC P CARD VENDOR,No vendor named,placeholder,high
MISC REVENUE,No vendor named,placeholder,high
MISSION BBQ,Mission BBQ,general,high
MISSION CENTERED SOLUTIONS,Mission-Centered Solutions,training,medium
MISSION COMMUNICATIONS,Mission Communications,radios,high
MISSION SQUARE,MissionSquare Retirement,payroll,high
MISSION TOWNSHIP,Mission Township,government,medium
MISTY ROGERS,Individuals (names withheld),individuals,high
MITCH STOCK REIMB,Individuals (names withheld),individuals,medium
MITCHELLS PRECISION ALIGNMENT,Mitchell's Precision Alignment,fleet,high
MJ HANSEN INVESTMENTS BEST DEAL MATTRESS AND FURNITURE,Best Deal Mattress & Furniture,facilities,high
MJM CONSTRUCTION,MJM Construction,construction,high
ML LAWN CARE MAINTENANCE,ML Lawn Care Maintenance,facilities,high
MLISA HONE,Individuals (names withheld),individuals,high
MOAB AUTO PARTS,Moab Auto Parts,fleet,high
MOAB VALLEY FIRE PROTECTION DISTRICT,Moab Valley Fire Protection District,government,high
MOBETTAHS,Mobettahs,general,medium
MOBILE MEDICAL,Mobile Medical,ems-supplies,low
MODERN CONSTRUCTION,Modern Construction,construction,medium
MODERN MARKETING,Modern Marketing,professional,medium
MODERN ROOFING AND CONSTRUCTION,Modern Roofing & Construction,construction,high
MOHAVE COMMUNITY COLLEGE,Mohave Community College,training,high
MOHAWK LIFTS,Mohawk Lifts,facilities,medium
MOHR S RANCH AND RANGE FENCING,Mohr's Ranch and Range Fencing,construction,medium
MONA CITY,Mona City,government,high
MONARCH FAMILY COUNSELING,Monarch Family Counseling,medical-exams,high
MONARCH POWERSPORTS,Monarch Powersports,fleet,medium
MONKS SEYER TRYNN,Individuals (names withheld),individuals,high
MONROE CITY,Monroe City,government,high
MONTELLA ENTERPRISES,Montella Enterprises,unclassified,low
MONTEZ,Individuals (names withheld),individuals,high
MONTICELLO CITY,Monticello City,government,high
MONTICELLO MERCANTILE,Monticello Mercantile,general,medium
MOODY BRENDEN,Individuals (names withheld),individuals,high
MOODYS ANALYTICS,Moody's,professional,medium
MOON LAKE ELECTRIC,Moon Lake Electric Association,utilities,high
MOON LAKE ELECTRIC ASSOCIATION,Moon Lake Electric Association,utilities,high
MOONLIGHT DIESEL,Moonlight Diesel,fleet,high
MOORE,Individuals (names withheld),individuals,high
MOORES CHEVRON AND TOWING,Moore's Chevron & Towing,fleet,high
MOORES TIRE AND SERVICE,Moore's Tire & Service,fleet,high
MOOSE HOLLOW COMMUNICATIONS,Moose Hollow Communications,radios,high
MOPA,Mount Olympus Pro Audio,radios,medium
MORETON AND,Moreton & Company,insurance,high
MORETON AND UTAH,Moreton & Company,insurance,high
MORGAN ACE HARDWARE,Ace Hardware,facilities,high
MORGAN COUNTY,Morgan County,government,high
MORGAN COUNTY CLERK AUDITOR,Morgan County,government,high
MORGAN COUNTY FIRE DEPARTMENT V0000758,Morgan County Fire Department,government,medium
MORGAN COUNTY TREASURER,Morgan County,government,high
MORGAN MCCORMICK,Individuals (names withheld),individuals,high
MORGAN PAVEMENT,Morgan Pavement,construction,high
MORGAN PAVEMENT ASPHALT MAINT,Morgan Pavement,construction,high
MORGAN TRUE VALUE,Morgan True Value,facilities,high
MORICONI INA,Individuals (names withheld),individuals,high
MORONI FIRE DEPARTMENT,Moroni Fire Department,government,high
MORONI VALU MART,Moroni Valu-Mart,general,medium
MORPHO LEADERSHIP DEVELOPMENT,Morpho Leadership Development,training,medium
MORRIS QUILTING,Morris Quilting,uniforms,low
MORTENSEN DANIEL R,Individuals (names withheld),individuals,high
MOST VALUABLE PLUMBING AND HEATING,Most Valuable Plumbing & Heating,facilities,high
MOTION AND FLOW CONTROL PRODUCTS,Motion & Flow Control Products,fleet,medium
MOTION INDUSTRIES,Motion Industries,general,medium
MOTO UNITED,Moto United,fleet,high
MOTO UNITED OF ST GEORGE,Moto United,fleet,medium
MOTOR PARTS,Motor Parts Company,fleet,medium
MOTOR PARTS OF MONTICELLO,Motor Parts of Monticello,fleet,medium
MOTOROLA,Motorola Solutions,radios,high
MOTOROLA SOLUTIONS,Motorola Solutions,radios,high
MOTOROLA SOLUTIONS CONNECTIVITY,Motorola Solutions,radios,high
MOTOROLA SOLUTIONS CREDIT,Motorola Solutions,radios,medium
MOUNT OLYMPUS,Mount Olympus Waters,general,low
MOUNT OLYMPUS PRO,Mount Olympus Pro Audio,radios,medium
MOUNT OLYMPUS PRO AUDIO,Mount Olympus Pro Audio,radios,medium
MOUNT OLYMPUS WATER,Mount Olympus Waters,general,high
MOUNT OLYMPUS WATERS,Mount Olympus Waters,general,high
MOUNT PLEASANT CITY,Mount Pleasant City,government,high
MOUNT PLEASANT FIRE DEPT,Mount Pleasant Fire Department,government,high
MOUNTAIN ALARM,Mountain Alarm,facilities,high
MOUNTAIN AM CREDIT UNION VISA,Mountain America Credit Union,finance,high
MOUNTAIN AMERICA CREDIT UNION,Mountain America Credit Union,finance,high
MOUNTAIN DONUTS,Mountain Donuts,general,high
MOUNTAIN FLOWER APPAREL,Mountain Flower Apparel,uniforms,medium
MOUNTAIN HIGH ELECTRONICS,Mountain High Electronics,radios,medium
MOUNTAIN LAND COLLECTIONS,Mountain Land Collections,ems-billing,medium
MOUNTAIN LAND HEATING AND AIR,Mountain Land Heating & Air,facilities,high
MOUNTAIN PEAK BUILDERS,Mountain Peak Builders,construction,high
MOUNTAIN REGIONAL WATER SSD,Mountain Regional Water SSD,utilities,high
MOUNTAIN TOPPERS,Mountain Toppers,fleet,high
MOUNTAIN VALLEY MECHANICAL,Mountain Valley Mechanical,facilities,high
MOUNTAIN VALLEY PRINTING,Mountain Valley Printing,professional,medium
MOUNTAIN VIEW PHARMACY,Mountain View Pharmacy,ems-supplies,high
MOUNTAIN WEST COMPUTERS,Mountain West Computers,it,high
MOUNTAIN WEST CUSTOMS,Mountain West Customs,fleet,low
MOUNTAIN WEST MODULAR,Mountain West Modular,construction,medium
MOUNTAIN WEST TRAILERS,Mountain West Trailers,fleet,high
MOUNTAIN WEST TRUCK CENTER,Mountain West Truck Center,fleet,high
MOUNTAIN WEST WORX,Mountain West Worx,unclassified,low
MOUNTAINLAND POWER EQUIPMENT,Mountainland Power Equipment,facilities,low
MOUNTAINLAND SUPPLY,Mountainland Supply,facilities,medium
MOUNTAINLAND TECHNICAL COLLEGE,Mountainland Technical College,training,high
MOWER MEDIC,Mower Medic,facilities,medium
MR LES CLEANERS,Mr. Le's Cleaners,uniforms,medium
MSA SAFETY SALES,MSA Safety,scba,high
MT OLYMPUS IMPROVEMENT DISTRICT,Mt. Olympus Improvement District,utilities,high
MT PLEASANT CITY,Mount Pleasant City,government,high
MT WHEELER POWER,Mt. Wheeler Power,utilities,high
MTECH,MTech,apparatus,medium
MTS UTAH,MTS Utah,fleet,medium
MULLETT HOOVER,Mullett-Hoover,unclassified,low
MUNICIPAL BUILDING AUTHORITY,Municipal Building Authority,finance,medium
MUNICIPAL EMERGENCY SERVICES,Municipal Emergency Services,fire-equipment,high
MUNRO,Individuals (names withheld),individuals,medium
MURDOCK CHEVROLET GMC CADILLAC,Murdock Chevrolet,fleet,high
MURDOCK FORD,Murdock Ford,fleet,high
MURDOCK GM LOGAN,Murdock Chevrolet,fleet,high
MURPHY,Individuals (names withheld),individuals,high
MURPHY DOOR,Murphy Door,facilities,low
MURRAY MOTORS,Murray Motors,fleet,medium
MVP SPORTS,MVP Sports,uniforms,medium
MVP SUPPLY,MVP Supply,unclassified,low
MW CLOUD SERVICES,MW Cloud Services,it,medium
MY FLEET CENTER,My Fleet Center,fleet,high
MYERS PLUMBING,Myers Plumbing,facilities,high
MYRON,Myron,professional,medium
MYSTERY RANCH,Mystery Ranch,wildland,medium
MYTON CITY,Myton City,government,high
NAEF CASEY D,Individuals (names withheld),individuals,high
NAEMT,NAEMT,training,high
NAIVASHA BURROWS,Individuals (names withheld),individuals,high
NAKILA,Individuals (names withheld),individuals,high
NAMIFY,Namify,uniforms,medium
NANCY JONES,Individuals (names withheld),individuals,high
NANCY SMALLING,Individuals (names withheld),individuals,high
NAPA AUTO,NAPA Auto Parts,fleet,high
NAPA AUTO PARTS,NAPA Auto Parts,fleet,high
NAPA BRIANS AUTO SUPPLY,NAPA Auto Parts,fleet,high
NAPLES CITY,Naples City,government,high
NATALEE UDY,Individuals (names withheld),individuals,high
NATALIE TOWNSEND CMHC,Individual counselors (names withheld),medical-exams,medium
NATHAN HERBST,Individuals (names withheld),individuals,high
NATHAN UNGRICHT BUBS DISPOSAL,Bubs Disposal,utilities,medium
NATIONAL ASSOCIATION OF FIRE INVESTIGATOR,National Association of Fire Investigators,training,high
NATIONAL AUTO FLEET GROUP,National Auto Fleet Group,fleet,high
NATIONAL BATTERY SALES,National Battery Sales,fleet,low
NATIONAL BENEFIT SERVICES,National Benefit Services,payroll,high
NATIONAL BUSINESS FURNITURE,National Business Furniture,facilities,high
NATIONAL EMERGENCY TRAINING CENTER,National Emergency Training Center,training,high
NATIONAL EQUIPMENT,National Equipment Corporation,facilities,medium
NATIONAL EQUIPMENT SERVICES,National Equipment Services,unclassified,low
NATIONAL FIRE ACADEMY,National Fire Academy,training,high
NATIONAL FIRE FIGHTER,National Fire Fighter Corp.,wildland,high
NATIONAL FIRE FIGHTER WILDLAND,National Fire Fighter Corp.,wildland,high
NATIONAL FIRE PROTECTION ASSOCIATION,NFPA,training,high
NATIONAL FISH AND WILDLIFE FOUNDATION,National Fish and Wildlife Foundation,unclassified,low
NATIONAL PEN,National Pen,professional,medium
NATIONAL REGISTRY,National Registry of EMTs,training,high
NATIONAL REGISTRY EMT,National Registry of EMTs,training,high
NATIONAL TESTING NETWORK,National Testing Network,professional,high
NATPAY,NatPay,payroll,high
NATPAY 13915661 DIR DEP CCD NATPAY 13915661 DIR DEP CCD 1391,NatPay,payroll,high
NAVAJO TRIBAL UTILITYAUTHORITY,Navajo Tribal Utility Authority,utilities,high
NAVIGATE CM AND DEVELOPMENT,Navigate CM & Development,construction,high
NAY STEPHANIE,Individuals (names withheld),individuals,high
NEBO LEAVITT INSURANCE AGENCY,Nebo-Leavitt Insurance Agency,insurance,high
NELSONS HEATING AND REFRIGERATION,Nelson's Heating & Refrigeration,facilities,high
NEOGOV,NEOGOV,software,high
NEPHI AUTO SUPPLY,Nephi Auto Supply,fleet,high
NEPHI CITY,Nephi City,government,high
NEW CITY MECHANICAL,New City Mechanical,facilities,high
NEW DAY TRAUMA THERAPY,New Day Trauma Therapy,medical-exams,high
NEW IMAGE BODY AND PAINT,New Image Body & Paint,fleet,high
NEW PIG,New Pig,general,high
NEWTON TOWN,Newton Town,government,high
NFIRS ONLINE,NFIRS Online,rms,high
NFP PROPERTY AND CASUALTY SERVICES,NFP,insurance,medium
NFPA,NFPA,training,high
NIBLEY CITY,Nibley City,government,high
NICK MOTTA,Individuals (names withheld),individuals,high
NICOLE DANDURAND PETTY CASH,Individuals (names withheld),individuals,medium
NIELS BLUE CREEK COMMUNICATIONS,Blue Creek Communications,radios,high
NIELSON AUTO,Nielson Auto,fleet,medium
NIKE PETERSON,Individuals (names withheld),individuals,high
NJC EXCAVATION,NJC Excavation,construction,medium
NO NAME,No vendor named,placeholder,high
NOEMI TAPIA,Individuals (names withheld),individuals,medium
NOLAND AND SONS CONSTRUCTION,Noland & Sons Construction,construction,high
NORCO,Norco,ems-supplies,medium
NOREGON SYSTEMS,Noregon Systems,fleet,medium
NORTH AMERICAN RESCUE,North American Rescue,ems-supplies,high
NORTH CENTER PROPERTIES,North Center Properties,facilities,low
NORTH DAVIS FIRE DISTRICT,North Davis Fire District,government,high
NORTH FACE ROOFING,North Face Roofing,construction,high
NORTH FACE TRADING GORILLA BOX,Gorilla Box,unclassified,low
NORTH FORK FIRE DEPARTMENT,North Fork Special Service District,government,medium
NORTH FORK SPECIAL SERVICE DISTRICT,North Fork Special Service District,government,medium
NORTH LOGAN CITY,North Logan City,government,high
NORTH PINE CREEK,North Pine Creek,unclassified,low
NORTH RIDGE CONSTRUCTION,North Ridge Construction,construction,high
NORTH RIDGE FIRE,North Ridge Fire Equipment,wildland,medium
NORTH RIDGE FIRE EQUIPMENT,North Ridge Fire Equipment,wildland,medium
NORTH SALT LAKE CITY,North Salt Lake City,government,high
NORTH SANPETE AMBULANCE ASSOCIATION,North Sanpete Ambulance Service,government,medium
NORTH TOOELE FIRE DIST,North Tooele Fire Protection Service District,government,high
NORTH VALLEY ANIMAL SERVICES,North Utah Valley Animal Services,government,medium
NORTH VIEW BIG O TIRES,Big O Tires,fleet,high
NORTH VIEW FIRE DISTRICT,North View Fire District,government,high
NORTHERN TITLE,Northern Title,finance,high
NORTHERN TRUCK EQUIPMENT V0000778,Northern Truck Equipment,fleet,medium
NORTHERN UTAH ELECTRIC,Northern Utah Electric,facilities,high
NORTHWEST RIVER SUPPLIES,NRS (Northwest River Supplies),fire-equipment,medium
NORTHWEST SAFETY CLEAN,Northwest Safety Clean,ppe,high
NORTHWESTERN SPECIAL SERVICE DISTRICT,Northwestern Special Service District,government,high
NORTHWOOD RENTALS,Northwood Rentals,facilities,low
NOT APPLICABLE,No vendor named,placeholder,high
NOT PROVIDED,No vendor named,placeholder,high
NOVUS GLASS,Novus Glass,fleet,high
NRS,NRS (Northwest River Supplies),fire-equipment,medium
NS DISPOSAL SERVICE,N.S. Disposal Service,utilities,high
NSTITCHES,N'Stitches,uniforms,medium
NUEYES CUSTOMS,NuEyes Customs,fleet,low
NUSTREAM,NuStream,facilities,medium
NUTECH SPECIALTIES,NuStream,facilities,high
NUZMAN ENTERPRISES,Nuzman Enterprises,facilities,medium
O REILLY,O'Reilly Auto Parts,fleet,high
OAK CITY,Oak City,government,high
OAK RIDGE EXCAVATION,Oak Ridge Excavation,construction,medium
OCCUPATIONAL HEALTH CARE INTL,Occupational Health Care International,medical-exams,high
OCEAN BUFFET,Ocean Buffet,general,high
ODP BUSINESS SOLUTIONS,Office Depot,general,high
OFF PREMISE CATERING,Off Premise Catering,general,high
OFFICE DEPOT,Office Depot,general,high
OFFICE DEPOT BUSINESS SERVICES DIVISION,Office Depot,general,high
OFFICE ETC,Office Etc.,general,high
OFFICE PRODUCTS DEALER,The Office Products Dealer,general,high
OFFICER SURVIVAL SOLUTIONS,Officer Survival Solutions,unclassified,low
OGDEN CITY FIRE AND AMBULANCE 1,Ogden City,government,high
OGDEN CITY SCHOOL DISTRICT,Ogden City School District,government,high
OGDEN LAWN AND GARDEN,Ogden Lawn & Garden,facilities,medium
OGDEN PIZZERIA,Ogden Pizzeria,general,high
OGDENS CARPET OUTLETS,Ogden's Carpet Outlets,facilities,high
OHD LLLP,OHD,scba,high
OKLAHOMA STATE UNIVERSITY,Oklahoma State University,training,high
OLD REPUBLIC SURETY GROUP,Old Republic Surety,insurance,high
OLD REPUBLIC TITLE,Old Republic Title,finance,medium
OLDROYD EMERGENCY MEDICINE,Oldroyd Emergency Medicine,professional,medium
OLIVE GARDEN,Olive Garden,general,high
OLIVER AND WOD DESIGN,Oliver & Company WOD Design,unclassified,low
OLIVER SILVA,Individuals (names withheld),individuals,high
OLSEN JORGEN,Individuals (names withheld),individuals,high
OLSON AND HOGGAN,Olson & Hoggan,professional,high
OLYMPUS INSURANCE AGENCY,Olympus Insurance Agency,insurance,high
OMEGA METALS,Omega Metals,unclassified,low
OMG NATIONAL,OMG National,professional,medium
ON LINE UTILITY LOCATING,On Line Utility Locating,construction,medium
ONE BEAT MEDICAL,One Beat Medical,ems-equipment,medium
ONE TIME PAY,No vendor named,placeholder,high
ONLINE SOLUTIONS,Online Solutions,software,medium
ONSITE CARE,Onsite Care,medical-exams,high
OPENAI,OpenAI,software,high
ORAN J MOORE,Individuals (names withheld),individuals,high
ORANGEVILLE CITY,Orangeville City,government,high
OREILLY,O'Reilly Auto Parts,fleet,high
OREILLY AUTO PARTS,O'Reilly Auto Parts,fleet,high
OREILLY AUTOMOTIVE,O'Reilly Auto Parts,fleet,high
OREM CITY,City of Orem,government,high
OREM CITY FIRE AND EMS,City of Orem,government,high
OREM FIREFIGHTERS ASSOCIATION,Orem Firefighters Association,unclassified,low
ORSON H GYGI,Orson H. Gygi,general,medium
OSAGE INDUSTRIES,Osage Industries,ambulance,high
OSCAR EDUARDO HUERTA,Individuals (names withheld),individuals,high
OTC BRANDS,Oriental Trading,general,high
OTHER,No vendor named,placeholder,high
OTIS ELEVATOR,Otis Elevator,facilities,high
OUT BACK GRAPHICS,Outback Graphics,uniforms,low
OUT IN BACK BBQ,Out In Back BBQ,general,high
OUT N BACK,Out N Back,unclassified,low
OUTBACK FIRE,Outback Fire Apparatus,apparatus,high
OUTBACK FIRE APPARATUS,Outback Fire Apparatus,apparatus,high
OUTBACK GRAPHICS,Outback Graphics,uniforms,low
OUTBECK FIRE,Outback Fire Apparatus,apparatus,medium
OUTDOOR ALUMINUM,Outdoor Aluminum,apparatus,low
OUTSIDERS,Outsiders,unclassified,low
OVERHEAD DOOR OF BOUNTIFUL,Overhead Door,facilities,high
OWEN EQUIPMENT,Owen Equipment,fleet,low
OXYGEN UTAH,Oxygen Utah,ems-supplies,high
PACE JEFF,Individuals (names withheld),individuals,high
PACE SYSTEMS,Pace Systems,unclassified,low
PACIFIC FITNESS PRODUCTS,Pacific Fitness Products,medical-exams,high
PACIFIC POWER,Rocky Mountain Power,utilities,medium
PACIFICORP,Rocky Mountain Power,utilities,high
PACKARD WHOLESALE,Packard Wholesale,general,high
PACKERS EXTINGUISHER SERVICE,Packer's Extinguisher Service,facilities,medium
PAGE JUSTIN,Individuals (names withheld),individuals,high
PAINTER1,Painter1,facilities,high
PALMER,Individuals (names withheld),individuals,high
PALMERS METALMART,Palmer's Metalmart,facilities,medium
PAM SMITH,Individuals (names withheld),individuals,high
PANDA EXPRESS,Panda Express,general,high
PANGUITCH CITY,Panguitch City,government,high
PANGUITCH LAKE FIRE SSD,Panguitch Lake Fire Special Service District,government,high
PAPA JOHNS,Papa John's,general,high
PAPA MURPHYS,Papa Murphy's,general,high
PAR TRAINING AND PROPS,PAR Training and Props,training,high
PARADISE CONTRACTORS,Paradise Contractors,construction,high
PARADISE FIRE PROTECTION,Paradise Fire Protection,unclassified,low
PARADISE TOWN,Paradise Town,government,high
PARAGON OILFIELD PRODUCTS,Paragon Oilfield Products,general,low
PARAGON OILFIELD PRODUCTS ATT JR BIRD,Paragon Oilfield Products,general,medium
PARAGONAH FIRE DEPT,Paragonah Fire Department,government,high
PARK CITY AUTO PARTS,Park City Auto Parts,fleet,high
PARK CITY FIRE DISTRICT,Park City Fire District,government,high
PARK CITY FIRE SERVICE DISTRICT,Park City Fire District,government,high
PARK CITY HOSPITAL,Intermountain Health,medical-exams,medium
PARK CITY LOCK AND KEY,Park City Lock & Key,facilities,high
PARK CITY MUNICIPAL,Park City Municipal,government,high
PARK KURTIS J,Individuals (names withheld),individuals,high
PARK N JET,Park N Jet,training,high
PARK N PUMP,Park N Pump,fleet,high
PARK VALLEY FIRE DEPARTMENT,Park Valley Fire Department,government,medium
PARK VALLEY FIRE DEPT,Park Valley Fire Department,government,medium
PARKER KYLE T,Individuals (names withheld),individuals,high
PARKING SPOT,The Parking Spot,training,high
PARKLAND USA,Parkland USA,fleet,high
PAROWAN CITY,Parowan City,government,high
PAROWAN HOME CENTER,Parowan Home Center,facilities,high
PAROWAN MARKET,Parowan Market,general,high
PAROWAN TREASURER,Parowan City,government,medium
PARSONS BEHLE AND LATIMER,Parsons Behle & Latimer,professional,high
PARTRIDGE GROUP,The Partridge Group,unclassified,low
PARTRIDGE PSYCHOLOGICAL GROUP,The Partridge Group,medical-exams,high
PARTS AUTHORITY,Parts Authority,fleet,high
PARTS HOUSE,The Parts House,fleet,high
PARTS WAREHOUSE,Parts Warehouse,fleet,low
PARTSMASTER,Partsmaster,general,medium
PASKER GOULD AMES AND WEAVER,"Pasker, Gould, Ames & Weaver",construction,high
PATH POINT MERCHANT SERVICES,Path Point Merchant Services,finance,medium
PATHWAY ASSOCIATES,Pathway Associates,medical-exams,low
PAUL DAVIS,Paul Davis Restoration,facilities,medium
PAUL DAVIS RESTORATION OF UTAH,Paul Davis Restoration,facilities,high
PAUL HOLVERSON,Individuals (names withheld),individuals,high
PAULINE FISH,Individuals (names withheld),individuals,medium
PAULSEN CONSTRUCTION,Paulsen Construction,construction,high
PAY GOV,Pay.gov,government,high
PAYLOGICS,Paylogics,payroll,high
PAYMAC,PayMac,unclassified,low
PAYPAL,PayPal,finance,medium
PAYPAL PURCHASES SEE SPREADSHEET,PayPal,finance,medium
PAYROLL,Payroll,payroll,high
PAYROLL TRANS FOR 10 15 2021 PAY PERIOD,Payroll,payroll,high
PAYROLL TRANS FOR 10 31 2022 PAY PERIOD,Payroll,payroll,high
PAYROLL TRANS FOR 11 15 2024 PAY PERIOD,Payroll,payroll,high
PAYROLL TRANS FOR 11 30 2024 PAY PERIOD,Payroll,payroll,high
PAYROLL TRANS FOR 12 31 2022 PAY PERIOD,Payroll,payroll,high
PAYROLL TRANS FOR 4 30 2021 PAY PERIOD,Payroll,payroll,high
PAYROLL TRANS FOR 5 31 2025 PAY PERIOD,Payroll,payroll,high
PAYROLL TRANS FOR 7 31 2021 PAY PERIOD,Payroll,payroll,high
PAYROLL TRANS FOR 8 31 2022 PAY PERIOD,Payroll,payroll,high
PAYSON AUTO SUPPLY,Payson Auto Supply,fleet,high
PAYSON AUTO SUPPLY NAPA,Payson Auto Supply,fleet,high
PAYSON CITY,Payson City,government,high
PAYSON LOCK AND KEY,Payson Lock & Key,facilities,high
PAYSON MARKET,Payson Market,general,high
PCARD PURCHASE US BANK,U.S. Bank,finance,high
PCARD WELLS FARGO COMMERCIAL CARD,Wells Fargo,finance,high
PCI PRODUCTS,PCI Products,unclassified,low
PCN STRATEGIES,PCN Strategies,it,high
PCP ELECTRIC,PCP Electric,facilities,low
PCS COMMUNICATIONS,PCS Communications,radios,low
PEACHY KLEEN CARWASH,Peachy Kleen Carwash,fleet,high
PEAK ALARM,Peak Alarm,facilities,high
PEAK MOBILE,Peak Mobile Communications,radios,high
PEAK MOBILE COMM,Peak Mobile Communications,radios,high
PEAK MOBILE COMMUNICATION,Peak Mobile Communications,radios,high
PEAK MOBILE COMMUNICATIONS,Peak Mobile Communications,radios,high
PEAK MOBILE COMMUNITCATIONS,Peak Mobile Communications,radios,high
PEARSON EDUCATION,Pearson Education,training,high
PEARSON MEDIA,Pearson Media,professional,medium
PEB ENTERPRISES,PEB Enterprises,unclassified,low
PECKS PAINTING,Peck's Painting,facilities,high
PECZUH PRINTING,Peczuh Printing,professional,high
PEHP,PEHP,payroll,high
PEHP GROUP INSURANCE,PEHP,payroll,high
PEHP LONG TERM DISABILITY,PEHP,payroll,high
PELORUS METHODS,Pelorus Methods,unclassified,low
PELVIC BINDER,Pelvic Binder,ems-supplies,high
PENCO PRODUCTS,Penco Products,facilities,medium
PENGUIN MANAGEMENT,eDispatches,radios,medium
PENMAN PRINTING AND DESIGNS SOLUTIONS,Penman Printing & Design,uniforms,medium
PENNEYS OUTDOOR POWER,Penney's Outdoor Power,facilities,medium
PENNY SEAT COVERS,Penny Seat Covers,fleet,high
PEPSI COLA OF OGDEN,Pepsi-Cola of Ogden,general,high
PER JACK ERWIG OWEN SPENCER,Individuals (names withheld),individuals,medium
PERCO ROCK,Perco Rock,construction,medium
PEREA MATT,Individuals (names withheld),individuals,high
PEREZ EFRAIN,Individuals (names withheld),individuals,high
PERFORMANCE ADVANTAGE,Performance Advantage Company,fire-equipment,high
PERFORMANCE AUDIO,Performance Audio,general,medium
PERFORMANCE DIESEL,Performance Diesel,fleet,high
PERFORMANCE FORD BOUNTIFUL,Performance Ford,fleet,high
PERKS AUTO REPAIR,Perks Auto Repair,fleet,high
PERMALIGHTS UTAH,Permalights,facilities,medium
PERSONNEL CONCEPTS,Personnel Concepts,professional,high
PETE MANSON,Individuals (names withheld),individuals,high
PETER FIELD,Individuals (names withheld),individuals,high
PETER MANSON,Individuals (names withheld),individuals,high
PETERBILT OF UTAH,Jackson Group Peterbilt,fleet,high
PETERSON,Individuals (names withheld),individuals,high
PETERSON CHEMICAL AND JANITORIAL,Peterson Chemical & Janitorial,facilities,high
PETERSON PLUMBING,Peterson Plumbing Supply,facilities,medium
PETERSON PLUMBING SUPPLY,Peterson Plumbing Supply,facilities,high
PETERSON REFRIGERATION,Peterson Refrigeration,facilities,high
PETERSON REFRIGERATION AND MECHANICAL,Peterson Refrigeration,facilities,high
PETERSONS FRESH MARKET,Peterson's Fresh Market,general,high
PETROLEUM EQUIPMENT,Petroleum Equipment Company,fleet,medium
PETTY CASH,No vendor named,placeholder,high
PETTY CASH CANDICE LINFORD,Individuals (names withheld),individuals,medium
PETTY CASH DAVID MORTENSEN,Individuals (names withheld),individuals,medium
PETZL AMERICA,Petzl,fire-equipment,high
PFLB,PFLB,unclassified,low
PHILIP PIFER,Individuals (names withheld),individuals,high
PHILLIPS 66,Phillips 66,fleet,high
PHILLIPS HADEN,Individuals (names withheld),individuals,high
PHILLIPS SHAWNA,Individuals (names withheld),individuals,high
PHILS GLASS,Phil's Glass,facilities,high
PHOENIX REBELLION THERAPY,Phoenix Rebellion Therapy,medical-exams,high
PI VARIABLES,Pi Variables,fire-equipment,medium
PICK A STITCH,Pick-A-Stitch,uniforms,high
PIE PIZZERIA,The Pie Pizzeria,general,high
PIERCE OIL,Pierce Oil,fleet,high
PILOT,Pilot Flying J,fleet,high
PILOT FLYING J,Pilot Flying J,fleet,high
PILOT THOMAS,Pilot Thomas Logistics,fleet,high
PILOT THOMAS LOGISTICS,Pilot Thomas Logistics,fleet,high
PINCOMBE NOAH J,Individuals (names withheld),individuals,high
PINE CANYON HR CONSULTING,Pine Canyon HR Consulting,professional,high
PINETOP ENGINEERING,Pinetop Engineering,construction,high
PIONEER OVERHEAD,Pioneer Overhead,facilities,high
PIPE DREAM,Pipe Dream,unclassified,low
PIRTEK,Pirtek,fleet,high
PITCHER PLUMBING,Pitcher Plumbing,facilities,high
PITCHER PROPANE,Pitcher Propane,utilities,high
PITCHER SALES,Pitcher Sales,unclassified,low
PIUTE COUNTY CLERK,Piute County,government,high
PIZZA FACTORY,Pizza Factory,general,high
PIZZA PIE CAFE,Pizza Pie Cafe,general,high
PLAIN CITY TRUE VALUE,Plain City True Value,facilities,high
PLANT PEDDLER FLORAL,Plant Peddler Floral,general,high
PLASTIX PLUS,Plastix Plus,apparatus,low
PLATT,Platt Electric Supply,facilities,high
PLATT ELECTRIC SUPPLY,Platt Electric Supply,facilities,high
PLEASANT GROVE BIG O TIRES,Big O Tires,fleet,high
PLEASANT GROVE CITY,Pleasant Grove City,government,high
PLYMOUTH PUBLIC SAFETY,Plymouth Public Safety,government,medium
PNC EQUIPMENT FINANCE,PNC Equipment Finance,finance,high
POINT EMBLEMS,Point Emblems,uniforms,high
POINT S TIRE AND AUTO SERVICE,Point S Tire,fleet,high
POINT S TIRE FACTORY,Point S Tire,fleet,high
POLARIS SALES,Polaris,fleet,high
POLICE AND SHERIFFS PRESS,The Police and Sheriff's Press,professional,medium
POLLARD WATER,Pollard Water,fire-equipment,medium
POLY TECH AMERICA,Poly-Tech America,unclassified,low
PORTER TRUCK REPAIR,Porter Truck Repair,fleet,high
PORTIA LEE,Individuals (names withheld),individuals,high
POSITIVE PROMOTIONS,Positive Promotions,general,medium
POST ITEM,No vendor named,placeholder,low
POSTMASTER,US Postal Service,general,medium
POULSEN TRAILER SALES,Poulsen Trailer Sales,fleet,high
POULSON DOORS,Poulson Doors,facilities,high
POWELLS,Powell's,unclassified,low
POWER STROKES PAINTING,Power Strokes Painting,facilities,high
POWER SYSTEMS WEST,Power Systems West,facilities,medium
POWER WORKS EQUIPMENT,Power Works Equipment,unclassified,low
POWERDMS,PowerDMS,training-software,high
POWERED CONTROL SYSTEMS,Powered Control Systems,unclassified,low
PRAETORIAN DIGITAL,Lexipol,training-software,medium
PRAXAIR,Linde Gas & Equipment,ems-supplies,high
PRAXAIR DISTRIBUTION,Linde Gas & Equipment,ems-supplies,high
PRECISION AUTO,Precision Auto,fleet,medium
PRECISION AUTO GLASS,Precision Auto Glass,fleet,high
PRECISION COMPLETE AUTO REPAIR,Precision Complete Auto Repair,fleet,high
PRECISION DEVELOPMENT,Precision Development,construction,high
PRECISION ELECTRONICS,Precision Electronics,unclassified,low
PRECISION PARTS,Precision Parts,fleet,medium
PRECISION POWER,Precision Power,facilities,medium
PRECISION RESTORATION,Precision Restoration,facilities,medium
PRECISION TIRE SERVICES,Precision Tire Services,fleet,high
PRECISION TRUCK AND TRAILER REPAIR,Precision Truck and Trailer Repair,fleet,high
PREFERRED PAVING,Preferred Paving,construction,high
PREMIER ATHLETICS,Premier Athletics,uniforms,low
PREMIER FOODS,Premier Foods,general,medium
PREMIER TRUCK GROUP,Premier Truck Group,fleet,high
PREMIER TRUCK GROUP OF SALT LAKE CITY,Premier Truck Group,fleet,high
PREMIER VEHICLE INSTALLATION,Premier Vehicle Installation,fleet,medium
PREMIUM MEAT,Premium Meat Co.,general,high
PRESIDIO NETWORKED SOLUTIONS,Presidio,it,high
PRESIDIO NETWORKED SOLUTIONS GROUP,Presidio,it,high
PRESTIGE ROOFING AND EXTERIORS,Prestige Roofing and Exteriors,facilities,high
PRESTIGE WEST,Prestige West,construction,medium
PRESTON WATTS COLLISION AND GLASS,Preston Watts Collision & Glass,fleet,high
PRESTONS SHREDDING,Preston's Shredding,professional,medium
PREVAIL RESCUE SOLUTIONS,Prevail Rescue Solutions,fire-equipment,medium
PREVIDENCE,Previdence,medical-exams,medium
PRICE FLORAL,Price Floral,general,high
PRICE FORD,Price Ford,fleet,high
PRICE MUNICIPAL,Price City,government,high
PRICE OIL EXPRESS,Price Oil Express,fleet,high
PRICES GUARANTEED DOORS,Price's Guaranteed Doors,facilities,high
PRIME POWER AND ELECTRIC,Prime Power and Electric,facilities,medium
PRIME POWERSPORTS,Prime Powersports,fleet,high
PRINCIPAL PAYMENT TRAN 2021,TRAN principal payment,finance,high
PRINCIPAL PAYMENT TRAN 2022,TRAN principal payment,finance,high
PRINCIPLE LIFE INSURANCE,Principal Financial Group,payroll,medium
PRINT IT PROMOTIONAL PRODUCTS,Print It Promotional Products,general,medium
PRINT PLANET,Print the Planet,professional,medium
PRINT SHOP,The Print Shop,professional,medium
PRO AUDIO PRO 4X4,Pro Audio Pro 4x4,fleet,medium
PRO EDGE TECHNOLOGY,Pro Edge Technology,it,medium
PRO LOOK SPORTS,Pro Look Sports,unclassified,low
PRO SHOP,The Pro Shop,unclassified,low
PRO TECH,Pro Tech,unclassified,low
PROBST TILE AND STONE,Probst Tile and Stone,facilities,high
PROCTOR,Individuals (names withheld),individuals,high
PRODIGY,Prodigy,unclassified,low
PROFESSIONAL FIRE FIGHTERS OF UTAH,Professional Fire Fighters of Utah,training,medium
PROFESSIONAL SALES AND SERVICE,Professional Sales & Service,ambulance,high
PROFESSIONAL SALES AND SERVICES,Professional Sales & Service,ambulance,medium
PROFESSIONAL SYSTEMS TECHNOLOGY,Professional Systems Technology,facilities,high
PROGREEN LAWN AND LANDSCAPE,ProGreen Lawn & Landscape,facilities,high
PROGRESSIVE PLANTS,Progressive Plants,facilities,high
PROMOTIONS NOW,Promotions Now,general,high
PROPAC,ProPac,general,medium
PROPANE GARKANE,Garkane Propane,utilities,high
PROPANE OF WENDOVER,Propane of Wendover,utilities,high
PROPENENT IT,Proponent IT,it,high
PROPONENT IT,Proponent IT,it,high
PROPPER,Propper,uniforms,high
PROSCREENING,ProScreening,professional,high
PROSPECTION CONSULTING,Prospection Consulting,professional,medium
PROTECT YOUTH SPORTS,Protect Youth Sports,professional,high
PROTECTION PLUS,Protection Plus,unclassified,low
PROTEK FIRE AND SYSTEMS,Protek Fire & Systems,facilities,medium
PROVO CITY,Provo City,government,high
PROVO CITY UTILITIES,Provo City Utilities,utilities,medium
PROVO FIRE AND RESCUE,Provo City,government,high
PSS PROFESSIONAL SALES AND,Professional Sales & Service,ambulance,high
PSTRAX,PSTrax,rms,high
PT ENTERPRISES,PT Enterprises,general,medium
PUBLIC EMP HEALTH PROGRAM,PEHP,payroll,high
PUBLIC EMPLOYEE HEALTH PROGRAM,PEHP,payroll,high
PUBLIC EMPLOYEES HEALTH PROGRA,PEHP,payroll,high
PUBLIC EMPLOYEES HEALTH PROGRAM,PEHP,payroll,high
PUBLIC HERO,Public Hero,unclassified,low
PUBLIC SAFETY ANSWERS,Public Safety Answers,unclassified,low
PUBLIC SAFETY CENTER,Public Safety Center,fire-equipment,low
PUBLIC SAFETY DIVE SUPPLY,Public Safety Dive Supply,fire-equipment,high
PUBLIC SAFETY SPECIALISTS LEAVITT,Public Safety Specialists,insurance,low
PUBLIC SAFETY STORE,The Public Safety Store,fire-equipment,low
PUBLIC UTILITIES ADMINISTRATION,Salt Lake City Public Utilities,utilities,medium
PUIG BRENDEN RAYMOND,Individuals (names withheld),individuals,high
PULHAM BROTHERS PAINTING,Pulham Brothers Painting,facilities,high
PULHAM ENTERPRISES,Pulham Enterprises,facilities,medium
PUMPERS,Pumpers,unclassified,low
PURCELL TIRE,Purcell Tire,fleet,high
PURCELL TIRE AND RUBBER,Purcell Tire,fleet,high
PURCELL TIRE AND SERVICE,Purcell Tire,fleet,high
PURCELL TIRE AND SERVICE CENTER,Purcell Tire,fleet,high
PURCELL TIRE ANDRUBBER,Purcell Tire,fleet,high
PURCHASE POWER,Pitney Bowes Purchase Power,general,medium
PURE STYLE CONSTRUCTION,Pure Style Construction,construction,high
PURE WATER PARTNERS,Pure Water Partners,facilities,medium
PURE WATER SOLUTIONS OF AMERICA,Pure Water Solutions of America,facilities,medium
PURPLE INNOVATION,Purple Innovation,facilities,high
PVP COMMUNICATIONS,PVP Communications,radios,medium
PY FMAU,Fire Marshals Association of Utah,training,high
PYE BARKER FIRE AND SAFETY,Pye-Barker Fire & Safety,facilities,medium
QAL TEK,Qal-Tek Associates,fire-equipment,medium
QALTEK,Qal-Tek Associates,fire-equipment,medium
QC TESTING,QC Testing,unclassified,low
QUADIENT FINANCE USA,Quadient,general,medium
QUALITY APPLIANCE SERVICE,Quality Appliance Service,facilities,high
QUALITY CARPORTS,Quality Carports,construction,medium
QUALITY HVAC MOAB,Quality HVAC Moab,facilities,high
QUALITY INN,Quality Inn,training,high
QUALITY MARKET,Quality Market,general,high
QUALITY QUICK PRINT,Quality Quick Print,professional,high
QUALITY TIRE,Quality Tire,fleet,high
QUENCH USA,Quench,facilities,medium
QUESTAR GAS,Enbridge Gas,utilities,medium
QUESTAR GAS DOMINION ENERGY UTAH,Enbridge Gas,utilities,high
QUESTAR GAS ENBRIDGE GAS UTAH,Enbridge Gas,utilities,high
QUICK QUACK CAR WASH,Quick Quack Car Wash,fleet,high
QUICK QUAKE CAR WASH,Quick Quack Car Wash,fleet,high
QUICKBOOKS PAYMENTS,Intuit,software,medium
QUIJOTE,Quijote,unclassified,low
QUILL,Quill,general,high
QWEST,Lumen Technologies,telecom,high
R AND R BARTON FARM,R&R Barton Farm,unclassified,low
R AND R BARTON SOLUTIONS,R&R Barton Farm,unclassified,low
R AND R BBQ,R&R BBQ,general,high
R AND S GUNN,R&S Gunn,unclassified,medium
R BART JOHANSEN MD,R. Bart Johansen MD,professional,medium
R HANCEY PAINTING,R. Hancey Painting,facilities,high
R PATRICK JOHNSON,Individuals (names withheld),individuals,medium
R PIZZA,R Pizza,general,high
RACHEL STEWART,Individuals (names withheld),individuals,high
RACHEL WALTON,Individuals (names withheld),individuals,high
RADIX HEALTH,Radix Health,unclassified,low
RAINBOW HOTEL,Rainbow Hotel,training,high
RAINBOW SIGN AND BANNER,Rainbow Sign & Banner,professional,medium
RAINBOW SIGN AND DESIGN,Rainbow Sign & Design,professional,medium
RAISING CANES,Raising Cane's,general,high
RAM MOUNTS,RAM Mounts,fleet,medium
RAMSAY SERVICE,Ramsay Service,fleet,high
RAMSAY TOWING,Ramsay Towing,fleet,high
RANDY HUNTER WOLFE,Individuals (names withheld),individuals,medium
RAPCO INDUSTRIES,Rapco Industries,unclassified,low
RAPID FIRE PROTECTION,Rapid Fire Protection,facilities,medium
RASMUSSEN ACE HARDWARE,Ace Hardware,facilities,high
RASMUSSEN AND ASSOCIATES,Rasmussen & Associates,professional,low
RASMUSSEN EQUIPMENT,Rasmussen Equipment,facilities,medium
RASMUSSEN KITCHEN AND BATH,Rasmussen Kitchen & Bath,construction,high
RAVE WIRELESS,Rave Mobile Safety,software,high
RAVEN SOLAR SERVICES,Raven Solar Services,facilities,medium
RAY HOGWOOD,Individuals (names withheld),individuals,medium
RAYS AUTO BODY,Ray's Auto Body,fleet,high
RBM SERVICES,RBM Services,facilities,high
RC TIRE AND LUBE,RC Tire & Lube,fleet,high
RC WILLEY,RC Willey,facilities,high
RC WILLEY HOME FURNISHINGS,RC Willey,facilities,high
RCN TECHNOLOGIES,RCN Technologies,it,medium
RD YATES AND SONS,RD Yates and Sons,unclassified,medium
RDO EQUIPMENT,RDO Equipment,fleet,medium
READDY GLEDDY,Readdy Gleddy,fire-equipment,low
READING TRUCK,Reading Truck,fleet,high
READING TRUCK EQUIPMENT,Reading Truck,fleet,high
READING TRUCK EQUIPMENT SEMI SERVICE,Reading Truck,fleet,high
READY AMERICA,Ready America,general,medium
READYOP COMMUNICATIONS,ReadyOp,software,high
REALITY AUTO,Reality Auto,fleet,medium
REALOGY HOLDINGS,Realogy,finance,medium
REAMS,Ream's,general,high
REBECCA WHITE,Individuals (names withheld),individuals,high
REBEL STRIKE,Rebel Strike,apparatus,high
RECLASS HRYUM CITY LADDER TRUCK TO CORRECT PERIOD,No vendor named,placeholder,high
RECORD RETAINAGE PAYABLE FOR J AND J INVOICE REVERSE,No vendor named,placeholder,high
RECREATION OUTLET,Recreation Outlet,general,medium
RED CLIFFS EMBROIDERY,Red Cliffs Embroidery,uniforms,high
RED HANGER CLEANERS,Red Hanger Cleaners,uniforms,medium
RED LINE SALES,Red Line Sales,unclassified,low
RED LION HOTEL,Red Lion Hotel,training,high
RED RHINO INDUSTRIAL,Red Rhino Industrial,unclassified,low
RED ROCK COLLISION REPAIR,Red Rock Collision Repair,fleet,high
REDDIN BLACK EQUIPMENT SERVICES,Reddin Black Equipment Services,apparatus,high
REDDS ACE HARDWARE,Ace Hardware,facilities,high
REED MACHINE AND FABRICATION,Reed Machine & Fabrication,unclassified,low
REED THOMPSON,Individuals (names withheld),individuals,medium
REEDER TJ L,Individuals (names withheld),individuals,high
REES BRANDON,Individuals (names withheld),individuals,high
REFUND OF EXPENDITURE,No vendor named,placeholder,high
REGENCE BLUE CROSS,Regence BlueCross BlueShield,payroll,high
REIMB INV1005159 PD TWICE LN CURTIS AND SONES,L.N. Curtis & Sons,fire-equipment,high
REIMB LETA VAUGHAN,Individuals (names withheld),individuals,medium
REIMB MITCH S,Individuals (names withheld),individuals,medium
REIMBERSMENT BILL RAU,Individuals (names withheld),individuals,medium
REIMBERSMENT GREG HALLIDAY,Individuals (names withheld),individuals,medium
REIMBERSMENT JOHN HODE,Individuals (names withheld),individuals,medium
REIMBERSMENT LEMOTO FONOHEMA,Individuals (names withheld),individuals,medium
REIMBERSMENT LESLEY C,Individuals (names withheld),individuals,medium
REIMBERSMENT LETA V,Individuals (names withheld),individuals,medium
REIMBERSMENT MITCH STOCK,Individuals (names withheld),individuals,medium
REIMBERSMENT RON DRAKE,Individuals (names withheld),individuals,medium
REIMBERSMENT RON M,Individuals (names withheld),individuals,medium
REIMBUREMENT LINDA S,Individuals (names withheld),individuals,medium
REIMBURSMENT HARRY HOLLAND,Individuals (names withheld),individuals,medium
REINHARDT REFRIGERATION,Reinhardt Refrigeration,facilities,high
RELADYNE WEST,RelaDyne,fleet,high
RENEE DENISE PEARSON,Individuals (names withheld),individuals,medium
RENEGADE LANDSCAPES,Renegade Landscapes,facilities,high
RENEGADE RENTALS,Renegade Rentals,facilities,low
RENEW BIOMEDICAL SERVICES,Renew Biomedical Services,ems-equipment,high
RENTMEISTER,Individuals (names withheld),individuals,medium
REP FITNESS,REP Fitness,medical-exams,high
REPUBLIC SERVICE,Republic Services,utilities,high
REPUBLIC SERVICES,Republic Services,utilities,high
REPUBLIC SERVICES 233,Republic Services,utilities,high
REPUBLIC SERVICES 493,Republic Services,utilities,high
REPUBLIC SERVICES 864,Republic Services,utilities,high
RESCUE 3 INTERNATIONAL,Rescue 3 International,training,high
RESCUE DIRECT,Rescue Direct,fire-equipment,medium
RESCUE RESPONSE GEAR,Rescue Response Gear,fire-equipment,high
RESCUE SOURCE,The Rescue Source,fire-equipment,medium
RESNICK,Individuals (names withheld),individuals,high
RESORTS AT WENDOVER,Wendover Resorts,training,medium
RESOURCING EDGE,Resourcing Edge,payroll,medium
RESPONDER TRAINING ENTERPRISES,Responder Training Enterprises,training,high
RESPONSE GROUP,The Response Group,software,medium
RESTORE PIPE SYSTEMS,Restore Pipe Systems,facilities,high
RESULTANT,Resultant,professional,low
RETROSCAPE,Retroscape,unclassified,low
REV RTC TECHNICAL CENTER,REV Group,apparatus,medium
REVCO LEASING,Revco Leasing,finance,medium
REYNOLDS DANIEL L,Individuals (names withheld),individuals,high
RF ENGRAVING,RF Engraving,uniforms,high
RGB FIREHOUSE LEADERSHIP,RGB Firehouse Leadership,training,high
RHINEHART OIL,Rhinehart Oil,fleet,high
RHINO LAUNDRY AND DRY CLEANING SPECIALISTS,Rhino Laundry & Dry Cleaning Specialists,facilities,low
RICH COUNTY,Rich County,government,high
RICHARD C HERLEVI,Individuals (names withheld),individuals,high
RICHARD K TURNER,Individuals (names withheld),individuals,high
RICHARD MARCOTTE,Individuals (names withheld),individuals,high
RICHFIELD CITY,Richfield City,government,high
RICHFIELD FLORAL,Richfield Floral,general,high
RICHIE AOKI,Individuals (names withheld),individuals,medium
RICK COOPER,Individuals (names withheld),individuals,medium
RICK LARSEN,Individuals (names withheld),individuals,high
RICKS GLASS,Rick's Glass,fleet,medium
RICKY J HOPKINS,Individuals (names withheld),individuals,high
RICOH USA,Ricoh,it,high
RIDGECREST PRODUCTS,Ridgecrest Products,uniforms,low
RIDGELINE DESIGN ARCHITECTS,Ridgeline Design Architects,construction,high
RIDLEYS,Ridley's Family Markets,general,high
RIDLEYS FAMILY MARKET,Ridley's Family Markets,general,high
RIDLEYS FAMILY MARKETS,Ridley's Family Markets,general,high
RIGBY COLTON,Individuals (names withheld),individuals,high
RILEY JO ANNE,Individuals (names withheld),individuals,high
RILEY JO ANNE JUANITA THERESA,Individuals (names withheld),individuals,high
RIMINGTON NATE,Individuals (names withheld),individuals,high
RISE BROADBAND,Rise Broadband,telecom,high
RITCHIE BROS TRUCK PLANET,Ritchie Bros.,fleet,high
RIVER STONE CONCRETE,Riverstone Contractors,construction,high
RIVERBED CONCRETE AND GRAVEL,Riverbed Concrete & Gravel,construction,high
RIVERDALE CITY,Riverdale City,government,high
RIVERPRINT,Riverprint,professional,high
RIVERSIDE CORNER,Riverside Corner,fleet,high
RIVERSIDE PLUMBING,Riverside Plumbing,facilities,high
RIVERSTONE CONTRACTORS,Riverstone Contractors,construction,high
RIVERTON CITY,Riverton City,government,high
RIVERTON FIRE SERVICE AREA,Riverton Fire Service Area,government,high
RIVERTON HARDWARE PROWEST,Riverton Hardware,facilities,high
RJ MARX CUSTOM GRAPHICS,RJ Marx Custom Graphics,professional,low
RJ MASONRY,RJ Masonry,construction,high
RJT EXCAVATING,RJT Excavating,construction,high
RKL DIESEL PEROFRMANCE,RKL Diesel Performance,fleet,high
RKS DOORS,RKS Doors,facilities,high
RL DUKE,Individuals (names withheld),individuals,medium
RMP,Rocky Mountain Power,utilities,high
RMP ROCKY MOUNTAIN POWER,Rocky Mountain Power,utilities,high
ROADSAFE TRAFFIC SYSTEMS,Roadsafe Traffic Systems,general,low
ROAM UNLIMITED,Roam Unlimited,unclassified,low
ROB SCHIMIDT,Individuals (names withheld),individuals,high
ROB SCHMIDT BODY AND PAINT,Rob Schmidt Body & Paint,fleet,high
ROBERT DUNCAN ELECTRICAL CONT,Robert Duncan Electrical Contractors,facilities,medium
ROBERT GROW MD,Robert W. Grow MD,professional,low
ROBERT HALF,Robert Half,professional,high
ROBERT I MERRILL,Robert I. Merrill Co.,facilities,medium
ROBERT JR DEKORVER,Individuals (names withheld),individuals,high
ROBERT POWELL OR JILL POWELL,Individuals (names withheld),individuals,high
ROBERT W GROW MD,Robert W. Grow MD,professional,low
ROBERT W SPEIRS PLUMBING,Robert W. Speirs Plumbing,facilities,high
ROBERT WOODCOCK REIMBURSEMENT FOR GIFT FOR RAELENE,Individuals (names withheld),individuals,medium
ROBERT WOODCOCK VOICE RECORDER,Individuals (names withheld),individuals,medium
ROBERTS AND SONS GARAGE DOORS,Roberts and Sons Garage Doors,facilities,high
ROBERTS BRADEN,Individuals (names withheld),individuals,high
ROBINSON WASTE SERVICES,Robinson Waste Services,utilities,high
ROBISON ROBIN LEON RL,Individuals (names withheld),individuals,high
ROBOTRONICS,Robotronics,general,low
ROCK EXOTICA,Rock Exotica,fire-equipment,high
ROCK MOUNTAIN TECHNOLOGY,Rock Mountain Technology,it,high
ROCK N RESCUE,Rock-N-Rescue,fire-equipment,high
ROCK SOLID ROOFING,Rock Solid Roofing,construction,high
ROCKING X REPAIR AND PERFORMANCE,Rocking X Repair & Performance,fleet,high
ROCKY MOUNTAIN AIR SOLUTIONS,Rocky Mountain Air Solutions,ems-supplies,high
ROCKY MOUNTAIN AMBULANCE,Rocky Mountain Ambulance,ambulance,low
ROCKY MOUNTAIN EMERGENCY VEHICLES,Rocky Mountain Emergency Vehicles,ambulance,medium
ROCKY MOUNTAIN EMERGENCY VEHICLES RMEV,Rocky Mountain Emergency Vehicles,ambulance,medium
ROCKY MOUNTAIN LIFTS AND EQUIPMENT,Rocky Mountain Lifts & Equipment,unclassified,low
ROCKY MOUNTAIN MECHANICAL,Rocky Mountain Mechanical,facilities,high
ROCKY MOUNTAIN PHOENIX,Rocky Mountain Phoenix,apparatus,high
ROCKY MOUNTAIN POWER,Rocky Mountain Power,utilities,high
ROCKY MOUNTAIN RADIATOR,Rocky Mountain Radiator,fleet,high
ROCKY MOUNTAIN SCREEN PRINTING,Rocky Mountain Screen Printing,uniforms,high
ROCKY MOUNTAIN THERAPY,Rocky Mountain Therapy,medical-exams,low
ROCKY MOUNTAIN TRUCK PARTS,Rocky Mountain Truck Parts,fleet,high
ROCKY MOUNTAIN UNMANNED SYSTEMS,Rocky Mountain Unmanned Systems,fire-equipment,low
ROCKY MOUNTIAN POWER,Rocky Mountain Power,utilities,high
ROCKY MTN POWER,Rocky Mountain Power,utilities,high
ROCKY MTN POWER PACIFIC POWER,Rocky Mountain Power,utilities,high
ROCMONT INDUSTRIAL,Rocmont Industrial,unclassified,low
RODAC,RODAC,construction,medium
ROGERS POULTRY FARMS,Rogers Poultry Farms,general,medium
ROGUE,Rogue,unclassified,low
ROGUE FITNESS,Rogue Fitness,medical-exams,high
ROGUE SPORTS AND APPAREL,Rogue Sports & Apparel,uniforms,high
ROLL N RACK,Roll N Rack,apparatus,medium
ROLLNRACK,RollNRack,fire-equipment,medium
ROMAINE ELECTRIC,Romaine Electric,fleet,medium
RON DRAKE,Individuals (names withheld),individuals,high
RON GORDONS TIRE PROS,Ron Gordon's Tire Pros,fleet,high
RON HARRIS,Individuals (names withheld),individuals,high
RON KELLER TIRE,Ron Keller Tire,fleet,high
RONALD FE DOLPHIN,Individuals (names withheld),individuals,medium
RONS AUTOMOTIVE,Ron's Automotive,fleet,high
ROOSEVELT CITY,Roosevelt City,government,high
ROOSEVELT CITY FIRE DEPARTMENT,Roosevelt City,government,high
ROOSEVELT FIRE DEPARTMENT,Roosevelt City,government,high
ROOTED THERAPY,Rooted Therapy,medical-exams,medium
ROOTS 2 LEAVES,Roots 2 Leaves,facilities,medium
ROPER BUILDINGS,Roper Buildings,construction,medium
ROPER LUMBER,Roper Lumber,facilities,high
ROSENBAUER,Rosenbauer,apparatus,high
ROSENBAUER MINNESOTA,Rosenbauer,apparatus,high
ROSENBAUER SOUTH DAKOTA,Rosenbauer,apparatus,high
ROSENBERG ASSOCIATES,Rosenberg Associates,construction,high
ROSQUIST JARED T,Individuals (names withheld),individuals,high
ROSS,Ross Dress for Less,general,low
ROTO FLUSH,Roto Flush,facilities,medium
ROTO ROOTER,Roto-Rooter,facilities,high
ROTO ROOTER SERVICES,Roto-Rooter,facilities,high
ROUGH COUNTRY,Rough Country,fleet,high
ROUGH PATCH COMPLEX STATE OF UTAH,State of Utah,government,medium
ROWLAND GERALD KIM,Individuals (names withheld),individuals,high
ROWSER TYLER J,Individuals (names withheld),individuals,high
ROY CITY,Roy City,government,high
ROY CITY RESCUE 31,Roy City,government,high
ROYAL SOLUTIONS,Royal Solutions,finance,medium
ROYAL WHOLESALE ELECTRIC,Royal Wholesale Electric,facilities,high
ROYCE INDUSTRIES,Royce Industries,unclassified,low
RPM AUTO PARTS,RPM Auto Parts,fleet,high
RQI PARNERTS,RQI Partners,training,high
RQI PARTNERS,RQI Partners,training,high
RS HUGHES,R.S. Hughes,fire-equipment,medium
RUBYS GENERAL STORE,Ruby's General Store,general,high
RUBYS INN,Ruby's Inn,training,high
RUESCH AND REEVE,Ruesch & Reeve,professional,high
RUGGED BOOKS,Rugged Books,it,high
RURAL EMS DIRECTORS OF UTAH ASSOCIATION,Rural EMS Directors of Utah Association,training,high
RUSH TRUCK CENTER,Rush Truck Centers,fleet,high
RUSH TRUCK CENTERS OF UTAH,Rush Truck Centers,fleet,high
RUSH VALLEY FIRE DEPARTMENT,Rush Valley Fire Department,government,high
RUSH VALLEY RACING,Rush Valley Racing,unclassified,low
RUSSELL,Individuals (names withheld),individuals,medium
RUSSELL TROY KELTON,Individuals (names withheld),individuals,high
RUSSELL WELDING,Russell Welding,unclassified,low
RUSTIC CHARM PEST CONTROL,Rustic Charm Pest Control,facilities,high
RUTHLESS DIESEL,Ruthless Diesel,fleet,high
RYAN BURRASTON,Individuals (names withheld),individuals,high
RYAN CHRISTENSEN,Individuals (names withheld),individuals,high
RYAN D BURRASTON,Individuals (names withheld),individuals,high
RYAN GARDNER,Individuals (names withheld),individuals,medium
RYCA CONSTRUCTION,RYCA Construction,construction,high
RYDALCH ELECTRIC,Rydalch Electric,facilities,high
RYLEE WAHLBERG,Individuals (names withheld),individuals,high
S AND B LANDSCAPING,S&B Landscaping,facilities,high
S AND S REPAIR AND TRANSPORTATION,S&S Repair and Transportation,fleet,high
S AND V GLASS,S&V Glass,fleet,low
S AND W AUTOS,S and W Autos,fleet,medium
SADDLEBACK LIGHTING,Saddleback Lighting,facilities,high
SAFARILAND,Safariland,ppe,medium
SAFELITE,Safelite AutoGlass,fleet,high
SAFELITE AUTO GLASS,Safelite AutoGlass,fleet,high
SAFELITE AUTOGLASS,Safelite AutoGlass,fleet,high
SAFETY KLEEN SYSTEMS,Safety-Kleen,fleet,medium
SAFETY SUPPLY AND SIGN,Safety Supply & Sign,general,medium
SAFEWARE,Safeware,fire-equipment,medium
SAFEWAY,Safeway,general,high
SAHARA MOTORS,Sahara Motors,fleet,medium
SALEM CITY,Salem City,government,high
SALINA CITY,Salina City,government,high
SALINA FIRE DEPARTMENT,Salina Fire Department,government,medium
SALMON HVAC,Salmon HVAC,facilities,high
SALMON MECHANICAL,Salmon Mechanical,facilities,high
SALSBURY INDUSTRIES,Salsbury Industries,facilities,high
SALT CREEK CONTRACTORS,Salt Creek Contractors,construction,medium
SALT LAKE CITY,Salt Lake City,government,high
SALT LAKE CITY FIRE,Salt Lake City Fire Department,government,high
SALT LAKE CITY FIRE DEPT,Salt Lake City Fire Department,government,high
SALT LAKE CITY PUBLIC UTILITIES,Salt Lake City Public Utilities,utilities,high
SALT LAKE COMMUNITY COLLEGE,Salt Lake Community College,training,high
SALT LAKE COUNTY,Salt Lake County,government,high
SALT LAKE RUNNING,Salt Lake Running Company,uniforms,medium
SALT LAKE TRIBUNE,The Salt Lake Tribune,professional,high
SALT LAKE URBAN SEARCH AND RESCUE,Salt Lake Urban Search & Rescue,government,low
SALT LAKE VALLEY AUTOMOTIVE SERVICES,Salt Lake Valley Automotive Services,fleet,high
SALT LAKE VALLEY CHRYSLER DODGE JEEP RAM,Salt Lake Valley Chrysler Dodge Jeep Ram,fleet,high
SALT LAKE VALLEY EMERGENCY,Salt Lake Valley Emergency Communications Center,dispatch,high
SALT LAKE WHOLESALE SPORTS,Salt Lake Wholesale Sports,general,medium
SALTY PEAKS SOLUTIONS,Salty Peaks Solutions,construction,low
SAM BROWN SHIELDS,Sam Brown Shields,ppe,low
SAM CROFT,Individuals (names withheld),individuals,high
SAM T EVANS,Sam T. Evans,fleet,high
SAMS CLUB,Sam's Club,general,high
SAMS CLUB MASTERCARD,Sam's Club,general,medium
SAMS CLUB MC SYNCB,Sam's Club,general,medium
SAMUEL CHAVEZ,Individuals (names withheld),individuals,high
SAMUEL JOSEPH GORTON,Individuals (names withheld),individuals,medium
SAN JUAN BUILDING SUPPLY,San Juan Building Supply,facilities,high
SAN JUAN COUNTY ROAD DEPT,San Juan County,government,high
SANATIVA,Sanativa,unclassified,low
SANCHEZ VICTOR,Individuals (names withheld),individuals,high
SAND AND SWIRL,Sand & Swirl,construction,medium
SANDERS JASON L AND BROOKE A,Individuals (names withheld),individuals,medium
SANDERSON MARC R,Individuals (names withheld),individuals,high
SANDSTONE PSYCHOLOGY,Sandstone Psychology,medical-exams,high
SANDY CITY,Sandy City,government,high
SANDY SUBURBAN IMPROVEMENT DISTRICT,Sandy Suburban Improvement District,utilities,high
SANPETE COUNTY,Sanpete County,government,high
SANPETE COUNTY FIRE 2,Sanpete County Fire Special Service District,government,high
SANPETE COUNTY FIRE DISTRICT,Sanpete County Fire Special Service District,government,high
SANPETE COUNTY FIRE DISTRICT 2,Sanpete County Fire Special Service District,government,high
SANPETE COUNTY SEARCH AND RESCUE,Sanpete County Search & Rescue,government,medium
SANPETE DIESEL,Sanpete Diesel Service,fleet,high
SANPETE DIESEL SERVICE,Sanpete Diesel Service,fleet,high
SANPETE FIRE DISTRICT 2,Sanpete County Fire Special Service District,government,high
SANPETE MESSENGER,Sanpete Messenger,professional,high
SANPETE NEWS,Sanpete News,professional,medium
SANPETE SANITARY LANDFILL,Sanpete Sanitary Landfill Cooperative,utilities,high
SANPETE SANITARY LANDFILL COOPERATIVE,Sanpete Sanitary Landfill Cooperative,utilities,high
SANTA CLARA CITY,Santa Clara City,government,high
SANTANDER LEASING,Santander Leasing,finance,high
SANTAQUIN CITY,Santaquin City,government,high
SANTAQUIN MARKET,Santaquin Market,general,medium
SANTAQUIN MARKET ACE,Ace Hardware,facilities,medium
SAPP BROS,Sapp Bros,fleet,high
SARATOGA SPRINGS,Saratoga Springs,government,high
SATCOM GLOBAL,Satcom Global,telecom,high
SAVAGE ALRBECHT ENGINEERING,Savage Albrecht Engineering,construction,high
SAVANNAH L SMITH,Individuals (names withheld),individuals,high
SAVVIK BUYING GROUP,Savvik Buying Group,general,low
SBR TECHNOLOGIES,SBR Technologies,unclassified,low
SCBA SALES,SCBA Sales,scba,medium
SCBA SALES AND RENTALS,SCBA Sales,scba,high
SCBA SALES RENTALS,SCBA Sales,scba,high
SCHEELS,Scheels,general,high
SCHIESS,Individuals (names withheld),individuals,high
SCHMID LUKE,Individuals (names withheld),individuals,high
SCHOLZEN PRODUCTS,Scholzen Products,construction,medium
SCHOOL OF EMS,School of EMS,training,high
SCHWAB,Charles Schwab,payroll,low
SCIPIO TOWN,Scipio Town,government,high
SCOTT ALLRED PAVING,Scott Allred Paving,construction,high
SCOTT ATKINSON,Individuals (names withheld),individuals,medium
SCOTT BREDTHAUER,Individuals (names withheld),individuals,high
SCOTT CHAPMAN,Individuals (names withheld),individuals,medium
SCOTT JAMES PLUMBING AND HEATING,Scott James Plumbing and Heating,facilities,high
SCOTT JENSEN,Individuals (names withheld),individuals,high
SCOTT MURRAY LP GAS,Scott Murray LP Gas,utilities,high
SCOTT WIGGILL,Individuals (names withheld),individuals,high
SCOTTCO BLINDS,Scottco Blinds,facilities,high
SCREEN PRO,Screen Pro,uniforms,high
SCRUBS AND CUFFS UNIFORM CENTER,The Uniform Center,uniforms,high
SCRUBS AND CUFFS UNIFORM CENTER DO NOT USE,The Uniform Center,uniforms,high
SDW ENTERPRISES,SDW Enterprises,unclassified,low
SEA WESTERN,Sea-Western,fire-equipment,high
SEA WESTERN FIRE FIGHTING EQUIP,Sea-Western,fire-equipment,high
SEA WESTERN FIRE FIGHTING EQUIPMENT,Sea-Western,fire-equipment,high
SEAGULL PRINTING SERVICES,Seagull Printing Services,professional,high
SEAMLESS COMMERCIAL ROOFING,Seamless Commercial Roofing,construction,high
SEAN STEPHENS,Individuals (names withheld),individuals,high
SEARLE GAS,Searle Gas,utilities,high
SEAWESTERN,Sea-Western,fire-equipment,high
SEAWESTERN FIRE FIGHTING EQUIP,Sea-Western,fire-equipment,high
SEAWESTERN FIRE FIGHTING EQUIPMENT,Sea-Western,fire-equipment,high
SEBER CASEY W,Individuals (names withheld),individuals,high
SECURE CLOUD MERCHANT SOLUTIONS,Secure Cloud Merchant Solutions,finance,low
SECURELYFT,SecurLyft,ems-supplies,medium
SECURITY TITLE INSURANCE AGENCY OF UTAH,Security Title Insurance Agency,finance,high
SECURLYFT,SecurLyft,ems-supplies,medium
SEGO PROMOS,Sego Promos,general,high
SELECT HEALTH,SelectHealth,payroll,high
SELECT TECH,Select Tech,unclassified,low
SELECTHEALTH,SelectHealth,payroll,high
SEMI SERVICE,Semi Service,fleet,medium
SEMI SERVICES,Reading Truck,fleet,high
SENERGY PETROLEUM,Senergy Petroleum,fleet,high
SENSIT TECHNOLOGIES,Sensit Technologies,fire-equipment,high
SENTINEL SYSTEMS,Sentinel Systems,radios,medium
SERVICE CHARGE,No vendor named,placeholder,medium
SERVICE DRUG,Service Drug,ems-supplies,medium
SERVICEAIDE,ServiceAide,software,medium
SERVICEMASTER OF SALT LAKE,ServiceMaster,facilities,high
SERVPRO,Servpro,facilities,high
SEVENTY SEVENS LEATHER,Seventy Seven's Leather,unclassified,low
SEVIER COUNTY,Sevier County,government,high
SEVIER OFFICE SUPPLY,Sevier Office Supply,general,medium
SEW SWEET DESIGNS,Sew Sweet Designs,uniforms,low
SEYER MONKS,Individuals (names withheld),individuals,high
SG WATER STORE,SG Water Store,general,medium
SHADED GLASS,Shaded Glass,facilities,low
SHADES DIESEL,Shade's Diesel,fleet,medium
SHALLOW CREEK WOODWORK,Shallow Creek Woodwork,facilities,low
SHAMMY SHACK,Shammy Shack,fleet,medium
SHAMROCK PLUMBING,Shamrock Plumbing,facilities,high
SHANI JENSEN LCSW,Individual counselors (names withheld),medical-exams,medium
SHARP TRANSPORTATION,Sharp Transportation,unclassified,low
SHAUN PALM,Individuals (names withheld),individuals,medium
SHAY HOLLEY,Individuals (names withheld),individuals,high
SHEA CASON,Individuals (names withheld),individuals,high
SHEA P WALKER,Individuals (names withheld),individuals,high
SHEA WALKER,Individuals (names withheld),individuals,high
SHELBY WILLIS,Individuals (names withheld),individuals,high
SHELL,Shell,fleet,high
SHELL OIL,Shell,fleet,high
SHERWIN WILLIAMS,Sherwin-Williams,facilities,high
SHI INTERNATIONAL,SHI International,it,high
SHI OFFICE FURNITURE,SHI Office Furniture,facilities,medium
SHIELD SAFETY,Shield Safety,unclassified,low
SHILOH MONNEY,Individuals (names withheld),individuals,high
SHIRT STOP,The Shirt Stop,uniforms,medium
SHOCK,Shock Inc,ems-equipment,medium
SHOLLY JARED,Individuals (names withheld),individuals,high
SIDDONS MARTIN EMERGENCY,Siddons-Martin Emergency Group,apparatus,high
SIDDONS MARTIN EMERGENCY GROUP,Siddons-Martin Emergency Group,apparatus,high
SIDDONS MARTIN EMERGNECY GROUP,Siddons-Martin Emergency Group,apparatus,high
SIDDONS MARTINE EMERGENCY GROUP,Siddons-Martin Emergency Group,apparatus,high
SIDS ALIGNMENT SERVICE,Sid's Alignment Service,fleet,high
SIEGFRIED AND JENSEN,Siegfried & Jensen,professional,medium
SIERRA RESTORATION,Sierra Restoration,facilities,medium
SIGN EDGE,Sign Edge,professional,medium
SIGN PRO,Sign Pro,professional,medium
SIGNAL 5 FIRE APPARATUS,Signal 5 Fire Apparatus,apparatus,high
SIGNAL BUILDING CONSTRUCTION,Signal Building Construction,construction,high
SIGNARAMA,Signarama,professional,medium
SIGNATURE IMAGES,Signature Images,uniforms,medium
SIGNATURE PRESS,Signature Press,professional,medium
SIGNS AND LINES,Signs & Lines,professional,low
SIGNS COM,Signs.com,professional,medium
SIGTRONICS,Sigtronics,radios,high
SILAS SCHADEGG,Individuals (names withheld),individuals,high
SILVIA GARCIA MOROYOQUI,Individuals (names withheld),individuals,medium
SIMKINS SERVICE JIMS SERVICE,Jim's Service,fleet,medium
SIMONS PAINTING,Simons Painting,facilities,high
SIMPLI SERVICE,Simpli Service,unclassified,low
SIMPLIVERIFIED,SimpliVerified,professional,medium
SIMSUSHARE,SimsUShare,training-software,high
SIMTABLE,Simtable,training-software,medium
SINCLAIR,Sinclair,fleet,high
SIRQ,SIRQ,construction,high
SIRQ CONSTRUCTION,SIRQ,construction,high
SITE TRUCK,Truck Site,apparatus,medium
SITLA,Utah School and Institutional Trust Lands Administration,government,high
SIX STATES,Six States Distributors,fleet,medium
SIX STATES DISTRIBUTORS,Six States Distributors,fleet,medium
SKAGGS,Skaggs Public Safety Uniforms,uniforms,high
SKAGGS COMPANIES,Skaggs Public Safety Uniforms,uniforms,high
SKAGGS PUBLIC SAFETY EQUIPMENT,Skaggs Public Safety Uniforms,uniforms,high
SKAGGS PUBLIC SAFETY UNI,Skaggs Public Safety Uniforms,uniforms,high
SKAGGS PUBLIC SAFETY UNIFORM AND EQUIP,Skaggs Public Safety Uniforms,uniforms,high
SKAGGS PUBLIC SAFETY UNIFORMS,Skaggs Public Safety Uniforms,uniforms,high
SKAGGS PUBLIC SAFETY UNIFORMS AND EQUIP,Skaggs Public Safety Uniforms,uniforms,high
SKETTIOS FAMILY CHILDCARE,Individuals (names withheld),individuals,medium
SKILLSURVEY,SkillSurvey,software,medium
SKY BLUE CHEMICAL,Sky Blue Chemical,facilities,medium
SKY BLUE INDUSTRIES,Sky Blue Chemical,facilities,medium
SKYLER SKINNER,Individuals (names withheld),individuals,high
SKYLINE ELECTRIC,Skyline Electric,facilities,high
SKYLINE MOTORSPORTS AND STORAGE,Skyline Motorsports & Storage,fleet,medium
SKYLINE ROOFING,Skyline Roofing,construction,high
SKYVIEW EXCAVATION AND GRADING,Skyview Excavation & Grading,construction,high
SL COUNTY PUBLIC WORKS,Salt Lake County,government,high
SL EMERGENCY COMMUNICATIONS CT,Salt Lake Valley Emergency Communications Center,dispatch,high
SL VALLEY EMERG COMMUNICATION CNTR,Salt Lake Valley Emergency Communications Center,dispatch,high
SL VALLEY EMERGENCY COMMUNICAT,Salt Lake Valley Emergency Communications Center,dispatch,high
SL VALLEY EMERGENCY COMMUNICATIONS,Salt Lake Valley Emergency Communications Center,dispatch,high
SL VALLEY EMERGENCY COMMUNICATIONS CENTER,Salt Lake Valley Emergency Communications Center,dispatch,high
SLACKWATER,Slackwater,general,medium
SLADEN D MARKHAM,Individuals (names withheld),individuals,medium
SLAUGHS SINCLAIR,Slaugh's Sinclair,fleet,high
SLC AIRPORT PARKING,SLC Airport Parking,training,medium
SLC PUBLIC UTILITIES,Salt Lake City Public Utilities,utilities,medium
SMITH AND EDWARDS,Smith & Edwards,general,medium
SMITH ANDREW,Individuals (names withheld),individuals,high
SMITH CHRIS,Individuals (names withheld),individuals,high
SMITH DRUG,Smith Drug Company,ems-supplies,high
SMITH GORDON C,Individuals (names withheld),individuals,high
SMITH MICAH,Individuals (names withheld),individuals,medium
SMITH POWER PRODUCT,Smith Power Products,facilities,low
SMITH POWER PRODUCTS,Smith Power Products,facilities,low
SMITH SHAUN,Individuals (names withheld),individuals,high
SMITH TRAVIS,Individuals (names withheld),individuals,high
SMITHFIELD CITY,Smithfield City,government,high
SMITHFIELD FIREFIGHTER ASSOCIATION,Smithfield Firefighter Association,training,medium
SMITHFIELD IMPLEMENT,Smithfield Implement,general,low
SMITHS,Smith's Food & Drug,general,high
SMITHS CUSTOMER CHARGES,Smith's Food & Drug,general,high
SMITHS FOOD,Smith's Food & Drug,general,high
SMITHS FOOD AND DRUG CENTERS,Smith's Food & Drug,general,high
SMITHS FOODS,Smith's Food & Drug,general,high
SMOKIN BONES BBQ,Smokin Bones BBQ,general,medium
SMOKIN J DIESEL AND AUTOMOTIVE SERVICE,Smokin J Diesel & Automotive Service,fleet,high
SMUIN RICH AND MARSING,"Smuin, Rich & Marsing",professional,high
SNAP FITNESS,Snap Fitness,medical-exams,high
SNAPSHOT MULTIMEDIA,Snapshot Multimedia,professional,low
SNF BFX FIRE APPARATUS,BFX Fire Apparatus,apparatus,high
SNIDER FD CASEY,Individuals (names withheld),individuals,high
SNOW AND NELSON,Snow & Nelson,professional,high
SNOW VERNON,Individuals (names withheld),individuals,high
SNOWBIRD RESORT,Snowbird Resort,training,medium
SNOWS HEATING AND AIR CONDITIONING,Snow's Heating & Air Conditioning,facilities,high
SNOWVILLE TOWN,Snowville Town,government,high
SNYDERVILLE BASIN WRD,Snyderville Basin Water Reclamation District,utilities,high
SO DAVIS METRO 5143,South Davis Metro Fire,government,low
SOBE EATS CULINARY CONCEPTS,SoBe Eats Culinary Concepts,general,medium
SOCIAL SCIENCES INNOVATIONS,Social Sciences Innovations,unclassified,low
SONANCE,Sonance,unclassified,low
SONETICS,Firecom,radios,high
SONORA GRILL,The Sonora Grill,general,medium
SORENSON RICHARD AND OR MELISSA,Individuals (names withheld),individuals,medium
SOS PUMPING SERVICES,SOS Pumping Services,facilities,medium
SOUL INCEPTION,Soul Inception,medical-exams,medium
SOUTH CENTRAL COMMUNICATIONS,South Central Communications,telecom,high
SOUTH CENTRAL TELEPHONE,South Central Communications,telecom,medium
SOUTH CENTRAL UTAH TELEPHONE,South Central Communications,telecom,high
SOUTH DAVIS METRO FIRE AGENCY,South Davis Metro Fire Agency,government,high
SOUTH DAVIS METRO FIRE SERVICE AREA,South Davis Metro Fire Service Area,government,high
SOUTH DAVIS SEWER DISTRICT,South Davis Sewer District,utilities,high
SOUTH FORK HARDWARE,South Fork Hardware,facilities,high
SOUTH FORK HARDWARE NSL 74,South Fork Hardware,facilities,high
SOUTH OGDEN CITY,South Ogden City,government,high
SOUTH SANPETE PACK,South Sanpete Pack,general,medium
SOUTH SUMMIT FIRE,South Summit Fire Protection District,finance,medium
SOUTH SUMMIT FIRE PROTECTION DIST CHECKING ACCOUNT,South Summit Fire Protection District,finance,medium
SOUTH SUMMIT FIRE PROTECTION DISTRICT,South Summit Fire Protection District,finance,medium
SOUTH SUMMIT FIRE PROTECTION DISTRICT EMS,South Summit Fire Protection District,finance,medium
SOUTH SUMMIT FIRE PROTECTION DISTRICT SAVINGS,South Summit Fire Protection District,finance,medium
SOUTH SUMMIT FIRE PROTECTION DISTRIT EMS,South Summit Fire Protection District,finance,medium
SOUTH SUMMIT FIRE PROTECTION EMS,South Summit Fire Protection District,finance,medium
SOUTH UTAH VALLEY SOLID WASTE,South Utah Valley Solid Waste District,utilities,medium
SOUTH VALLEY FLOORS,South Valley Floors,facilities,medium
SOUTHEAST UTAH COMMUNITY DEV,Southeast Utah Community Development Corporation,government,medium
SOUTHERN TIRE MART,Southern Tire Mart,fleet,high
SOUTHERN UTAH DISTRIBUTING,Southern Utah Distributing,unclassified,low
SOUTHERN UTAH TITLE,Southern Utah Title,finance,high
SOUTHWEST AIRLINES,Southwest Airlines,training,high
SOUTHWEST DIESEL SERVICE,Southwest Diesel Service,fleet,high
SOUTHWEST EXTERMINATORS,Southwest Exterminators,facilities,high
SOUTHWEST PLUMBING SUPPLY,Southwest Plumbing Supply,facilities,high
SOUTHWEST RESCUE,Southwest Rescue,unclassified,low
SOUTHWEST SIGNWORKS,Southwest Signworks,professional,medium
SOUTHWEST TECHNICAL COLLEGE,Southwest Technical College,training,high
SP FORK AUTO SUPPLY,Spanish Fork Auto Supply,fleet,high
SPACESAVER INTERMOUNTAIN,Spacesaver Intermountain,facilities,high
SPANISH FORK BUILDERS SUPPLY,Spanish Fork Builders Supply,facilities,high
SPANISH FORK CITY,Spanish Fork City,government,high
SPANISH FORK FIRE AND EMS,Spanish Fork Fire & EMS,government,high
SPANISH TRAIL,Spanish Trail,unclassified,low
SPAREWARES,Sparewares,apparatus,low
SPARTAN FIRE,Spartan Fire,apparatus,high
SPECIALTY VEHICLE CONCEPTS,Specialty Vehicle Concepts,fleet,medium
SPECTRUM,The Spectrum,professional,medium
SPEED E CRETE CONCRETE,Speed-E-Crete Concrete,facilities,medium
SPEEDI PACK AND EXPRESS IMAGING,Speedi-Pack & Express Imaging,professional,medium
SPEEDS POWER EQUIPMENT,Speed's Power Equipment,fire-equipment,low
SPEEDTECH LIGHTS,Speedtech Lights,fleet,medium
SPEEDWAY,Speedway,fleet,high
SPENCER ASPHALT MAINTENANCE,Spencer Asphalt Maintenance,facilities,high
SPENCER DEREK,Individuals (names withheld),individuals,high
SPICER JOSEPH,Individuals (names withheld),individuals,high
SPLIT MOUNTAIN CONSTRUCTION,Split Mountain Construction,construction,high
SPORTSMANS WAREHOUSE,Sportsman's Warehouse,general,high
SPOTTEN ETHAN,Individuals (names withheld),individuals,high
SPRAGUE PEST SOLUTIONS,Sprague Pest Solutions,facilities,high
SPRING CITY,Spring City,government,high
SPRING CITY FIRE DEPARTMENT,Spring City Fire Department,government,high
SPRINGHILL SUITES,SpringHill Suites,training,high
SPRINGVILLE CITY,Springville City,government,high
SPRINGVILLE MEAT,Springville Meat Company,general,medium
SPRINKLER SUPPLY,Sprinkler Supply Company,facilities,high
SPRINKLER WORLD,Sprinkler World,facilities,high
SPRINT,T-Mobile,telecom,high
SPRINT IMAGE,SprintImage,professional,medium
SPRINT PRINT,SprintImage,professional,medium
SPRINTIMAGE,SprintImage,professional,medium
SPRINTPRINT,SprintPrint,professional,high
SQ UTAH COMMUNICATIONS A,Utah Communications Authority,government,low
SQUARE ONE PRINTING,Square One Printing,professional,high
SQUIRE,Squire & Company,professional,medium
SQUIRE AND,Squire & Company,professional,high
SR MECHANICAL,SR Mechanical,facilities,high
SRT CONSULTING GROUP,SRT Consulting Group,professional,low
SSA TECHNOLOGY JJ AND S ENTERPRISES,SSA Technology,unclassified,low
SSFDE,South Summit Fire Protection District,finance,low
SSFPD EMS,South Summit Fire Protection District,finance,medium
ST GEORGE CITY,City of St. George,government,high
ST GEORGE FIRE ASSOCIATION,St. George Firefighters Association,training,low
ST GEORGE FIREFIGHTERS ASSOCIATION,St. George Firefighters Association,training,medium
ST GEORGE MECHANIC,St. George Mechanic,fleet,medium
ST GEORGE REGIONAL AIRPORT,St. George Regional Airport,training,medium
ST GEORGE TOPPER,St. George Topper,fleet,high
STACEYS REPAIR,Stacey's Repair,fleet,low
STAGE STOP STATION,Stage Stop Station,fleet,medium
STAKER PARSON COMPANIES,Staker Parson,construction,high
STALEY HUNTER,Individuals (names withheld),individuals,high
STALKER RADAR,Stalker Radar,unclassified,low
STALLINGS CONSTRUCTION,Stallings Construction,construction,high
STALLINGS SHEET METAL,Stallings Sheet Metal,facilities,medium
STAN BONHAM,Stan Bonham Company,facilities,medium
STANDARD EXAMINER,Standard-Examiner,professional,high
STANDARD INSURANCE,The Standard,payroll,medium
STANDARD PLUMBING,Standard Plumbing Supply,facilities,high
STANDARD PLUMBING SUPPLY,Standard Plumbing Supply,facilities,high
STANDARD RESTAURANT EQUIPMENT,Standard Restaurant Equipment,facilities,high
STANSBURY PARK IMPROVEMENT DISTRICT,Stansbury Park Improvement District,utilities,high
STANTEC CONSULTING SERVICES,Stantec,construction,medium
STAPLES,Staples,general,high
STAPLES BUSINESS CREDIT,Staples,general,high
STAPLES CREDIT PLAN,Staples,general,high
STAR SIGN,Star Sign,professional,medium
STARBUCKS,Starbucks,general,high
STARLEYS MACHINE,Starley's Machine,fleet,low
STARLINK,Starlink,telecom,high
STARLINK INTERNET,Starlink,telecom,high
STARWEST,Starwest,unclassified,low
STAT MEDICAL,Stat Medical Supply,ems-supplies,high
STAT MEDICAL SUPPLY,Stat Medical Supply,ems-supplies,high
STATE BANK OF BURRTON,State Bank of Burrton,finance,high
STATE BANK OF SO UT VISA,State Bank of Southern Utah,finance,high
STATE BANK OF SO UTAH,State Bank of Southern Utah,finance,high
STATE BANK OF SOUTHERN UTAH,State Bank of Southern Utah,finance,high
STATE BANK OF SOUTHERN UTAH VISA,State Bank of Southern Utah,finance,high
STATE FIRE,State Fire DC Specialties,facilities,low
STATE FIRE DC SPECIALLTIES,State Fire DC Specialties,facilities,medium
STATE FIRE DC SPECIALTIES,State Fire DC Specialties,facilities,medium
STATE FIRE SALES AND SERVICE,State Fire Sales & Service,fire-equipment,medium
STATE OF UTAH,State of Utah,government,high
STATE OF UTAH DEPARTMENT OF COMMERCE,Utah Department of Commerce,government,high
STATE OF UTAH DEPARTMENT OF HEALTH,Utah Department of Health and Human Services,government,high
STATE OF UTAH DEPT OF HEALTH,Utah Department of Health and Human Services,government,high
STATE OF UTAH DEPT OF HEALTH AND HUMAN SER,Utah Department of Health and Human Services,government,high
STATE OF UTAH DEPT OF HEALTH AND HUMAN SERVICES,Utah Department of Health and Human Services,government,high
STATE OF UTAH DEPT OF HELATH AND HUMAN SER,Utah Department of Health and Human Services,government,high
STATE OF UTAH DEPT OF NATURAL RESOURCES,Utah Department of Natural Resources,government,high
STATE OF UTAH DEPT OF PUBLIC SAFETY,Utah Department of Public Safety,government,high
STATE OF UTAH DEPT OF TECHNOLOGY SERVICE,Utah Department of Technology Services,government,high
STATE OF UTAH DEPTARTMENT OF HEALTH,Utah Department of Health and Human Services,government,high
STATE OF UTAH DGO FLEET OPERATIONS FUEL NETWORK,Utah Fuel Network,fleet,high
STATE OF UTAH DIV OF FINANCE,Utah Division of Finance,government,high
STATE OF UTAH DIVISION OF FORESTRY FIRE AND STATE LANDS,"Utah Division of Forestry, Fire & State Lands",government,high
STATE OF UTAH FUEL NETWORK,Utah Fuel Network,fleet,high
STATE OF UTAH FUEL NETWORK DGO,Utah Fuel Network,fleet,high
STATE OF UTAH GASCARD,Utah Fuel Network,fleet,medium
STATE OF UTAH HEALTH CARE FINANCING,Utah Division of Health Care Financing,government,high
STATE OF UTAH HEALTHCARE FINANCING,Utah Division of Health Care Financing,government,high
STATE OF UTAH NATURAL RESOURCES,Utah Department of Natural Resources,government,high
STATE OF UTAH PURCHASING AND GENERAL SERVICES,State of Utah Purchasing Card,finance,high
STATE TRAILER,State Trailer,fleet,medium
STATE TRAILER SUPPLY,State Trailer Supply,fleet,medium
STATION AUTOMATION,PSTrax,rms,medium
STATION AUTOMATION PSTRAX,PSTrax,rms,high
STATPACKS,Statpacks,ems-supplies,medium
STAUFFER TONY,Individuals (names withheld),individuals,high
STAUFFERS ROAD SOLUTIONS,Stauffers Road Solutions,unclassified,low
STAUFFERS TOWING,Stauffer's Towing,fleet,high
STAYBRIDGE SUITES,Staybridge Suites,training,high
STEADMANS RECREATION,Steadman's Recreation,fleet,medium
STEAMROLLER COPIES,Steamroller Copies,professional,medium
STEIN JUSTIN B,Individuals (names withheld),individuals,high
STELL CUSTOM METALWORKS,Stell Custom Metalworks,facilities,medium
STEPHANIE NAY,Individuals (names withheld),individuals,high
STEPHANIE SCHENCK,Individuals (names withheld),individuals,high
STEPHEN VACCARO,Individuals (names withheld),individuals,high
STEPHEN WILLIAMS,Individuals (names withheld),individuals,high
STEPHENS PUBLISHING,Stephens Publishing,professional,low
STEPSTONE CONNECT,Stepstone Connect,medical-exams,high
STERICYCLE,Stericycle,utilities,medium
STERLING FIRE DEPARTMENT,Sterling Fire Department,government,high
STERLING MEDICAL,Sterling Medical,medical-exams,medium
STERTIL KONI USA,Stertil-Koni,fleet,medium
STEVE MOSS,Individuals (names withheld),individuals,high
STEVE REGAN,Steve Regan Company,facilities,high
STEVE THATCHER,Individuals (names withheld),individuals,high
STEVE WAGSTAFF,Individuals (names withheld),individuals,medium
STEVEN BELTON,Individuals (names withheld),individuals,high
STEVEN RIVERA,Individuals (names withheld),individuals,high
STEVENS AND GAILEY,Stevens & Gailey,professional,high
STEVENS TRUCK POWER,Stevens Truck Power,fleet,medium
STEVENS TRUCK REPAIR,Stevens Truck Repair,fleet,medium
STEVES PERFORMANCE,Steve's Performance,fleet,low
STEVES PLUMBING,Steve's Plumbing,facilities,high
STEVES TIRE AND OIL,Steve's Tire & Oil,fleet,high
STEWART,Individuals (names withheld),individuals,medium
STEWART BENJAMIN,Individuals (names withheld),individuals,high
STEWARTS ACE HARDWARE,Stewart's Ace Hardware,facilities,high
STEWARTS MARKETPLACE,Stewart's Marketplace,general,high
STEWARTS THRIFTWAY,Stewart's Thriftway,general,medium
STITCHES AND SILHOUETTES,Stitches & Silhouettes,uniforms,medium
STOCKTON FIRE DEPARTMENT,Stockton Fire Department,government,high
STOCKTON GENERAL STORE,Stockton General Store,fleet,medium
STOEL RIVES,Stoel Rives,professional,high
STOKES AND STOKES CONSTRUCTION,Stokes and Stokes Construction,construction,medium
STOKES MARKET,Stokes Market,general,medium
STONE RIDGE VETERINARY CLINIC,Stone Ridge Veterinary Clinic,unclassified,medium
STONE SECURITY,Stone Security,facilities,high
STONES AUTOMOTIVE,Stone's Automotive,fleet,high
STONES DIESEL,Stone's Diesel,fleet,medium
STOREY BRANDON,Individuals (names withheld),individuals,high
STOTZ EQUIPMENT,Stotz Equipment,fleet,medium
STOUT ROOFING,Stout Roofing,facilities,high
STRAND AG SUPPLY,Strand Ag Supply,general,medium
STRATA NETWORKS,Strata Networks,telecom,high
STRATEGIC COMM SOLUTIONS,Strategic Communications Solutions,radios,high
STRATEGIC COMMUNICATIONS SOLUTIONS,Strategic Communications Solutions,radios,high
STRATEGIC RESPONSE SOLUTIONS,Strategic Response Solutions,training,medium
STRATOS WEALTH PARTNERS,Stratos Wealth Partners,payroll,low
STREAMLINE,Streamline,software,medium
STRINDBERG AND SCHOLNICK,Strindberg & Scholnick,professional,high
STRINGHAMS HARDWARE,Stringham's Hardware,facilities,high
STRIPE ZONE,Stripe Zone,unclassified,low
STRIPES,Stripes,unclassified,low
STRIVE WORKPLACE SOULUTIONS,Strive Workplace Solutions,facilities,high
STROBES N MORE,Strobes N' More,fleet,medium
STRONG AND HANNI,Strong & Hanni,professional,high
STRONG EXCAVATION,Strong Excavation,construction,high
STRUCTURE COMPUTER CONSULTING,Structure Computer Consulting,it,high
STRYKER,Stryker,ems-equipment,high
STRYKER MEDICAL,Stryker,ems-equipment,high
STRYKER SALES,Stryker,ems-equipment,high
STS COMMERCIAL,STS Commercial,fleet,low
STUDIO LONG PLAYING,Studio Long Playing,unclassified,low
SUBURBAN PROPANE,Suburban Propane,utilities,high
SUBWAY,Subway,general,medium
SUMMARY TRANSACTION FROM AP SYSTEM,No vendor named,placeholder,high
SUMMARY TRANSACTIONS FROM AP SYSTEM,No vendor named,placeholder,high
SUMMER GRACE,Individuals (names withheld),individuals,high
SUMMIT,The Summit,training,low
SUMMIT AUTO REPAIR,Summit Auto Repair,fleet,high
SUMMIT BLINDS,Summit Blinds,facilities,high
SUMMIT COUNTY,Summit County,government,high
SUMMIT COUNTY FINANCE OFFICER,Summit County,government,high
SUMMIT COUNTY HEALTH INSURANCE,Summit County Health Insurance,payroll,medium
SUMMIT COUNTY NEWS,Summit County News,professional,medium
SUMMIT COUNTY PUBLIC WORKS,Summit County,government,high
SUMMIT COUNTY TREASURER,Summit County,government,high
SUMMIT CREEK ENTERPRISES,Summit Creek Enterprises,fleet,low
SUMMIT ENGINEERING GROUP,Summit Engineering Group,construction,high
SUMMIT FIRE AND SECURITY,Summit Fire & Security,facilities,medium
SUMMIT MOUNTAIN CLEANING,Summit Mountain Cleaning,facilities,high
SUMMIT PRINTING,Summit Printing,professional,high
SUMMIT WATER DISTRIBUTION,Summit Water Distribution,utilities,high
SUMSION CONSTRUCTION,Sumsion Construction,construction,high
SUN BADGE,Sun Badge Company,uniforms,high
SUN LIFE,Sun Life,payroll,medium
SUN LIFE FINANCIAL,Sun Life,payroll,medium
SUNBELT RENTALS,Sunbelt Rentals,facilities,medium
SUNCREST COUNSELING,Suncrest Counseling,medical-exams,high
SUNG HYUN KIM,Individuals (names withheld),individuals,medium
SUNNY COMMUNICATIONS,Sunny Communications,radios,medium
SUNPRO,Sunpro,facilities,medium
SUNRISE ENGINEERING,Sunrise Engineering,construction,high
SUNRISE ENVIRONMENTAL,Sunrise Environmental,facilities,medium
SUNROC,Sunroc,construction,medium
SUPER 8,Super 8,training,high
SUPER TUNED BY RED,Super Tuned by Red,fleet,low
SUPERIOR CLEANERS,Superior Cleaners,uniforms,medium
SUPERIOR EQUIPMENT,Superior Equipment,apparatus,high
SUPERIOR PAINT SUPPLY,Superior Paint Supply,facilities,medium
SUPERIOR SECURITY SERVICES,Superior Security Services,facilities,medium
SUPPLY CACHE,The Supply Cache,wildland,high
SUPPLYCACHE COM,SupplyCache,wildland,medium
SURPLUS PROPERTY OFFICE,Utah State Agency for Surplus Property,government,medium
SUZANNE M MC MILLAN,Individuals (names withheld),individuals,medium
SWAV,SWAV,unclassified,low
SWCA,SWCA Environmental Consultants,professional,high
SWEETBRIAR COVE,Sweetbriar Cove,unclassified,low
SWHP SOUTHWEST HAZARD PROTECTION,Southwest Hazard Protection,unclassified,low
SWIFTWATER SAFETY INSTITUTE,Swiftwater Safety Institute,training,high
SWIG,Swig,general,high
SWILER MEDICAL,Swiler Medical,professional,medium
SWIRE COCA COLA USA,Swire Coca-Cola,general,high
SYKES ANTHONY W BRUSH JACOB AND KATELYN,Individuals (names withheld),individuals,medium
SYLAS RUSSEL,Individuals (names withheld),individuals,medium
SYMBOL ARTS,SymbolArts,uniforms,high
SYMBOLARTS,SymbolArts,uniforms,high
SYME WILLIAM DAKOTA,Individuals (names withheld),individuals,high
SYMES,Individuals (names withheld),individuals,high
SYMTECH FIRE,Symtech Fire,training,medium
SYNCB AMAZON,Amazon,general,high
SYRINGA NETWORKS,Syringa Networks,telecom,high
SYSCOM,Syscom,radios,high
SYSCOM SYSTEMS COMMUNICATIONS,Syscom,radios,high
SYSTEM SERVICE SPECIALIST,System Service Specialist,facilities,medium
SYSTEMS COMMUNICATION SYSCOM,Syscom,radios,high
T AND J EMBROIDERY,T&J Embroidery,uniforms,high
T AND K TOOLS,T&K Tools,general,low
T MOBILE,T-Mobile,telecom,high
T MOBILE USA,T-Mobile,telecom,high
TABLET COMMAND,Tablet Command,rms,medium
TACO TIME,Taco Time,general,high
TACTEC,TACTEC,radios,medium
TACTICAL,Tactical Inc,unclassified,low
TACTICAL FIRE,Tactical Fire Company,fire-equipment,medium
TACTRON,Tactron,unclassified,low
TAGG N GO,Tagg-N-Go,fleet,high
TAGG N GO EXPRESS CAR WASH,Tagg-N-Go,fleet,high
TAIT TIDWELL,Individuals (names withheld),individuals,high
TAMS,TAMS,unclassified,low
TANDY LEATHER,Tandy Leather,general,high
TANKS DEISEL,Tanks Diesel,fleet,medium
TARGEE WILLIAMS,Individuals (names withheld),individuals,medium
TARGEE WILLIAMS RESCUE BARONS,Rescue Barons,training,medium
TARGET,Target,general,high
TARGET PEST CONTROL,Target Pest Control,facilities,high
TARGET SOLUTIONS,Vector Solutions,training-software,high
TARGET SOLUTIONS LEARNING,Vector Solutions,training-software,high
TARGETSOLUTIONS LEARNING,Vector Solutions,training-software,high
TASK FORCE TIPS,Task Force Tips,fire-equipment,high
TAYLOR CLIFTON,Individuals (names withheld),individuals,high
TAYLOR FOLK,Individuals (names withheld),individuals,medium
TAYLOR JARED R,Individuals (names withheld),individuals,high
TAYLOR WEST WEBER IMPROVEMENT DISTRICT,Taylor West Weber Improvement District,utilities,high
TAYLORS FIRE CONTROL SERVICE,Taylor's Fire Control Service,fire-equipment,medium
TAYLORS TINS,Taylor's Tins,unclassified,low
TC WEST,T.C. West,unclassified,low
TCB CONSTRUCTION,TCB Construction,construction,medium
TDS,TDS Telecom,telecom,low
TDS BROADBAND,TDS Telecom,telecom,high
TEAM WENDY,Team Wendy,ppe,high
TEAR A PART,Tear-A-Part,fleet,medium
TEBBS CONSTRUCTION,Tebbs Construction,construction,high
TEC ELECTRIC,TEC Electric,facilities,medium
TECH LEGION,Tech Legion,it,low
TECHNIMOUNT SYSTEM,Technimount System,ems-equipment,medium
TECHNOLOGY NET,Technology Net,it,medium
TECHRIS DESIGN,Techris Design,unclassified,low
TECSERV,TecServ,it,high
TELEFLEX,Teleflex,ems-supplies,high
TELEFLEX FUNDING,Teleflex,ems-supplies,high
TELEFLEX TELEFLEX FUNDING,Teleflex,ems-supplies,high
TELEIRA TELECOM RECOVERY HCS,Teleira,unclassified,medium
TEMPUS NOVA,Tempus Nova,software,medium
TEMU,Temu,general,high
TEN LUG INSPECTIONS,Ten Lug Inspections,fleet,low
TEN THOUSAND,Ten Thousand,uniforms,medium
TENZINGA,Tenzinga,unclassified,low
TERRACON CONSULTANTS,Terracon,construction,high
TERRELS FOODTOWN,Terrel's Foodtown,general,high
TERRELS THRIFTWAY,Terrel's Thriftway,general,high
TERRY A TILFORD,Individuals (names withheld),individuals,medium
TERRY BRION,Individuals (names withheld),individuals,high
TESSCO,Tessco,radios,medium
TESSCO TECHNOLOGIES,Tessco,radios,high
TETON COMMUNICATIONS,Teton Communications,radios,medium
TEXAS FIRE TRUCKS,Texas Fire Trucks,apparatus,high
TEXAS ROADHOUSE,Texas Roadhouse,general,high
THATCHER,Thatcher Company,facilities,low
THATCHER PENROSE FIRE DEPARTMENT,Thatcher-Penrose Fire Department,government,high
THEFIRESTORE,TheFireStore,fire-equipment,high
THERMO FLUIDS,Thermo Fluids,fleet,low
THERON WILLIAMS,Individuals (names withheld),individuals,medium
THINK ARCHITECTURE,Think Architecture,construction,high
THOMAS EMS,Thomas EMS,ems-supplies,high
THOMAS JAMES EGBERT,Individuals (names withheld),individuals,medium
THOMAS PETROLEUM,Pilot Thomas Logistics,fleet,high
THOMAS STEWART II,Individuals (names withheld),individuals,medium
THOMAS TRANSPORT PACKS,Thomas EMS,ems-supplies,high
THOMSON ELECTRIC SALES,Thomson Electric Sales,facilities,high
THORN PEST SOLUTIONS,Thorn Pest Solutions,facilities,high
THUNDER MOUNTAIN TRUCK OUTFITTERS,Thunder Mountain Truck Outfitters,fleet,high
THYSSENKRUPP ELEVATOR,TK Elevator,facilities,high
TIFFANY M WAHLBERG CPA,Individuals (names withheld),individuals,high
TIM DAHLE FORD,Tim Dahle,fleet,high
TIM MAYHEW,Individuals (names withheld),individuals,high
TIM ROPER,Individuals (names withheld),individuals,high
TIMBERMINE,Timbermine Steakhouse,general,medium
TIMECLOCK PLUS,TimeClock Plus,staffing-software,high
TIMELESS AWARDS,Timeless Awards,general,medium
TIMES INDEPENDENT,Times-Independent,professional,medium
TIMOTHY J BREWER,Individuals (names withheld),individuals,medium
TIMOTHY MAYHEW,Individuals (names withheld),individuals,high
TIMPANOGOS AUTO GLASS,Timpanogos Auto Glass,fleet,high
TINKS SUPERIOR AUTO PARTS,Tink's Superior Auto Parts,fleet,high
TIRE AND AUTO CENTER BRIDGESTONE,The Tire & Auto Center,fleet,high
TIRE FACTORY POINT S,Point S Tire,fleet,high
TIRE KING,Tire King,fleet,high
TIRE SHOP AND AUTO CENTER OF FILLMORE,Tire Shop & Auto Center of Fillmore,fleet,high
TIRE WORLD,Tire World,fleet,high
TIREHUB,TireHub,fleet,high
TISCHNER FORD SALES,Tischner Ford,fleet,high
TJ BREWER,Individuals (names withheld),individuals,medium
TJ TRAILERS,TJ Trailers,fleet,medium
TK ELEVATOR,TK Elevator,facilities,high
TKI GENERAL CONTRACTOR,TKI General Contractor,construction,high
TODD RICHARDS,Individuals (names withheld),individuals,high
TODD SMITH,Individuals (names withheld),individuals,high
TOM MAPLES,Individuals (names withheld),individuals,high
TOM MURDOCK,Individuals (names withheld),individuals,high
TOM RANDALL DISTRIBUTING,Tom Randall Distributing,fleet,medium
TOM STUART CONSTRUCTION,Tom Stuart Construction,construction,high
TOMMYS AUTO,Tommy's Auto,fleet,medium
TOMS AUTOMOTIVE,Tom's Automotive,fleet,high
TOMS HVAC,Tom's HVAC,facilities,high
TOMS SERVICE,Tom's Service,fleet,medium
TONC JAYDEN,Individuals (names withheld),individuals,high
TONGS,Tong's Fire Extinguisher,fire-equipment,medium
TONGS FIRE EXTINGUISHER,Tong's Fire Extinguisher,fire-equipment,medium
TONGS FIRE EXTINGUISHER SALES AND SERVICE,Tong's Fire Extinguisher,fire-equipment,medium
TONY AND DAVES AUTO CENTER,Tony & Dave's Auto Center,fleet,high
TONY DIVINO TOYOTA,Tony Divino Toyota,fleet,high
TONYBURGERS,Tonyburgers,general,high
TONYS PIZZA,Tony's Pizza,general,high
TOOELE CITY,Tooele City,government,high
TOOELE CITY FIRE DEPARTMENT,Tooele City Fire Department,government,high
TOOELE COUNTY EMERGENCY MANAGEMENT,Tooele County,government,high
TOOELE COUNTY FIRE CHIEFS ASSCTN K RUSSELL TREASURER,Tooele County Fire Chiefs Association,training,high
TOOELE COUNTY FIRE CHIEFS ASSOC K RUSSELL TREASURER,Tooele County Fire Chiefs Association,training,high
TOOELE COUNTY FIRE CHIEFS ASSOCIATION,Tooele County Fire Chiefs Association,training,high
TOOELE COUNTY ROADS DEPARTMENT,Tooele County,government,high
TOOELE COUNTY SHERIFFS OFFICE,Tooele County Sheriff's Office,dispatch,medium
TOOELE COUNTY SOLID WASTE,Tooele County Solid Waste,utilities,medium
TOOELE FLORAL,Tooele Floral,general,medium
TOOELE MOTOR,Tooele Motor Company,fleet,medium
TOOELE TECHNICAL COLLEGE,Tooele Technical College,training,high
TOOELE TRANSCRIPT BULLETIN,Tooele Transcript Bulletin,professional,medium
TOOELE VALLEY MEAT,Tooele Valley Meat,general,medium
TOOELE VALLEY MOTORSPORTS,Tooele Valley Motorsports,fleet,high
TOOELE VALLEY WINDOW TINT,Tooele Valley Window Tint,facilities,low
TOP IT,Top-It Pickup Covers,fleet,high
TOP IT PICKUP COVERS,Top-It Pickup Covers,fleet,high
TOP JOB ASPHALT,Top Job Asphalt,facilities,high
TOP LUBE EXPRESS,Top Lube Express,fleet,high
TOP NOTCH GARAGE DOOR,Top Notch Garage Door,facilities,high
TORGERSEN RUSSELL,Individuals (names withheld),individuals,high
TOTAL BODY EXPERTS,Total Body Experts,medical-exams,high
TOTAL POWER AND CONTROLS,Total Power & Controls,facilities,medium
TOWN OF ALTAMONT,Altamont Town,government,high
TOWN OF CEDAR FORT,Cedar Fort Town,government,high
TOWN OF COLORADO CITY,Town of Colorado City,government,high
TOWN OF DUTCH JOHN,Town of Dutch John,government,high
TOWN OF GENOLA,Genola Town,government,high
TOWN OF LAKETOWN,Town of Laketown,government,high
TOWN OF LEEDS,Town of Leeds,government,high
TOWN OF MANILA,Town of Manila,government,high
TOWN OF PORTAGE FIRE DEPARTMENT,Portage Fire Department,government,high
TOWN WEB DESIGN,Town Web Design,software,low
TR ELECTRIC AND SUPPLY,TR Electric & Supply,facilities,high
TRACE ANALYTICS,Trace Analytics,scba,high
TRACKED OUTDOORS,Tracked Outdoors,unclassified,low
TRACTOR SUPPLY,Tractor Supply,general,high
TRACY GIVAN,Individuals (names withheld),individuals,high
TRACYS AUTO REPAIR,Tracy's Auto Repair,fleet,high
TRADE WINDS,Trade Winds,training,low
TRAEDYN BREWER,Individuals (names withheld),individuals,high
TRAEDYN W BREWER,Individuals (names withheld),individuals,medium
TRAFFIC SAFETY STORE,Traffic Safety Store,general,medium
TRAILER SOURCE,Trailer Source,fleet,medium
TRAKSTAR,Trakstar,software,high
TRANSCRIPT BULLETIN,Tooele Transcript Bulletin,professional,medium
TRANSFER TO CAPITAL PROJECTS,No vendor named,placeholder,high
TRANSPORT DIESEL,Transport Diesel Service,fleet,high
TRANSPORT DIESEL SERVICE,Transport Diesel Service,fleet,high
TRANSWEST MOBILE TRUCK REPAIR,Transwest Mobile Truck Repair,fleet,high
TRAPWIRE,TrapWire,software,medium
TRAVELERS INDEMNITY,Travelers,insurance,high
TRAVIS CHRISTENSEN,Individuals (names withheld),individuals,medium
TRAVIS MCILNAY,Individuals (names withheld),individuals,high
TREASURE FIRE EQUIPMENT,Treasure Fire Equipment,fire-equipment,medium
TREMONTON CITY,Tremonton City,government,high
TREMONTON CITY FIRE DEPARTMENT,Tremonton City Fire Department,government,high
TRENT ARGYLE,Individuals (names withheld),individuals,high
TRENT HUTCHINGS,Individuals (names withheld),individuals,high
TRENTON TOWN,Trenton Town,government,high
TRI AIR TESTING,TRI Air Testing,scba,high
TRI CITY ALARM,Tri City Alarm,facilities,high
TRI COMBINED RESOURCES,Tri-Combined Resources,general,low
TRI STATE DISTRIBUTORS,Tri State Distributors,facilities,medium
TRILOGY MEDWASTE WEST,Trilogy MedWaste,utilities,medium
TRIPLE T HEATING,Triple T Heating,facilities,high
TRITECH SOFTWARE SOLUTIONS,TriTech Software Systems,rms,high
TRITECH SOFTWARE SYSTEMS,TriTech Software Systems,rms,high
TRITECH SOFTWARE SYSTEMS CENTRAL SQUARE,TriTech Software Systems,rms,high
TROPHY CASE,The Trophy Case,general,medium
TROPHY CORNER,The Trophy Corner,general,medium
TROPIC FIRE DEPARTMENT,Tropic Fire Department,government,medium
TROPIC FIREFIGHTERS ASSOCIATION,Tropic Firefighters Association,training,medium
TROPIC SINCLAIR,Tropic Sinclair,fleet,high
TROPIC TOWN,Tropic Town,government,high
TROPIC TRUE VALUE,Tropic True Value,facilities,high
TROPIC VOLUNTEER FIRE ASSOCIATION,Tropic Volunteer Fire Association,training,low
TRU BY HILTON,Tru by Hilton,training,high
TRU MEDICAL,Tru Medical,unclassified,low
TRUCK PRO SIX STATES,TruckPro,fleet,high
TRUCK SITE,Truck Site,apparatus,medium
TRUCK WORKS HOLDINGS,TruckWorks,apparatus,medium
TRUCKPRO,TruckPro,fleet,high
TRUCKPRO COLLISION,TruckPro Collision,fleet,high
TRUCKPRO HOLDING,TruckPro,fleet,high
TRUCKPRO SIX STATES,TruckPro,fleet,high
TRUE NORTH BEHAVIORAL HEALTH,True North Behavioral Health,medical-exams,high
TRUE NORTH BEHAVIORAL HEALTH HOLDINGS,True North Behavioral Health,medical-exams,high
TRUGLASS,TruGlass,fleet,high
TS ELECTRIC,TS Electric,facilities,medium
TSI,TSI,scba,low
TURN A KEY LOCKSMITH,Turn A Key Locksmith,facilities,high
TURN TWO STUDIO,Turn Two Studio,unclassified,low
TURNER LAW,Turner Law,professional,high
TURNER LUMBER,Turner Lumber,facilities,high
TURNOUT TOPCO BACKDRAFT OPCO,Emergency Reporting,rms,medium
TUSHAR CONTRACTING,Tushar Contracting,construction,medium
TV SPECIALISTS,TV Specialists,facilities,medium
TVS PRO,TVS Pro,it,medium
TW JENSEN CONSTRUCTION,TW Jensen Construction,construction,high
TWISTED LEMMON VENTURES,Twisted Lemmon Ventures,unclassified,low
TWISTED SUGAR,Twisted Sugar,general,high
TWO WAY COMMUNICATIONS,Two-Way Communications,radios,high
TY PARKER AND SON,Wildland Warehouse,wildland,high
TYLENE VOWELS,Individuals (names withheld),individuals,high
TYLENE WIGHT,Individuals (names withheld),individuals,high
TYLER BOWMAN,Individuals (names withheld),individuals,high
TYLER DUNN,Individuals (names withheld),individuals,high
TYLER J SMITH,Individuals (names withheld),individuals,high
TYLER NIELSEN,Individuals (names withheld),individuals,high
TYLER SCHARMAN,Individuals (names withheld),individuals,high
TYLER TECHNOLOGIES,Tyler Technologies,software,low
TYONA PRICE,Individuals (names withheld),individuals,high
TYRELL CLAYTON MYERS,Individuals (names withheld),individuals,high
U HAUL,U-Haul,general,low
U OF U OCCUPATIONAL MEDICINE CLINIC,University of Utah,medical-exams,medium
UAEMT,UAEMT,training,medium
UASD,Utah Association of Special Districts,training,high
UBER,Uber,training,medium
UBMEDIA,UBMedia,professional,high
UBREAKIFIX,uBreakiFix,it,high
UCI BILLING,Utah Correctional Industries,government,low
UCIP,Utah Counties Indemnity Pool,insurance,high
UDOH,Utah Department of Health and Human Services,government,high
UEAC,UEAC,facilities,high
UFA INV 7856 JAN 2023,Unified Fire Authority,government,high
UFA INV 7932 FEB 2023,Unified Fire Authority,government,high
UFRA,Utah Fire and Rescue Academy,training,high
UGLT,Utah Local Governments Trust,insurance,high
UHIN,UHIN,ems-billing,low
UINTA COUNTY FIRE PROTECTION,Uinta County Fire Protection,government,medium
UINTAH BASIN FAITH BASED RECOVERY FOUNDATION,Uintah Basin Faith-Based Recovery Foundation,unclassified,low
UINTAH BASIN OVERHEAD DOOR,Uintah Basin Overhead Door,facilities,high
UINTAH BASIN STANDARD,Uintah Basin Standard,professional,high
UINTAH CITY,Uintah City,government,high
UINTAH COUNTY,Uintah County,government,high
UINTAH COUNTY CLERK AUDITOR,Uintah County,government,high
UINTAH FIRE SUPPRESSION SPECIAL SVC DIST,Uintah Fire Suppression Special Service District,government,high
UKG KRONOS SYSTEMS,UKG,staffing-software,medium
ULGT,Utah Local Governments Trust,insurance,high
ULGT PROPERTY AUTO LIAB INSURANCE,Utah Local Governments Trust,insurance,high
ULGT UTAH LOCAL GOVT TRUST,Utah Local Governments Trust,insurance,high
ULGT WORKERS COMP,Utah Local Governments Trust,insurance,high
ULINE,Uline,general,high
ULRICH 25 15R,Individuals (names withheld),individuals,medium
ULRICH AND ASSOCIATES,Ulrich & Associates,professional,high
ULRICH25 15R,Ulrich & Associates,professional,medium
ULTIMATE MOTOR SPORTS,Ultimate Motor Sports,fleet,medium
UMIA,UMIA,insurance,low
UNFERDORFER ADAM,Individuals (names withheld),individuals,high
UNIFIED FIRE AUTHORITY,Unified Fire Authority,government,high
UNIFIED FIRE AUTHORITY FEB 2022,Unified Fire Authority,government,high
UNIFIED FIRE AUTHORITY INV 6337 MARCH 2021,Unified Fire Authority,government,high
UNIFIED FIRE AUTHORITY INV 7164 MAR 2022,Unified Fire Authority,government,high
UNIFIED FIRE AUTHORITY INV 7217 APR 2022,Unified Fire Authority,government,high
UNIFIED FIRE AUTHORITY INVOICE 6388 APR 2021,Unified Fire Authority,government,high
UNIFIED FIRE AUTHORITY JULY 2022,Unified Fire Authority,government,high
UNIFIED FIRE AUTHORITY JUNE 2022,Unified Fire Authority,government,high
UNIFIED FIRE AUTHORITY JUNE 2023,Unified Fire Authority,government,high
UNIFIED FIRE AUTHORITY MAY 2022,Unified Fire Authority,government,high
UNIFIED FIRE AUTHORITY MAY 2023,Unified Fire Authority,government,high
UNIFIED FIRE SERVICE AREA,Unified Fire Service Area,government,high
UNIFIED FLEET SERVICES,Unified Fleet Services,fleet,medium
UNIFIRST,UniFirst,uniforms,medium
UNIFORM CENTER,The Uniform Center,uniforms,high
UNION GRILL,Union Grill,general,medium
UNIQUE AUTO BODY AMERICAN FORK,Unique Auto Body,fleet,high
UNITED AIRLINES,United Airlines,training,high
UNITED DIESEL SERVICE,United Diesel Service,fleet,high
UNITED FIRE AUTHORITY INV 6198 JAN 2021,Unified Fire Authority,government,high
UNITED FIRE AUTHORITY INV 6273 FEB 2021,Unified Fire Authority,government,high
UNITED HOME LIFE,United Home Life,payroll,high
UNITED PLASTICS,United Plastics,unclassified,low
UNITED RENTALS,United Rentals,facilities,medium
UNITED RENTALS NORTH AMERICA,United Rentals,facilities,medium
UNITED SERVICE AND SALES,Mountainland Power Equipment,facilities,medium
UNITED SITE SERVICES,United Site Services,facilities,high
UNITED STATES POSTAL SERVICE,US Postal Service,general,high
UNITED STATES TREASURY,U.S. Department of the Treasury,payroll,medium
UNITED TEAM MECHANICAL,United Team Mechanical,facilities,medium
UNITED WEST TITLE INSURANCE AGENCY,United West Title,finance,medium
UNITEDBUILT EQUIPMENT,UnitedBuilt Equipment,apparatus,medium
UNIVERSAL MEDICAL,Universal Medical,ems-supplies,low
UNIVERSITY HOSPITAL EMERGENCY MED U OF U,University of Utah,professional,medium
UNIVERSITY MEDICAL BILLING,University of Utah,medical-exams,low
UNIVERSITY OF UTAH,University of Utah,training,medium
UNIVERSITY OF UTAH AIRMED,University of Utah,training,low
UNIVERSITY OF UTAH COMMUNITY PHYSICIANS GROUP,University of Utah,medical-exams,medium
UNIVERSITY OF UTAH DIVISION OF EMERGENCY MEDICINE,University of Utah,professional,high
UNIVERSITY OF UTAH EMERGENCY MEDICINE,University of Utah,professional,high
UNIVERSITY OF UTAH GENERAL ACH WIRE ACCOUNT,University of Utah,professional,low
UNIVERSITY OF UTAH HOSPITALS,University of Utah,medical-exams,high
UNIVERSITY OF UTAH HOSPITALS AND CLINICS,University of Utah,training,medium
UPCODES,UpCodes,software,high
UPPER CASE PRINTING,Upper Case Printing,professional,high
UPPER COUNTRY MARKET,Upper Country Market,unclassified,low
UPPER LIMIT,Upper Limit,medical-exams,medium
UPPER LIMIT FITNESS,Upper Limit,medical-exams,medium
UPS,UPS,general,medium
UPS STORE,The UPS Store,general,high
UPS STORE 1895,The UPS Store,general,high
URMA,Utah Risk Management Mutual Association,insurance,high
URS,Utah Retirement Systems,payroll,high
URS PAYMENT,Utah Retirement Systems,payroll,high
US BANCORP GOVERNMENT LEASING AND FINANCE,U.S. Bancorp Government Leasing & Finance,finance,high
US BANCORP GOVT LEASING AND FINANCE,U.S. Bancorp Government Leasing & Finance,finance,high
US BANK,U.S. Bank,finance,high
US BANK ALL ACCOUNTS,U.S. Bank,finance,high
US BANK CORPORATE PAYMENT,U.S. Bank,finance,high
US BANK DIVISION CARD 01014,U.S. Bank,finance,high
US BANK EQUIPMENT FINANCE,U.S. Bank,finance,high
US BANK NATIONAL ASSOC PMT SYSTEMS,U.S. Bank,finance,high
US BANK NATIONAL ASSOCIATION,U.S. Bank,finance,high
US BANK NATIONAL ASSOCIATION P CARD,U.S. Bank,finance,high
US BANK PCARD,U.S. Bank,finance,high
US BANK VISA PAYMENT,U.S. Bank,finance,high
US DESIGN GARDEN PLAZA,US Design Garden Plaza,unclassified,low
US DIGITAL DESIGNS,US Digital Designs,radios,medium
US FOODS,US Foods,general,high
US POST OFFICE,US Postal Service,general,high
US POSTAL SERVICE,US Postal Service,general,high
US POSTMASTER,US Postal Service,general,high
US RIGGING,U.S. Rigging,fire-equipment,low
USBANK P CARD,U.S. Bank,finance,high
USFA,Utah State Firefighters Association,training,medium
USPS,US Postal Service,general,high
USU CATERING,Utah State University,general,medium
UT ASSOC OF SPECIAL DISTRICTS,Utah Association of Special Districts,training,high
UT CNTY MAJ CRIMES TASK FORCE,Utah County Major Crimes Task Force,government,medium
UT DEPT OF HEALTH AND HUMAN SERVICES,Utah Department of Health and Human Services,government,high
UT DIV OF FINANCE,Utah Division of Finance,government,high
UT LOCAL GOVERNMENTS INS TRUST,Utah Local Governments Trust,insurance,high
UT RISK MGNT MUTUAL ASSOC,Utah Risk Management Mutual Association,insurance,high
UT STATE FIREFIGHTERS ASSOC,Utah State Firefighters Association,training,high
UTAH,State of Utah,government,low
UTAH ASSC OF SPECIAL DISTRICT,Utah Association of Special Districts,training,high
UTAH ASSOC OF SPECIAL DISTRICTS,Utah Association of Special Districts,training,high
UTAH ASSOCIATION OF SPECIAL DISTRICTS,Utah Association of Special Districts,training,high
UTAH BARRICADE,Utah Barricade Company,general,medium
UTAH BARRICADE ST GEORGE,Utah Barricade Company,general,medium
UTAH BROADBAND,Utah Broadband,telecom,high
UTAH BUREAU OF EMERGENCY MEDICAL SERVICES,Utah Bureau of Emergency Medical Services,government,high
UTAH CHAPTER IAAI,Utah Chapter IAAI,training,high
UTAH COMMUNICATION AUTHORITY,Utah Communications Authority,government,high
UTAH COMMUNICATIONS,Utah Communications,radios,high
UTAH COMMUNICATIONS AGENCY NETWORK,Utah Communications Authority,government,medium
UTAH COMMUNICATIONS AUTHORITY,Utah Communications Authority,government,medium
UTAH COMMUNITY CREDIT UNION,Utah Community Credit Union,finance,high
UTAH CONTAINER AND TANK,Utah Container & Tank,facilities,medium
UTAH CORPORATIONS RENEWAL,State of Utah,government,medium
UTAH CORRECTIONAL INDUSTRIES,Utah Correctional Industries,government,medium
UTAH COUNTIES INDEMNITY POOL,Utah Counties Indemnity Pool,insurance,high
UTAH COUNTY,Utah County,government,high
UTAH COUNTY AUDITOR,Utah County,government,high
UTAH COUNTY CHIEF FIRE OFFICER,Utah County Fire Chiefs Association,training,low
UTAH COUNTY DEPUTIES ASSOCIATION,Utah County Deputies Association,training,medium
UTAH COUNTY EMS,Utah County EMS Council,training,medium
UTAH COUNTY EMS COUNCIL,Utah County EMS Council,training,high
UTAH COUNTY FIRE CHIEFS ASSOC,Utah County Fire Chiefs Association,training,high
UTAH COUNTY FIRE CHIEFS ASSOCIATION,Utah County Fire Chiefs Association,training,high
UTAH COUNTY HEALTH DEPARTMENT,Utah County,government,high
UTAH COUNTY SPECIAL RESPONSE TEAM,Utah County Special Response Team,training,low
UTAH COUNTY TREASURER,Utah County,government,high
UTAH DEPARTMENT OF FUEL SERVICES,Utah Fuel Network,fleet,medium
UTAH DEPARTMENT OF GOVERNMENT OPERATIONS DIVISION OF FINAN,Utah Division of Finance,government,high
UTAH DEPARTMENT OF HEALTH,Utah Department of Health and Human Services,government,high
UTAH DEPARTMENT OF NATURAL RESOURCES,Utah Department of Natural Resources,government,high
UTAH DEPARTMENT OF PUBLIC SAFETY,Utah Department of Public Safety,government,high
UTAH DEPARTMENT OF PUBLIC SAFETY DPS CAPITOL,Utah Department of Public Safety,government,high
UTAH DEPARTMENT OF WORKFORCE SERVICES,Utah Department of Workforce Services,payroll,high
UTAH DEPT OF GOVERNMENT OPERATIONS,Utah Department of Government Operations,government,high
UTAH DEPT OF GOVERNMENT OPERATIONS DIVISION OF FINANCE,Utah Division of Finance,government,high
UTAH DEPT OF HEALTH,Utah Department of Health and Human Services,government,high
UTAH DEPT OF HEALTH AND HUMAN SERVICES,Utah Department of Health and Human Services,government,high
UTAH DEPT OF HEALTH HEALTH CARE FINANCE,Utah Division of Health Care Financing,government,high
UTAH DEPT OF HEATH AND HUMAN SERVICES,Utah Department of Health and Human Services,government,high
UTAH DEPT OF PUBLIC SAFETY,Utah Department of Public Safety,government,high
UTAH DEPT WORKFORCE SERVICES,Utah Department of Workforce Services,payroll,high
UTAH DIESEL CENTER,Utah Diesel Center,fleet,high
UTAH DISASTER KLEENUP,Utah Disaster Kleenup,facilities,medium
UTAH DIV FORESTRY FIRE AND STATE LAND,"Utah Division of Forestry, Fire & State Lands",government,high
UTAH DIV OF FORESTRY FIRE AND STATE LANDS,"Utah Division of Forestry, Fire & State Lands",government,high
UTAH DIVISION OF FORESTRY FIRE AND,"Utah Division of Forestry, Fire & State Lands",government,high
UTAH DIVISION OF FORESTRY FIRE AND STATE LANDS,"Utah Division of Forestry, Fire & State Lands",government,high
UTAH EAR INSTITUTE,Utah Ear Institute,medical-exams,high
UTAH FIRE ADMINS,Utah Fire Admins,training,medium
UTAH FIRE AND RESCUE ACADEMY,Utah Fire and Rescue Academy,training,high
UTAH FIRE EQUIPMENT,Utah Fire Equipment,fire-equipment,medium
UTAH FIRE SALES,Utah Fire Sales,apparatus,low
UTAH FIREFIGHTERS EMERALD SOCIETY,Utah Firefighters Emerald Society,training,medium
UTAH GOVERNMENT FINANCE OFFICERS ASSOC,Utah Government Finance Officers Association,training,high
UTAH GOVERNMENT TRUST,Utah Local Governments Trust,insurance,medium
UTAH HHS,Utah Department of Health and Human Services,government,high
UTAH HOME FITNESS,Utah Home Fitness,medical-exams,medium
UTAH IMAGING ASSOCIATES,Utah Imaging Associates,medical-exams,medium
UTAH LEAGUE OF CITIES AND TOWNS,Utah League of Cities and Towns,training,medium
UTAH LOCAL GOV TRUST,Utah Local Governments Trust,insurance,high
UTAH LOCAL GOVERNMENT TRUST,Utah Local Governments Trust,insurance,high
UTAH LOCAL GOVERNMENTS TRUST,Utah Local Governments Trust,insurance,high
UTAH LOCAL GOVT INS TRUST,Utah Local Governments Trust,insurance,high
UTAH LOCAL GOVT SALE,Utah Local Gov't Sale,unclassified,low
UTAH LT GOVERNOR,Utah Lieutenant Governor's Office,government,high
UTAH LTAP CENTER,Utah LTAP Center,training,high
UTAH MEDIA GROUP,Utah Media Group,professional,high
UTAH MOTORSPORTS CAMPUS,Utah Motorsports Campus,unclassified,low
UTAH OFFICE PLANNING,Utah Office Planning,facilities,medium
UTAH OUTDOOR POWER EQUIP,Utah Outdoor Power Equipment,wildland,medium
UTAH OUTDOOR POWER EQUIPMENT,Utah Outdoor Power Equipment,wildland,medium
UTAH RETIREMENT SYSTEM,Utah Retirement Systems,payroll,high
UTAH RETIREMENT SYSTEMS,Utah Retirement Systems,payroll,high
UTAH RISK MANAGEMENT AGENCY,Utah Risk Management Mutual Association,insurance,medium
UTAH RISK MGMT MUTUAL ASSN,Utah Risk Management Mutual Association,insurance,high
UTAH SAFETY COUNCIL,Utah Safety Council,training,high
UTAH STATE AGENCY FOR SURPLUS PROPERTY,Utah State Agency for Surplus Property,government,high
UTAH STATE DEPT OF HEALTH AR DEPT BPRO 270 270FO,Utah Department of Health and Human Services,government,high
UTAH STATE DEPT OF PUBLIC SAFETY,Utah Department of Public Safety,government,high
UTAH STATE DEPT OF PUBLIC SAFETY ACCOUNTING,Utah Department of Public Safety,government,high
UTAH STATE DIV OF FINANCE,Utah Division of Finance,government,high
UTAH STATE DIV OF FORESTRY,"Utah Division of Forestry, Fire & State Lands",government,high
UTAH STATE DIV OF FORESTRY FIRE STATE LANDS,"Utah Division of Forestry, Fire & State Lands",government,high
UTAH STATE DIV OF PURCHASING AND GEN SVCS,Utah Division of Purchasing and General Services,government,high
UTAH STATE DIVISION,State of Utah,government,medium
UTAH STATE DIVISION OF FINANCE,Utah Division of Finance,government,high
UTAH STATE FIRE CHIEFS ASSOCIATION,Utah State Fire Chiefs Association,training,high
UTAH STATE FIREFIGHTERS ASSOC,Utah State Firefighters Association,training,high
UTAH STATE FIREFIGHTERS ASSOCIATION,Utah State Firefighters Association,training,high
UTAH STATE RETIREMENT,Utah Retirement Systems,payroll,high
UTAH STATE TAX COMMISSION,Utah State Tax Commission,payroll,high
UTAH STATE TREAS MIXED,Utah State Treasurer,government,medium
UTAH STATE TREASURER,Utah State Treasurer,government,high
UTAH STATE UNIVERSITY,Utah State University,training,medium
UTAH TANK AND TRAILERS,Utah Tank & Trailer,fleet,medium
UTAH TECH UNIVERSITY,Utah Tech University,training,high
UTAH TELECOMMUNICATION OPEN INFRASTRUCTURE AGENCY,Utopia Fiber,telecom,high
UTAH TESTING AND ENGINEERING,Utah Testing & Engineering,construction,high
UTAH TRANSIT AUTHORITY,Utah Transit Authority,government,high
UTAH TRUCK AND TRAILER,Utah Truck & Trailer Repair,fleet,medium
UTAH TRUCK AND TRAILER REPAIR,Utah Truck & Trailer Repair,fleet,medium
UTAH TRUST,Utah Local Governments Trust,insurance,medium
UTAH VALLEY UNIVERSITY,Utah Valley University,training,high
UTAH VALLEY UNIVERSITY UTAH FIRE AND RESCUE ACADEMY,Utah Valley University,training,high
UTAH VALLEY UNIVERSITY UVU,Utah Valley University,training,high
UTAH VALLEY UNIVERSITY UVU BUSINESS OFF,Utah Valley University,training,high
UTAH WHITEWATER GEAR,Utah Whitewater Gear,fire-equipment,medium
UTAH YAMAS CONTROLS,Yamas Controls,facilities,medium
UTAH801 297 7703 SHONDELLE GILLI,Individuals (names withheld),individuals,high
UTILISYNC,UtiliSync,software,medium
UTOPIA,Utopia Fiber,telecom,high
UTOPIA FIBER,Utopia Fiber,telecom,high
UTR,Utah Tile & Roofing,construction,medium
UTV DIRECT,UTV Direct,fleet,medium
UVU,Utah Valley University,training,high
UWI,UWI,unclassified,low
V000092 STATE OF UTAH DIVISION OF FORESTRY FIRE AND STATE LA,"Utah Division of Forestry, Fire & State Lands",government,high
V001444 EMERGENCY VEHICLE SYSTEMS,Emergency Vehicle Systems,apparatus,high
V002254 KEN GARFF ST GEORGE FORD,Ken Garff,fleet,high
V003434 READING TRUCK,Reading Truck,fleet,high
V004393 YOUNG AUTOMOTIVE GROUP,Young Automotive Group,fleet,high
V0067 BANKCARD CENTER,Zions Bank,finance,medium
V009699 VERMEER MOUNTAIN WEST,Vermeer Mountain West,wildland,medium
V0146 S AND S MECHANICAL CORY PINCOCK,S&S Mechanical,facilities,high
V0195 DR ROBERT R FOSTER DO,Individuals (names withheld),individuals,medium
V0204 EMERGENCY VEHICLE SYSTEMS,Emergency Vehicle Systems,apparatus,high
V0211 ESO SOLUTIONS,ESO Solutions,rms,high
V0302 HURRICANE VALLEY FIRE DISTRICT,Hurricane Valley Fire Special Service District,government,high
V0320 INTERMOUNTAIN WORKMED,Intermountain Health,medical-exams,high
V0361 LN CURTIS AND SONS,L.N. Curtis & Sons,fire-equipment,high
V0378 LEXIPOL,Lexipol,training-software,high
V0446 OUTBACK FIRE APPARATUS,Outback Fire Apparatus,apparatus,high
V0548 SIDDONS MARTIN EMERGENCY GROUP,Siddons-Martin Emergency Group,apparatus,high
V0588 ST GEORGE CITY,City of St. George,government,high
V0715 UTAH TECH UNIVERSITY,Utah Tech University,training,high
V0742 WASHINGTON CITY UTILITIES,Washington City Utilities,utilities,high
V0947 TRINA YUZUIK,Individuals (names withheld),individuals,high
V1010 MADALYN GEHRKE,Individuals (names withheld),individuals,high
V1029 SLADEN D MARKHAM,Individuals (names withheld),individuals,high
V1061 AMIE ZITTING,Individuals (names withheld),individuals,high
V1146 YOUNG FORD,Young Automotive Group,fleet,high
V1146 YOUNG FORD OGDEN,Young Automotive Group,fleet,high
V1354 WILLIAM S TACKETT,Individuals (names withheld),individuals,high
V1573 ST GEORGE HANDYMEN,St. George Handymen,facilities,medium
V1608 CAZIER CUSTOM FABRICATIONS,Cazier Custom Fabrications,construction,medium
V1622 HOWMEDICA OSTEONICS STRYKER SALES,Stryker,ems-equipment,high
V1757 ANGELINA D LANGSTON,Individuals (names withheld),individuals,high
V1786 DIVISION OF EMERGENCY MANAGEMENT,Utah Division of Emergency Management,government,high
VALCOM,Valcom,it,high
VALCOM SALT LAKE,Valcom,it,high
VALCOM SALT LAKE CITY,Valcom,it,high
VALIANT ENTERPRISES,Valiant Enterprises,unclassified,low
VALLEY FURNITURE,Valley Furniture,facilities,high
VALLEY GLASS,Valley Glass,facilities,medium
VALLEY IMPLEMENT,Valley Implement,fleet,low
VALLEY LAND SURVEYING,Valley Land Surveying,construction,high
VALLEY OFFICE SYSTEMS,Valley Office Systems,it,high
VALLEY PLUMBING AND DRAIN CLEANING,Valley Plumbing and Drain Cleaning,facilities,high
VALOR PRINTING,Valor Printing,professional,high
VALS BODY AND PAINT SHOP,Val's Body & Paint Shop,fleet,high
VAN GOES COLLISION AUTO BODY,Van Goes Collision Auto Body,fleet,high
VANESSA DEEM,Individuals (names withheld),individuals,high
VANGUARD CLEANING SYSTEMS OF UTAH,Vanguard Cleaning Systems,facilities,high
VARIOUS,No vendor named,placeholder,high
VARIOUS CC,No vendor named,placeholder,medium
VASA,VASA Fitness,medical-exams,medium
VCBO ARCHITECTURE,VCBO Architecture,construction,high
VECC,Salt Lake Valley Emergency Communications Center,dispatch,high
VECTOR SOLUTIONS,Vector Solutions,training-software,high
VECTORSOLUTIONS,Vector Solutions,training-software,high
VEHICLE LIGHTING SOLUTIONS,Vehicle Lighting Solutions,fleet,medium
VEHICLE LIGHTING SOLUTIONS IN,Vehicle Lighting Solutions,fleet,high
VEHICLE LIGHTING SOLUTIONS VLS,Vehicle Lighting Solutions,fleet,high
VEHICLE SAFETY SUPPLY,Vehicle Safety Supply,fleet,medium
VELEX CAPITAL,Velex Capital,unclassified,low
VENDNOVATION,Vendnovation,ems-supplies,medium
VENMO,Venmo,finance,low
VERACITY NETWORKS,Veracity Networks,telecom,high
VERATHON,Verathon,ems-equipment,high
VERIFIED FIRST,Verified First,professional,high
VERIZON,Verizon,telecom,high
VERIZON 642025300 00001 FIRE COMDEV PW,Verizon,telecom,high
VERIZON COMMUNICATIONS,Verizon,telecom,high
VERIZON COMMUNICATIONS CELLCO PARTNERSHIP FIRE DEPT,Verizon,telecom,high
VERIZON WIRELESS,Verizon,telecom,high
VERMEER MOUNTAIN WEST,Vermeer Mountain West,wildland,low
VERMEER ROCKY MOUNTAIN,Vermeer Rocky Mountain,wildland,low
VERNAL CITY,Vernal City,government,high
VERNAL EXPRESS,Vernal Express,professional,high
VERNAL WINNELSON,Winnelson,facilities,medium
VERNON FIRE DEPARTMENT,Vernon Fire Department,government,high
VERSATERM,Versaterm,rms,high
VERSATERM PUBLIC SAFETY,Versaterm,rms,high
VERSATUBE,Versatube,construction,medium
VERSATUBE BUILDING SYSTEMS,Versatube Building Systems,construction,medium
VEST,VEST Inc,unclassified,low
VEVOR,Vevor,general,high
VFIS,VFIS,insurance,high
VICAR,Vicar,unclassified,low
VICKY LARSON TRUST,Individuals (names withheld),individuals,high
VICS QUALITY SAFE AND KEY,Vic's Quality Safe & Key,facilities,high
VICTORIA MCNEILL,Individuals (names withheld),individuals,high
VICTORY TACTICAL GEAR,Victory Tactical Gear,ppe,medium
VIDOR GARAGE DOOR,Vidor Garage Door,facilities,high
VIE CONSULTANTS,VIE Consultants,professional,low
VIRCO,Virco,facilities,high
VIRGIN RIVER HOTEL,Virgin River Hotel,training,high
VIRTUAL CRR,Virtual CRR,rms,medium
VISA 4028641000002817,Visa,finance,high
VISA CC,Visa,finance,medium
VISA ELK RIDGE FIRE DEPT,Visa,finance,high
VISA FD,Visa,finance,high
VISA IN PENMAN PRINTING AND DES 07 01 2021,Penman Printing & Design,professional,medium
VISA SQ DORIS FARRELL,Individuals (names withheld),individuals,high
VISA WPSG 6 3 2025,Witmer Public Safety Group,fire-equipment,high
VISIBILITY SIGN,Visibility Sign Company,professional,low
VISTAPRINT,Vistaprint,professional,high
VK ELECTRIC,VK Electric,facilities,low
VLCM,VLCM,it,high
VLS VEHICLE LIGHTING SOLUTIONS,Vehicle Lighting Solutions,fleet,high
VOID,No vendor named,placeholder,high
VOLUSOL BULK,Volusol,unclassified,low
VORTEX,Vortex Industries,facilities,low
VORTEX COLORADO,Vortex Industries,facilities,medium
VORTEX DOORS,Vortex Industries,facilities,high
VORTEX INDUSTRIES,Vortex Industries,facilities,high
WALES FIRE DEPARTMENT,Wales Fire Department,government,high
WALGREENS,Walgreens,ems-supplies,medium
WALKER DOUGLAS C DO,Individuals (names withheld),individuals,high
WALKER DRUG,Walker Drug,ems-supplies,medium
WALKER TRUE VALUE,Walker's True Value,facilities,high
WALKERS TRUE VALUE,Walker's True Value,facilities,high
WALL 2 WALL,Wall 2 Wall Commercial Flooring,facilities,medium
WALL 2 WALL COMMERCIAL FLOOR COVERINGS,Wall 2 Wall Commercial Flooring,facilities,high
WALL 2 WALL COMMERCIAL FLOORING,Wall 2 Wall Commercial Flooring,facilities,high
WALL APPRAISAL,Wall Appraisal Company,professional,high
WALL2WALL FLOOR COVERINGS,Wall 2 Wall Commercial Flooring,facilities,high
WALMART,Walmart,general,high
WALT KERKSIEK,Individuals (names withheld),individuals,high
WAPITI IDBOF 000683 STATE OF UTAH,State of Utah,government,medium
WARD DIESEL FILTER SYSTEMS,Ward Diesel Filter Systems,apparatus,medium
WARDLE,Individuals (names withheld),individuals,high
WARE TREVOR,Individuals (names withheld),individuals,high
WAREHOUSE 22,Warehouse 22,general,medium
WAREHOUSE 22 AND BD CATERING,Warehouse 22,general,medium
WARNER AND ASSOCIATES CONSTRUCTION,Warner & Associates Construction,construction,high
WARREN JAMES,Individuals (names withheld),individuals,medium
WARRENS,Warren's,general,medium
WASATCH AUTO PARTS,Wasatch Auto Parts,fleet,high
WASATCH BACK,Wasatch Back LLC,unclassified,low
WASATCH CIVIL CONSULTING ENGINEERING,Wasatch Civil Consulting Engineering,construction,high
WASATCH CLEAN ENERGY,Basin Upfitting,fleet,medium
WASATCH COUNTY,Wasatch County,government,high
WASATCH COUNTY COMMUNICATIONS,Wasatch County Communications,dispatch,high
WASATCH COUNTY FIRE PROTECTION SPECIAL SERVICE DISTRICT,Wasatch County Fire Protection Special Service District,government,high
WASATCH COUNTY SOLID WASTE,Wasatch County Solid Waste,utilities,high
WASATCH EMBROIDERY,Wasatch Embroidery,uniforms,high
WASATCH FIRE,Wasatch County Fire Protection Special Service District,government,medium
WASATCH FIRE DISTRICT,Wasatch County Fire Protection Special Service District,government,high
WASATCH FRONT WASTE RECYCLE DIST,Wasatch Front Waste & Recycling District,utilities,high
WASATCH HEAT CABLE,Wasatch Heat Cable,facilities,medium
WASATCH HEATING AND AIR,Wasatch Heating & Air,facilities,high
WASATCH LAMINATE,Wasatch Laminate,facilities,medium
WASATCH MOUNTAIN NEWS MEDIA,Wasatch Mountain News Media,professional,medium
WASATCH OVERHEAD DOOR,Wasatch Overhead Door,facilities,high
WASATCH PALLET,Wasatch Pallet,general,medium
WASATCH PEAKS RANCH CLUB,Wasatch Peaks Ranch Club,unclassified,low
WASATCH PEAKS RANCH CLUB V0000310,Wasatch Peaks Ranch Club,unclassified,low
WASATCH PROPANE,Wasatch Propane,utilities,high
WASATCH SMOKIES WILDLAND FIRE PROTECTION,Wasatch Smokies Wildland Fire Protection,wildland,medium
WASATCH STEEL,Wasatch Steel,facilities,medium
WASATCH TECHNICAL RESCUE TRAINING,Wasatch Technical Rescue Training,training,high
WASATCH TRAILER SALES,Wasatch Trailer Sales,fleet,high
WASH,The Wash,fleet,high
WASHINGTON CITY UTILITIES,Washington City Utilities,utilities,high
WASHINGTON COUNTY,Washington County,government,high
WASHINGTON COUNTY EMS COUNCIL,Washington County EMS Council,training,high
WASHINGTON COUNTY HUMAN RESOURCES,Washington County,government,medium
WASHINGTON COUNTY TREASURER,Washington County,government,high
WASTE MANAGEMENT,Waste Management,utilities,high
WASTE MANAGEMENT OF UTAH,Waste Management,utilities,high
WATCH GUARD VIDEO,WatchGuard,it,medium
WATER SPECIALISTS,Water Specialists,facilities,medium
WATER SPECIALTIES,Water Specialties,facilities,medium
WATEROUS,Waterous,apparatus,high
WATERSCAPE LANDSCAPING,Waterscape Landscaping,facilities,high
WATKINS PRINTING,Watkins Printing,professional,high
WATTS CONSTRUCTION,Watts Construction,construction,high
WATTS STEAM STORE UTAH,Watts Steam Store,facilities,medium
WAVE PRODUCTS,Wave Products,ems-supplies,low
WAVE PUBLISHING,Wave Publishing,professional,high
WAXIE,Waxie Sanitary Supply,facilities,high
WAXIE SANITARY SUPPLY,Waxie Sanitary Supply,facilities,high
WAXIES SANITARY SUPPLY,Waxie Sanitary Supply,facilities,high
WAYNE COUNTY,Wayne County,government,high
WAYNE COUNTY EMS,Wayne County,government,medium
WCF INSURANCE,WCF Insurance,insurance,high
WCF MUTUAL INSURANCE,WCF Insurance,insurance,high
WE MACHINE AND WELDING,WE Machine & Welding,unclassified,low
WEBER AREA DISPATCH 911,Weber Area Dispatch 911,dispatch,high
WEBER BASIN WATER,Weber Basin Water Conservancy District,utilities,high
WEBER BASIN WATER CONSERVE DIS,Weber Basin Water Conservancy District,utilities,high
WEBER COUNTY,Weber County,government,high
WEBER COUNTY CLERK AUDITOR,Weber County,government,high
WEBER COUNTY FIRE OFFICERS ASSOCIATION,Weber County Fire Officers Association,training,high
WEBER COUNTY FLEET SERVICES,Weber County,government,high
WEBER COUNTY SOLID WASTE,Weber County Solid Waste,utilities,high
WEBER COUNTY TREASURER,Weber County,government,high
WEBER FIRE DISTRICT,Weber Fire District,government,high
WEBER STATE,Weber State University,training,high
WEBER STATE UNIV,Weber State University,training,high
WEBER STATE UNIVERSITY,Weber State University,training,high
WEBER STATE UNIVERSITY E STORE,Weber State University,training,high
WEBSTAURANT STORE,WebstaurantStore,general,high
WEBSTER BANK,Webster Bank,finance,high
WEIDNER,Weidner Fire,fire-equipment,medium
WEIDNER AND ASSOCIATES,Weidner Fire,fire-equipment,high
WEIDNER ASSOCIATES,Weidner Fire,fire-equipment,high
WEIDNER FIRE,Weidner Fire,fire-equipment,high
WEIDNER FIRE AND ASSOCIATES,Weidner Fire,fire-equipment,high
WEIDNER SERVICE,Weidner Fire,fire-equipment,medium
WEIGHTVEST COM,WeightVest.com,medical-exams,medium
WELCH JAIME ALLISON,Individuals (names withheld),individuals,high
WELLER RECREATION,Weller Recreation,fleet,high
WELLINGTON MUNICIPAL,Wellington City,government,high
WELLS FARGO,Wells Fargo,finance,high
WELLS FARGO 5564,Wells Fargo,finance,high
WELLS FARGO ADVISORS FBO UNIFIED FIRE,Wells Fargo,finance,high
WELLS FARGO BANK COMMERCIAL CARD,Wells Fargo,finance,high
WELLS FARGO BUSINESS CARD,Wells Fargo,finance,high
WELLS FARGO COMMERCIAL CARD,Wells Fargo,finance,high
WELLS FARGO MERCHANT CREDIT CARD,Wells Fargo,finance,high
WELLS FARGO MUNICIPAL CAPITAL STRATEGIES,Wells Fargo,finance,high
WELLS FARGO REMITTANCE CENTER,Wells Fargo,finance,high
WELLS RURAL ELECTRIC,Wells Rural Electric,utilities,high
WELLSVILLE CITY,Wellsville City,government,high
WENDOVER CITY FIRE DEPARTMENT,Wendover City Fire Department,government,high
WENDYS,Wendy's,general,high
WEP EMISSION TESTING,WEP Emission Testing,fleet,high
WESLEY MCNEILL,Individuals (names withheld),individuals,high
WESLEY STAPLES,Individuals (names withheld),individuals,medium
WEST COAST CODE CONSULTANTS,West Coast Code Consultants,professional,high
WEST COAST CODE CONSULTANTS IN,West Coast Code Consultants,professional,high
WEST COAST TOWING,West Coast Towing,fleet,high
WEST MOTOR,West Motor Company,fleet,high
WEST PRO,WestPro,uniforms,medium
WEST RIDGE HEAVY DUTY PARTS,West Ridge Heavy Duty Parts,fleet,high
WEST VALLEY CITY,West Valley City,government,high
WEST WINDOW TREATMENT,West Window Treatment,facilities,medium
WESTECH EQUIPMENT,Westech Equipment,fleet,low
WESTECH FUEL EQUIPMENT,Westech Fuel Equipment,fleet,medium
WESTERN CONTAINER,Western Container,unclassified,low
WESTERN FENCE,Western Fence Co.,facilities,high
WESTERN FIRE CHIEFS ASSOCIATION,Western Fire Chiefs Association,training,high
WESTERN FIRE SUPPLY,Western Fire Supply,fire-equipment,medium
WESTERN INDUSTRIAL DOOR,Western Industrial Door,facilities,high
WESTERN SECURITY BANK,Western Security Bank,finance,high
WESTLAND CONSTRUCTION,Westland Construction,construction,high
WESTNET,Westnet,radios,medium
WESTPRO,WestPro,uniforms,medium
WEX,WEX,fleet,high
WEX BANK,WEX,fleet,high
WEX BANK WRIGHT EXPRESS FSC,WEX,fleet,high
WEX FLEET UNIVERSAL,WEX,fleet,high
WEX FLEET UNIVERSAL WEX BANK,WEX,fleet,high
WF COMMUNICATIONS,WF Communications,unclassified,low
WHATCOTT CONSTRUCTION,Whatcott Construction,construction,high
WHEELER CAT WHEELER MACHINERY,Wheeler Machinery,fleet,high
WHEELER MACHINERY,Wheeler Machinery,fleet,medium
WHEELER MACHINERY V0000510,Wheeler Machinery,fleet,medium
WHEELER POWER SYSTEMS,Wheeler Power Systems,facilities,medium
WHEELHAUS,Wheelhaus,construction,medium
WHEELWRIGHT LUMBER,Wheelwright Lumber,facilities,high
WHITE,Individuals (names withheld),individuals,high
WHITE ALAINA,Individuals (names withheld),individuals,high
WHITE CAP LP,White Cap,facilities,medium
WHITE INSURANCE,White Insurance Agency,insurance,high
WHITE INSURANCE AGENCY,White Insurance Agency,insurance,high
WHITES AUTO PARTS,Whites Auto Parts,fleet,high
WHITES BOOTS,White's Boots,ppe,high
WHITMER PUBLIC SAFETY GROUP,Witmer Public Safety Group,fire-equipment,high
WHITWORTH CALEB,Individuals (names withheld),individuals,high
WHOLESALE OFFICE FURNITURE,Wholesale Office Furniture,facilities,high
WICKED MOTORSPORTS,Wicked Motorsports,fleet,medium
WIGGINS AND,Wiggins & Co,unclassified,low
WILD LANDS FIREFIGHTING,Wild Lands Firefighting,unclassified,medium
WILD ROOTS KASI MILLER DESIGNS,Wild Roots,unclassified,medium
WILDING WALLBEDS,Wilding Wallbeds,facilities,high
WILDLAND FIRE,Wildland Fire,unclassified,medium
WILDLAND FIRE PAYMENTS STATE OF UTAH,State of Utah,government,medium
WILDLAND WAREHOUSE,Wildland Warehouse,wildland,high
WILKES DALLON,Individuals (names withheld),individuals,high
WILKINSON FERRARI AND,Wilkinson Ferrari & Co.,professional,high
WILKINSON SUPPLY,Wilkinson Supply,general,low
WILLARD CITY FIRE DEPT,Willard City Fire Department,government,high
WILLDAN ENERGY SOLUTIONS,Willdan Energy Solutions,facilities,medium
WILLIAM L PRATER,William L. Prater,professional,medium
WILLIAMS KEY,Individuals (names withheld),individuals,low
WILLIAMS MOBILE REPAIR,Williams Mobile Repair,fleet,medium
WILLIAMS SCOTSMAN,Williams Scotsman,construction,medium
WILLIAMS TARGEE,Individuals (names withheld),individuals,high
WILLIE AUTO PARTS AND SUPPLY,Willie Auto Parts & Supply,fleet,high
WILLOW RIDGE,Willow Ridge,construction,low
WILLOW RIDGE CONSTRUCTION,Willow Ridge Construction,construction,medium
WILSON LANE SERVICE,Wilson Lane Service,fleet,low
WILSON MOTOR,Wilson Motor Company,fleet,high
WINEGARS,Winegar's,general,high
WINMARK,Winmark Stamp & Sign,general,medium
WINMARK STAMP AND SIGN,Winmark Stamp & Sign,general,high
WINN JEREMY D,Individuals (names withheld),individuals,high
WINTERTON AUTOMOTIVE,Winterton Automotive,fleet,high
WIRELESS BEEHIVE COM,Wireless Beehive,telecom,high
WISE SAFETY AND ENVIRONMENTAL,Wise Safety & Environmental,professional,medium
WISECOM TECHNOLOGIES,Wisecom Technologies,facilities,low
WITMER ASSOCIATES,Witmer Public Safety Group,fire-equipment,medium
WITMER PUBLIC SAFETY GROUP,Witmer Public Safety Group,fire-equipment,high
WITMER PUBLIC SAFETY GROUP FIRE STORE,Witmer Public Safety Group,fire-equipment,high
WITMER PUBLIC SAFETY GROUP IN,Witmer Public Safety Group,fire-equipment,high
WITT OBRIENS,Witt O'Brien's,professional,high
WIX,Wix,software,high
WIX COM,Wix,software,high
WL CONSTRUCTION SUPPLY,WL Construction Supply,general,medium
WM CORPORATE SERVICES,Waste Management,utilities,high
WM GREEN,W.M. Green,construction,high
WOLFE COMMUNICATIONS,Wolfe Communications,radios,low
WOLLEBAEK LANCE,Individuals (names withheld),individuals,high
WONDERWARE,Wonderware,unclassified,low
WOODLANDS HOTEL,Woodlands Hotel,training,medium
WOODRUFF STORE,Woodruff Store,general,medium
WOODYS PIT STOP,Woody's Pit Stop,fleet,low
WOOLSEY LAND SURVEYING,Woolsey Land Surveying,construction,medium
WORK SHOE HQ,Work Shoe HQ,uniforms,medium
WORKERS COMPENSATION FUND,WCF Insurance,insurance,high
WORKFORCE QA,WorkforceQA,medical-exams,high
WORKFORCEQA,WorkforceQA,medical-exams,high
WORKHORSE TRAILERS,Workhorse Trailers,fleet,high
WORKING FIRE FURNITURE AND MATTRESS,Working Fire Furniture & Mattress,facilities,high
WORKSPACE ELEMENTS,Workspace Elements,facilities,high
WPSG,Witmer Public Safety Group,fire-equipment,medium
WRIGHT GREGORY S,Individuals (names withheld),individuals,high
WS DARLEY,W.S. Darley & Co.,fire-equipment,high
WWW COSTCO COM,Costco,general,high
WWW UTAHEMA ORG,Utah Emergency Management Association,training,high
WYATT BENDALL,Individuals (names withheld),individuals,high
WYNDHAM,Wyndham,training,medium
WYOMING APPARATUS,Wyoming Apparatus,apparatus,medium
XANTIE,Xantie,it,medium
XEROX FINANCIAL SERVICES,Xerox,it,medium
XPRESS BILL PAY,Xpress Bill Pay,software,high
XTREME CUBES,Xtreme Cubes,construction,medium
XTREME EDGE ENTERPRISES,Xtreme Edge Enterprises,unclassified,low
YARBROUGH CONSTRUCTION,Yarbrough Construction,construction,medium
YARDLEY INSURANCE,Yardley Insurance,insurance,high
YARDLEY TREE SERVICE,Yardley Tree Service,facilities,high
YETI,Yeti,general,high
YOUNG AUTOMMOTIVE GROUP,Young Automotive Group,fleet,high
YOUNG AUTOMOTIVE GROUP,Young Automotive Group,fleet,high
YOUNG AUTOMOTIVE GROUP ATT FLEET OPPERATIONS,Young Automotive Group,fleet,high
YOUNG AUTOMOTIVE GROUP CHEVROLET,Young Automotive Group,fleet,high
YOUNG AUTOMOTIVE GROUP FORD,Young Automotive Group,fleet,high
YOUNG BUICK GMC,Young Automotive Group,fleet,high
YOUNG BUICK GMC OF BURLEY,Young Automotive Group,fleet,high
YOUNG CHEVROLET,Young Automotive Group,fleet,high
YOUNG CHRYSLER JEEP DODGE RAM,Young Automotive Group,fleet,high
YOUNG CHRYSLER JEEP DODGE RAM LAYTON,Young Automotive Group,fleet,high
YOUNG CHRYSLER JEEP DODGE RAM MORGAN,Young Automotive Group,fleet,high
YOUNG CONSTRUCTION SERVICES,Young Construction Services,construction,medium
YOUNG FORD,Young Automotive Group,fleet,high
YOUNG IN MORGAN,Young Automotive Group,fleet,medium
YOUNG KIA,Young Automotive Group,fleet,high
YOUNG POWERSPORTS,Young Powersports,fleet,high
YOUNG POWERSPORTS OF LAYTON,Young Powersports,fleet,high
YOUNG TRUCK AND TRAILER,Young Truck & Trailer,fleet,high
YOUNG TRUCK AND TRAILER CENTER,Young Truck & Trailer,fleet,high
YOUNG WHOLESALE PARTS,Young Automotive Group,fleet,high
YOUNGER STACY I,Individuals (names withheld),individuals,high
YOUR VALET 5,Your Valet,uniforms,medium
YPSM,YPSM,unclassified,low
YUZUIK,Individuals (names withheld),individuals,high
ZAC DYE,Individuals (names withheld),individuals,high
ZAGG,Zagg,general,high
ZANE LEWIS,Individuals (names withheld),individuals,high
ZAYO GROUP,Zayo Group,telecom,high
ZAZZLE,Zazzle,general,high
ZEP SALES AND SERVICE,Zep,facilities,high
ZEROREZ,Zerorez,facilities,high
ZION MOTORS,Zion Motors,fleet,high
ZION TROPHIES AND AWARDS,Zion Trophies and Awards,general,medium
ZIONS,Zions Bank,finance,medium
ZIONS BANCORPORATION NA,Zions Bank,finance,high
ZIONS BANCORPORATION NATL ASSOC,Zions Bank,finance,high
ZIONS BANK,Zions Bank,finance,high
ZIONS BANK BOND PAYMENT,Zions Bank,finance,high
ZIONS BANK CC PURCHASES,Zions Bank,finance,high
ZIONS BANK COMMERCIAL LOAN,Zions Bank,finance,high
ZIONS BANK COMMERCIAL LOAN DVFD,Zions Bank,finance,high
ZIONS BANK CORPORATE TRUST,Zions Bank,finance,high
ZIONS BANK PUBLIC FINANCE,Zions Bank,finance,high
ZIONS BANK PUBLIC FINANCIAL,Zions Bank,finance,high
ZIONS BANK VISA,Zions Bank,finance,high
ZIONS BANKCARD,Zions Bank,finance,high
ZIONS BANKCARD CENTER,Zions Bank,finance,high
ZIONS CREDIT CARD,Zions Bank,finance,high
ZIONS FIRST NATIONAL BANK,Zions Bank,finance,high
ZIONS PUBLIC FINANCE,Zions Public Finance,professional,medium
ZITTING,Individuals (names withheld),individuals,high
ZOLL CUSTOMER SUPPORT DEPARTMENT,Zoll Medical,ems-equipment,high
ZOLL MEDICAL,Zoll Medical,ems-equipment,high
ZOLL WORLDWIDE HEADQUARTERS,Zoll Medical,ems-equipment,high
ZOOKS EQUIPMENT,Zook's Equipment,unclassified,low
ZOOM,Zoom,software,high
ZOOM VIDEO COMMUNICATIONS,Zoom,software,high
ZORO,Zoro,general,high
ZORO TOOLS,Zoro,general,high
ZURCHERS,Zurchers,general,high
ZURCHERS PARTY AND WEDDING STORE,Zurchers,general,high
