id,name,kind,county,city,usfa_fdid,dept_type,organization_type,stations,career,volunteer,paid_per_call,website,grants
CA-00555,CA Department of Forestry and Fire Protection- HQ,State fire agency,Sacramento,Sacramento,00555,Career,State government (includes state forest fire agencies and state institution fire departments),268,3800,0,0,https://www.fire.ca.gov,0
CA-00MAB,March Field Fire Department,Federal government,Riverside,March Air Reserve Base,00MAB,Career,Federal government (Executive branch agency fire department),2,56,0,0,,0
CA-01005,City of Alameda Fire Department,Local fire department,Alameda,Alameda,01005,Career,"Local (includes career, combination, and volunteer fire departments and fire districts)",4,110,0,0,https://www.alamedaca.gov/Departments/Fire-Department,0
CA-01008,Alameda County Fire Department,County fire department,Alameda,Dublin,01008,Mostly career,"Local (includes career, combination, and volunteer fire departments and fire districts)",29,350,50,0,https://fire.acgov.org/index.page,4
CA-01010,Albany Fire Department,Local fire department,Alameda,Albany,01010,Career,"Local (includes career, combination, and volunteer fire departments and fire districts)",1,19,0,0,https://www.albanyca.org/,5
CA-01015,Berkeley Fire Department,Local fire department,Alameda,Berkeley,01015,Career,"Local (includes career, combination, and volunteer fire departments and fire districts)",7,127,0,0,https://www.cityofberkeley.info/fire/,0
CA-01035,Emeryville Fire Department,Local fire department,Alameda,Emeryville,01035,Career,"Local (includes career, combination, and volunteer fire departments and fire districts)",2,30,0,0,,0
CA-01040,Fremont Fire Department,Local fire department,Alameda,Fremont,01040,Career,"Local (includes career, combination, and volunteer fire departments and fire districts)",11,141,0,0,https://www.fremont.gov/96/Fire-Department,0
CA-01045,Hayward Fire Department,Local fire department,Alameda,Hayward,01045,Career,"Local (includes career, combination, and volunteer fire departments and fire districts)",9,134,0,0,https://www.hayward-ca.gov/,0
CA-01065,Lawrence Livermore Fire Department,State government,Alameda,Livermore,01065,Career,State government (includes state forest fire agencies and state institution fire departments),2,45,0,0,,0
CA-01070,Newark Fire Department,Local fire department,Alameda,Newark,01070,Career,"Local (includes career, combination, and volunteer fire departments and fire districts)",3,44,0,0,https://www.newark.org,0
CA-01075,Oakland Fire Department,Other,Alameda,Oakland,01075,Career,Other,26,508,0,0,https://www.oaklandnet.com/oakweb/fire/index.html,0
CA-01080,East Bay Regional Park District Fire Department,Local fire department,Alameda,Castro Valley,01080,Mostly volunteer,"Local (includes career, combination, and volunteer fire departments and fire districts)",2,17,0,35,https://www.ebparks.org/about/fire/,0
CA-01090,Piedmont Fire Department,Local fire department,Alameda,Piedmont,01090,Career,"Local (includes career, combination, and volunteer fire departments and fire districts)",1,25,0,0,https://www.ci.piedmont.ca.us/,0
CA-01115,Union City Fire Department,Local fire department,Alameda,Union City,01115,Career,"Local (includes career, combination, and volunteer fire departments and fire districts)",4,49,0,0,,0
CA-01795,Bayer Fire Department,Private or industrial fire brigade,Alameda,Berkeley,01795,Volunteer,Private or industrial fire brigade,1,0,21,0,,0
CA-02008,Bear Valley Fire Department,Local fire department,Alpine,Bear Valley,02008,Mostly volunteer,"Local (includes career, combination, and volunteer fire departments and fire districts)",1,3,15,0,,1
CA-02010,Kirkwood Volunteer Fire Department,Volunteer fire department,Alpine,Kirkwood,02010,Volunteer,"Local (includes career, combination, and volunteer fire departments and fire districts)",1,0,8,0,,0
CA-02015,Markleeville Volunteer Fire Department,Volunteer fire department,Alpine,Markleeville,02015,Volunteer,"Local (includes career, combination, and volunteer fire departments and fire districts)",1,0,15,0,,0
CA-02020,Woodfords Fire Department,Local fire department,Alpine,Markleeville,02020,Volunteer,"Local (includes career, combination, and volunteer fire departments and fire districts)",1,0,25,0,,0
CA-03006,Amador Fire Protection District,Fire district,Amador,Jackson,03006,Mostly career,"Local (includes career, combination, and volunteer fire departments and fire districts)",8,33,17,0,http://amadorfire.org/,4
CA-03010,City of Ione Fire Department,Local fire department,Amador,Ione,03010,Mostly volunteer,"Local (includes career, combination, and volunteer fire departments and fire districts)",2,4,0,35,http://www.ione-ca.com/services/type/fire-department,0
CA-03015,Jackson Valley Fire Protection District,Fire district,Amador,Ione,03015,Volunteer,"Local (includes career, combination, and volunteer fire departments and fire districts)",2,0,12,4,,0
CA-03020,Jackson Fire Department,Local fire department,Amador,Jackson,03020,Mostly volunteer,"Local (includes career, combination, and volunteer fire departments and fire districts)",2,5,0,27,https://www.ci.jackson.ca.us/fire_department.php,0
CA-03022,Lockwood Fire Protection District,Fire district,Amador,Volcano,03022,Volunteer,"Local (includes career, combination, and volunteer fire departments and fire districts)",2,0,13,0,,1
CA-03035,Sutter Creek Fire Protection District,Fire district,Amador,Sutter Creek,03035,Volunteer,"Local (includes career, combination, and volunteer fire departments and fire districts)",3,0,32,0,,1
CA-03070,Jackson Rancheria Fire Department,Private or industrial fire brigade,Amador,Jackson,03070,Career,Private or industrial fire brigade,1,9,0,0,,1
CA-03410,Mule Creek State Prison Fire Department,State government,Amador,Ione,03410,Mostly volunteer,State government (includes state forest fire agencies and state institution fire departments),1,5,7,0,,0
CA-04010,City of Chico Fire Department,Local fire department,Butte,Chico,04010,Mostly career,"Local (includes career, combination, and volunteer fire departments and fire districts)",5,57,6,0,http://www.chico.ca.us/fire/home_page.asp,0
CA-04015,Gridley City Fire Department,Local fire department,Butte,Gridley,04015,Mostly career,"Local (includes career, combination, and volunteer fire departments and fire districts)",1,12,8,0,www.buttefire.com,0
CA-04020,Oroville Fire Department,Local fire department,Butte,Oroville,04020,Career,"Local (includes career, combination, and volunteer fire departments and fire districts)",1,19,0,0,https://www.cityoforoville.org/index.aspx?page=152,0
CA-04025,El Medio Fire Department,Local fire department,Butte,Oroville,04025,Mostly career,"Local (includes career, combination, and volunteer fire departments and fire districts)",1,10,7,0,,0
CA-04030,Paradise Fire Department,Local fire department,Butte,Paradise,04030,Mostly career,"Local (includes career, combination, and volunteer fire departments and fire districts)",2,15,9,0,https://www.townofparadise.com/,0
CA-04035,Butte County Fire Department,County fire department,Butte,Oroville,04035,Mostly career,"Local (includes career, combination, and volunteer fire departments and fire districts)",38,259,0,151,https://www.buttecounty.net/fire/Home.aspx,8
CA-04045,Berry Creek Rancheria Volunteer Fire Department,Tribal government,Butte,Oroville,04045,Volunteer,Tribal government (includes Native American and Alaska Native tribal fire departments),1,0,20,0,,0
CA-05005,Altaville Melones Fire Protection District,Fire district,Calaveras,Altaville,05005,Volunteer,"Local (includes career, combination, and volunteer fire departments and fire districts)",1,0,20,6,,0
CA-05010,Angels Camp Volunteer Fire Department,Volunteer fire department,Calaveras,Angels Camp,05010,Volunteer,"Local (includes career, combination, and volunteer fire departments and fire districts)",2,0,17,0,,0
CA-05015,Ebbetts Pass Fire District,Fire district,Calaveras,Arnold,05015,Mostly career,"Local (includes career, combination, and volunteer fire departments and fire districts)",4,24,8,0,https://epfd.org/,9
CA-05018,Mountain Fire/Rescue Volunteer Fire Company,Volunteer fire department,Calaveras,Mountain Ranch,05018,Volunteer,"Local (includes career, combination, and volunteer fire departments and fire districts)",1,0,60,0,,0
CA-05020,Copperopolis Fire Protection District,Fire district,Calaveras,Copperopolis,05020,Mostly volunteer,"Local (includes career, combination, and volunteer fire departments and fire districts)",3,5,25,0,,0
CA-05025,Mokelumne Hill Fire Protection District,Fire district,Calaveras,Mokelumne Hill,05025,Volunteer,"Local (includes career, combination, and volunteer fire departments and fire districts)",1,0,12,0,,0
CA-05030,Murphys Fire Protection District,Fire district,Calaveras,Murphys,05030,Mostly volunteer,"Local (includes career, combination, and volunteer fire departments and fire districts)",2,1,25,6,,4
CA-05035,San Andreas Fire Protection District,Fire district,Calaveras,San Andreas,05035,Mostly career,"Local (includes career, combination, and volunteer fire departments and fire districts)",1,11,9,0,https://sanandreasfire.org/,0
CA-05050,West Point Fire District,Fire district,Calaveras,West Point,05050,Mostly volunteer,"Local (includes career, combination, and volunteer fire departments and fire districts)",2,5,10,0,http://www.westpointfire.org/,0
CA-05060,Central Calaveras Fire & Rescue Protection District,Local fire department,Calaveras,Mokelumne Hill,05060,Mostly volunteer,"Local (includes career, combination, and volunteer fire departments and fire districts)",5,4,15,18,https://www.centralcalaverasfire.org,0
CA-05065,Calaveras County Fire & Emergency Services,County fire department,Calaveras,San Andreas,05065,Career,"Local (includes career, combination, and volunteer fire departments and fire districts)",1,3,0,0,http://co.calaveras.ca.us.gov,0
CA-05066,Calaveras Consolidated Fire Protection District,Fire district,Calaveras,Valley Springs,05066,Mostly volunteer,"Local (includes career, combination, and volunteer fire departments and fire districts)",2,6,15,17,www.calcofire.org,0
CA-06005,Arbuckle-College City Fire Protection District,Fire district,Colusa,Arbuckle,06005,Mostly volunteer,"Local (includes career, combination, and volunteer fire departments and fire districts)",1,3,22,0,,0
CA-06015,Colusa Fire Department,Local fire department,Colusa,Colusa,06015,Mostly volunteer,"Local (includes career, combination, and volunteer fire departments and fire districts)",1,5,15,0,http://www.cityofcolusa.com/,0
CA-06020,Sacramento River Fire Protection District of Colusa County,Fire district,Colusa,Colusa,06020,Mostly volunteer,"Local (includes career, combination, and volunteer fire departments and fire districts)",2,1,34,0,,0
CA-06030,Maxwell Fire Protection District,Fire district,Colusa,Maxwell,06030,Mostly volunteer,"Local (includes career, combination, and volunteer fire departments and fire districts)",1,3,25,0,,0
CA-06035,Princeton Volunteer Fire Department,Volunteer fire department,Colusa,Princeton,06035,Volunteer,"Local (includes career, combination, and volunteer fire departments and fire districts)",1,0,14,0,,0
CA-06040,Bear Valley - Indian Valley Fire Department,Local fire department,Colusa,Stonyford,06040,Volunteer,"Local (includes career, combination, and volunteer fire departments and fire districts)",2,0,19,0,,0
CA-06045,Williams Fire Protection Authority,Local fire department,Colusa,Williams,06045,Mostly volunteer,"Local (includes career, combination, and volunteer fire departments and fire districts)",1,5,30,0,https://www.williamsfireprotectionauthority.org/,1
CA-07015,East Contra Costa Fire Protection District,Fire district,Contra Costa,Brentwood,07015,Mostly career,"Local (includes career, combination, and volunteer fire departments and fire districts)",9,54,0,30,https://www.eccfpd.org,0
CA-07030,Crockett-Carquinez Fire Department,Local fire department,Contra Costa,Crockett,07030,Volunteer,"Local (includes career, combination, and volunteer fire departments and fire districts)",3,0,0,45,,0
CA-07035,San Ramon Valley Fire Protection District,Fire district,Contra Costa,San Ramon,07035,Career,"Local (includes career, combination, and volunteer fire departments and fire districts)",10,130,0,0,https://www.firedepartment.org/,3
CA-07040,El Cerrito Fire Department,Local fire department,Contra Costa,El Cerrito,07040,Career,"Local (includes career, combination, and volunteer fire departments and fire districts)",2,37,0,0,https://www.el-cerrito.org/index.aspx?nid=133,6
CA-07060,Moraga-Orinda Fire Protection District,Fire district,Contra Costa,Orinda,07060,Mostly career,"Local (includes career, combination, and volunteer fire departments and fire districts)",5,73,15,0,https://www.mofd.org/,11
CA-07075,Pinole Fire Department,Local fire department,Contra Costa,Pinole,07075,Mostly career,"Local (includes career, combination, and volunteer fire departments and fire districts)",1,19,0,8,,6
CA-07090,Contra Costa County Fire Protection District,Fire district,Contra Costa,Concord,07090,Mostly career,"Local (includes career, combination, and volunteer fire departments and fire districts)",23,216,0,13,https://www.cccfpd.org/,21
CA-07095,Richmond Fire Department,Local fire department,Contra Costa,Richmond,07095,Career,"Local (includes career, combination, and volunteer fire departments and fire districts)",7,86,0,0,https://ci.richmond.ca.us/,0
CA-07100,Rodeo Hercules Fire Protection District,Fire district,Contra Costa,Hercules,07100,Career,"Local (includes career, combination, and volunteer fire departments and fire districts)",2,20,0,0,https://www.rhfd.org/,5
CA-07115,C & H Sugar Company Fire Department,Private or industrial fire brigade,Contra Costa,Crockett,07115,Mostly volunteer,Private or industrial fire brigade,1,1,0,57,,0
CA-07120,Martinez Refining Company Fire Brigade,Private or industrial fire brigade,Contra Costa,Martinez,07120,Volunteer,Private or industrial fire brigade,1,0,45,0,,0
CA-07125,Corteva Agriscience,Private or industrial fire brigade,Contra Costa,Pittsburg,07125,Career,Private or industrial fire brigade,1,50,0,0,,0
CA-07135,Ultramar Fire Department,Private or industrial fire brigade,Contra Costa,Pacheco,07135,Mostly volunteer,Private or industrial fire brigade,1,17,0,40,,0
CA-07140,Chevron Fire Department,Private or industrial fire brigade,Contra Costa,Richmond,07140,Mostly volunteer,Private or industrial fire brigade,1,31,60,0,,0
CA-07805,Concord Federal Fire Department,Federal government,Contra Costa,Concord,07805,Career,Federal government (Department of Defense fire department),2,25,0,0,,0
CA-08010,Crescent Fire Protection District,Fire district,Del Norte,Crescent City,08010,Mostly volunteer,"Local (includes career, combination, and volunteer fire departments and fire districts)",3,1,0,28,,2
CA-08015,Fort Dick Fire Protection District,Fire district,Del Norte,Crescent City,08015,Volunteer,"Local (includes career, combination, and volunteer fire departments and fire districts)",2,0,25,0,,1
CA-08020,Gasquet Fire Department,Local fire department,Del Norte,Gasquet,08020,Volunteer,"Local (includes career, combination, and volunteer fire departments and fire districts)",1,0,14,0,,0
CA-08050,Smith River Fire Protection District,Fire district,Del Norte,Smith River,08050,Volunteer,"Local (includes career, combination, and volunteer fire departments and fire districts)",2,0,0,18,,0
CA-08410,Pelican Bay State Prison,State government,Del Norte,Crescent City,08410,Mostly volunteer,State government (includes state forest fire agencies and state institution fire departments),1,4,8,0,,0
CA-09005,Diamond Springs - El Dorado Fire Protection District,Fire district,El Dorado,Diamond Springs,09005,Career,"Local (includes career, combination, and volunteer fire departments and fire districts)",5,22,0,0,http://www.diamondfire.org/,0
CA-09012,El Dorado County Fire Protection District,Fire district,El Dorado,Camino,09012,Mostly career,"Local (includes career, combination, and volunteer fire departments and fire districts)",15,89,25,0,https://www.eldoradocountyfire.com/,1
CA-09015,El Dorado Hills Fire Department,Local fire department,El Dorado,El Dorado Hills,09015,Career,"Local (includes career, combination, and volunteer fire departments and fire districts)",5,66,0,0,https://www.edhfire.com,0
CA-09017,Fallen Leaf Fire Department,Local fire department,El Dorado,South Lake Tahoe,09017,Mostly volunteer,"Local (includes career, combination, and volunteer fire departments and fire districts)",2,8,20,0,https://www.fllcsd.org,0
CA-09020,Georgetown Fire Department,Local fire department,El Dorado,Georgetown,09020,Mostly volunteer,"Local (includes career, combination, and volunteer fire departments and fire districts)",5,8,24,0,https://geofire.org/,0
CA-09026,Mosquito Fire Protection District,Fire district,El Dorado,Placerville,09026,Mostly volunteer,"Local (includes career, combination, and volunteer fire departments and fire districts)",1,12,15,0,https://mfpd.us/,6
CA-09050,Cameron Park Fire Department,Local fire department,El Dorado,Cameron Park,09050,Mostly career,"Local (includes career, combination, and volunteer fire departments and fire districts)",2,21,20,0,https://www.cameronpark.org/,2
CA-09060,South Lake Tahoe Fire Rescue,Local fire department,El Dorado,South Lake Tahoe,09060,Career,"Local (includes career, combination, and volunteer fire departments and fire districts)",4,36,0,0,https://www.cityofslt.us/fire/,0
CA-09065,Lake Valley Fire Protection District,Fire district,El Dorado,South Lake Tahoe,09065,Mostly career,"Local (includes career, combination, and volunteer fire departments and fire districts)",3,28,15,0,https://www.lakevalleyfire.org/,0
CA-09090,Pioneer Fire Protection District,Fire district,El Dorado,Somerset,09090,Mostly volunteer,"Local (includes career, combination, and volunteer fire departments and fire districts)",6,6,12,0,https://www.pioneerfire.org/,2
CA-09100,Garden Valley Fire Protection District,Fire district,El Dorado,Garden Valley,09100,Mostly volunteer,"Local (includes career, combination, and volunteer fire departments and fire districts)",3,4,18,1,,2
CA-09110,Rescue Fire Protection District,Fire district,El Dorado,Rescue,09110,Mostly volunteer,"Local (includes career, combination, and volunteer fire departments and fire districts)",2,6,16,0,https://www.rescuefiredepartment.org/,8
CA-09565,Eldorado National Forest,Federal government,El Dorado,Placerville,09565,Career,Federal government (Executive branch agency fire department),12,180,0,0,,0
CA-10005,Clovis Fire Department,Local fire department,Fresno,Clovis,10005,Career,"Local (includes career, combination, and volunteer fire departments and fire districts)",5,61,0,0,,0
CA-10010,Coalinga Fire Department,Local fire department,Fresno,Coalinga,10010,Mostly career,"Local (includes career, combination, and volunteer fire departments and fire districts)",1,21,0,6,https://www.coalinga.com/,1
CA-10020,City of Firebaugh Fire Department,Local fire department,Fresno,Firebaugh,10020,Mostly volunteer,"Local (includes career, combination, and volunteer fire departments and fire districts)",1,1,22,0,,0
CA-10025,Fowler Fire Department,Local fire department,Fresno,Fowler,10025,Volunteer,"Local (includes career, combination, and volunteer fire departments and fire districts)",1,0,11,0,,0
CA-10030,City of Fresno Fire Department,Local fire department,Fresno,Fresno,10030,Career,"Local (includes career, combination, and volunteer fire departments and fire districts)",20,284,0,0,https://www.fresno.gov/fire/,0
CA-10031,Fresno Yosemite Intl Airport Public Safety,Regional/metropolitan transportation authority or airport fire department,Fresno,Fresno,10031,Career,Regional/metropolitan transportation authority or airport fire department,1,15,0,0,https://www.flyfresno.org,0
CA-10032,Fresno County Fire Protection District,Fire district,Fresno,Sanger,10032,Mostly career,"Local (includes career, combination, and volunteer fire departments and fire districts)",18,100,0,43,https://fresnocountyfire.org/,0
CA-10035,Fig Garden Fire Protection District,Fire district,Fresno,Sanger,10035,Mostly volunteer,"Local (includes career, combination, and volunteer fire departments and fire districts)",1,6,0,8,,0
CA-10038,Huntington Lake Volunteer Fire Department,Volunteer fire department,Fresno,Lakeshore,10038,Volunteer,"Local (includes career, combination, and volunteer fire departments and fire districts)",2,0,17,0,https://www.hlvfd.org/,6
CA-10040,North Central Fire Protection District,Fire district,Fresno,Kerman,10040,Mostly career,"Local (includes career, combination, and volunteer fire departments and fire districts)",5,42,12,7,https://northcentralfire.org/,4
CA-10045,Kingsburg Fire Department,Local fire department,Fresno,Kingsburg,10045,Mostly volunteer,"Local (includes career, combination, and volunteer fire departments and fire districts)",2,13,0,17,https://www.cityofkingsburg-ca.gov/,0
CA-10050,Laton CSD Volunteer Fire Department,Volunteer fire department,Fresno,Laton,10050,Volunteer,"Local (includes career, combination, and volunteer fire departments and fire districts)",1,0,8,0,,0
CA-10055,Bald Mountain Volunteer Fire Protection District,Fire district,Fresno,Auberry,10055,Volunteer,"Local (includes career, combination, and volunteer fire departments and fire districts)",1,0,9,0,,0
CA-10065,Orange Cove Fire Protection District,Fire district,Fresno,Orange Cove,10065,Mostly volunteer,"Local (includes career, combination, and volunteer fire departments and fire districts)",1,5,0,26,https://www.orangecovefire.com/,0
CA-10080,Reedley Fire Department,Local fire department,Fresno,Reedley,10080,Mostly volunteer,"Local (includes career, combination, and volunteer fire departments and fire districts)",1,2,0,40,http://www.reedley.com/departments/fire_department/,0
CA-10085,Riverdale Volunteer Fire Department,Volunteer fire department,Fresno,Riverdale,10085,Volunteer,"Local (includes career, combination, and volunteer fire departments and fire districts)",1,0,18,0,,0
CA-10090,Sanger Fire Department,Local fire department,Fresno,Sanger,10090,Career,"Local (includes career, combination, and volunteer fire departments and fire districts)",1,26,0,0,https://www.ci.sanger.ca.us/,0
CA-10095,Selma Fire Department,Local fire department,Fresno,SELMA,10095,Career,"Local (includes career, combination, and volunteer fire departments and fire districts)",3,23,0,0,http://www.cityofselma.com/,0
CA-10110,Big Creek Volunteer Fire Department,Volunteer fire department,Fresno,Big Creek,10110,Volunteer,"Local (includes career, combination, and volunteer fire departments and fire districts)",1,0,6,0,,0
CA-10120,Shaver Lake Fire Department,Local fire department,Fresno,Shaver Lake,10120,Volunteer,"Local (includes career, combination, and volunteer fire departments and fire districts)",2,0,20,0,http://www.shaverlakefire.org/,0
CA-10135,Auberry Volunteer Fire Department,Other,Fresno,Auberry,10135,Volunteer,Other,1,0,12,0,,1
CA-10140,City of San Joaquin/ Fresno County Fire District,Fire district,Fresno,Tranquillity,10140,Volunteer,Contract fire department,1,0,0,10,https://www.CDFFresno.com,0
CA-10145,Mountain Valley Volunteer Fire Department,Volunteer fire department,Fresno,Squaw Valley,10145,Volunteer,"Local (includes career, combination, and volunteer fire departments and fire districts)",1,0,20,0,,1
CA-10155,Hume Lake Fire & Rescue Department,Local fire department,Fresno,Hume,10155,Volunteer,"Local (includes career, combination, and volunteer fire departments and fire districts)",1,0,25,0,https://www.humelakefire.org/,0
CA-10160,Pine Ridge Volunteer Fire Department,Volunteer fire department,Fresno,Shaver Lake,10160,Volunteer,"Local (includes career, combination, and volunteer fire departments and fire districts)",1,0,21,0,https://pineridgefire.org/,0
CA-10566,Sierra National Forest,Federal government,Fresno,Clovis,10566,Career,Federal government (Executive branch agency fire department),14,195,0,0,www.fs.fed.us/r5/sierra/fire,0
CA-11005,Artois Fire Protection District,Fire district,Glenn,Artois,11005,Volunteer,"Local (includes career, combination, and volunteer fire departments and fire districts)",1,0,20,0,,1
CA-11020,Elk Creek Fire Protection District,Fire district,Glenn,Elk Creek,11020,Volunteer,"Local (includes career, combination, and volunteer fire departments and fire districts)",1,0,9,0,,0
CA-11025,Glenn-Codora Fire Protection District,Fire district,Glenn,Glenn,11025,Volunteer,"Local (includes career, combination, and volunteer fire departments and fire districts)",1,0,24,0,,3
CA-11035,Ord Fire Protection District,Fire district,Glenn,Glenn,11035,Volunteer,"Local (includes career, combination, and volunteer fire departments and fire districts)",1,0,15,1,,1
CA-11055,Kanawha Fire Protection District,Fire district,Glenn,Willows,11055,Volunteer,"Local (includes career, combination, and volunteer fire departments and fire districts)",1,0,18,0,,0
CA-11060,Hamilton City Fire Protection District,Fire district,Glenn,Hamilton City,11060,Mostly volunteer,"Local (includes career, combination, and volunteer fire departments and fire districts)",1,2,35,0,,0
CA-11065,Willows Rural Fire Protection District,Fire district,Glenn,Willows,11065,Volunteer,"Local (includes career, combination, and volunteer fire departments and fire districts)",1,0,35,0,,1
CA-11565,"Mendocino National Forest Fire Service, USDA-",Federal government,Glenn,Willows,11565,Career,Federal government (Executive branch agency fire department),1,160,0,0,https://www.fs.fed.us/r5/mendocino,0
CA-12010,Beginnings Volunteer Fire Department,Volunteer fire department,Humboldt,Redway,12010,Volunteer,"Local (includes career, combination, and volunteer fire departments and fire districts)",1,0,12,0,,0
CA-12020,Fieldbrook Volunteer Fire Department,Volunteer fire department,Humboldt,Fieldbrook,12020,Volunteer,"Local (includes career, combination, and volunteer fire departments and fire districts)",1,0,20,0,,0
CA-12025,Blue Lake Volunteer Fire Department,Volunteer fire department,Humboldt,Blue Lake,12025,Mostly volunteer,"Local (includes career, combination, and volunteer fire departments and fire districts)",1,1,17,0,,0
CA-12030,Hoopa Volunteer Fire Department,Volunteer fire department,Humboldt,Hoopa,12030,Volunteer,"Local (includes career, combination, and volunteer fire departments and fire districts)",1,0,14,0,,0
CA-12035,Carlotta Volunteer Fire Department,Volunteer fire department,Humboldt,Carlotta,12035,Volunteer,"Local (includes career, combination, and volunteer fire departments and fire districts)",2,0,15,0,,0
CA-12045,Humboldt Bay Fire Authority,Fire district,Humboldt,Eureka,12045,Mostly career,"Local (includes career, combination, and volunteer fire departments and fire districts)",5,60,12,0,https://www.hbfire.org/index.html,0
CA-12047,Honeydew Volunteer Fire Company,Volunteer fire department,Humboldt,Honeydew,12047,Volunteer,"Local (includes career, combination, and volunteer fire departments and fire districts)",4,0,14,0,,0
CA-12050,Humboldt No. 1 Fire Protection District,Fire district,Humboldt,Eureka,12050,Mostly career,"Local (includes career, combination, and volunteer fire departments and fire districts)",2,20,10,0,https://www.hfd1.org/,0
CA-12055,Ferndale Fire Protection District,Fire district,Humboldt,Ferndale,12055,Volunteer,"Local (includes career, combination, and volunteer fire departments and fire districts)",1,0,35,0,,1
CA-12060,Fortuna Volunteer Fire Department,Volunteer fire department,Humboldt,Fortuna,12060,Volunteer,"Local (includes career, combination, and volunteer fire departments and fire districts)",3,0,63,0,https://www.fortunafire.com,0
CA-12065,Garberville Fire Protection District,Fire district,Humboldt,Garberville,12065,Volunteer,"Local (includes career, combination, and volunteer fire departments and fire districts)",1,0,14,0,,0
CA-12067,Kneeland Volunteer Fire Department,Volunteer fire department,Humboldt,Kneeland,12067,Volunteer,"Local (includes career, combination, and volunteer fire departments and fire districts)",1,0,10,0,,0
CA-12085,Orick Volunteer Fire Department,Volunteer fire department,Humboldt,Orick,12085,Volunteer,"Local (includes career, combination, and volunteer fire departments and fire districts)",1,0,9,0,,0
CA-12090,Petrolia Volunteer Fire Department,Volunteer fire department,Humboldt,Petrolia,12090,Volunteer,"Local (includes career, combination, and volunteer fire departments and fire districts)",1,0,18,0,,1
CA-12095,Redway Fire Protection District,Fire district,Humboldt,Redway,12095,Volunteer,"Local (includes career, combination, and volunteer fire departments and fire districts)",1,0,12,0,,0
CA-12100,Rio Dell Fire Protection District,Fire district,Humboldt,Rio Dell,12100,Volunteer,"Local (includes career, combination, and volunteer fire departments and fire districts)",1,0,26,0,,0
CA-12110,Samoa Peninsula Fire District,Fire district,Humboldt,Samoa,12110,Volunteer,"Local (includes career, combination, and volunteer fire departments and fire districts)",2,0,12,0,https://www.samoafire.org/,2
CA-12115,Scotia Volunteer Fire Department,Volunteer fire department,Humboldt,Scotia,12115,Mostly volunteer,"Local (includes career, combination, and volunteer fire departments and fire districts)",1,1,17,0,,0
CA-12130,Whitethorn Fire Protection District,Fire district,Humboldt,Whitethorn,12130,Volunteer,"Local (includes career, combination, and volunteer fire departments and fire districts)",1,0,10,0,,0
CA-12135,Willow Creek Volunteer Fire Department,Volunteer fire department,Humboldt,Willow Creek,12135,Volunteer,"Local (includes career, combination, and volunteer fire departments and fire districts)",1,0,28,0,,2
CA-12140,Arcata Fire Protection District,Fire district,Humboldt,McKinleyville,12140,Career,"Local (includes career, combination, and volunteer fire departments and fire districts)",3,22,0,0,https://www.arcatafire.org/,1
CA-12145,Miranda Volunteer Fire Department,Volunteer fire department,Humboldt,Miranda,12145,Volunteer,"Local (includes career, combination, and volunteer fire departments and fire districts)",1,0,8,0,,0
CA-12150,Phillipsville Volunteer Fire Department,Volunteer fire department,Humboldt,Phillipsville,12150,Volunteer,"Local (includes career, combination, and volunteer fire departments and fire districts)",1,0,10,0,,1
CA-12155,"Fruitland Volunteer Fire Company, Inc.",Volunteer fire department,Humboldt,Myers Flat,12155,Volunteer,"Local (includes career, combination, and volunteer fire departments and fire districts)",1,0,5,0,,0
CA-12165,Shelter Cove Fire Department,Local fire department,Humboldt,Whitehorn,12165,Volunteer,"Local (includes career, combination, and volunteer fire departments and fire districts)",1,0,0,12,,0
CA-12175,Redcrest Volunteer Fire Department,Volunteer fire department,Humboldt,Redcrest,12175,Volunteer,"Local (includes career, combination, and volunteer fire departments and fire districts)",1,0,4,0,,0
CA-12195,Bridgeville Volunteer Fire Department,Volunteer fire department,Humboldt,Bridgeville,12195,Volunteer,"Local (includes career, combination, and volunteer fire departments and fire districts)",1,0,9,0,,0
CA-12555,CDF Humboldt / Del Norte Unit,State fire agency,Humboldt,Fortuna,12555,Career,State government (includes state forest fire agencies and state institution fire departments),16,205,0,0,https://www.fire.ca.gov,0
CA-12905,USDA-Forest Service-Six Rivers NF-LTRD,Federal government,Humboldt,Willow Creek,12905,Career,Federal government (Executive branch agency fire department),2,39,0,0,,0
CA-12991,Palo Verde Volunteer Fire Department,Volunteer fire department,Humboldt,Garberville,12991,Volunteer,"Local (includes career, combination, and volunteer fire departments and fire districts)",1,0,15,0,,0
CA-13005,City of Brawley Fire Department,Local fire department,Imperial,Brawley,13005,Mostly volunteer,"Local (includes career, combination, and volunteer fire departments and fire districts)",2,17,0,25,,0
CA-13010,Calexico Fire Department,Local fire department,Imperial,Calexico,13010,Career,"Local (includes career, combination, and volunteer fire departments and fire districts)",2,24,0,0,,3
CA-13015,Calipatria Fire Department,Local fire department,Imperial,Calipatria,13015,Mostly volunteer,"Local (includes career, combination, and volunteer fire departments and fire districts)",1,2,0,14,,0
CA-13020,El Centro Fire Department,Local fire department,Imperial,El Centro,13020,Career,"Local (includes career, combination, and volunteer fire departments and fire districts)",3,38,0,0,https://cityofelcentro.org/firedepartment/,0
CA-13025,Imperial County Fire Department,County fire department,Imperial,Imperial,13025,Mostly volunteer,"Local (includes career, combination, and volunteer fire departments and fire districts)",5,28,8,32,,0
CA-13030,Holtville Fire Department,Local fire department,Imperial,Holtville,13030,Mostly volunteer,"Local (includes career, combination, and volunteer fire departments and fire districts)",1,3,0,13,,4
CA-13050,Salton Community Services District Fire Dept,Local fire department,Imperial,Salton City,13050,Volunteer,"Local (includes career, combination, and volunteer fire departments and fire districts)",2,0,13,0,https://www.saltoncsd.ca.gov/fire.php,0
CA-13060,Westmorland Fire Department,Local fire department,Imperial,Westmorland,13060,Volunteer,"Local (includes career, combination, and volunteer fire departments and fire districts)",1,0,18,0,,0
CA-13065,Winter Haven Fire Protection District,Fire district,Imperial,Winter Haven,13065,Volunteer,"Local (includes career, combination, and volunteer fire departments and fire districts)",1,0,0,15,,0
CA-14005,Big Pine Fire Department,Local fire department,Inyo,Big Pine,14005,Volunteer,"Local (includes career, combination, and volunteer fire departments and fire districts)",1,0,35,0,,0
CA-14015,Bishop Fire Department,Local fire department,Inyo,Bishop,14015,Mostly volunteer,"Local (includes career, combination, and volunteer fire departments and fire districts)",3,1,35,0,,0
CA-14017,Death Valley National Park,Federal government,Inyo,Death Valley,14017,Mostly volunteer,Federal government (Executive branch agency fire department),2,3,0,12,www.nps.gov/deva,0
CA-14025,Independence Fire Protection District,Fire district,Inyo,Independence,14025,Volunteer,"Local (includes career, combination, and volunteer fire departments and fire districts)",1,0,25,0,,0
CA-14030,Keeler Volunteer Fire Department,Volunteer fire department,Inyo,Keeler,14030,Volunteer,"Local (includes career, combination, and volunteer fire departments and fire districts)",1,0,2,0,,0
CA-14035,Lone Pine Fire Department,Local fire department,Inyo,Lone Pine,14035,Volunteer,"Local (includes career, combination, and volunteer fire departments and fire districts)",2,0,0,35,,0
CA-14042,Southern Inyo Fire Protection District,Fire district,Inyo,Tecopa,14042,Mostly volunteer,"Local (includes career, combination, and volunteer fire departments and fire districts)",1,1,6,6,,1
CA-15005,Bakersfield Fire Department,Local fire department,Kern,Bakersfield,15005,Mostly career,"Local (includes career, combination, and volunteer fire departments and fire districts)",14,186,30,0,https://www.bakersfieldfire.us/,0
CA-15010,Kern County Fire Department,County fire department,Kern,Bakersfield,15010,Career,"Local (includes career, combination, and volunteer fire departments and fire districts)",47,535,0,0,https://www.kerncountyfire.org/,0
CA-15023,Mojave Air and Space Port Fire Department,Regional/metropolitan transportation authority or airport fire department,Kern,Mojave,15023,Mostly volunteer,Regional/metropolitan transportation authority or airport fire department,1,3,0,8,,0
CA-15040,Tehachapi City Fire Department,Local fire department,Kern,Tehachapi,15040,Mostly volunteer,"Local (includes career, combination, and volunteer fire departments and fire districts)",1,3,0,15,https://www.tehachapicityhall.com/firedept.html,0
CA-15065,California City Fire Department,Local fire department,Kern,California City,15065,Career,"Local (includes career, combination, and volunteer fire departments and fire districts)",2,13,0,0,https://www.calcityfire.com/,1
CA-15070,Sand Canyon Volunteer Fire Department,Volunteer fire department,Kern,Tehachapi,15070,Volunteer,"Local (includes career, combination, and volunteer fire departments and fire districts)",1,0,20,0,,0
CA-15410,California Correctional Institute,State government,Kern,Tehachapi,15410,Mostly volunteer,State government (includes state forest fire agencies and state institution fire departments),1,6,8,0,,0
CA-15411,Wasco State Prison Fire Department (CDCR),State government,Kern,Wasco,15411,Career,State government (includes state forest fire agencies and state institution fire departments),1,14,0,0,,0
CA-15830,Edwards Air Force Base Fire & Emergency Services,Federal government,Kern,Edwards AFB,15830,Career,Federal government (Department of Defense fire department),5,108,0,0,,0
CA-16002,Avenal State Prison Fire Department,State government,Kings,Avenal,16002,Career,State government (includes state forest fire agencies and state institution fire departments),1,15,0,0,,0
CA-16010,Hanford City Fire Department,Local fire department,Kings,Hanford,16010,Mostly career,"Local (includes career, combination, and volunteer fire departments and fire districts)",3,33,20,0,https://www.ci.hanford.ca.us,0
CA-16015,Kings County Fire Department,County fire department,Kings,Hanford,16015,Mostly career,"Local (includes career, combination, and volunteer fire departments and fire districts)",11,75,10,0,https://www.countyofkings.com/departments/fire-department,0
CA-16020,Lemoore Volunteer Fire Department,Volunteer fire department,Kings,Lemoore,16020,Volunteer,"Local (includes career, combination, and volunteer fire departments and fire districts)",2,0,35,0,,1
CA-17005,Lake County Fire Protection District,Fire district,Lake,Clearlake,17005,Mostly volunteer,"Local (includes career, combination, and volunteer fire departments and fire districts)",6,24,25,0,,2
CA-17020,Kelseyville Fire Protection District,Fire district,Lake,Kelseyville,17020,Mostly career,"Local (includes career, combination, and volunteer fire departments and fire districts)",2,12,1,0,https://kelseyvillefire.com/,5
CA-17025,Lakeport Fire Protection District,Fire district,Lake,Lakeport,17025,Mostly volunteer,"Local (includes career, combination, and volunteer fire departments and fire districts)",2,12,23,0,http://www.lakeportfire.com/,1
CA-17040,South Lake Couny Fire Protection District,Fire district,Lake,Middletown,17040,Mostly volunteer,"Local (includes career, combination, and volunteer fire departments and fire districts)",4,12,0,22,,0
CA-17055,Northshore Fire Protection District,Fire district,Lake,Lucerne,17055,Mostly career,"Local (includes career, combination, and volunteer fire departments and fire districts)",6,23,12,0,https://www.northshorefpd.com/,1
CA-17060,Lake Pillsbury Fire Protection District,Fire district,Lake,Potter Valley,17060,Volunteer,"Local (includes career, combination, and volunteer fire departments and fire districts)",1,0,10,9,http://www.lakepillsburyfire.com/,1
CA-18010,Big Valley Fire Protection District/ Bieber Fire Department,Fire district,Lassen,Bieber,18010,Volunteer,"Local (includes career, combination, and volunteer fire departments and fire districts)",1,0,10,0,,0
CA-18015,Doyle Fire Protection District,Fire district,Lassen,Doyle,18015,Volunteer,"Local (includes career, combination, and volunteer fire departments and fire districts)",1,0,13,0,,0
CA-18017,Herlong Volunteer Fire Department,Volunteer fire department,Lassen,Herlong,18017,Volunteer,"Local (includes career, combination, and volunteer fire departments and fire districts)",1,0,4,0,https://www.herlongpud.com/volunteer-fire-department,0
CA-18021,Little Valley Volunteer Fire Department,Volunteer fire department,Lassen,Little Valley,18021,Volunteer,"Local (includes career, combination, and volunteer fire departments and fire districts)",1,0,6,0,,0
CA-18025,Madeline Fire Protection District,Fire district,Lassen,Madeline,18025,Volunteer,"Local (includes career, combination, and volunteer fire departments and fire districts)",1,0,5,0,,0
CA-18030,Standish Litchfield Fire Protection District,Fire district,Lassen,Standish,18030,Volunteer,"Local (includes career, combination, and volunteer fire departments and fire districts)",1,0,13,0,,2
CA-18035,Susanville Fire Department,Local fire department,Lassen,Susanville,18035,Mostly volunteer,"Local (includes career, combination, and volunteer fire departments and fire districts)",1,8,29,0,http://www.cityofsusanville.net/rooptown/fire-department/,0
CA-18040,Susan River Fire Protection District,Fire district,Lassen,Susanville,18040,Mostly volunteer,"Local (includes career, combination, and volunteer fire departments and fire districts)",3,1,23,0,,0
CA-18045,Clear Creek Volunteer Fire Department,Contract fire department,Lassen,Westwood,18045,Mostly volunteer,Contract fire department,1,1,5,0,https://clearcreekcsd.specialdistrict.org/,0
CA-18050,Westwood Fire Department,Local fire department,Lassen,Westwood,18050,Mostly volunteer,"Local (includes career, combination, and volunteer fire departments and fire districts)",1,1,17,0,,1
CA-18065,Spalding Community Services District Fire Department,Local fire department,Lassen,Susanville,18065,Volunteer,"Local (includes career, combination, and volunteer fire departments and fire districts)",1,0,2,0,,0
CA-18068,Stones-Bengard Community Service District,Local fire department,Lassen,Susanville,18068,Volunteer,"Local (includes career, combination, and volunteer fire departments and fire districts)",1,0,4,0,,0
CA-18070,Lake Forest Fire Protection District,Fire district,Lassen,Susanville,18070,Volunteer,"Local (includes career, combination, and volunteer fire departments and fire districts)",1,0,12,0,,2
CA-18075,Milford Fire District,Fire district,Lassen,Milford,18075,Volunteer,"Local (includes career, combination, and volunteer fire departments and fire districts)",1,0,14,0,,0
CA-18410,California Correctional Center Fire Department,State government,Lassen,Susanville,18410,Career,State government (includes state forest fire agencies and state institution fire departments),1,22,0,0,,0
CA-18555,Lassen National Forest Fire & Aviation,Federal government,Lassen,Susanville,18555,Career,Federal government (Executive branch agency fire department),10,40,0,0,https://www.r5.fs.fed.us/lassen/fire/,0
CA-19005,Alhambra Fire Department,Local fire department,Los Angeles,Alhambra,19005,Mostly career,"Local (includes career, combination, and volunteer fire departments and fire districts)",4,63,16,0,https://www.cityofalhambra.org/fire/mainar.htm,0
CA-19010,Arcadia Fire Department,Local fire department,Los Angeles,Arcadia,19010,Career,"Local (includes career, combination, and volunteer fire departments and fire districts)",3,53,0,0,https://www.arcadiaca.gov/protect/fire_department/index.php,2
CA-19015,Avalon Fire Department,Local fire department,Los Angeles,Avalon,19015,Mostly volunteer,"Local (includes career, combination, and volunteer fire departments and fire districts)",1,10,30,30,http://www.cityofavalon.com/content/3182/3207/default.aspx,0
CA-19025,Beverly Hills Fire Department,Local fire department,Los Angeles,Beverly Hills,19025,Career,"Local (includes career, combination, and volunteer fire departments and fire districts)",3,87,0,0,http://www.beverlyhills.org/departments/firedepartment,0
CA-19030,City of Burbank Fire Department,Local fire department,Los Angeles,Burbank,19030,Career,"Local (includes career, combination, and volunteer fire departments and fire districts)",6,120,0,0,https://burbankfire.us/,0
CA-19035,Warner Bros Studios Fire Department,Private or industrial fire brigade,Los Angeles,Burbank,19035,Mostly career,Private or industrial fire brigade,1,11,8,0,https://www2.warnerbros.com/wbsf/#/home/,0
CA-19040,Compton Fire Department,Local fire department,Los Angeles,Compton,19040,Career,"Local (includes career, combination, and volunteer fire departments and fire districts)",4,72,0,0,https://www.comptoncity.org/departments/fire-dept,0
CA-19050,Culver City Fire Department,Local fire department,Los Angeles,Culver City,19050,Career,"Local (includes career, combination, and volunteer fire departments and fire districts)",3,67,0,0,https://www.culvercity.org/fire,0
CA-19055,City of Downey Fire Department,Local fire department,Los Angeles,Downey,19055,Mostly career,"Local (includes career, combination, and volunteer fire departments and fire districts)",4,68,4,0,https://www.downeyca.org/our-city/departments/fire,0
CA-19065,El Segundo Fire Department,Local fire department,Los Angeles,El Segundo,19065,Career,"Local (includes career, combination, and volunteer fire departments and fire districts)",2,57,0,0,https://www.elsegundo.org/,0
CA-19075,Glendale Fire Department,Local fire department,Los Angeles,Glendale,19075,Career,"Local (includes career, combination, and volunteer fire departments and fire districts)",9,166,0,0,https://www.glendaleca.gov/government/departments/fire-department/,0
CA-19085,Hermosa Beach Fire Department,Local fire department,Los Angeles,Hermosa Beach,19085,Mostly volunteer,"Local (includes career, combination, and volunteer fire departments and fire districts)",1,20,21,0,https://www.hermosabch.org/fire/,1
CA-19095,La Verne Fire Department,Local fire department,Los Angeles,La Verne,19095,Mostly career,"Local (includes career, combination, and volunteer fire departments and fire districts)",3,34,20,0,https://www.lavernefire.org/ps.home.cfm?ID=1,0
CA-19096,La Tuna Canyon Fire & Rescue,Local fire department,Los Angeles,La Tuna Canyon,19096,Volunteer,"Local (includes career, combination, and volunteer fire departments and fire districts)",1,0,7,0,,0
CA-19100,Long Beach Fire Department,Local fire department,Los Angeles,Long Beach,19100,Career,"Local (includes career, combination, and volunteer fire departments and fire districts)",23,380,0,0,https://www.longbeach.gov/fire/,0
CA-19105,Los Angeles Fire Department,Local fire department,Los Angeles,Los Angeles,19105,Career,"Local (includes career, combination, and volunteer fire departments and fire districts)",106,3346,0,0,https://www.lafd.org,0
CA-19110,Los Angeles County Fire Department,County fire department,Los Angeles,Los Angeles,19110,Mostly career,"Local (includes career, combination, and volunteer fire departments and fire districts)",171,3550,0,75,https://fire.lacounty.gov/,0
CA-19120,Manhattan Beach Fire Department,Local fire department,Los Angeles,Manhattan Beach,19120,Mostly career,"Local (includes career, combination, and volunteer fire departments and fire districts)",2,30,24,0,,1
CA-19125,Monrovia Fire Department,Local fire department,Los Angeles,Monrovia,19125,Mostly career,"Local (includes career, combination, and volunteer fire departments and fire districts)",2,43,4,0,https://www.ci.monrovia.ca.us/,0
CA-19130,Montebello Fire Department,Local fire department,Los Angeles,Montebello,19130,Mostly career,"Local (includes career, combination, and volunteer fire departments and fire districts)",3,57,1,0,,0
CA-19135,Monterey Park Fire Department,Local fire department,Los Angeles,Monterey Park,19135,Mostly career,"Local (includes career, combination, and volunteer fire departments and fire districts)",3,57,14,0,http://www.montereypark.ca.gov/,0
CA-19145,Pasadena Fire Department,Local fire department,Los Angeles,Pasadena,19145,Career,"Local (includes career, combination, and volunteer fire departments and fire districts)",8,170,0,0,https://www.cityofpasadena.net/Fire/,0
CA-19155,Redondo Beach Fire Department,Local fire department,Los Angeles,Redondo Beach,19155,Career,"Local (includes career, combination, and volunteer fire departments and fire districts)",3,62,0,0,https://www.redondo.org/default.asp,0
CA-19165,San Gabriel Fire Deparetment,Local fire department,Los Angeles,San Gabriel,19165,Career,"Local (includes career, combination, and volunteer fire departments and fire districts)",2,36,0,0,https://sangabrielcity.com/,0
CA-19170,San Marino Fire Department,Local fire department,Los Angeles,San Marino,19170,Career,"Local (includes career, combination, and volunteer fire departments and fire districts)",1,20,0,0,https://www.cityofsanmarino.org/government/departments/fire/index.php,1
CA-19175,Santa Fe Springs Fire Department,Local fire department,Los Angeles,Santa Fe Springs,19175,Career,"Local (includes career, combination, and volunteer fire departments and fire districts)",4,45,0,0,https://www.santafesprings.org/,0
CA-19180,Santa Monica Fire Department,Local fire department,Los Angeles,Santa Monica,19180,Career,"Local (includes career, combination, and volunteer fire departments and fire districts)",5,110,0,0,,0
CA-19185,Sierra Madre Fire Department,Local fire department,Los Angeles,Sierra Madre,19185,Career,"Local (includes career, combination, and volunteer fire departments and fire districts)",1,13,0,0,,1
CA-19195,South Pasadena Fire Department,Local fire department,Los Angeles,South Pasadena,19195,Career,"Local (includes career, combination, and volunteer fire departments and fire districts)",1,20,0,0,https://www.southpasadenaca.gov/government/departments/fire,0
CA-19200,Torrance Fire Department,Local fire department,Los Angeles,Torrance,19200,Career,"Local (includes career, combination, and volunteer fire departments and fire districts)",6,144,0,0,https://www.torranceca.gov/,0
CA-19205,City of Vernon Fire Department,Local fire department,Los Angeles,Vernon,19205,Career,"Local (includes career, combination, and volunteer fire departments and fire districts)",4,50,0,0,http://www.cityofvernon.org/,0
CA-19210,West Covina Fire Department,Local fire department,Los Angeles,West Covina,19210,Career,"Local (includes career, combination, and volunteer fire departments and fire districts)",5,71,0,0,https://www.westcovina.org/departments/fire-,0
CA-19225,La Habra Heights Fire Department,Local fire department,Los Angeles,La Habra Heights,19225,Mostly volunteer,"Local (includes career, combination, and volunteer fire departments and fire districts)",1,6,53,14,https://www.lhhcity.org/,0
CA-19240,Speedway Volunteer Fire Department,Volunteer fire department,Riverside,Norco,19240,Volunteer,"Local (includes career, combination, and volunteer fire departments and fire districts)",1,0,30,0,https://speedwayfire.org/,0
CA-19260,Paramount Fire Department,Private or industrial fire brigade,Los Angeles,Los Angeles,19260,Mostly volunteer,Private or industrial fire brigade,1,3,0,18,,0
CA-19495,California State Prison-Los Angeles County -Fire Department,State government,Los Angeles,Lancaster,19495,Career,State government (includes state forest fire agencies and state institution fire departments),1,2,0,0,,0
CA-19565,Angeles National Forest Fire Lookout Association,Other,Los Angeles,Arcadia,19565,Volunteer,Other,2,0,90,0,https://angeleslookouts.org,0
CA-19605,"Boeing Fire Department, Long Beach Div",Private or industrial fire brigade,Los Angeles,Long Beach,19605,Career,Private or industrial fire brigade,1,27,0,0,,0
CA-19945,UCLA Fire,State government,Los Angeles,Los Angeles,19945,Career,State government (includes state forest fire agencies and state institution fire departments),1,7,0,0,,0
CA-19992,Walt Disney Studios Fire Department,Private or industrial fire brigade,Los Angeles,Burbank,19992,Mostly volunteer,Private or industrial fire brigade,2,4,12,0,,0
CA-20005,Chowchilla Fire Department,Local fire department,Madera,Chowchilla,20005,Mostly volunteer,"Local (includes career, combination, and volunteer fire departments and fire districts)",1,2,25,0,https://www.cityofchowchilla.org/168/Fire-Department,0
CA-20010,Madera City Fire Department,Local fire department,Madera,Madera,20010,Career,"Local (includes career, combination, and volunteer fire departments and fire districts)",2,17,0,0,https://www.cityofmadera.org/web/guest/fire,1
CA-20015,Madera County Fire Department,County fire department,Madera,Madera,20015,Mostly volunteer,"Local (includes career, combination, and volunteer fire departments and fire districts)",12,40,0,72,https://www.madera-county.com/firedepartment/,0
CA-20415,Central California Women's Facility Valley State Prison for Women Fire Department,State government,Madera,Chowchilla,20415,Career,State government (includes state forest fire agencies and state institution fire departments),1,16,0,0,,0
CA-21010,Bolinas Fire Protection District,Fire district,Marin,Bolinas,21010,Mostly volunteer,"Local (includes career, combination, and volunteer fire departments and fire districts)",1,2,20,2,https://www.bolinasfire.org,0
CA-21015,Corte Madera Fire Department,Local fire department,Marin,Corte Madera,21015,Mostly career,"Local (includes career, combination, and volunteer fire departments and fire districts)",2,20,6,0,https://www.ci.corte-madera.ca.us/,1
CA-21025,Inverness Volunteer Fire Department,Volunteer fire department,Marin,Inverness,21025,Mostly volunteer,"Local (includes career, combination, and volunteer fire departments and fire districts)",1,1,21,0,,0
CA-21030,Kentfield Fire Protection District,Fire district,Marin,Kentfield,21030,Mostly career,"Local (includes career, combination, and volunteer fire departments and fire districts)",1,13,6,0,https://www.kentfieldfire.org/,1
CA-21035,Larkspur Fire Department,Local fire department,Marin,Larkspur,21035,Mostly career,"Local (includes career, combination, and volunteer fire departments and fire districts)",2,18,10,0,,0
CA-21040,Mill Valley Fire Department,Local fire department,Marin,Mill Valley,21040,Mostly career,"Local (includes career, combination, and volunteer fire departments and fire districts)",2,27,2,0,https://www.cityofmillvalley.org/Index.aspx?page=44,0
CA-21045,Southern Marin Fire Protection District,Fire district,Marin,Sausalito,21045,Career,"Local (includes career, combination, and volunteer fire departments and fire districts)",4,53,0,0,https://www.smfd.org/,3
CA-21055,Novato Fire Protection District,Fire district,Marin,Novato,21055,Career,"Local (includes career, combination, and volunteer fire departments and fire districts)",6,67,0,0,https://www.novatofire.org/,0
CA-21060,Ross Fire Department,Local fire department,Marin,Ross,21060,Mostly career,"Local (includes career, combination, and volunteer fire departments and fire districts)",1,10,2,0,https://www.townofross.org/,0
CA-21065,Ross Valley Fire Department,Other,Marin,San Anselmo,21065,Mostly career,Other,4,33,13,0,https://www.rossvalleyfire.org/,3
CA-21075,San Rafael Fire Department,Local fire department,Marin,San Rafael,21075,Mostly career,"Local (includes career, combination, and volunteer fire departments and fire districts)",7,83,0,66,https://www.cityofsanrafael.org/fire-home/,0
CA-21080,Marinwood Fire Department,Local fire department,Marin,San Rafael,21080,Mostly volunteer,"Local (includes career, combination, and volunteer fire departments and fire districts)",1,11,20,0,,4
CA-21085,Muir Beach Volunteer Fire Department,Volunteer fire department,Marin,Muir Beach,21085,Volunteer,"Local (includes career, combination, and volunteer fire departments and fire districts)",1,0,16,0,https://www.muirbeachfire.com,1
CA-21086,Nicasio Volunteer Fire Department,Volunteer fire department,Marin,Nicasio,21086,Volunteer,"Local (includes career, combination, and volunteer fire departments and fire districts)",1,0,13,0,http://www.nicasiofire.org,1
CA-21090,Sausalito Fire Department,Local fire department,Marin,Sausalito,21090,Mostly career,"Local (includes career, combination, and volunteer fire departments and fire districts)",1,19,0,1,https://www.ci.sausalito.ca.us/sfd,0
CA-21092,Skywalker Ranch Fire Brigade,Private or industrial fire brigade,Marin,Nicasio,21092,Career,Private or industrial fire brigade,1,10,0,0,https://www.marinfirehistory.org/skywalker-ranch-fb.html,0
CA-21095,Stinson Beach Fire Protection District,Fire district,Marin,Stinson Beach,21095,Mostly volunteer,"Local (includes career, combination, and volunteer fire departments and fire districts)",2,1,30,2,,2
CA-21100,Tiburon Fire Protection District,Fire district,Marin,Tiburon,21100,Mostly career,"Local (includes career, combination, and volunteer fire departments and fire districts)",2,30,9,0,https://www.tiburonfire.org/,3
CA-21105,Marin County Fire Department,County fire department,Marin,Woodacre,21105,Mostly career,"Local (includes career, combination, and volunteer fire departments and fire districts)",6,81,14,0,https://www.marincounty.org/depts/fr,0
CA-22025,Mariposa County Fire Department,County fire department,Mariposa,Mariposa,22025,Mostly volunteer,"Local (includes career, combination, and volunteer fire departments and fire districts)",12,3,75,0,https://www.mariposacounty.org/index.aspx?NID=76,0
CA-22045,Mariposa Public Utility District Fire Department,Local fire department,Mariposa,Mariposa,22045,Volunteer,"Local (includes career, combination, and volunteer fire departments and fire districts)",2,0,0,17,,0
CA-23010,Anderson Valley Fire Department,Local fire department,Mendocino,Boonville,23010,Mostly volunteer,"Local (includes career, combination, and volunteer fire departments and fire districts)",9,1,35,10,https://www.andersonvalleyfire.org/,0
CA-23011,Brooktrails Township Fire Department,Other,Mendocino,Willits,23011,Mostly volunteer,Other,2,2,0,20,https://www.btcsd.org/,0
CA-23015,Comptche Volunteer Fire Department,Volunteer fire department,Mendocino,Comptche,23015,Volunteer,"Local (includes career, combination, and volunteer fire departments and fire districts)",1,0,32,0,https://comptchefire.org/,0
CA-23020,Covelo Fire Protection District,Fire district,Mendocino,Covelo,23020,Volunteer,"Local (includes career, combination, and volunteer fire departments and fire districts)",1,0,21,0,,0
CA-23025,Elk Volunteer Fire Department,Volunteer fire department,Mendocino,Elk,23025,Volunteer,"Local (includes career, combination, and volunteer fire departments and fire districts)",4,0,22,0,https://www.mcn.orgli/elkfire,0
CA-23030,Fort Bragg Fire Department,Local fire department,Mendocino,Fort Bragg,23030,Mostly volunteer,"Local (includes career, combination, and volunteer fire departments and fire districts)",0,3,41,0,https://www.fortbraggfire.com,0
CA-23040,South Coast Fire Protection District,Fire district,Mendocino,Gualala,23040,Volunteer,"Local (includes career, combination, and volunteer fire departments and fire districts)",4,0,22,0,,0
CA-23045,Long Valley Fire Protection District,Fire district,Mendocino,Laytonville,23045,Mostly volunteer,"Local (includes career, combination, and volunteer fire departments and fire districts)",2,3,23,0,,0
CA-23050,Mendocino Volunteer Fire Department,Volunteer fire department,Mendocino,Mendocino,23050,Volunteer,"Local (includes career, combination, and volunteer fire departments and fire districts)",3,0,35,0,https://www.mendocinofire.com/,0
CA-23055,Piercy Fire Protection District,Fire district,Mendocino,Piercy,23055,Volunteer,"Local (includes career, combination, and volunteer fire departments and fire districts)",1,0,4,0,,0
CA-23070,Redwood Valley Calpella Fire District,Fire district,Mendocino,Redwood Valley,23070,Mostly volunteer,"Local (includes career, combination, and volunteer fire departments and fire districts)",1,5,20,20,,0
CA-23075,Ukiah Fire Department,Local fire department,Mendocino,Ukiah,23075,Mostly volunteer,"Local (includes career, combination, and volunteer fire departments and fire districts)",3,20,20,0,,0
CA-23080,Ukiah Valley Fire Authority,Fire district,Mendocino,Ukiah,23080,Mostly volunteer,"Local (includes career, combination, and volunteer fire departments and fire districts)",3,20,20,0,,0
CA-23090,Little Lake Fire Protection District,Fire district,Mendocino,Willits,23090,Mostly volunteer,"Local (includes career, combination, and volunteer fire departments and fire districts)",2,3,40,3,https://www.littlelakefire.org/,1
CA-23100,Hopland Volunteer Fire Department,Volunteer fire department,Mendocino,Hopland,23100,Volunteer,"Local (includes career, combination, and volunteer fire departments and fire districts)",2,0,15,0,,0
CA-23115,Leggett Valley Fire And Rescue,Local fire department,Mendocino,Leggett,23115,Volunteer,"Local (includes career, combination, and volunteer fire departments and fire districts)",1,0,7,0,,0
CA-23120,Whale Gulch Volunteer Fire Company,Volunteer fire department,Mendocino,Whitethorn,23120,Volunteer,"Local (includes career, combination, and volunteer fire departments and fire districts)",1,0,15,0,,0
CA-23555,California Department of Forestry and Fire Protection,State fire agency,Mendocino,Willits,23555,Career,State government (includes state forest fire agencies and state institution fire departments),10,100,0,0,,0
CA-23910,Westport Volunteer Fire Department,Volunteer fire department,Mendocino,Westport,23910,Volunteer,"Local (includes career, combination, and volunteer fire departments and fire districts)",1,0,10,0,https://westportvfd.org/,2
CA-23915,Irish Beach Water District Volunteer Fire Department,Volunteer fire department,Mendocino,Manchester,23915,Volunteer,"Local (includes career, combination, and volunteer fire departments and fire districts)",1,0,10,0,,0
CA-24005,Atwater Fire Department,Contract fire department,Merced,Atwater,24005,Mostly career,Contract fire department,2,11,8,0,,1
CA-24010,Dos Palos Fire Department,Local fire department,Merced,Dos Palos,24010,Mostly volunteer,"Local (includes career, combination, and volunteer fire departments and fire districts)",1,1,0,15,,0
CA-24015,Gustine Volunteer Fire Department,Volunteer fire department,Merced,Gustine,24015,Volunteer,"Local (includes career, combination, and volunteer fire departments and fire districts)",1,0,14,0,,0
CA-24025,Los Banos Fire Department,Local fire department,Merced,Los Banos,24025,Mostly volunteer,"Local (includes career, combination, and volunteer fire departments and fire districts)",2,18,20,0,https://www.losbanos.org/city-government/departments/fire/,0
CA-24030,City of Merced Fire Department,Local fire department,Merced,Merced,24030,Career,"Local (includes career, combination, and volunteer fire departments and fire districts)",5,63,0,0,https://www.cityofmerced.org/departments/fire,0
CA-24035,Merced County Fire Department,County fire department,Merced,Atwater,24035,Mostly volunteer,"Local (includes career, combination, and volunteer fire departments and fire districts)",19,96,0,201,https://www.co.merced.ca.us/,1
CA-25005,Adin Fire Protection District,Fire district,Modoc,Adin,25005,Volunteer,"Local (includes career, combination, and volunteer fire departments and fire districts)",1,0,16,0,https://adinfire.org/,0
CA-25007,Alturas Indian Rancheria OES,Tribal government,Modoc,Alturas,25007,Volunteer,Tribal government (includes Native American and Alaska Native tribal fire departments),1,0,0,10,,0
CA-25010,City of Alturas Fire Department,Local fire department,Modoc,Alturas,25010,Mostly volunteer,"Local (includes career, combination, and volunteer fire departments and fire districts)",1,1,40,0,,2
CA-25015,Alturas Rural Fire Protection District,Fire district,Modoc,Alturas,25015,Volunteer,"Local (includes career, combination, and volunteer fire departments and fire districts)",1,0,20,0,,0
CA-25018,California Pines Volunteer Fire Department,State government,Modoc,Alturas,25018,Career,State government (includes state forest fire agencies and state institution fire departments),2,11,0,0,,0
CA-25020,Canby Volunteer Fire Department,Volunteer fire department,Modoc,Canby,25020,Volunteer,"Local (includes career, combination, and volunteer fire departments and fire districts)",1,0,18,0,,0
CA-25025,Cedarville Fire Protection District,Fire district,Modoc,Cedarville,25025,Volunteer,"Local (includes career, combination, and volunteer fire departments and fire districts)",1,0,16,0,,0
CA-25030,Davis Creek Volunteer Fire Department,Volunteer fire department,Modoc,Davis Creek,25030,Volunteer,"Local (includes career, combination, and volunteer fire departments and fire districts)",1,0,12,0,,0
CA-25040,Fort Bidwell Indian Community Council,Local fire department,Modoc,Fort Bidwell,25040,Volunteer,"Local (includes career, combination, and volunteer fire departments and fire districts)",1,0,4,0,,0
CA-25050,Likely Volunteer Fire Protection District,Fire district,Modoc,Likely,25050,Volunteer,"Local (includes career, combination, and volunteer fire departments and fire districts)",2,0,15,0,,0
CA-26005,White Mountain Fire Protection District,Fire district,Inyo,Benton,26005,Volunteer,"Local (includes career, combination, and volunteer fire departments and fire districts)",1,0,12,0,,0
CA-26010,Bridgeport Fire Protection District,Fire district,Mono,Bridgeport,26010,Volunteer,"Local (includes career, combination, and volunteer fire departments and fire districts)",2,0,18,0,https://bfpd.specialdistrict.org/,1
CA-26012,Chalfant Valley Fire Department,Local fire department,Mono,Chalfant Valley,26012,Volunteer,"Local (includes career, combination, and volunteer fire departments and fire districts)",1,0,16,0,,0
CA-26015,Antelope Valley Fire District,Fire district,Mono,Coleville,26015,Volunteer,"Local (includes career, combination, and volunteer fire departments and fire districts)",2,0,15,0,,0
CA-26020,June Lake Fire Protection District,Fire district,Mono,June Lake,26020,Mostly volunteer,"Local (includes career, combination, and volunteer fire departments and fire districts)",1,1,12,0,,0
CA-26025,Lee Vining Volunteer Fire Department,Volunteer fire department,Mono,Lee Vining,26025,Volunteer,"Local (includes career, combination, and volunteer fire departments and fire districts)",1,0,17,0,,0
CA-26030,Mammoth Lakes Fire Protection District,Fire district,Mono,Mammoth Lakes,26030,Mostly volunteer,"Local (includes career, combination, and volunteer fire departments and fire districts)",2,4,0,65,,0
CA-26035,Long Valley Fire Protection District,Fire district,Mono,Crowley Lake,26035,Mostly volunteer,"Local (includes career, combination, and volunteer fire departments and fire districts)",2,4,28,0,,0
CA-26042,Paradise Fire Protection District,Fire district,Mono,Bishop,26042,Volunteer,"Local (includes career, combination, and volunteer fire departments and fire districts)",1,0,12,0,http://www.paradisefire.net/,1
CA-26045,Wheeler Crest Fire Protection District,Fire district,Mono,Swall Meadows,26045,Volunteer,"Local (includes career, combination, and volunteer fire departments and fire districts)",1,0,17,0,http://www.wheelercrestfire.org/,0
CA-26555,"Inyo National Forest, & Bishop Field Office, BLM",Federal government,Inyo,Bishop,26555,Mostly career,Federal government (Executive branch agency fire department),13,80,0,70,,0
CA-27005,Aromas Tri-County Fire Protection District,Fire district,Monterey,Monterey,27005,Career,"Local (includes career, combination, and volunteer fire departments and fire districts)",1,7,0,0,https://www.atcfire.org/,0
CA-27010,Carmel Highlands Fire Protection District,Fire district,Monterey,Monterey,27010,Career,"Local (includes career, combination, and volunteer fire departments and fire districts)",1,7,0,0,https://www.carmelhighlandsfire.org,0
CA-27013,NorthTree Fire International (NTI),Private or industrial fire brigade,Yuba,Marysville,27013,Career,Private or industrial fire brigade,9,20,0,0,https://www.northtreefire.com,0
CA-27020,Carmel Valley Fire Protection District,Fire district,Monterey,Carmel,27020,Mostly volunteer,"Local (includes career, combination, and volunteer fire departments and fire districts)",3,20,60,0,https://www.carmelvalleyfire.com,0
CA-27024,Cypress Fire Protection District,Fire district,Monterey,Monterey,27024,Career,"Local (includes career, combination, and volunteer fire departments and fire districts)",2,18,0,0,https://cypressfire.org/,0
CA-27025,North County Fire Protection District of Monterey County,Fire district,Monterey,Castroville,27025,Mostly career,"Local (includes career, combination, and volunteer fire departments and fire districts)",3,31,0,30,https://www.ncfpd.org/,0
CA-27035,Gonzales Volunteer Fire Department,Volunteer fire department,Monterey,Gonzales,27035,Mostly volunteer,"Local (includes career, combination, and volunteer fire departments and fire districts)",1,1,0,18,https://www.gonzalesvfd.org/,0
CA-27045,Greenfield Fire Department,Local fire department,Monterey,Greenfield,27045,Mostly volunteer,"Local (includes career, combination, and volunteer fire departments and fire districts)",1,9,0,15,,0
CA-27050,King City Fire Department,Local fire department,Monterey,King City,27050,Volunteer,"Local (includes career, combination, and volunteer fire departments and fire districts)",1,0,0,20,,0
CA-27055,Marina Fire Department,Local fire department,Monterey,Marina,27055,Mostly career,"Local (includes career, combination, and volunteer fire departments and fire districts)",2,11,7,0,http://www.cityofmarina.org/,0
CA-27060,Monterey Fire Department,Local fire department,Monterey,Monterey,27060,Career,"Local (includes career, combination, and volunteer fire departments and fire districts)",6,82,0,0,https://www.monterey.org/fire,0
CA-27065,Pacific Grove Fire Department,Local fire department,Monterey,Pacific Grove,27065,Mostly volunteer,"Local (includes career, combination, and volunteer fire departments and fire districts)",1,18,0,35,https://www.pgfire.com,1
CA-27070,Salinas Fire Department,Local fire department,Monterey,Salinas,27070,Career,"Local (includes career, combination, and volunteer fire departments and fire districts)",7,86,0,0,https://www.cityofsalinas.org/our-city-services/fire-department,0
CA-27075,Monterey County Regional FIre District,Fire district,Monterey,Salinas,27075,Mostly career,"Local (includes career, combination, and volunteer fire departments and fire districts)",6,52,18,0,https://www.mcrfd.org/,0
CA-27080,City of Seaside Fire Department,Local fire department,Monterey,Seaside,27080,Mostly career,"Local (includes career, combination, and volunteer fire departments and fire districts)",1,25,8,1,https://www.ci.seaside.ca.us/fire_department.html,0
CA-27090,City of Soledad Fire Department,Local fire department,Monterey,Monterey,27090,Career,"Local (includes career, combination, and volunteer fire departments and fire districts)",1,5,0,0,https://www.cityofsoledad.com/,0
CA-27095,Mission Soledad Rural Fire Protection District,Fire district,Monterey,Monterey,27095,Volunteer,"Local (includes career, combination, and volunteer fire departments and fire districts)",1,0,0,0,,0
CA-27115,Pebble Beach Fire Department,Local fire department,Monterey,Monterey,27115,Career,"Local (includes career, combination, and volunteer fire departments and fire districts)",2,25,0,0,https://pbcsd.org/about/fire-protection-and-emergency-medical-services/,0
CA-27150,Monterey Airport Fire Department,Local fire department,Monterey,Monterey,27150,Career,"Local (includes career, combination, and volunteer fire departments and fire districts)",1,11,0,0,,1
CA-27155,South Monterey County Fire Protection District,Fire district,Monterey,Monterey,27155,Volunteer,"Local (includes career, combination, and volunteer fire departments and fire districts)",3,0,0,50,,1
CA-27410,Correctional Training Facility Fire Department,State government,Monterey,Soledad,27410,Mostly volunteer,State government (includes state forest fire agencies and state institution fire departments),1,5,6,0,,0
CA-27555,California Forestry,State fire agency,Monterey,Monterey,27555,Mostly volunteer,"Local (includes career, combination, and volunteer fire departments and fire districts)",15,132,80,80,,0
CA-27800,Fort Hunter Liggett Fire Department,Federal government,Monterey,Fort Hunter Liggett,27800,Career,Federal government (Department of Defense fire department),2,44,0,0,,0
CA-27815,Naval Postgraduate School Fire Department,Federal government,Monterey,Monterey,27815,Career,Federal government (Department of Defense fire department),1,17,0,0,,0
CA-27900,Big Sur Volunteer Fire Brigade,Volunteer fire department,Monterey,Big Sur,27900,Volunteer,"Local (includes career, combination, and volunteer fire departments and fire districts)",3,0,48,0,,0
CA-27905,Cachagua Fire Protection District,Fire district,Monterey,Carmel Valley,27905,Volunteer,"Local (includes career, combination, and volunteer fire departments and fire districts)",2,0,4,12,https://www.cachaguafire.com,2
CA-27910,Mid-Coast Fire Brigade,Local fire department,Monterey,Carmel,27910,Volunteer,"Local (includes career, combination, and volunteer fire departments and fire districts)",1,0,23,0,https://www.midcoastfirebrigade.org/,3
CA-28005,Calistoga Fire Department,Local fire department,Napa,Calistoga,28005,Mostly volunteer,"Local (includes career, combination, and volunteer fire departments and fire districts)",1,4,1,12,https://www.ci.calistoga.ca.us/Index.aspx?page=83,0
CA-28010,City of Napa Fire Department,Local fire department,Napa,Napa,28010,Mostly career,"Local (includes career, combination, and volunteer fire departments and fire districts)",5,65,0,4,https://www.cityofnapa.org/,0
CA-28015,St. Helena Fire Department,Local fire department,Napa,Saint Helena,28015,Volunteer,"Local (includes career, combination, and volunteer fire departments and fire districts)",1,0,0,28,https://www.sthelenafire.com,0
CA-28020,American Canyon Fire Protection District,Fire district,Napa,American Canyon,28020,Mostly career,Other,2,20,5,0,http://www.amcanfire.com/,0
CA-28025,Napa County Fire Department,County fire department,Napa,Saint Helena,28025,Mostly volunteer,"Local (includes career, combination, and volunteer fire departments and fire districts)",13,34,200,0,,0
CA-28490,Napa State Hospital Fire Department,State government,Napa,Napa,28490,Career,State government (includes state forest fire agencies and state institution fire departments),2,16,0,0,,0
CA-29005,Grass Valley Fire Department,Local fire department,Nevada,Grass Valley,29005,Career,"Local (includes career, combination, and volunteer fire departments and fire districts)",3,23,0,0,https://www.cityofgrassvalley.com/,0
CA-29015,Nevada County Consolidated Fire District,Fire district,Nevada,Nevada City,29015,Mostly career,"Local (includes career, combination, and volunteer fire departments and fire districts)",9,33,0,15,https://www.nccfire.com/,2
CA-29025,Ophir Hill Fire Protection District,Fire district,Nevada,Cedar Ridge,29025,Mostly volunteer,"Local (includes career, combination, and volunteer fire departments and fire districts)",1,6,0,18,http://www.ophirhillfire.org/,0
CA-29030,Peardale - Chicago Park Fire Protection District,Fire district,Nevada,Grass Valley,29030,Mostly volunteer,"Local (includes career, combination, and volunteer fire departments and fire districts)",2,2,0,15,https://www.pcpfire.org/,2
CA-29040,Nevada City Fire Department,Local fire department,Nevada,Nevada City,29040,Career,"Local (includes career, combination, and volunteer fire departments and fire districts)",1,9,0,0,,1
CA-29042,Higgins Area Fire Protection District,Fire district,Nevada,Auburn,29042,Mostly career,"Local (includes career, combination, and volunteer fire departments and fire districts)",3,16,0,15,,0
CA-29050,North San Juan Fire Protection District,Fire district,Nevada,Nevada City,29050,Volunteer,"Local (includes career, combination, and volunteer fire departments and fire districts)",3,0,25,12,https://nsjfire.org/,0
CA-29055,Rough & Ready Fire Protection District,Fire district,Nevada,Rough and Ready,29055,Volunteer,"Local (includes career, combination, and volunteer fire departments and fire districts)",1,0,16,0,,0
CA-29060,Truckee Fire Protection District,Fire district,Nevada,Truckee,29060,Career,"Local (includes career, combination, and volunteer fire departments and fire districts)",8,44,0,0,https://www.truckeefire.org/,0
CA-29065,Penn Valley Fire Protection District,Fire district,Nevada,Penn Valley,29065,Career,"Local (includes career, combination, and volunteer fire departments and fire districts)",3,12,0,0,https://www.pennvalleyfire.com/,0
CA-29080,Donner Summit Fire Department,Local fire department,Nevada,Soda Springs,29080,Mostly volunteer,"Local (includes career, combination, and volunteer fire departments and fire districts)",2,7,18,4,,1
CA-29095,Washington Fire Department,Local fire department,Nevada,Washington,29095,Volunteer,"Local (includes career, combination, and volunteer fire departments and fire districts)",1,0,6,0,,1
CA-30005,Anaheim Fire & Rescue,Local fire department,Orange,Anaheim,30005,Career,"Local (includes career, combination, and volunteer fire departments and fire districts)",11,209,0,0,https://www.http://anaheim.net/613/Fire-Rescue,0
CA-30010,Brea Fire Department,Local fire department,Orange,Brea,30010,Mostly career,"Local (includes career, combination, and volunteer fire departments and fire districts)",4,46,0,24,https://ci.brea.ca.us,0
CA-30020,Costa Mesa Fire & Rescue Department,Local fire department,Orange,Costa Mesa,30020,Career,"Local (includes career, combination, and volunteer fire departments and fire districts)",6,84,0,0,https://www.costamesaca.gov/city-hall/city-departments/fire-rescue,0
CA-30025,City of Fountain Valley Fire Department,Local fire department,Orange,Fountain Valley,30025,Mostly career,"Local (includes career, combination, and volunteer fire departments and fire districts)",2,40,8,0,,0
CA-30030,Fullerton Fire Department,Local fire department,Orange,Fullerton,30030,Career,"Local (includes career, combination, and volunteer fire departments and fire districts)",6,84,0,0,www.ci.fullerton.ca.us/fire,0
CA-30035,Garden Grove Fire Department,Local fire department,Orange,Garden Grove,30035,Career,"Local (includes career, combination, and volunteer fire departments and fire districts)",7,97,0,0,https://www.ci.garden-grove.ca.us/fire,0
CA-30040,Huntington Beach Fire Department,Local fire department,Orange,Huntington Beach,30040,Career,"Local (includes career, combination, and volunteer fire departments and fire districts)",8,131,0,0,https://www.surfcity-hb.org/government/departments/Fire/,0
CA-30045,Laguna Beach Fire Department,Local fire department,Orange,Laguna Beach,30045,Mostly career,"Local (includes career, combination, and volunteer fire departments and fire districts)",4,40,0,15,https://www.lagunabeachcity.net/cityhall/fire/stations/station1.asp,3
CA-30050,City of La Habra Fire Department,Local fire department,Orange,La Habra,30050,Career,"Local (includes career, combination, and volunteer fire departments and fire districts)",3,37,0,0,,0
CA-30055,Newport Beach Fire Department,Local fire department,Orange,Newport Beach,30055,Career,"Local (includes career, combination, and volunteer fire departments and fire districts)",8,117,0,0,,0
CA-30060,Orange Fire Department,Local fire department,Orange,Orange,30060,Career,"Local (includes career, combination, and volunteer fire departments and fire districts)",8,124,0,0,https://www.cityoforange.org/,0
CA-30065,Orange County Fire Authority,Fire district,Orange,Irvine,30065,Mostly career,"Local (includes career, combination, and volunteer fire departments and fire districts)",79,1152,171,0,https://www.ocfa.org/,12
CA-30070,Placentia Fire Department,Local fire department,Orange,Placentia,30070,Mostly volunteer,"Local (includes career, combination, and volunteer fire departments and fire districts)",2,22,0,24,www.placentia.org/24/fire,0
CA-30075,Santa Ana Fire Department,Local fire department,Orange,Santa Ana,30075,Mostly career,"Local (includes career, combination, and volunteer fire departments and fire districts)",10,250,50,0,https://www.ci.santa-ana.ca.us/fire/default.asp,3
CA-30835,Los Alamitos Joint Forces Training Base Fire Department,State government,Orange,Los Alamitos,30835,Mostly volunteer,State government (includes state forest fire agencies and state institution fire departments),1,17,30,0,,0
CA-31005,Alta Fire Protection District,Fire district,Placer,Alta,31005,Volunteer,"Local (includes career, combination, and volunteer fire departments and fire districts)",1,0,2,0,https://altavolunteerfirefighters.org/,0
CA-31010,Auburn Fire Department,Local fire department,Placer,Auburn,31010,Mostly career,"Local (includes career, combination, and volunteer fire departments and fire districts)",3,22,6,0,https://www.auburn.ca.gov/,0
CA-31020,Placer Consolidated Fire Protection District,Fire district,Placer,Auburn,31020,Mostly career,"Local (includes career, combination, and volunteer fire departments and fire districts)",4,22,0,15,https://www.placerfire.org/,0
CA-31030,Colfax Fire Department,Local fire department,Placer,Colfax,31030,Volunteer,"Local (includes career, combination, and volunteer fire departments and fire districts)",2,0,6,0,,0
CA-31040,Foresthill Fire Protection District,Fire district,Placer,Foresthill,31040,Mostly career,"Local (includes career, combination, and volunteer fire departments and fire districts)",4,12,0,5,https://www.foresthillfire.org/,6
CA-31044,North Tahoe Fire Protection District,Fire district,Placer,Tahoe City,31044,Career,"Local (includes career, combination, and volunteer fire departments and fire districts)",6,47,0,0,https://www.ntfire.net/,13
CA-31050,City of Lincoln Fire Department,Local fire department,Placer,Lincoln,31050,Mostly career,"Local (includes career, combination, and volunteer fire departments and fire districts)",3,20,2,8,http://www.lincolnca.gov/,0
CA-31060,Placer Hills Fire Protection District,Fire district,Placer,Meadow Vista,31060,Mostly volunteer,"Local (includes career, combination, and volunteer fire departments and fire districts)",3,6,15,20,https://www.placerhillsfire.org/,0
CA-31066,Newcastle Fire Protection District,Fire district,Placer,Newcastle,31066,Mostly career,"Local (includes career, combination, and volunteer fire departments and fire districts)",1,12,3,0,https://newcastlefire.org/,2
CA-31070,Squaw Valley Fire Department,Local fire department,Placer,Olympic Valley,31070,Mostly career,"Local (includes career, combination, and volunteer fire departments and fire districts)",1,13,0,3,https://www.svpsd.org/svfd/fire,0
CA-31075,Penryn Fire Protection District,Fire district,Placer,Penryn,31075,Mostly volunteer,"Local (includes career, combination, and volunteer fire departments and fire districts)",1,7,9,0,https://penrynfire.ca.gov/,1
CA-31080,City of Rocklin Fire Department,Local fire department,Placer,Rocklin,31080,Career,"Local (includes career, combination, and volunteer fire departments and fire districts)",3,37,0,0,https://www.rocklin.ca.us/,1
CA-31085,City of Roseville Fire Department,Local fire department,Placer,Roseville,31085,Career,"Local (includes career, combination, and volunteer fire departments and fire districts)",8,111,0,0,https://www.roseville.ca.us/,0
CA-31115,Northstar Fire Department,Local fire department,Placer,Truckee,31115,Mostly career,"Local (includes career, combination, and volunteer fire departments and fire districts)",2,19,0,2,https://northstarcsd.org/,2
CA-31125,Placer County Fire Department,County fire department,Placer,Auburn,31125,Mostly career,"Local (includes career, combination, and volunteer fire departments and fire districts)",8,80,20,0,https://www.placefire.org,4
CA-31150,South Placer Fire District,Fire district,Placer,Granite Bay,31150,Mostly career,"Local (includes career, combination, and volunteer fire departments and fire districts)",5,42,20,6,https://www.southplacerfire.org/,5
CA-31800,"233rd Firefighting Team, CA Army National Guard",Federal government,Placer,Roseville,31800,Mostly volunteer,Federal government (Department of Defense fire department),1,3,0,18,,0
CA-32005,Beckwourth Volunteer Fire Department,Volunteer fire department,Plumas,Beckwourth,32005,Career,"Local (includes career, combination, and volunteer fire departments and fire districts)",1,14,0,0,https://www.beckwourthfire.com/,0
CA-32008,C Road Volunteer Fire Department,Volunteer fire department,Plumas,Blairsden,32008,Volunteer,"Local (includes career, combination, and volunteer fire departments and fire districts)",1,0,8,0,,0
CA-32010,Chester Fire Department,Local fire department,Plumas,Chester,32010,Mostly volunteer,"Local (includes career, combination, and volunteer fire departments and fire districts)",1,8,4,8,,0
CA-32020,Graeagle Fire Protection District,Fire district,Plumas,Graeagle,32020,Volunteer,"Local (includes career, combination, and volunteer fire departments and fire districts)",1,0,25,0,,1
CA-32022,Greenhorn Creek Fire Department,Local fire department,Plumas,Quincy,32022,Volunteer,"Local (includes career, combination, and volunteer fire departments and fire districts)",1,0,6,0,https://www.greenhorncsd.org/,0
CA-32030,LaPorte Volunteer Fire Department,Volunteer fire department,Plumas,La Porte,32030,Volunteer,"Local (includes career, combination, and volunteer fire departments and fire districts)",1,0,6,0,,0
CA-32032,Long Valley Volunteer Fire Department,Volunteer fire department,Plumas,Cromberg,32032,Volunteer,"Local (includes career, combination, and volunteer fire departments and fire districts)",1,0,6,0,,0
CA-32035,Meadow Valley Fire Department,Local fire department,Plumas,Meadow Valley,32035,Volunteer,"Local (includes career, combination, and volunteer fire departments and fire districts)",1,0,12,0,,0
CA-32040,Portola Volunteer Fire Department,Volunteer fire department,Plumas,Portola,32040,Volunteer,"Local (includes career, combination, and volunteer fire departments and fire districts)",2,0,0,17,,0
CA-32042,West Almanor CSD,Local fire department,Plumas,Chester,32042,Mostly volunteer,"Local (includes career, combination, and volunteer fire departments and fire districts)",1,1,15,2,https://www.citlink.net/~westalmanorfd/,0
CA-32043,Plumas Eureka Fire & Rescue,Local fire department,Plumas,Blairsden,32043,Volunteer,"Local (includes career, combination, and volunteer fire departments and fire districts)",1,0,11,0,https://www.pecsd.org/,0
CA-32050,Quincy Fire Protection District,Fire district,Plumas,Quincy,32050,Mostly volunteer,"Local (includes career, combination, and volunteer fire departments and fire districts)",3,1,32,0,https://quincyfire.specialdistrict.org/,1
CA-32060,Sierra Valley Volunteer Fire Department,Volunteer fire department,Plumas,Chilcoot,32060,Volunteer,"Local (includes career, combination, and volunteer fire departments and fire districts)",2,0,18,0,https://www.sierravalleyfire.org,0
CA-32065,Hamilton Branch Fire Protection District,Fire district,Plumas,Lake Almanor,32065,Volunteer,"Local (includes career, combination, and volunteer fire departments and fire districts)",1,0,7,0,https://www.hambranchfire.com/,0
CA-32070,Peninsula Fire Protection District,Fire district,Plumas,Lake Almanor,32070,Career,"Local (includes career, combination, and volunteer fire departments and fire districts)",2,23,0,0,https://www.peninsulafire.net/,1
CA-32075,Eastern Plumas Rural Fire Protection District,Fire district,Plumas,Portola,32075,Volunteer,"Local (includes career, combination, and volunteer fire departments and fire districts)",4,0,17,0,,0
CA-32080,Bucks Lake Fire Department,Contract fire department,Plumas,Quincy,32080,Volunteer,Contract fire department,1,0,10,0,https://buckslakefire.com/,0
CA-32566,Plumas National Forest,Federal government,Plumas,Quincy,32566,Career,Federal government (Executive branch agency fire department),13,214,0,0,,0
CA-33005,Banning Fire Service,Local fire department,Riverside,Banning,33005,Mostly volunteer,"Local (includes career, combination, and volunteer fire departments and fire districts)",2,10,0,20,,0
CA-33010,Beaumont Fire Service,Local fire department,Riverside,Banning,33010,Mostly volunteer,"Local (includes career, combination, and volunteer fire departments and fire districts)",1,9,0,20,,0
CA-33016,Calimesa Fire Service,Local fire department,Riverside,Calimesa,33016,Mostly volunteer,"Local (includes career, combination, and volunteer fire departments and fire districts)",1,2,0,20,,0
CA-33017,Canyon Lake Fire Service,Local fire department,Riverside,Canyon Lake,33017,Mostly volunteer,"Local (includes career, combination, and volunteer fire departments and fire districts)",1,6,10,13,,0
CA-33018,Cathedral City Fire Department,Local fire department,Riverside,Cathedral City,33018,Career,"Local (includes career, combination, and volunteer fire departments and fire districts)",3,43,0,0,,0
CA-33020,Coachella Fire Department,Local fire department,Riverside,Coachella,33020,Mostly career,"Local (includes career, combination, and volunteer fire departments and fire districts)",1,10,6,0,https://www.coachella.org/departments/fire-department,0
CA-33021,Cabazon Tribal Fire Department,Local fire department,Riverside,Indio,33021,Career,"Local (includes career, combination, and volunteer fire departments and fire districts)",1,8,0,0,,0
CA-33025,Corona Fire Department,Local fire department,Riverside,Corona,33025,Career,"Local (includes career, combination, and volunteer fire departments and fire districts)",7,112,0,0,https://www.discovercorona.com/City-Departments/Fire-Department.aspx,0
CA-33030,Desert Hot Springs Fire Service,Local fire department,Riverside,Desert Hot Springs,33030,Mostly volunteer,"Local (includes career, combination, and volunteer fire departments and fire districts)",1,9,0,20,,0
CA-33035,Lake Elsinore Fire Service,Local fire department,Riverside,Lake Elsinore,33035,Mostly career,"Local (includes career, combination, and volunteer fire departments and fire districts)",3,55,20,0,,0
CA-33040,City of Hemet Fire Department,Local fire department,Riverside,Hemet,33040,Career,"Local (includes career, combination, and volunteer fire departments and fire districts)",4,47,0,0,https://www.cityofhemet.org/,0
CA-33045,Idyllwild Fire Protection District,Fire district,Riverside,Idyllwild,33045,Mostly volunteer,"Local (includes career, combination, and volunteer fire departments and fire districts)",1,8,0,20,https://www.idyllwildfire.org,4
CA-33050,Indio Fire Service,Local fire department,Riverside,Indio,33050,Mostly career,"Local (includes career, combination, and volunteer fire departments and fire districts)",3,43,0,25,,0
CA-33052,La Quinta Fire Service,Local fire department,Riverside,La Quinta,33052,Mostly career,"Local (includes career, combination, and volunteer fire departments and fire districts)",3,24,12,0,,0
CA-33053,Morongo Fire Department,Tribal government,Riverside,Banning,33053,Career,Tribal government (includes Native American and Alaska Native tribal fire departments),1,25,0,0,https://morongonation.org/,0
CA-33054,Moreno Valley Fire Service,Local fire department,Riverside,Moreno Valley,33054,Mostly career,"Local (includes career, combination, and volunteer fire departments and fire districts)",6,62,0,25,,0
CA-33055,Murrieta Fire & Rescue,Local fire department,Riverside,Murrieta,33055,Career,"Local (includes career, combination, and volunteer fire departments and fire districts)",5,63,0,0,https://www.murrietaca.gov/154/Fire,0
CA-33060,City of Norco Fire Department,Local fire department,Riverside,Norco,33060,Career,"Local (includes career, combination, and volunteer fire departments and fire districts)",2,26,0,0,,0
CA-33065,Palm Springs Fire Department,Local fire department,Riverside,Palm Springs,33065,Career,"Local (includes career, combination, and volunteer fire departments and fire districts)",5,66,0,0,https://www.palmspringsca.gov/government/departments/fire-department,0
CA-33067,Pechanga Fire Department,Tribal government,Riverside,Temecula,33067,Mostly career,Tribal government (includes Native American and Alaska Native tribal fire departments),2,30,0,15,https://www.pechanga-nsn.gov/index.php/tribal-government/services/pechanga-fire-department,0
CA-33070,Perris Fire Services,Local fire department,Riverside,Elsinore,33070,Mostly career,"Local (includes career, combination, and volunteer fire departments and fire districts)",2,55,20,0,,0
CA-33075,City of Riverside Fire Department,Local fire department,Riverside,Riverside,33075,Career,"Local (includes career, combination, and volunteer fire departments and fire districts)",14,225,0,0,https://www.riversideca.gov/,0
CA-33080,Rubidoux Fire Service,Local fire department,Riverside,Jurupa Valley,33080,Mostly volunteer,"Local (includes career, combination, and volunteer fire departments and fire districts)",1,7,25,25,,0
CA-33085,San Jacinto Fire Service,Local fire department,Riverside,San Jacinto,33085,Mostly volunteer,"Local (includes career, combination, and volunteer fire departments and fire districts)",1,7,10,0,,0
CA-33088,Soboba Band of Luiseno Indians Fire Department,Local fire department,Riverside,San Jacinto,33088,Career,"Local (includes career, combination, and volunteer fire departments and fire districts)",1,22,0,0,,0
CA-33090,Riverside County Fire Department,County fire department,Riverside,Perris,33090,Mostly career,"Local (includes career, combination, and volunteer fire departments and fire districts)",101,1300,0,50,https://www.rvcfire.org/,0
CA-33100,Indian Wells Fire Service,Local fire department,Riverside,Indian Wells,33100,Mostly career,"Local (includes career, combination, and volunteer fire departments and fire districts)",1,15,10,0,,0
CA-33105,Palm Desert Fire Service,Local fire department,Riverside,Palm Desert,33105,Mostly career,"Local (includes career, combination, and volunteer fire departments and fire districts)",3,55,7,0,,0
CA-33110,Rancho Mirage Fire Service,Local fire department,Riverside,Rancho Mirage,33110,Career,"Local (includes career, combination, and volunteer fire departments and fire districts)",2,27,0,0,,0
CA-33115,Temecula Fire Service,Local fire department,Riverside,Temecula,33115,Mostly career,"Local (includes career, combination, and volunteer fire departments and fire districts)",4,43,25,0,,0
CA-33410,California Rehabilitation Center,State government,Riverside,Norco,33410,Mostly volunteer,State government (includes state forest fire agencies and state institution fire departments),1,5,0,9,,0
CA-33415,Chuckawalla Valley State Prison (CDCR) Fire Department,State government,Riverside,Sacramento,33415,Mostly career,State government (includes state forest fire agencies and state institution fire departments),27,19,0,4,,0
CA-33555,Cal Fire - Riverside County Fire Department,County fire department,Riverside,Perris,33555,Mostly career,State government (includes state forest fire agencies and state institution fire departments),91,1200,300,0,https://www.rvcfire.org/,0
CA-33905,University of California Riverside,State government,Riverside,Riverside,33905,Career,State government (includes state forest fire agencies and state institution fire departments),1,3,0,0,,0
CA-34003,Aerojet Fire Services,Private or industrial fire brigade,Sacramento,Sacramento,34003,Career,Private or industrial fire brigade,1,15,0,0,,0
CA-34015,Courtland Fire Protection District,Fire district,Sacramento,Courtland,34015,Volunteer,"Local (includes career, combination, and volunteer fire departments and fire districts)",2,0,0,21,https://courtlandfire.com/,0
CA-34020,Cosumnes Community Services District Fire Department,Local fire department,Sacramento,Elk Grove,34020,Career,"Local (includes career, combination, and volunteer fire departments and fire districts)",9,164,0,0,https://www.yourcsd.com/101/Fire,0
CA-34035,Folsom Fire Department,Local fire department,Sacramento,Folsom,34035,Career,"Local (includes career, combination, and volunteer fire departments and fire districts)",5,70,0,0,https://www.folsom.ca.us/,1
CA-34050,Herald Fire Protection District,Fire district,Sacramento,Herald,34050,Mostly volunteer,"Local (includes career, combination, and volunteer fire departments and fire districts)",2,2,0,25,https://heraldfire.net/,0
CA-34055,Isleton Fire Department,Local fire department,Sacramento,Isleton,34055,Mostly volunteer,"Local (includes career, combination, and volunteer fire departments and fire districts)",1,1,27,0,,0
CA-34080,Sacramento Fire Department,Local fire department,Sacramento,Sacramento,34080,Career,"Local (includes career, combination, and volunteer fire departments and fire districts)",23,539,0,0,https://www.sacfire.org/,0
CA-34090,Sacramento Metropolitan Fire District,Fire district,Sacramento,Sacramento,34090,Mostly career,"Local (includes career, combination, and volunteer fire departments and fire districts)",42,600,0,20,https://www.sacmetrofire.ca.gov/,22
CA-34125,Wilton Fire Protection District,Fire district,Sacramento,Wilton,34125,Volunteer,"Local (includes career, combination, and volunteer fire departments and fire districts)",4,0,34,34,https://www.wilton-fire.org,2
CA-34130,Delta Fire Protection District,Fire district,Solano,Rio Vista,34130,Mostly volunteer,"Local (includes career, combination, and volunteer fire departments and fire districts)",1,3,12,10,,0
CA-34135,River Delta Fire District,Fire district,Sacramento,Isleton,34135,Mostly volunteer,"Local (includes career, combination, and volunteer fire departments and fire districts)",1,4,22,50,,2
CA-34140,Sacramento County Airport System Aircraft Rescue & Firefighting,Other,Sacramento,Sacramento,34140,Career,Other,2,35,0,0,,0
CA-34410,Folsom Prison Fire Department,State government,Sacramento,Folsom,34410,Mostly volunteer,State government (includes state forest fire agencies and state institution fire departments),1,6,0,14,,0
CA-35010,Hollister Fire Department,Local fire department,San Benito,Hollister,35010,Career,"Local (includes career, combination, and volunteer fire departments and fire districts)",4,47,0,0,https://hollister.ca.gov/government/city-departments/fire/,0
CA-35020,San Benito County Fire Department,County fire department,San Benito,Hollister,35020,Career,"Local (includes career, combination, and volunteer fire departments and fire districts)",4,48,0,0,,0
CA-35035,San Juan Bautista Fire Department,Local fire department,San Benito,San Juan Bautista,35035,Volunteer,"Local (includes career, combination, and volunteer fire departments and fire districts)",1,0,25,0,https://www.sjbfd.org,1
CA-36010,Rancho Cucamonga Fire Protection District,Fire district,San Bernardino,Rancho Cucamonga,36010,Career,"Local (includes career, combination, and volunteer fire departments and fire districts)",7,92,0,0,http://www.rcfire.org/,0
CA-36015,Apple Valley Fire Protection District,Fire district,San Bernardino,Apple Valley,36015,Career,"Local (includes career, combination, and volunteer fire departments and fire districts)",5,49,0,0,https://avfpd.org/,3
CA-36017,Fairview Valley Fire Department,Local fire department,San Bernardino,Apple Valley,36017,Volunteer,"Local (includes career, combination, and volunteer fire departments and fire districts)",1,0,30,30,,0
CA-36020,Searles Valley Minerals Fire Department,Private or industrial fire brigade,San Bernardino,Trona,36020,Career,Private or industrial fire brigade,1,30,0,0,,0
CA-36025,Arrowbear Lake Fire Department,Local fire department,San Bernardino,Arrowbear Lake,36025,Mostly volunteer,"Local (includes career, combination, and volunteer fire departments and fire districts)",1,2,0,16,http://www.ablfd.org/,0
CA-36035,Barstow Fire Protection District,Fire district,San Bernardino,Barstow,36035,Mostly volunteer,"Local (includes career, combination, and volunteer fire departments and fire districts)",3,17,6,25,,6
CA-36040,Big Bear City Fire Department,Local fire department,San Bernardino,Big Bear City,36040,Mostly career,"Local (includes career, combination, and volunteer fire departments and fire districts)",2,25,0,20,https://www.bigbearcityfire.org/,5
CA-36045,Big Bear Fire Authority,Fire district,San Bernardino,Big Bear Lake,36045,Mostly career,"Local (includes career, combination, and volunteer fire departments and fire districts)",5,43,0,13,http://www.bigbearfire.org/,3
CA-36058,Chino Valley Independent Fire District,Fire district,San Bernardino,Chino Hills,36058,Career,"Local (includes career, combination, and volunteer fire departments and fire districts)",7,105,0,0,https://chinovalleyfire.org/,1
CA-36065,City of Colton Fire Department,Local fire department,San Bernardino,COLTON,36065,Career,"Local (includes career, combination, and volunteer fire departments and fire districts)",4,40,0,0,https://www.coltonfire.com/index.cfm?section=1,0
CA-36080,Daggett Fire Department,Local fire department,San Bernardino,Daggett,36080,Volunteer,"Local (includes career, combination, and volunteer fire departments and fire districts)",3,0,20,0,http://www.daggettfire.org,0
CA-36107,Highland Fire Department,Local fire department,San Bernardino,Highland,36107,Mostly volunteer,"Local (includes career, combination, and volunteer fire departments and fire districts)",2,16,0,40,,0
CA-36125,Loma Linda Fire Department,Local fire department,San Bernardino,Loma Linda,36125,Career,"Local (includes career, combination, and volunteer fire departments and fire districts)",2,28,0,0,,1
CA-36140,Montclair Fire Department,Local fire department,San Bernardino,Montclair,36140,Career,"Local (includes career, combination, and volunteer fire departments and fire districts)",2,21,0,0,https://www.cityofmontclair.org/,0
CA-36145,Monte Vista Fire Protection District,Fire district,San Bernardino,Montclair,36145,Career,"Local (includes career, combination, and volunteer fire departments and fire districts)",2,32,0,0,,0
CA-36150,Morongo Valley Fire Department,Local fire department,San Bernardino,Morongo Valley,36150,Mostly volunteer,"Local (includes career, combination, and volunteer fire departments and fire districts)",2,8,1,14,https://www.morongovalleyfire.com/,0
CA-36165,Newberry Springs Fire Department,Local fire department,San Bernardino,Newberry Springs,36165,Volunteer,"Local (includes career, combination, and volunteer fire departments and fire districts)",3,0,0,18,,0
CA-36170,Ontario Fire Department,Local fire department,San Bernardino,Ontario,36170,Career,"Local (includes career, combination, and volunteer fire departments and fire districts)",10,173,0,0,,0
CA-36180,City of Redlands Fire Department,Local fire department,San Bernardino,Redlands,36180,Mostly career,"Local (includes career, combination, and volunteer fire departments and fire districts)",4,54,6,0,https://www.cityofredlands.org/,0
CA-36185,Rialto Fire Department,Local fire department,San Bernardino,Rialto,36185,Career,"Local (includes career, combination, and volunteer fire departments and fire districts)",5,54,0,0,https://www.yourrialto.com/city-hall/departments/fire-department/,0
CA-36190,Running Springs Fire Department,Local fire department,San Bernardino,Running Springs,36190,Mostly volunteer,"Local (includes career, combination, and volunteer fire departments and fire districts)",2,8,0,30,,0
CA-36193,San Bernardino County Fire Protection District,Fire district,San Bernardino,San Bernardino,36193,Mostly career,"Local (includes career, combination, and volunteer fire departments and fire districts)",57,620,0,20,https://www.sbcfire.org/,5
CA-36195,City of San Bernardino Fire Department,Local fire department,San Bernardino,San Bernardino,36195,Career,"Local (includes career, combination, and volunteer fire departments and fire districts)",11,121,0,0,https://www.ci.san-bernardino.ca.us/,0
CA-36199,San Manuel Band of Mission Indians Fire Department,Tribal government,San Bernardino,Highland,36199,Career,Tribal government (includes Native American and Alaska Native tribal fire departments),1,45,0,0,,0
CA-36210,Twentynine Palms Fire Department,Local fire department,San Bernardino,Twentynine Palms,36210,Mostly volunteer,"Local (includes career, combination, and volunteer fire departments and fire districts)",2,6,0,36,,0
CA-36220,Victorville Fire Department,Local fire department,San Bernardino,Victorville,36220,Mostly career,"Local (includes career, combination, and volunteer fire departments and fire districts)",4,50,0,35,https://ci.victorville.ca.us,0
CA-36230,Yermo Fire Department,Local fire department,San Bernardino,Yermo,36230,Volunteer,"Local (includes career, combination, and volunteer fire departments and fire districts)",1,0,15,0,https://yermofire.us/,0
CA-36250,Socal Regional Fire Protection,Contract fire department,San Bernardino,Big Bear City,36250,Mostly volunteer,Contract fire department,1,16,40,56,,0
CA-36275,Ontario International Airport Fire Rescue,Regional/metropolitan transportation authority or airport fire department,San Bernardino,Ontario,36275,Career,Regional/metropolitan transportation authority or airport fire department,1,61,0,0,https://www.lawa.org/welcomeLAWA.html,0
CA-36412,Patton State Hospital Fire Department,State government,San Bernardino,Patton,36412,Mostly volunteer,State government (includes state forest fire agencies and state institution fire departments),1,1,6,0,,0
CA-36415,California Institution For Women Fire Department,State government,Riverside,Corona,36415,Mostly volunteer,State government (includes state forest fire agencies and state institution fire departments),1,5,0,6,,0
CA-36750,Fort Irwin Fire Department,Federal government,San Bernardino,Fort Irwin,36750,Career,Federal government (Department of Defense fire department),3,54,0,0,https://www.ntc-iapws.com/fire.html,0
CA-36820,"Fire & Emergency Services, MCLB Barstow",Federal government,San Bernardino,Barstow,36820,Career,Federal government (Department of Defense fire department),2,52,0,0,,0
CA-36825,Combat Center Fire Department,Federal government,San Bernardino,Twentynine Palms,36825,Career,Federal government (Department of Defense fire department),3,64,0,0,https://29palms.usmc.mil/dirs/inl/firedept/index.asp,0
CA-37005,Alpine Fire Protection District,Fire district,San Diego,Alpine,37005,Career,"Local (includes career, combination, and volunteer fire departments and fire districts)",1,14,0,0,https://www.alpinefire.org/,3
CA-37007,Barona Fire Department,Tribal government,San Diego,Lakeside,37007,Career,Tribal government (includes Native American and Alaska Native tribal fire departments),1,23,0,0,https://www.baronafire.com/,0
CA-37010,Bonita Sunnyside Fire Protection District,Fire district,San Diego,Bonita,37010,Career,"Local (includes career, combination, and volunteer fire departments and fire districts)",1,12,0,0,https://www.bonitafd.org/,0
CA-37015,Borrego Springs Fire Protection District,Fire district,San Diego,Borrego Springs,37015,Career,"Local (includes career, combination, and volunteer fire departments and fire districts)",1,13,0,0,http://www.borrego-fire.org/,0
CA-37020,East County Fire Prevention District,County fire department,San Diego,El Cajon,37020,Mostly volunteer,"Local (includes career, combination, and volunteer fire departments and fire districts)",2,19,25,0,https://www.eastcountyfire.org/,0
CA-37024,Campo Reservation Fire Protection District,Fire district,San Diego,Campo,37024,Career,Tribal government (includes Native American and Alaska Native tribal fire departments),1,11,0,0,https://www.crfpd.info/,0
CA-37025,Carlsbad Fire Department,Local fire department,San Diego,Carlsbad,37025,Career,"Local (includes career, combination, and volunteer fire departments and fire districts)",6,81,0,0,https://cityadmin.carlsbadca.gov/services/depts/fire/contact.asp,0
CA-37030,Chula Vista Fire Department,Local fire department,San Diego,Chula Vista,37030,Career,"Local (includes career, combination, and volunteer fire departments and fire districts)",9,116,0,0,https://www.chulavistaca.gov/,2
CA-37045,Coronado Fire Department,Local fire department,San Diego,Coronado,37045,Career,"Local (includes career, combination, and volunteer fire departments and fire districts)",2,31,0,0,https://www.coronado.ca.us/department/?fDD=8-0,0
CA-37047,San Diego County Fire Authority,Fire district,San Diego,San Diego,37047,Mostly career,"Local (includes career, combination, and volunteer fire departments and fire districts)",18,133,70,0,https://www.sandiegocounty.gov/sdcfa/,0
CA-37050,Del Mar Fire Department,Local fire department,San Diego,Del Mar,37050,Mostly volunteer,"Local (includes career, combination, and volunteer fire departments and fire districts)",1,14,0,15,https://www.delmar.ca.us/134/Fire-Department,1
CA-37052,De Luz Volunteer Fire Department,Volunteer fire department,San Diego,Fallbrook,37052,Volunteer,"Local (includes career, combination, and volunteer fire departments and fire districts)",1,0,20,0,https://www.deluzvfd.org/,0
CA-37055,El Cajon Fire Department,Local fire department,San Diego,El Cajon,37055,Mostly career,"Local (includes career, combination, and volunteer fire departments and fire districts)",4,70,15,0,https://elcajonfire.com/,0
CA-37057,Elfin Forest/ Harmony Grove Fire Department,Local fire department,San Diego,Escondido,37057,Mostly volunteer,"Local (includes career, combination, and volunteer fire departments and fire districts)",1,1,35,0,,0
CA-37065,Encinitas Fire Department,Local fire department,San Diego,Encinitas,37065,Career,"Local (includes career, combination, and volunteer fire departments and fire districts)",6,52,0,0,https://encinitasca.gov/Government/Departments/Public-Safety,7
CA-37070,Escondido Fire Department,Local fire department,San Diego,Escondido,37070,Career,"Local (includes career, combination, and volunteer fire departments and fire districts)",7,90,0,0,https://www.ci.escondido.ca.us/fire/,0
CA-37075,North County Fire Protection District,Fire district,San Diego,Fallbrook,37075,Mostly career,"Local (includes career, combination, and volunteer fire departments and fire districts)",5,50,17,15,https://www.ncfire.org/,6
CA-37084,Heartland Fire and Rescue,Local fire department,San Diego,El Cajon,37084,Mostly career,"Local (includes career, combination, and volunteer fire departments and fire districts)",8,120,15,0,https://heartlandfire.org/,0
CA-37085,Imperial Beach Fire Department,Local fire department,San Diego,Imperial Beach,37085,Career,"Local (includes career, combination, and volunteer fire departments and fire districts)",1,13,0,0,https://www.imperialbeachca.gov/fire_department,0
CA-37090,Lakeside Fire Protection District,Fire district,San Diego,Lakeside,37090,Career,"Local (includes career, combination, and volunteer fire departments and fire districts)",4,52,0,0,https://lakesidefire.net/,3
CA-37095,La Mesa Fire Department,Local fire department,San Diego,La Mesa,37095,Career,"Local (includes career, combination, and volunteer fire departments and fire districts)",3,43,0,0,https://www.cityoflamesa.com/index.aspx?nid=752,0
CA-37100,Lemon Grove Fire Department,Local fire department,San Diego,Lemon Grove,37100,Career,"Local (includes career, combination, and volunteer fire departments and fire districts)",1,20,0,0,,0
CA-37101,Mesa Grande Fire Department,Local fire department,San Diego,Santa Ysabel,37101,Mostly career,"Local (includes career, combination, and volunteer fire departments and fire districts)",1,3,1,0,,0
CA-37110,National City Fire Department,Local fire department,San Diego,National City,37110,Career,"Local (includes career, combination, and volunteer fire departments and fire districts)",2,38,0,0,https://www.nationalcityca.gov/,0
CA-37113,Pala Fire Department,Tribal government,San Diego,Pala,37113,Mostly volunteer,Tribal government (includes Native American and Alaska Native tribal fire departments),1,14,15,0,http://www.palatribe.com/public-safety/pala-fire-department/,0
CA-37115,Oceanside Fire Department,Local fire department,San Diego,Oceanside,37115,Career,"Local (includes career, combination, and volunteer fire departments and fire districts)",8,113,0,0,https://www.ci.oceanside.ca.us/gov/fire/default.asp,0
CA-37117,Palomar Airport Fire Rescue,Contract fire department,San Diego,Carlsbad,37117,Career,Contract fire department,1,3,0,0,https://protecfire.com/,0
CA-37125,Poway Fire Department,Local fire department,San Diego,Poway,37125,Career,"Local (includes career, combination, and volunteer fire departments and fire districts)",3,53,0,0,https://poway.org/,0
CA-37130,Ramona Fire Department,Other,San Diego,Ramona,37130,Mostly career,Other,3,33,10,0,,3
CA-37135,Rancho Santa Fe Fire Protection District,Fire district,San Diego,Rancho Santa Fe,37135,Mostly career,"Local (includes career, combination, and volunteer fire departments and fire districts)",6,61,20,0,https://www.rsf-fire.org/,6
CA-37140,City of San Diego Fire-Rescue Department,Local fire department,San Diego,San Diego,37140,Career,"Local (includes career, combination, and volunteer fire departments and fire districts)",52,949,0,0,https://www.sandiego.gov/fire,0
CA-37145,San Marcos Fire Department,Local fire department,San Diego,San Marcos,37145,Career,"Local (includes career, combination, and volunteer fire departments and fire districts)",4,68,0,0,https://www.san-marcos.net/,0
CA-37146,San Onofre Fire Department,Private or industrial fire brigade,Orange,San Clemente,37146,Career,Private or industrial fire brigade,2,20,0,0,,0
CA-37148,Deer Springs Fire Protection District,Fire district,San Diego,Escondido,37148,Career,"Local (includes career, combination, and volunteer fire departments and fire districts)",3,25,0,0,http://www.deerspringsfire.org/,1
CA-37150,Santee Fire Department,Local fire department,San Diego,Santee,37150,Career,"Local (includes career, combination, and volunteer fire departments and fire districts)",2,57,0,0,https://www.ci.santee.ca.us/,0
CA-37152,San Pasqual Reservation Fire Department,Tribal government,San Diego,Valley Center,37152,Mostly career,Tribal government (includes Native American and Alaska Native tribal fire departments),1,23,0,6,https://www.sprfd.com/contact.html,0
CA-37160,Solana Beach Fire Department,Local fire department,San Diego,Solana Beach,37160,Career,"Local (includes career, combination, and volunteer fire departments and fire districts)",1,19,0,0,https://www.ci.solana-beach.ca.us/,2
CA-37165,San Miguel Consolidated Fire Protection District,Fire district,San Diego,Spring Valley,37165,Mostly career,"Local (includes career, combination, and volunteer fire departments and fire districts)",8,80,20,0,https://www.sanmiguelfire.org/,0
CA-37170,Vista Fire Department,Local fire department,San Diego,Vista,37170,Career,"Local (includes career, combination, and volunteer fire departments and fire districts)",6,84,0,0,https://www.cityofvista.com/,0
CA-37175,Valley Center Fire Protection District,Fire district,San Diego,Valley Center,37175,Career,"Local (includes career, combination, and volunteer fire departments and fire districts)",2,28,0,0,,3
CA-37215,Pauma Fire Department,Tribal government,San Diego,Pauma Valley,37215,Mostly career,Tribal government (includes Native American and Alaska Native tribal fire departments),1,12,2,0,https://www.paumatribe.com/pauma-fire-department.html,0
CA-37219,Rincon Fire Department,Tribal government,San Diego,Valley Center,37219,Mostly career,Tribal government (includes Native American and Alaska Native tribal fire departments),1,30,0,10,https://www.rinconfire.net/,0
CA-37224,Sycuan Fire Department,Tribal government,San Diego,El Cajon,37224,Career,Tribal government (includes Native American and Alaska Native tribal fire departments),2,21,0,0,https://sycuan.com/fire_department.html,0
CA-37235,Viejas Fire Department,Tribal government,San Diego,Alpine,37235,Mostly career,Tribal government (includes Native American and Alaska Native tribal fire departments),1,26,5,0,,0
CA-37240,General Dynamics NASSCO - Fire Department,Local fire department,San Diego,San Diego,37240,Career,"Local (includes career, combination, and volunteer fire departments and fire districts)",1,13,0,0,,0
CA-37410,R.J. Donovan Correctional Facility Fire Department,Local fire department,San Diego,San Diego,37410,Career,"Local (includes career, combination, and volunteer fire departments and fire districts)",1,13,0,0,,0
CA-37555,California Department of Forestry and Fire Protection,State fire agency,San Diego,El Cajon,37555,Career,State government (includes state forest fire agencies and state institution fire departments),25,300,0,0,,0
CA-37811,Miramar Fire Department,Federal government,San Diego,San Diego,37811,Career,Federal government (Department of Defense fire department),2,51,0,0,,0
CA-37818,CNRSW Federal Fire Department,Federal government,San Diego,San Diego,37818,Career,Federal government (Department of Defense fire department),13,175,0,0,,0
CA-37820,Camp Pendleton Fire Department,Federal government,San Diego,Camp Pendleton,37820,Career,Federal government (Department of Defense fire department),11,146,0,0,,0
CA-37940,Montezuma Valley Volunteer Fire Department,Volunteer fire department,San Diego,Ranchita,37940,Volunteer,"Local (includes career, combination, and volunteer fire departments and fire districts)",1,0,10,0,,0
CA-38005,San Francisco Fire Department,Local fire department,San Francisco,San Francisco,38005,Career,"Local (includes career, combination, and volunteer fire departments and fire districts)",49,1700,0,0,https://sf-fire.org/,0
CA-38805,Presidio Fire Department,Federal government,San Francisco,San Francisco,38805,Career,Federal government (Executive branch agency fire department),2,42,0,0,https://www.nps.gov/goga/safety/firefighters,0
CA-39010,Liberty Rural County Fire Protection District,Fire district,San Joaquin,Acampo,39010,Mostly volunteer,Other,1,7,0,12,,0
CA-39020,Clements Rural Fire Protection District,Fire district,San Joaquin,Clements,39020,Mostly volunteer,"Local (includes career, combination, and volunteer fire departments and fire districts)",1,2,0,19,,0
CA-39025,Escalon Consolidated Fire District,Fire district,San Joaquin,Escalon,39025,Mostly volunteer,"Local (includes career, combination, and volunteer fire departments and fire districts)",2,6,20,0,https://www.escalonfire.com,0
CA-39030,Farmington Fire Department,Local fire department,San Joaquin,Farmington,39030,Mostly volunteer,"Local (includes career, combination, and volunteer fire departments and fire districts)",1,1,3,12,https://www.farmingtonfire.net/,0
CA-39040,Linden-Peters Rural County Fire Protection District,Fire district,San Joaquin,Linden,39040,Mostly career,"Local (includes career, combination, and volunteer fire departments and fire districts)",1,14,5,0,,0
CA-39045,Lodi Fire Department,Local fire department,San Joaquin,Lodi,39045,Career,"Local (includes career, combination, and volunteer fire departments and fire districts)",4,55,0,0,https://www.lodi.gov/,0
CA-39050,Manteca Fire Department,Local fire department,San Joaquin,Manteca,39050,Mostly career,"Local (includes career, combination, and volunteer fire departments and fire districts)",3,43,0,10,https://www.ci.manteca.ca.us/fire/,0
CA-39055,Lathrop-Manteca Fire District,Fire district,San Joaquin,Lathrop,39055,Mostly career,"Local (includes career, combination, and volunteer fire departments and fire districts)",5,41,0,22,https://www.lmfire.org/,3
CA-39060,Ripon Fire District,Fire district,San Joaquin,Ripon,39060,Mostly volunteer,"Local (includes career, combination, and volunteer fire departments and fire districts)",3,17,23,0,https://www.riponfire.com/,0
CA-39065,Stockton Fire Department,Local fire department,San Joaquin,Stockton,39065,Career,"Local (includes career, combination, and volunteer fire departments and fire districts)",12,182,0,0,http://www.stocktongov.com/government/departments/fire/default.html,0
CA-39075,Collegeville Fire Protection District,Fire district,San Joaquin,Stockton,39075,Volunteer,"Local (includes career, combination, and volunteer fire departments and fire districts)",1,0,12,0,,0
CA-39085,French Camp-McKinley Fire District,Fire district,San Joaquin,French Camp,39085,Mostly volunteer,"Local (includes career, combination, and volunteer fire departments and fire districts)",1,9,0,12,https://frcfire.com/,0
CA-39095,Montezuma Fire Protection District,Fire district,San Joaquin,Stockton,39095,Mostly volunteer,"Local (includes career, combination, and volunteer fire departments and fire districts)",2,8,0,15,,0
CA-39105,Waterloo Morada RFPD,Local fire department,San Joaquin,Stockton,39105,Career,"Local (includes career, combination, and volunteer fire departments and fire districts)",2,18,0,0,https://www.wmfire.org/,0
CA-39115,Thornton Rural Fire District,Fire district,San Joaquin,Thornton,39115,Mostly volunteer,"Local (includes career, combination, and volunteer fire departments and fire districts)",1,4,15,0,,0
CA-39120,South San Joaquin County Fire Authority,Fire district,San Joaquin,Tracy,39120,Mostly career,"Local (includes career, combination, and volunteer fire departments and fire districts)",7,71,0,7,http://southcountyfa.org/,2
CA-39125,Mokelumne Rural Fire District,Fire district,San Joaquin,Lockeford,39125,Mostly volunteer,"Local (includes career, combination, and volunteer fire departments and fire districts)",1,9,0,20,,5
CA-39130,Woodbridge Fire Protection District,Fire district,San Joaquin,Woodbridge,39130,Mostly career,"Local (includes career, combination, and volunteer fire departments and fire districts)",4,29,15,0,http://woodbridgefire.org/,0
CA-39410,Deuel Vocational Institution Fire Department,State government,San Joaquin,Tracy,39410,Mostly volunteer,State government (includes state forest fire agencies and state institution fire departments),1,5,10,0,,0
CA-40005,Five Cities Fire Authority,Fire district,San Luis Obispo,Arroyo Grande,40005,Mostly volunteer,"Local (includes career, combination, and volunteer fire departments and fire districts)",3,15,0,20,,2
CA-40010,Atascadero Fire & Emergency Services,Local fire department,San Luis Obispo,Atascadero,40010,Career,"Local (includes career, combination, and volunteer fire departments and fire districts)",2,21,0,0,https://www.atascadero.org/,0
CA-40015,Avila Beach Fire Department,Local fire department,San Luis Obispo,Avila Beach,40015,Volunteer,"Local (includes career, combination, and volunteer fire departments and fire districts)",1,0,0,0,,0
CA-40020,Cambria Fire Department,Local fire department,San Luis Obispo,Cambria,40020,Mostly volunteer,"Local (includes career, combination, and volunteer fire departments and fire districts)",1,7,0,18,https://www.cambriacsd.org/cm/Home.html,11
CA-40025,Cayucos Fire Protection District,Fire district,San Luis Obispo,Cayucos,40025,Mostly volunteer,"Local (includes career, combination, and volunteer fire departments and fire districts)",1,3,0,14,,0
CA-40030,Grover Beach Fire Department,Local fire department,San Luis Obispo,Grover Beach,40030,Mostly volunteer,"Local (includes career, combination, and volunteer fire departments and fire districts)",1,8,0,25,https://www.grover.org,0
CA-40033,Hearst Castle Fire Department,State government,San Luis Obispo,San Simeon,40033,Career,State government (includes state forest fire agencies and state institution fire departments),1,8,0,0,,0
CA-40035,CAL FIRE/San Luis Obispo County Fire Station #15- South Bay,County fire department,San Luis Obispo,Los Osos,40035,Mostly volunteer,"Local (includes career, combination, and volunteer fire departments and fire districts)",1,8,0,25,https://calfireslo.org/,0
CA-40040,Morro Bay Fire Department,Local fire department,San Luis Obispo,Morro Bay,40040,Mostly volunteer,"Local (includes career, combination, and volunteer fire departments and fire districts)",2,10,0,22,,0
CA-40045,Oceano Fire Department,Local fire department,San Luis Obispo,Oceano,40045,Mostly volunteer,"Local (includes career, combination, and volunteer fire departments and fire districts)",1,3,12,0,,0
CA-40050,Paso Robles Department of Emergency Services,Local fire department,San Luis Obispo,Paso Robles,40050,Career,"Local (includes career, combination, and volunteer fire departments and fire districts)",3,33,0,0,,12
CA-40055,City of Pismo Beach Fire Department,Local fire department,San Luis Obispo,Pismo Beach,40055,Mostly volunteer,"Local (includes career, combination, and volunteer fire departments and fire districts)",2,6,0,15,https://Pismo Beach. org,0
CA-40060,San Luis Obispo City Fire Department,Local fire department,San Luis Obispo,San Luis Obispo,40060,Career,"Local (includes career, combination, and volunteer fire departments and fire districts)",4,45,0,0,https://www.slocity.org/government/department-directory/fire-department,0
CA-40065,San Miguel Community Services District Fire Department,Local fire department,San Luis Obispo,San Miguel,40065,Mostly volunteer,"Local (includes career, combination, and volunteer fire departments and fire districts)",1,1,0,17,https://sanmiguelcsd.org,0
CA-40070,Santa Margarita Fire Department,Local fire department,San Luis Obispo,Santa Margarita,40070,Volunteer,"Local (includes career, combination, and volunteer fire departments and fire districts)",1,0,0,14,,1
CA-40075,Templeton Fire and Emergency Services,Local fire department,San Luis Obispo,Templeton,40075,Mostly volunteer,"Local (includes career, combination, and volunteer fire departments and fire districts)",1,5,0,30,https://www.templetoncsd.org/,0
CA-40080,San Luis Obispo County Fire Department,County fire department,San Luis Obispo,San Luis Obispo,40080,Mostly volunteer,"Local (includes career, combination, and volunteer fire departments and fire districts)",18,106,0,225,,0
CA-40490,Atascadero State Hospital Fire Department,State government,San Luis Obispo,Atascadero,40490,Mostly career,State government (includes state forest fire agencies and state institution fire departments),1,7,0,6,,0
CA-40790,Camp Roberts Fire Department,State government,San Luis Obispo,San Miguel,40790,Career,State government (includes state forest fire agencies and state institution fire departments),1,15,0,0,,0
CA-41030,Colma Fire Protection District,Fire district,San Mateo,Colma,41030,Volunteer,"Local (includes career, combination, and volunteer fire departments and fire districts)",1,0,0,36,https://www.colmafire.com/,1
CA-41040,Foster City Fire Department,Local fire department,San Mateo,Foster City,41040,Career,"Local (includes career, combination, and volunteer fire departments and fire districts)",1,40,0,0,https://www.fostercity.org/services/safety/fire/,2
CA-41045,Half Moon Bay Fire Protection District,Fire district,San Mateo,Half Moon Bay,41045,Mostly career,"Local (includes career, combination, and volunteer fire departments and fire districts)",2,30,21,0,https://www.hmbfire.org,0
CA-41050,Menlo Park Fire Protection District,Fire district,San Mateo,Menlo Park,41050,Career,"Local (includes career, combination, and volunteer fire departments and fire districts)",7,93,0,0,https://www.menlofire.org/,0
CA-41060,Point Mantara Fire Protection District,Fire district,San Mateo,Half Moon Bay,41060,Volunteer,"Local (includes career, combination, and volunteer fire departments and fire districts)",1,0,0,8,https://www.hmbfire.org,0
CA-41070,Redwood City Fire Department,Local fire department,San Mateo,Redwood City,41070,Career,"Local (includes career, combination, and volunteer fire departments and fire districts)",7,84,0,0,https://www.redwoodcity.org/fire/,0
CA-41080,San Bruno Fire Department,Local fire department,San Mateo,San Bruno,41080,Career,"Local (includes career, combination, and volunteer fire departments and fire districts)",2,32,0,0,https://sanbruno.ca.gov/fire_main.html,0
CA-41090,San Mateo Fire Department,Local fire department,San Mateo,San Mateo,41090,Career,"Local (includes career, combination, and volunteer fire departments and fire districts)",6,82,0,0,https://www.cityofsanmateo.org,0
CA-41095,South San Francisco Fire Department,Local fire department,San Mateo,South San Francisco,41095,Career,"Local (includes career, combination, and volunteer fire departments and fire districts)",5,80,0,0,https://www.ssf.net/departments/fire,1
CA-41105,Woodside Fire Protection District,Fire district,San Mateo,Portola Valley,41105,Career,"Local (includes career, combination, and volunteer fire departments and fire districts)",3,45,0,0,http://www.woodsidefire.org/,7
CA-41110,King Mountain Volunteer Fire Department,Volunteer fire department,San Mateo,Woodside,41110,Volunteer,"Local (includes career, combination, and volunteer fire departments and fire districts)",1,0,13,0,https://www.kmfd.org/,0
CA-41115,San Mateo County Fire Department,County fire department,San Mateo,San Mateo,41115,Mostly career,"Local (includes career, combination, and volunteer fire departments and fire districts)",6,63,40,0,,0
CA-41120,North County Fire Authority,Fire district,San Mateo,Daly City,41120,Career,"Local (includes career, combination, and volunteer fire departments and fire districts)",8,96,0,0,https://northcountyfire.org/,0
CA-41556,Central County Fire Department,County fire department,San Mateo,Burlingame,41556,Career,"Local (includes career, combination, and volunteer fire departments and fire districts)",6,84,0,0,https://www.ccfdonline.org/,4
CA-42005,Carpinteria-Summerland Fire Protection District,Fire district,Santa Barbara,Carpinteria,42005,Career,"Local (includes career, combination, and volunteer fire departments and fire districts)",2,27,0,0,www.carpfire.com/,0
CA-42010,City of Guadalupe Fire Department,Local fire department,Santa Barbara,Guadalupe,42010,Mostly volunteer,"Local (includes career, combination, and volunteer fire departments and fire districts)",1,4,2,14,,1
CA-42015,Lompoc Fire Department,Local fire department,Santa Barbara,Lompoc,42015,Career,"Local (includes career, combination, and volunteer fire departments and fire districts)",2,29,0,0,,4
CA-42025,Santa Barbara City Fire Department,Local fire department,Santa Barbara,Santa Barbara,42025,Career,"Local (includes career, combination, and volunteer fire departments and fire districts)",8,98,0,0,https://www.santabarbaraca.gov/Government/Departments/Fire/,0
CA-42030,Montecito Fire Protection District,Fire district,Santa Barbara,Santa Barbara,42030,Career,"Local (includes career, combination, and volunteer fire departments and fire districts)",2,36,0,0,https://www.montecitofire.com/,0
CA-42035,Santa Barbara County Fire Department,County fire department,Santa Barbara,Santa Barbara,42035,Career,"Local (includes career, combination, and volunteer fire departments and fire districts)",16,243,0,0,https://www.sbcfire.com,0
CA-42040,Santa Maria City Fire Department,Local fire department,Santa Barbara,Santa Maria,42040,Career,"Local (includes career, combination, and volunteer fire departments and fire districts)",5,66,0,0,https://www.cityofsantamaria.org/3052.html,0
CA-42045,Solvang Fire Department,Local fire department,Santa Barbara,Solvang,42045,Mostly volunteer,"Local (includes career, combination, and volunteer fire departments and fire districts)",1,2,0,18,,0
CA-42065,San Marcos Pass Volunteer Fire Department,Volunteer fire department,Santa Barbara,Santa Barbara,42065,Volunteer,"Local (includes career, combination, and volunteer fire departments and fire districts)",3,0,11,0,,0
CA-42070,Chumash Fire Department,Tribal government,Santa Barbara,Santa Ynez,42070,Mostly volunteer,Tribal government (includes Native American and Alaska Native tribal fire departments),1,10,0,10,https://chumash.gov/fire,0
CA-42830,Vandenberg Fire Department,Federal government,Santa Barbara,Vandenberg AFB,42830,Career,Federal government (Department of Defense fire department),6,120,0,0,,0
CA-43010,Gilroy Fire Department,Local fire department,Santa Clara,Gilroy,43010,Career,"Local (includes career, combination, and volunteer fire departments and fire districts)",3,39,0,0,http://www.ci.gilroy.ca.us/165/Fire-Department,0
CA-43030,Milpitas Fire Department,Local fire department,Santa Clara,Milpitas,43030,Career,"Local (includes career, combination, and volunteer fire departments and fire districts)",4,75,0,0,,0
CA-43040,Morgan Hill City Fire Department,Local fire department,Santa Clara,Morgan Hill,43040,Career,"Local (includes career, combination, and volunteer fire departments and fire districts)",2,22,0,0,https://www.morganhill.ca.gov/index.aspx?nid=445,0
CA-43045,South Santa Clara County Fire District,Fire district,Santa Clara,Morgan Hill,43045,Mostly career,"Local (includes career, combination, and volunteer fire departments and fire districts)",3,24,0,15,https://www.ssccfd.com/,0
CA-43050,Mountain View Fire Department,Local fire department,Santa Clara,Mountain View,43050,Career,"Local (includes career, combination, and volunteer fire departments and fire districts)",5,70,0,0,https://www.mountainview.gov/depts/fire/default.asp,0
CA-43060,City of Palo Alto Fire Department,Local fire department,Santa Clara,Palo Alto,43060,Career,"Local (includes career, combination, and volunteer fire departments and fire districts)",8,96,0,0,https://www.cityofpaloalto.org/gov/depts/fir/,0
CA-43070,San Jose Fire Department,Local fire department,Santa Clara,San Jose,43070,Career,"Local (includes career, combination, and volunteer fire departments and fire districts)",34,679,0,0,https://www.sjfd.org/,0
CA-43080,Santa Clara County Fire Department,County fire department,Santa Clara,Campbell,43080,Mostly career,"Local (includes career, combination, and volunteer fire departments and fire districts)",16,252,20,0,https://www.sccfd.org/,2
CA-43090,Santa Clara Fire Department,Local fire department,Santa Clara,Santa Clara,43090,Mostly career,"Local (includes career, combination, and volunteer fire departments and fire districts)",10,168,36,0,https://santaclaraca.gov/government/departments/fire,0
CA-43100,Saratoga Fire District,Fire district,Santa Clara,Saratoga,43100,Mostly career,"Local (includes career, combination, and volunteer fire departments and fire districts)",1,26,20,0,https://www.saratogafire.com,0
CA-43105,City of Sunnyvale Department of Public Safety - Fire Division,Local fire department,Santa Clara,Sunnyvale,43105,Career,"Local (includes career, combination, and volunteer fire departments and fire districts)",6,195,0,0,https://sunnyvale.ca.gov/Departments/Public Safety/,0
CA-43140,Spring Valley Volunteer Fire Department,Volunteer fire department,Santa Clara,San Jose,43140,Volunteer,"Local (includes career, combination, and volunteer fire departments and fire districts)",1,0,54,0,https://www.svvfd.org/,0
CA-43145,Stevens Creek Volunteer Fire Department,Volunteer fire department,Santa Clara,Cupertino,43145,Volunteer,"Local (includes career, combination, and volunteer fire departments and fire districts)",1,0,7,0,http://www.scvfd.org/Home.html,0
CA-43150,Uvas Volunteer Fire Department,Volunteer fire department,Santa Clara,Morgan Hill,43150,Volunteer,"Local (includes career, combination, and volunteer fire departments and fire districts)",3,0,15,0,,0
CA-43810,NASA/Ames Fire Department,Contract fire department,Santa Clara,Moffett Field,43810,Career,Contract fire department,1,42,0,0,,0
CA-43907,CDF Santa Clara,State fire agency,Santa Clara,Morgan Hill,43907,Career,State government (includes state forest fire agencies and state institution fire departments),12,55,0,0,,0
CA-44005,Aptos/ La Selva Fire Protection District,Fire district,Santa Cruz,Aptos,44005,Career,"Local (includes career, combination, and volunteer fire departments and fire districts)",3,35,0,0,https://www.aptosfire.com/,2
CA-44015,Ben Lomond Fire Protection District,Fire district,Santa Cruz,Ben Lomond,44015,Mostly volunteer,"Local (includes career, combination, and volunteer fire departments and fire districts)",1,1,30,30,https://benlomondfd.com/,0
CA-44020,Boulder Creek Fire Protection District,Fire district,Santa Cruz,Boulder Creek,44020,Mostly volunteer,"Local (includes career, combination, and volunteer fire departments and fire districts)",2,1,0,40,https://bcfd.com/,0
CA-44035,Felton Fire Protection District,Fire district,Santa Cruz,Felton,44035,Mostly volunteer,"Local (includes career, combination, and volunteer fire departments and fire districts)",1,1,30,0,https://www.feltonfire.com/,1
CA-44040,Zayante Fire Protection District,Fire district,Santa Cruz,Felton,44040,Mostly volunteer,"Local (includes career, combination, and volunteer fire departments and fire districts)",3,3,0,18,https://www.zayantefire.com/,7
CA-44045,Pajaro Valley Fire Protection District,Fire district,Santa Cruz,Watsonville,44045,Career,"Local (includes career, combination, and volunteer fire departments and fire districts)",1,10,0,0,https://pajarovalleyfire.com/,2
CA-44055,Santa Cruz Fire Department,Local fire department,Santa Cruz,Santa Cruz,44055,Career,"Local (includes career, combination, and volunteer fire departments and fire districts)",4,58,0,0,https://www.cityofsantacruz.com/departments/fire-department,0
CA-44060,Branciforte Fire Protection District,Fire district,Santa Cruz,Santa Cruz,44060,Mostly volunteer,"Local (includes career, combination, and volunteer fire departments and fire districts)",1,4,0,18,,5
CA-44065,Central Fire District of Santa Cruz County,Fire district,Santa Cruz,Santa Cruz,44065,Mostly career,"Local (includes career, combination, and volunteer fire departments and fire districts)",7,82,0,25,https://centralfiresc.org,0
CA-44070,Scotts Valley Fire Protection District,Fire district,Santa Cruz,Scotts Valley,44070,Mostly career,"Local (includes career, combination, and volunteer fire departments and fire districts)",3,27,0,15,https://www.scottsvalleyfire.com/,0
CA-44080,Watsonville Fire Department,Local fire department,Santa Cruz,Freedom,44080,Career,"Local (includes career, combination, and volunteer fire departments and fire districts)",2,34,0,0,https://cityofwatsonville.org/fire-department,0
CA-44095,Santa Cruz County Fire Department,County fire department,Santa Cruz,Felton,44095,Mostly volunteer,"Local (includes career, combination, and volunteer fire departments and fire districts)",13,39,100,0,,0
CA-44760,UCSC Fire Department,Local fire department,Santa Cruz,Santa Cruz,44760,Career,"Local (includes career, combination, and volunteer fire departments and fire districts)",1,17,0,0,https://www2.ucsc.edu/fire_dept/,0
CA-45010,Anderson Fire Protection District,Fire district,Shasta,Anderson,45010,Mostly volunteer,"Local (includes career, combination, and volunteer fire departments and fire districts)",1,6,19,0,https://www.andersonfire.org/,7
CA-45015,Happy Valley Fire Protection District,Fire district,Shasta,Anderson,45015,Mostly volunteer,"Local (includes career, combination, and volunteer fire departments and fire districts)",2,3,30,0,,3
CA-45020,Burney Fire Protection District,Fire district,Shasta,Burney,45020,Mostly volunteer,"Local (includes career, combination, and volunteer fire departments and fire districts)",2,2,0,18,https://www.burneyfire.org/,0
CA-45025,Castella Fire Protection District,Fire district,Shasta,Castella,45025,Volunteer,"Local (includes career, combination, and volunteer fire departments and fire districts)",2,0,25,0,,1
CA-45030,Shasta Lake Fire Protection District,Fire district,Shasta,Shasta Lake,45030,Mostly volunteer,"Local (includes career, combination, and volunteer fire departments and fire districts)",3,10,12,0,https://www.cityofshastalake.org/Directory.aspx?did=34,0
CA-45035,Cottonwood Fire Protection District,Fire district,Shasta,Cottonwood,45035,Mostly volunteer,"Local (includes career, combination, and volunteer fire departments and fire districts)",1,3,18,3,https://www.cottonwoodfd.com/,1
CA-45040,Fall River Mills Fire Department,Local fire department,Shasta,Fall River Mills,45040,Mostly volunteer,"Local (includes career, combination, and volunteer fire departments and fire districts)",1,1,19,0,,0
CA-45055,Redding Fire Department,Local fire department,Shasta,Redding,45055,Career,"Local (includes career, combination, and volunteer fire departments and fire districts)",8,98,0,0,https://reddingfire.org/,0
CA-45075,Keswick Volunteer Fire Company,Volunteer fire department,Shasta,Redding,45075,Volunteer,"Local (includes career, combination, and volunteer fire departments and fire districts)",1,0,11,0,,0
CA-45086,Shasta County Fire Department,County fire department,Shasta,Redding,45086,Mostly volunteer,"Local (includes career, combination, and volunteer fire departments and fire districts)",18,13,165,0,http://www.shastacountyfire.org/,4
CA-45095,Shasta College Fire Department,Local fire department,Shasta,Redding,45095,Career,"Local (includes career, combination, and volunteer fire departments and fire districts)",1,4,0,0,,0
CA-45555,Shasta Trinity National Forest,Federal government,Shasta,Redding,45555,Mostly career,Federal government (Executive branch agency fire department),23,250,0,25,https://www.fs.fed.us/r5/shastatrinity/fire/,0
CA-45905,Cassel Volunteer Fire Department (Shasta County Fire),County fire department,Shasta,Cassel,45905,Volunteer,"Local (includes career, combination, and volunteer fire departments and fire districts)",1,0,9,0,,0
CA-45910,Centerville Volunteer Fire Company,Volunteer fire department,Shasta,Redding,45910,Volunteer,"Local (includes career, combination, and volunteer fire departments and fire districts)",1,0,22,0,,0
CA-45920,Hat Creek Volunteer Fire Department,Volunteer fire department,Shasta,Hat Creek,45920,Volunteer,"Local (includes career, combination, and volunteer fire departments and fire districts)",1,0,8,0,,0
CA-45925,Igo-Ono Volunteer Fire Company,Volunteer fire department,Shasta,Igo,45925,Volunteer,"Local (includes career, combination, and volunteer fire departments and fire districts)",2,0,16,0,,0
CA-45935,Millville Fire Protection District,Fire district,Shasta,Millville,45935,Volunteer,"Local (includes career, combination, and volunteer fire departments and fire districts)",1,0,13,0,,0
CA-45940,Montgomery Creek Volunteer Fire Company,Volunteer fire department,Shasta,Montgomery Creek,45940,Volunteer,"Local (includes career, combination, and volunteer fire departments and fire districts)",2,0,9,0,,0
CA-45960,Lakehead Volunteer Fire Company,Volunteer fire department,Shasta,Lakehead,45960,Volunteer,"Local (includes career, combination, and volunteer fire departments and fire districts)",1,0,11,0,,0
CA-45970,Big Bend Volunteer Fire Company 70,Volunteer fire department,Shasta,Big Bend,45970,Volunteer,"Local (includes career, combination, and volunteer fire departments and fire districts)",1,0,7,0,,0
CA-45975,McArthur Volunteer Fire Department,Volunteer fire department,Shasta,Mc Arthur,45975,Volunteer,"Local (includes career, combination, and volunteer fire departments and fire districts)",2,0,20,0,,0
CA-46005,Downieville Fire Protection District,Fire district,Sierra,Downieville,46005,Volunteer,"Local (includes career, combination, and volunteer fire departments and fire districts)",1,0,20,0,,0
CA-46010,City of Loyalton Fire Department,Local fire department,Sierra,Loyalton,46010,Volunteer,"Local (includes career, combination, and volunteer fire departments and fire districts)",2,0,27,0,,0
CA-46012,Pliocene Ridge Community Services District (CSD),Local fire department,Sierra,Pike,46012,Volunteer,"Local (includes career, combination, and volunteer fire departments and fire districts)",3,0,12,0,plioceneridge.org,0
CA-46015,Sierra City Fire District,Fire district,Sierra,Sierra City,46015,Volunteer,"Local (includes career, combination, and volunteer fire departments and fire districts)",3,0,18,0,,0
CA-46020,Sierra County Fire Protection District #1,Fire district,Sierra,Sierraville,46020,Volunteer,"Local (includes career, combination, and volunteer fire departments and fire districts)",3,0,15,0,https://sierracountyfireprotectiondistrict1.org/,0
CA-46555,East Zone Tahoe National Forest Fire Department,Federal government,Sierra,Sierraville,46555,Career,Federal government (Executive branch agency fire department),5,45,0,0,,0
CA-47010,Dunsmuir Fire Department,Local fire department,Siskiyou,Dunsmuir,47010,Volunteer,"Local (includes career, combination, and volunteer fire departments and fire districts)",1,0,28,0,,2
CA-47020,Etna Fire Department,Local fire department,Siskiyou,Etna,47020,Volunteer,"Local (includes career, combination, and volunteer fire departments and fire districts)",1,0,16,1,,0
CA-47025,Fort Jones Volunteer Fire Department,Volunteer fire department,Siskiyou,Fort Jones,47025,Mostly volunteer,"Local (includes career, combination, and volunteer fire departments and fire districts)",1,2,0,18,https://fortjonesfire.org/,0
CA-47030,Gazelle Fire Protection District,Fire district,Siskiyou,Gazelle,47030,Volunteer,"Local (includes career, combination, and volunteer fire departments and fire districts)",1,0,5,0,,1
CA-47035,"Happy Camp Ranger District, Klamath N.F. USFS",Federal government,Siskiyou,Happy Camp,47035,Mostly volunteer,Federal government (Executive branch agency fire department),3,20,0,40,,0
CA-47038,Hammond Ranch Fire Zone,Local fire department,Siskiyou,Weed,47038,Volunteer,"Local (includes career, combination, and volunteer fire departments and fire districts)",1,0,8,8,http://www.hmm4200.org/,0
CA-47040,Hornbrook Volunteer Fire District,Fire district,Siskiyou,Hornbrook,47040,Volunteer,"Local (includes career, combination, and volunteer fire departments and fire districts)",1,0,10,0,,0
CA-47043,Klamath River Volunteer Fire Company,Volunteer fire department,Siskiyou,Klamath River,47043,Volunteer,"Local (includes career, combination, and volunteer fire departments and fire districts)",2,0,7,0,https://www.klamathriverfire.org/,0
CA-47045,Butte Valley Fire Protection District,Fire district,Siskiyou,Macdoel,47045,Mostly volunteer,"Local (includes career, combination, and volunteer fire departments and fire districts)",1,1,12,0,https://www.buttevalleyfire.org/,0
CA-47048,Mayten Fire District,Fire district,Siskiyou,Montague,47048,Volunteer,"Local (includes career, combination, and volunteer fire departments and fire districts)",1,0,9,0,,0
CA-47050,McCloud Volunteer Fire Department,Volunteer fire department,Siskiyou,McCloud,47050,Mostly volunteer,"Local (includes career, combination, and volunteer fire departments and fire districts)",1,1,0,18,,0
CA-47054,Copco Lake Fire Department,Local fire department,Siskiyou,Montague,47054,Volunteer,"Local (includes career, combination, and volunteer fire departments and fire districts)",0,0,12,0,,0
CA-47055,Montague Fire Department,Local fire department,Siskiyou,Montague,47055,Volunteer,"Local (includes career, combination, and volunteer fire departments and fire districts)",1,0,20,0,,0
CA-47060,Mount Shasta City Fire Department,Local fire department,Siskiyou,Mount Shasta,47060,Mostly volunteer,"Local (includes career, combination, and volunteer fire departments and fire districts)",2,1,35,0,,0
CA-47065,Mount Shasta Fire Protection District,Fire district,Siskiyou,Mount Shasta,47065,Mostly volunteer,"Local (includes career, combination, and volunteer fire departments and fire districts)",2,5,0,18,http://mshfiredistrict.us/,0
CA-47067,Mount Shasta Vista Volunteer Fire Company,Volunteer fire department,Siskiyou,Montague,47067,Volunteer,"Local (includes career, combination, and volunteer fire departments and fire districts)",2,0,5,0,,0
CA-47070,Seiad Valley Volunteer Fire Department,Volunteer fire department,Siskiyou,Seiad Valley,47070,Volunteer,"Local (includes career, combination, and volunteer fire departments and fire districts)",1,0,13,0,,0
CA-47075,Tulelake Multi County Fire District,Fire district,Siskiyou,Tulelake,47075,Volunteer,"Local (includes career, combination, and volunteer fire departments and fire districts)",2,0,21,0,,0
CA-47080,Weed City Fire Department,Local fire department,Siskiyou,Weed,47080,Mostly volunteer,"Local (includes career, combination, and volunteer fire departments and fire districts)",1,2,0,25,https://www.ci.weed.ca.us/fire,0
CA-47085,Yreka Volunteer Fire Department,Volunteer fire department,Siskiyou,Yreka,47085,Volunteer,"Local (includes career, combination, and volunteer fire departments and fire districts)",1,0,31,0,,0
CA-47095,Grenada Fire Protection District,Fire district,Siskiyou,Grenada,47095,Volunteer,"Local (includes career, combination, and volunteer fire departments and fire districts)",1,0,14,0,,2
CA-47100,Pleasant Valley Fire Company,Local fire department,Siskiyou,Dorris,47100,Volunteer,"Local (includes career, combination, and volunteer fire departments and fire districts)",1,0,2,0,,0
CA-47115,South Yreka Fire Protection District,Fire district,Siskiyou,Yreka,47115,Volunteer,"Local (includes career, combination, and volunteer fire departments and fire districts)",1,0,16,0,,0
CA-47120,Scott Valley Fire Protection District,Fire district,Siskiyou,Greenview,47120,Volunteer,"Local (includes career, combination, and volunteer fire departments and fire districts)",7,0,22,0,,2
CA-47130,Tennant Volunteer Fire Department,Volunteer fire department,Siskiyou,Macdoel,47130,Volunteer,"Local (includes career, combination, and volunteer fire departments and fire districts)",1,0,1,0,,0
CA-47135,Quartz Valley Reservation Fire Department,Tribal government,Siskiyou,Fort Jones,47135,Volunteer,Tribal government (includes Native American and Alaska Native tribal fire departments),1,0,3,1,https://www.qvir.com/,0
CA-47557,California Department of Forestry,State fire agency,Humboldt,Fortuna,47557,Career,State government (includes state forest fire agencies and state institution fire departments),16,200,0,0,https://www.fire.ca.gov,0
CA-47910,Lake Shastina Fire Department,Local fire department,Siskiyou,Weed,47910,Volunteer,"Local (includes career, combination, and volunteer fire departments and fire districts)",1,0,0,20,,0
CA-48005,Benicia Fire Department,Local fire department,Solano,Benicia,48005,Mostly career,"Local (includes career, combination, and volunteer fire departments and fire districts)",2,35,12,0,https://www.ci.benicia.ca.us/,0
CA-48015,Dixon Fire Department,Local fire department,Solano,DIXON,48015,Mostly career,"Local (includes career, combination, and volunteer fire departments and fire districts)",1,26,10,0,https://www.cityofdixon.us/departments/Fire,0
CA-48025,Fairfield Fire Department,Local fire department,Solano,Fairfield,48025,Mostly career,"Local (includes career, combination, and volunteer fire departments and fire districts)",5,57,30,0,https://www.ci.fairfield.ca.us,0
CA-48030,Suisun Fire Protection District,Fire district,Solano,Fairfield,48030,Mostly volunteer,"Local (includes career, combination, and volunteer fire departments and fire districts)",2,2,36,0,,4
CA-48040,Rio Vista Fire Department,Local fire department,Solano,Rio Vista,48040,Mostly volunteer,"Local (includes career, combination, and volunteer fire departments and fire districts)",1,3,12,10,,0
CA-48050,City of Suisun City Fire Department,Local fire department,Solano,Suisun City,48050,Mostly volunteer,"Local (includes career, combination, and volunteer fire departments and fire districts)",1,8,0,20,https://www.suisun.com/,0
CA-48055,Cordelia Fire Protection District,Fire district,Solano,Fairfield,48055,Mostly volunteer,"Local (includes career, combination, and volunteer fire departments and fire districts)",2,4,20,0,https://www.cordeliafire.org/,2
CA-48060,Vacaville Fire Department,Local fire department,Solano,Vacaville,48060,Career,"Local (includes career, combination, and volunteer fire departments and fire districts)",5,94,0,0,https://www.cityofvacaville.com/index.aspx?page=45,0
CA-48065,Vacaville Fire Protection District,Fire district,Solano,Vacaville,48065,Mostly volunteer,Other,4,3,70,0,https://vfpd.net/,0
CA-48070,Vallejo Fire Department,Local fire department,Solano,Vallejo,48070,Career,"Local (includes career, combination, and volunteer fire departments and fire districts)",8,79,0,0,https://www.cityofvallejo.net/city_hall/departments___divisions/fire,0
CA-48090,Montezuma Fire Protection District,Fire district,Solano,Rio Vista,48090,Mostly volunteer,"Local (includes career, combination, and volunteer fire departments and fire districts)",7,3,30,0,https://www.montezumafiredistrict.com/,0
CA-48095,Valero Refinery Fire Department,Private or industrial fire brigade,Solano,Benicia,48095,Career,Private or industrial fire brigade,3,58,0,0,,0
CA-48410,California Medical Facility / CSP Solano Fire Department,State government,Solano,Vacaville,48410,Mostly volunteer,State government (includes state forest fire agencies and state institution fire departments),1,6,0,8,https://www.cdcr.ca.gov/,0
CA-49005,Bodega Volunteer Fire Department,Volunteer fire department,Sonoma,Bodega,49005,Volunteer,"Local (includes career, combination, and volunteer fire departments and fire districts)",2,0,15,0,,0
CA-49010,Bodega Bay Fire Protection District,Fire district,Sonoma,Bodega Bay,49010,Mostly career,"Local (includes career, combination, and volunteer fire departments and fire districts)",1,13,5,0,https://www.bbfpd.org/,0
CA-49030,"Camp Meeker Volunteeer Fire Company, Fire Division",Local fire department,Sonoma,Camp Meeker,49030,Volunteer,"Local (includes career, combination, and volunteer fire departments and fire districts)",1,0,18,0,https://www.campmeeker.org,0
CA-49035,Cazadero Volunteer Fire Department,Volunteer fire department,Sonoma,Cazadero,49035,Volunteer,"Local (includes career, combination, and volunteer fire departments and fire districts)",2,0,20,0,,2
CA-49040,Cloverdale Fire Protection District,Fire district,Sonoma,Cloverdale,49040,Mostly volunteer,"Local (includes career, combination, and volunteer fire departments and fire districts)",1,6,0,28,http://www.cloverdalefiredistrict.com/,2
CA-49046,Dry Creek Rancheria Fire Department,Tribal government,Sonoma,Geyserville,49046,Mostly volunteer,Tribal government (includes Native American and Alaska Native tribal fire departments),1,7,20,0,www.dcrfire.org,0
CA-49050,Forestville Fire Protection District,Fire district,Sonoma,Forestville,49050,Mostly volunteer,"Local (includes career, combination, and volunteer fire departments and fire districts)",1,7,0,23,https://www.forestvillefire.org/,0
CA-49055,Northern Sonoma County Fire Protection District,Fire district,Sonoma,Geyserville,49055,Mostly volunteer,"Local (includes career, combination, and volunteer fire departments and fire districts)",4,6,20,0,https://www.geyservillefire.com/,0
CA-49060,Glen Ellen Fire Department,Local fire department,Sonoma,Glen Ellen,49060,Mostly volunteer,"Local (includes career, combination, and volunteer fire departments and fire districts)",2,2,32,0,,0
CA-49062,Gold Ridge Fire Protection District,Fire district,Sonoma,Sebastopol,49062,Mostly volunteer,"Local (includes career, combination, and volunteer fire departments and fire districts)",3,16,70,0,https://www.goldridgefire.org/,4
CA-49065,Graton Fire Protection District,Fire district,Sonoma,Sebastopol,49065,Volunteer,"Local (includes career, combination, and volunteer fire departments and fire districts)",1,0,0,30,https://www.gratonfire.com/,3
CA-49075,Russian River Fire Protection District,Fire district,Sonoma,Guerneville,49075,Mostly career,"Local (includes career, combination, and volunteer fire departments and fire districts)",1,12,1,0,https://www.russianriverfire.org/,0
CA-49080,Healdsburg Fire Department,Local fire department,Sonoma,Healdsburg,49080,Mostly volunteer,"Local (includes career, combination, and volunteer fire departments and fire districts)",1,12,21,0,https://www.ci.healdsburg.ca.us/,0
CA-49090,Kenwood Fire Protection District,Fire district,Sonoma,Kenwood,49090,Mostly volunteer,"Local (includes career, combination, and volunteer fire departments and fire districts)",1,5,0,14,https://www.kenwoodfire.com/,1
CA-49095,Lakeville Volunteer Fire Department,Volunteer fire department,Sonoma,Petaluma,49095,Volunteer,"Local (includes career, combination, and volunteer fire departments and fire districts)",1,0,12,0,,2
CA-49106,North Bay Fire,Local fire department,Sonoma,Sebastopol,49106,Volunteer,"Local (includes career, combination, and volunteer fire departments and fire districts)",6,0,0,150,https://nbfire.org/,0
CA-49110,Rancho Adobe Fire Protection District,Fire district,Sonoma,Penngrove,49110,Mostly career,"Local (includes career, combination, and volunteer fire departments and fire districts)",3,25,4,0,https://www.rancho-adobe-fire.org/,0
CA-49115,Petaluma Fire Department,Local fire department,Sonoma,Petaluma,49115,Career,"Local (includes career, combination, and volunteer fire departments and fire districts)",3,70,0,0,https://cityofpetaluma.org/,0
CA-49130,Wilmar Volunteer Fire Department,Volunteer fire department,Sonoma,Petaluma,49130,Volunteer,"Local (includes career, combination, and volunteer fire departments and fire districts)",1,0,38,0,http://wilmarfire.com/,1
CA-49140,Rohnert Park Department of Public Safety,Local fire department,Sonoma,Rohnert Park,49140,Career,"Local (includes career, combination, and volunteer fire departments and fire districts)",3,57,0,0,https://www.rpcity.org/,0
CA-49145,Santa Rosa Fire Department,Local fire department,Sonoma,Santa Rosa,49145,Career,"Local (includes career, combination, and volunteer fire departments and fire districts)",8,135,0,0,https://ci.santa-rosa.ca.us/departments/fire/Pages/default.aspx,0
CA-49160,Bennett Valley Fire Protection District,Fire district,Sonoma,Santa Rosa,49160,Mostly volunteer,"Local (includes career, combination, and volunteer fire departments and fire districts)",1,10,19,0,,3
CA-49170,Rincon Valley Fire Protection District,Fire district,Sonoma,Windsor,49170,Mostly volunteer,"Local (includes career, combination, and volunteer fire departments and fire districts)",5,19,25,0,,0
CA-49180,Sebastopol Fire Department,Local fire department,Sonoma,Sebastopol,49180,Mostly volunteer,"Local (includes career, combination, and volunteer fire departments and fire districts)",1,1,0,33,https://ci.sebastopol.ca.us/page/about-fire-department,5
CA-49200,Sonoma Valley Fire & Rescue Authority,Local fire department,Sonoma,Sonoma,49200,Mostly career,"Local (includes career, combination, and volunteer fire departments and fire districts)",10,102,36,0,https://www.svfra.org/,0
CA-49201,Sonoma County Department of Fire and Emergency Services,County fire department,Sonoma,Santa Rosa,49201,Mostly volunteer,"Local (includes career, combination, and volunteer fire departments and fire districts)",25,12,200,5,https://www.sonoma-county.org/fire,0
CA-49205,Schell-Vista Fire Protection District,Fire district,Sonoma,Sonoma,49205,Mostly volunteer,"Local (includes career, combination, and volunteer fire departments and fire districts)",2,6,45,45,www.schellvistafire.org,2
CA-49210,Valley Ford Volunteer Fire Department,Volunteer fire department,Sonoma,Valley Ford,49210,Volunteer,"Local (includes career, combination, and volunteer fire departments and fire districts)",1,0,7,0,,0
CA-49215,Windsor Fire Protection District,Fire district,Sonoma,Windsor,49215,Mostly career,"Local (includes career, combination, and volunteer fire departments and fire districts)",2,8,0,6,https://www.windsorfire.net/,1
CA-49225,Timber Cove Fire Protection District,Fire district,Sonoma,Cazadero,49225,Volunteer,"Local (includes career, combination, and volunteer fire departments and fire districts)",1,0,24,0,,1
CA-49250,San Antonio Volunteer Fire Company,Volunteer fire department,Sonoma,Petaluma,49250,Volunteer,"Local (includes career, combination, and volunteer fire departments and fire districts)",3,0,25,0,,3
CA-49490,Eldridge Fire Department,State government,Sonoma,Eldridge,49490,Career,State government (includes state forest fire agencies and state institution fire departments),1,8,0,0,,0
CA-49930,"Mayacamas Volunteer Fire Department, Inc.",Volunteer fire department,Sonoma,Glen Ellen,49930,Volunteer,"Local (includes career, combination, and volunteer fire departments and fire districts)",3,0,19,0,,0
CA-50005,Ceres Fire Department,Local fire department,Stanislaus,Ceres,50005,Career,"Local (includes career, combination, and volunteer fire departments and fire districts)",3,31,0,0,https://www.ci.ceres.ca.us/173/Fire,0
CA-50015,Denair Volunteer Fire Department,Volunteer fire department,Stanislaus,Denair,50015,Mostly volunteer,"Local (includes career, combination, and volunteer fire departments and fire districts)",1,1,25,0,,0
CA-50030,Hughson Fire Protection District,Fire district,Stanislaus,Hughson,50030,Mostly volunteer,"Local (includes career, combination, and volunteer fire departments and fire districts)",1,2,26,0,https://hughsonfire.com/,2
CA-50040,Modesto Fire Department,Local fire department,Stanislaus,Modesto,50040,Career,"Local (includes career, combination, and volunteer fire departments and fire districts)",16,152,0,0,https://www.modestogov.com/149/Fire-Department,0
CA-50045,Burbank Paradise Fire District,Fire district,Stanislaus,Modesto,50045,Mostly volunteer,"Local (includes career, combination, and volunteer fire departments and fire districts)",1,3,40,0,http://bpfire.com/,2
CA-50060,Salida Fire Protection District,Fire district,Stanislaus,Salida,50060,Mostly volunteer,"Local (includes career, combination, and volunteer fire departments and fire districts)",3,8,20,0,https://www.salidafire.com/,3
CA-50065,Westport Fire Protection District,Fire district,Stanislaus,Modesto,50065,Volunteer,"Local (includes career, combination, and volunteer fire departments and fire districts)",1,0,19,0,,2
CA-50070,Woodland Avenue Fire Protection District,Fire district,Stanislaus,Modesto,50070,Volunteer,"Local (includes career, combination, and volunteer fire departments and fire districts)",2,0,15,0,,0
CA-50075,Stanislaus Consolidated Fire Protection District,Fire district,Stanislaus,Riverbank,50075,Mostly career,"Local (includes career, combination, and volunteer fire departments and fire districts)",6,51,5,0,http://scfpd.us/,0
CA-50080,City of Newman Fire Department,Local fire department,Stanislaus,Newman,50080,Mostly volunteer,"Local (includes career, combination, and volunteer fire departments and fire districts)",1,1,0,25,http://www.cityofnewman.com/,0
CA-50085,Oakdale City Fire Department,Local fire department,Stanislaus,Oakdale,50085,Mostly career,"Local (includes career, combination, and volunteer fire departments and fire districts)",1,18,6,0,https://www.ci.oakdale.ca.us/fire/fire_home.htm,2
CA-50100,West Stanislaus County Fire Protection District,Fire district,Stanislaus,Patterson,50100,Mostly volunteer,"Local (includes career, combination, and volunteer fire departments and fire districts)",6,4,80,0,https://www.weststanfire.org/,1
CA-50110,Turlock Fire and Emergency Services,Local fire department,Stanislaus,Turlock,50110,Career,"Local (includes career, combination, and volunteer fire departments and fire districts)",4,45,0,0,https://www.cityofturlock.org/citydepartments/firedepartment/,0
CA-50115,Mountain View Fire Protection District,Fire district,Stanislaus,Crows Landing,50115,Volunteer,"Local (includes career, combination, and volunteer fire departments and fire districts)",2,0,22,0,http://www.mtviewfire.com/,0
CA-50120,Turlock Rural Fire Protection District,Fire district,Stanislaus,Turlock,50120,Volunteer,"Local (includes career, combination, and volunteer fire departments and fire districts)",1,0,30,0,,2
CA-50130,Patterson Fire Department,Local fire department,Stanislaus,Patterson,50130,Mostly volunteer,"Local (includes career, combination, and volunteer fire departments and fire districts)",2,15,30,0,https://www.ci.patterson.ca.us/214/Fire-Department,0
CA-50150,Keyes Fire Protection District,Fire district,Stanislaus,Keyes,50150,Volunteer,"Local (includes career, combination, and volunteer fire departments and fire districts)",1,0,32,0,,1
CA-51025,Sutter Basin Fire District,Fire district,Sutter,Robbins,51025,Volunteer,"Local (includes career, combination, and volunteer fire departments and fire districts)",2,0,6,4,,0
CA-51040,Yuba City Fire Department,Local fire department,Sutter,Yuba City,51040,Career,"Local (includes career, combination, and volunteer fire departments and fire districts)",5,52,0,0,https://www.yubacity.net/city_hall/departments/fire_department,0
CA-51055,Sutter County Fire Department,County fire department,Sutter,Yuba City,51055,Mostly career,"Local (includes career, combination, and volunteer fire departments and fire districts)",4,21,20,0,,5
CA-52005,Corning Volunteer Fire Department,Volunteer fire department,Tehama,Corning,52005,Mostly volunteer,"Local (includes career, combination, and volunteer fire departments and fire districts)",1,1,35,0,,0
CA-52015,Capay Fire Protection District,Fire district,Glenn,Orland,52015,Volunteer,"Local (includes career, combination, and volunteer fire departments and fire districts)",1,0,22,0,,1
CA-52020,City of Red Bluff Fire Department,Local fire department,Tehama,Red Bluff,52020,Mostly career,"Local (includes career, combination, and volunteer fire departments and fire districts)",1,19,0,18,https://www.rbfd.org/,0
CA-52029,La Honda Fire Brigade,Local fire department,San Mateo,La Honda,52029,Volunteer,"Local (includes career, combination, and volunteer fire departments and fire districts)",1,0,18,0,https://www.lahondafire.org/,4
CA-52030,Tehama County Fire Department,County fire department,Tehama,Red Bluff,52030,Mostly volunteer,"Local (includes career, combination, and volunteer fire departments and fire districts)",15,18,0,83,http://www.tehamacountyfire.org/,2
CA-52555,CDF-Tehama/Glenn Unit,State fire agency,Tehama,Red Bluff,52555,Career,State government (includes state forest fire agencies and state institution fire departments),8,100,0,0,,0
CA-53001,Douglas City Fire Department,Local fire department,Trinity,Douglas City,53001,Volunteer,"Local (includes career, combination, and volunteer fire departments and fire districts)",2,0,15,0,,0
CA-53002,Downriver Volunteer Fire Company,Volunteer fire department,Trinity,Big Bar,53002,Volunteer,"Local (includes career, combination, and volunteer fire departments and fire districts)",1,0,7,0,,0
CA-53003,Hawkins Bar Volunteer Fire Department,Volunteer fire department,Trinity,Salyer,53003,Volunteer,"Local (includes career, combination, and volunteer fire departments and fire districts)",2,0,14,0,,0
CA-53005,Hayfork Volunteer Fire Department,Volunteer fire department,Trinity,Hayfork,53005,Volunteer,"Local (includes career, combination, and volunteer fire departments and fire districts)",1,0,19,0,,1
CA-53008,Hyampon Volunteer Fire Department,Volunteer fire department,Trinity,Hyampon,53008,Volunteer,"Local (includes career, combination, and volunteer fire departments and fire districts)",1,0,14,0,,0
CA-53010,Lewiston Fire Department,Local fire department,Trinity,Lewiston,53010,Volunteer,"Local (includes career, combination, and volunteer fire departments and fire districts)",1,0,6,0,,4
CA-53014,Salyer Volunteer Fire Department,Volunteer fire department,Trinity,Salyer,53014,Volunteer,"Local (includes career, combination, and volunteer fire departments and fire districts)",1,0,13,0,,5
CA-53015,Trinity Center Volunteer Fire Department,Volunteer fire department,Trinity,Trinity Center,53015,Volunteer,"Local (includes career, combination, and volunteer fire departments and fire districts)",1,0,12,0,,0
CA-53020,Weaverville Fire Department,Local fire department,Trinity,Weaverville,53020,Mostly volunteer,"Local (includes career, combination, and volunteer fire departments and fire districts)",2,1,20,0,www.wfdca.org,0
CA-53025,Junction City Volunteer Fire Department,Volunteer fire department,Trinity,Junction City,53025,Volunteer,"Local (includes career, combination, and volunteer fire departments and fire districts)",2,0,14,0,,0
CA-53030,Kettenpom Zenia Volunteer Fire Department,Volunteer fire department,Trinity,Zenia,53030,Volunteer,"Local (includes career, combination, and volunteer fire departments and fire districts)",1,0,14,0,,0
CA-53567,U.S. Forest Service-Trinity River Managment Unit,State government,Trinity,Weaverville,53567,Career,State government (includes state forest fire agencies and state institution fire departments),7,32,0,0,,0
CA-53568,Coffee Creek Volunteer Fire Department,Volunteer fire department,Trinity,Trinity Center,53568,Volunteer,"Local (includes career, combination, and volunteer fire departments and fire districts)",1,0,6,0,,0
CA-54005,City of Farmersville Fire Department,Local fire department,Tulare,Farmersville,54005,Mostly volunteer,"Local (includes career, combination, and volunteer fire departments and fire districts)",1,3,0,26,https://www.cityoffarmersville-ca.gov/154/Fire-Department,0
CA-54010,City of Dinuba Fire Department,Local fire department,Tulare,Dinuba,54010,Mostly career,"Local (includes career, combination, and volunteer fire departments and fire districts)",1,26,0,20,https://www.dinuba.org/index.php/residents/emergency-services/fire-department,0
CA-54015,Exeter Fire Department,Local fire department,Tulare,Exeter,54015,Mostly volunteer,"Local (includes career, combination, and volunteer fire departments and fire districts)",1,2,0,23,,0
CA-54020,Lindsay Fire Department,Local fire department,Tulare,Lindsay,54020,Mostly volunteer,"Local (includes career, combination, and volunteer fire departments and fire districts)",1,3,20,0,https://www.linday.ca.us,0
CA-54025,Round Valley Fire Department,Local fire department,Tulare,Lindsay,54025,Mostly volunteer,"Local (includes career, combination, and volunteer fire departments and fire districts)",1,5,0,8,,0
CA-54035,Porterville Fire Department,Local fire department,Tulare,Porterville,54035,Mostly career,"Local (includes career, combination, and volunteer fire departments and fire districts)",2,35,0,30,https://www.ci.porterville.ca.us/depts/fire/,0
CA-54040,Tulare Fire Department,Local fire department,Tulare,Tulare,54040,Career,"Local (includes career, combination, and volunteer fire departments and fire districts)",3,39,0,0,https://www.tulare.ca.gov/departments/fire,0
CA-54045,Visalia Fire Department,Local fire department,Tulare,Visalia,54045,Career,"Local (includes career, combination, and volunteer fire departments and fire districts)",7,76,0,0,https://www.visalia.city/depts/fire/default.asp,0
CA-54050,Tulare County Fire Department,County fire department,Tulare,Visalia,54050,Mostly career,"Local (includes career, combination, and volunteer fire departments and fire districts)",27,104,0,88,https://tularecounty.ca.gov/fire/,0
CA-54065,Woodlake Fire Protection District,Fire district,Tulare,Woodlake,54065,Mostly volunteer,"Local (includes career, combination, and volunteer fire departments and fire districts)",1,4,21,0,https://www.woodlakefire.org/,0
CA-54565,Sequoia National Forest - USFS,Federal government,Tulare,Porterville,54565,Mostly volunteer,Federal government (Executive branch agency fire department),20,162,0,530,,0
CA-55004,Chicken Ranch Fire Department,Tribal government,Tuolumne,Jamestown,55004,Mostly career,Tribal government (includes Native American and Alaska Native tribal fire departments),1,10,3,0,,0
CA-55005,Columbia Fire Protection District,Fire district,Tuolumne,Columbia,55005,Volunteer,"Local (includes career, combination, and volunteer fire departments and fire districts)",1,0,0,10,,1
CA-55010,Jamestown Fire Protection District,Fire district,Tuolumne,Sonora,55010,Mostly career,"Local (includes career, combination, and volunteer fire departments and fire districts)",1,5,0,3,https://www.tuolumnecounty.ca.gov/717/Fire-Department,0
CA-55015,Mi-Wuk Sugar Pine Fire Protection District,Fire district,Tuolumne,Mi Wuk Village,55015,Mostly volunteer,"Local (includes career, combination, and volunteer fire departments and fire districts)",1,3,16,4,https://www.mwspfire.us/,2
CA-55020,City of Sonora Fire Department,Local fire department,Tuolumne,Sonora,55020,Mostly volunteer,"Local (includes career, combination, and volunteer fire departments and fire districts)",1,7,3,8,https://www.sonorafire.com/,0
CA-55025,Strawberry Volunteer Fire Department,Volunteer fire department,Tuolumne,Strawberry,55025,Volunteer,"Local (includes career, combination, and volunteer fire departments and fire districts)",1,0,7,0,,0
CA-55030,Tuolumne Fire District,Fire district,Tuolumne,Tuolumne,55030,Mostly volunteer,"Local (includes career, combination, and volunteer fire departments and fire districts)",1,2,18,0,https://www.tuolumnefire.com/,0
CA-55035,Twain Harte C.S.D.- Fire Division,Local fire department,Tuolumne,Twain Harte,55035,Mostly volunteer,"Local (includes career, combination, and volunteer fire departments and fire districts)",1,4,21,0,https://www.twainhartecsd.com/,0
CA-55045,Groveland Community Service District Fire Department,Local fire department,Tuolumne,Groveland,55045,Career,"Local (includes career, combination, and volunteer fire departments and fire districts)",1,5,0,0,https://www.gcsd.org/,1
CA-55050,Tuolumne County Fire Department,County fire department,Tuolumne,Sonora,55050,Mostly volunteer,"Local (includes career, combination, and volunteer fire departments and fire districts)",14,16,44,3,https://www.tuolumnecounty.ca.gov/717/Fire-Department,0
CA-55410,Sierra Conservation Center Fire Department,State government,Tuolumne,Jamestown,55410,Career,State government (includes state forest fire agencies and state institution fire departments),1,5,0,0,,0
CA-55555,USDA Forest Service Summit R.D.,Federal government,Tuolumne,Pinecrest,55555,Mostly career,Federal government (Executive branch agency fire department),4,27,0,11,,0
CA-56005,City of Fillmore Fire Department,Local fire department,Ventura,Fillmore,56005,Mostly volunteer,"Local (includes career, combination, and volunteer fire departments and fire districts)",1,7,70,0,,0
CA-56010,Oxnard Fire Department,Local fire department,Ventura,Oxnard,56010,Career,"Local (includes career, combination, and volunteer fire departments and fire districts)",8,110,0,0,https://www.oxnard.org/fire-department/,0
CA-56015,City of Santa Paula Fire Department,Local fire department,Ventura,Santa Paula,56015,Mostly volunteer,"Local (includes career, combination, and volunteer fire departments and fire districts)",2,18,35,0,https://www.ci.santa-paula.ca.us/fire/,0
CA-56020,Ventura County Fire Protection District,Fire district,Ventura,Camarillo,56020,Career,"Local (includes career, combination, and volunteer fire departments and fire districts)",31,402,0,0,https://fire.countyofventura.org/,18
CA-56025,Ventura City Fire Department,Local fire department,Ventura,Ventura,56025,Career,"Local (includes career, combination, and volunteer fire departments and fire districts)",6,73,0,0,https://www.ci.ventura.ca.us/depts/fire/fire.shtm,0
CA-56810,Federal Fire Ventura County,Federal government,Ventura,Point Mugu,56810,Career,Federal government (Department of Defense fire department),4,71,0,0,,0
CA-57010,Capay Valley Fire Protection District,Fire district,Yolo,Guinda,57010,Volunteer,"Local (includes career, combination, and volunteer fire departments and fire districts)",3,0,0,19,,1
CA-57020,Clarksburg Fire Protection District,Fire district,Yolo,Clarksburg,57020,Volunteer,"Local (includes career, combination, and volunteer fire departments and fire districts)",1,0,20,0,https://clarksburgfire.specialdistrict.org/,2
CA-57025,City of Davis Fire Department,Local fire department,Yolo,Davis,57025,Career,"Local (includes career, combination, and volunteer fire departments and fire districts)",3,50,0,0,https://cityofdavis.org/fire/,2
CA-57035,West Plainfield Fire Department,Local fire department,Yolo,Davis,57035,Mostly volunteer,"Local (includes career, combination, and volunteer fire departments and fire districts)",1,2,0,18,https://www.wpfd.net/,0
CA-57040,Dunnigan Fire Protection District,Fire district,Yolo,Dunnigan,57040,Mostly volunteer,"Local (includes career, combination, and volunteer fire departments and fire districts)",1,3,28,0,https://www.dunniganfire.com/,2
CA-57045,Esparto Fire Protection District,Fire district,Yolo,Esparto,57045,Mostly volunteer,"Local (includes career, combination, and volunteer fire departments and fire districts)",1,1,20,0,https://www.espartofire.org/,0
CA-57050,Knights Landing Fire District,Fire district,Yolo,Knights Landing,57050,Volunteer,"Local (includes career, combination, and volunteer fire departments and fire districts)",1,0,15,0,https://knightslandingfire.specialdistrict.org/,0
CA-57055,Madison Fire Protection District,Fire district,Yolo,Madison,57055,Volunteer,"Local (includes career, combination, and volunteer fire departments and fire districts)",1,0,18,0,,0
CA-57060,Elkhorn Fire Protection District,Fire district,Yolo,West Sacramento,57060,Volunteer,"Local (includes career, combination, and volunteer fire departments and fire districts)",1,0,8,8,,0
CA-57065,City of West Sacramento Fire Department,Local fire department,Yolo,West Sacramento,57065,Career,"Local (includes career, combination, and volunteer fire departments and fire districts)",5,60,0,0,https://www.cityofwestsacramento.org/government/departments/fire,0
CA-57070,Winters Fire Department,Local fire department,Yolo,Winters,57070,Mostly volunteer,"Local (includes career, combination, and volunteer fire departments and fire districts)",1,4,30,0,,0
CA-57075,Woodland Fire Department,Local fire department,Yolo,Woodland,57075,Career,"Local (includes career, combination, and volunteer fire departments and fire districts)",4,45,0,0,http://cityofwoodland.org/192/Woodland-Fire-Department,10
CA-57085,Willow Oak Fire Protection District,Fire district,Yolo,Woodlane,57085,Mostly volunteer,"Local (includes career, combination, and volunteer fire departments and fire districts)",1,1,32,0,,1
CA-57090,Yolo Fire Protection District,Fire district,Yolo,Yolo,57090,Volunteer,"Local (includes career, combination, and volunteer fire departments and fire districts)",1,0,23,0,,1
CA-57095,Zamora Fire Protection District,Fire district,Yolo,Zamora,57095,Volunteer,"Local (includes career, combination, and volunteer fire departments and fire districts)",1,0,14,0,,0
CA-57760,"University of California, Davis Fire Department",Other,Yolo,Davis,57760,Mostly volunteer,Other,1,25,0,30,https://fire.ucdavis.edu/,0
CA-57775,Yocha Dehe Fire Department,Tribal government,Yolo,Brooks,57775,Career,Tribal government (includes Native American and Alaska Native tribal fire departments),1,32,0,0,,0
CA-58002,Camptonville Fire Department,Local fire department,Yuba,Camptonville,58002,Volunteer,"Local (includes career, combination, and volunteer fire departments and fire districts)",2,0,20,0,,1
CA-58003,Dobbins/Oregon House Fire Protection District,Fire district,Yuba,Oregon House,58003,Volunteer,"Local (includes career, combination, and volunteer fire departments and fire districts)",1,0,16,0,,0
CA-58004,Foothill Fire Protection District,Fire district,Yuba,Brownsville,58004,Volunteer,"Local (includes career, combination, and volunteer fire departments and fire districts)",2,0,16,0,http://ffpd.net/,1
CA-58005,Linda Fire Protection District,Fire district,Yuba,Marysville,58005,Mostly volunteer,"Local (includes career, combination, and volunteer fire departments and fire districts)",3,13,0,21,,0
CA-58008,Loma Rica/Browns Valley CSD,Local fire department,Yuba,Marysville,58008,Volunteer,"Local (includes career, combination, and volunteer fire departments and fire districts)",1,0,10,0,https://lrbvfire.org/,0
CA-58010,Marysville Fire Department,Contract fire department,Yuba,Marysville,58010,Mostly career,Contract fire department,1,14,0,7,,0
CA-58015,Olivehurst Public Utility District Fire Department,Local fire department,Yuba,Olivehurst,58015,Mostly volunteer,"Local (includes career, combination, and volunteer fire departments and fire districts)",1,5,25,0,https://www.opud.net/,0
CA-58020,Smartsville Fire Protection District,Fire district,Yuba,Smartsville,58020,Volunteer,"Local (includes career, combination, and volunteer fire departments and fire districts)",1,0,8,0,,0
CA-63042,COMNAV Region Soutwest Federal Fire Department,Federal government,Kings,Lemoore NAS,63042,Career,Federal government (Department of Defense fire department),2,43,0,0,,0
CA-A2001,Camp Parks Fire and Emergency Services,Federal government,Alameda,Dublin,A2001,Career,Federal government (Department of Defense fire department),1,19,0,0,,0
CA-AF024,Sierra Army Depot Fire & Emergency Sevices,Federal government,Lassen,Herlong,AF024,Career,Federal government (Department of Defense fire department),1,29,0,0,https://www.sierra.army.mil/index.html,0
CA-F3021,Fresno Air National Guard Fire Department,Federal government,Fresno,Fresno,F3021,Career,Federal government (Department of Defense fire department),1,22,0,0,,0
CA-F4580,Travis AFB Fire Department,Federal government,Solano,Travis AFB,F4580,Career,Federal government (Department of Defense fire department),4,94,0,0,https://www.travis.af.mil/pages/fire/travisfire.html,0
CA-M2205,Marine Corps Mountain Warfare Fire Department,Federal government,Mono,Bridgeport,M2205,Career,Federal government (Department of Defense fire department),1,18,0,0,,0
CA-X-AIR-FORCE-PLANT-42-FIRE-DEPARTMENT-PALMDALE,Air Force Plant 42 Fire Department,Contract fire department,Los Angeles,Palmdale,,Career,Contract fire department,2,52,0,0,,0
CA-X-BELL-CANYON-VOLUNTEER-WILDLAND-FIRE-DEPARTMENT-BELL-CANYON,Bell Canyon Volunteer Wildland Fire Department,Volunteer fire department,Ventura,Bell Canyon,,Volunteer,"Local (includes career, combination, and volunteer fire departments and fire districts)",1,0,27,0,https://www.bcvwfd.org/,0
CA-X-BUTTE-CREEK-CANYON-VOLUNTEER-FIRE-26-CHICO,Butte Creek Canyon Volunteer Fire Company 26,Volunteer fire department,Butte,Chico,,Volunteer,"Local (includes career, combination, and volunteer fire departments and fire districts)",2,0,8,0,,0
CA-X-CA-OFFICE-OF-EMERGENCY-SERVICES-NORTH-COUNTY-RESCUE-LOS-ANGELES,CA Office of Emergency Services North County Rescue,Private or industrial fire brigade,Los Angeles,Los Angeles,,Mostly career,Private or industrial fire brigade,2,43,5,0,,0
CA-X-CALPINE-VOLUNTEER-FIRE-DEPARTMENT-CALPINE,Calpine Volunteer Fire Department,Volunteer fire department,Sierra,Calpine,,Volunteer,"Local (includes career, combination, and volunteer fire departments and fire districts)",1,0,10,0,,0
CA-X-CDF-FIRE-JULIAN-BATTALION-JULIAN,CDF Fire- Julian Battalion,State fire agency,San Diego,Julian,,Mostly volunteer,State government (includes state forest fire agencies and state institution fire departments),2,9,0,12,https://www.fire.ca.gov/,0
CA-X-GRANITEVILLE-VOLUNTEER-FIRE-NEVADA-CITY,Graniteville Volunteer Fire Company,Volunteer fire department,Nevada,Nevada City,,Volunteer,"Local (includes career, combination, and volunteer fire departments and fire districts)",1,0,8,0,,0
CA-X-IOWA-HILL-FIRE-DEPARTMENT-IOWA-HILL,Iowa Hill Fire Department,Private or industrial fire brigade,Placer,Iowa Hill,,Volunteer,Private or industrial fire brigade,1,0,8,0,,0
CA-X-MIDPINES-VOLUNTEER-FIRE-DEPARTMENT-MIDPINES,Midpines Volunteer Fire Department,Volunteer fire department,Mariposa,Midpines,,Volunteer,"Local (includes career, combination, and volunteer fire departments and fire districts)",1,0,6,0,,0
CA-X-PRESIDIO-OF-MONTEREY-FIRE-DEPARTMENT-SEASIDE,Presidio of Monterey Fire Department,Federal government,Monterey,Seaside,,Career,Federal government (Department of Defense fire department),1,21,0,0,,0
CA-X-RAYTHEON-FIRE-EL-SEGUNDO,Raytheon Fire,Private or industrial fire brigade,Los Angeles,El Segundo,,Career,Private or industrial fire brigade,1,3,0,0,,0
CA-X-RIDGECREST-VOLUNTEER-FIRE-DEPARTMENT-RIDGECREST,Ridgecrest Volunteer Fire Department,Other,Kern,Ridgecrest,,Volunteer,Other,1,0,0,15,,0
CA-X-SEQUOIA-AND-KINGS-CANYON-NATIONAL-PARKS-THREE-RIVERS,Sequoia & Kings Canyon National Parks,Federal government,Tulare,Three Rivers,,Mostly volunteer,Federal government (Executive branch agency fire department),5,4,0,25,,0
CA-X-UC-DAVIS-HEALTH-FIRE-PREVENTION-SERVICES-SACRAMENTO,UC Davis Health Fire Prevention Services,State government,Sacramento,Sacramento,,Career,State government (includes state forest fire agencies and state institution fire departments),1,10,0,0,https://health.ucdavis.edu/fire/,0
CA-X-VALERO-WILMINGTON-FIRE-DEPARTMENT-WILMINGTON,Valero Wilmington Fire Department,Private or industrial fire brigade,Los Angeles,Wilmington,,Mostly volunteer,Private or industrial fire brigade,2,26,100,0,,0
